source,target,relationship,weight
user_0-bad-sectors,hn_47762901,commented_on_story,1
user_0xWTF,hn_44966856,commented_on_story,1
user_0xbadcafebee,hn_45163362,commented_on_story,1
user_0xbadcafebee,hn_47167931,commented_on_story,1
user_0xcb0,hn_43163011,commented_on_story,1
user_0xffff2,hn_47923357,commented_on_story,1
user_1123581321,hn_35152851,commented_on_story,1
user_14,hn_47167931,commented_on_story,1
user_18172828286177,hn_43448432,commented_on_story,1
user_1970-01-01,hn_46227422,commented_on_story,1
user_1970-01-01,hn_46734302,commented_on_story,1
user_1f60c,hn_46593022,commented_on_story,1
user_1gn15,hn_44864185,commented_on_story,1
user_2001zhaozhao,hn_47633396,commented_on_story,1
user_2197aG,hn_47664912,commented_on_story,1
user_2OEH8eoCRo0,hn_44031432,commented_on_story,1
user_37ef_ced3,hn_28191362,commented_on_story,1
user_3wolf,hn_28131745,commented_on_story,1
user_4ndrewl,hn_47923357,commented_on_story,1
user_6keZbCECT2uB,hn_47878905,commented_on_story,1
user_827a,hn_46227422,commented_on_story,1
user_8eye,hn_28191362,commented_on_story,1
user_8note,hn_35152851,commented_on_story,1
user_8thcross,hn_44742251,commented_on_story,1
user_999900000999,hn_43708025,commented_on_story,1
user_999900000999,hn_47923357,commented_on_story,1
user_AJRF,hn_47597085,commented_on_story,1
user_Abhishek_37,hn_44031432,commented_on_story,1
user_AceJohnny2,hn_46985151,commented_on_story,1
user_AdieuToLogic,hn_45163362,commented_on_story,1
user_AlchemistCamp,hn_35657982,commented_on_story,1
user_AlexCoventry,hn_43739037,commented_on_story,1
user_Alifatisk,hn_47633396,commented_on_story,1
user_AlwaysRock,hn_42239323,commented_on_story,1
user_Andebugulin,hn_47586778,commented_on_story,1
user_Andebugulin,hn_47597085,commented_on_story,1
user_Aperocky,hn_47586778,commented_on_story,1
user_Aperocky,hn_47660925,commented_on_story,1
user_Arch485,hn_31211280,commented_on_story,1
user_ArtWomb,hn_28131224,commented_on_story,1
user_Arubis,hn_44031432,commented_on_story,1
user_AshleysBrain,hn_27697884,commented_on_story,1
user_AstroBen,hn_46765460,commented_on_story,1
user_AtlasBarfed,hn_46734302,commented_on_story,1
user_BenFrantzDale,hn_33226515,commented_on_story,1
user_BinaryIgor,hn_45320431,commented_on_story,1
user_BiteCode_dev,hn_27676266,commented_on_story,1
user_BitsAndObjects,hn_47762901,commented_on_story,1
user_BoredPositron,hn_46765120,commented_on_story,1
user_BratishkaErik,hn_35261065,commented_on_story,1
user_Brendinooo,hn_45163362,commented_on_story,1
user_Brian_K_White,hn_40775127,commented_on_story,1
user_Brian_K_White,hn_42453341,commented_on_story,1
user_BrissyCoder,hn_47762901,commented_on_story,1
user_BuleBule,hn_46978710,commented_on_story,1
user_CGamesPlay,hn_46985151,commented_on_story,1
user_CRConrad,hn_43739037,commented_on_story,1
user_CapsAdmin,hn_31825742,commented_on_story,1
user_CapsAdmin,hn_33226515,commented_on_story,1
user_CashWasabi,hn_46542036,commented_on_story,1
user_Centigonal,hn_45722635,commented_on_story,1
user_CharlesW,hn_46985151,commented_on_story,1
user_ChrisArchitect,hn_42453341,commented_on_story,1
user_ChrisArchitect,hn_43193018,commented_on_story,1
user_ChrisArchitect,hn_44006398,commented_on_story,1
user_ChrisArchitect,hn_44675557,commented_on_story,1
user_ChrisArchitect,hn_46977210,commented_on_story,1
user_ChrisMarshallNY,hn_43815033,commented_on_story,1
user_ChrisMarshallNY,hn_47282777,commented_on_story,1
user_CityOfThrowaway,hn_27676266,commented_on_story,1
user_CobrastanJorji,hn_33457063,commented_on_story,1
user_CodeWriter23,hn_46765460,commented_on_story,1
user_CompoundEyes,hn_44742251,commented_on_story,1
user_Copenjin,hn_43163011,commented_on_story,1
user_Cort3z,hn_33457063,commented_on_story,1
user_CraigJPerry,hn_47923357,commented_on_story,1
user_CrzyLngPwd,hn_43448432,commented_on_story,1
user_CrzyLngPwd,hn_47664912,commented_on_story,1
user_CrzyLngPwd,hn_47762901,commented_on_story,1
user_DanHulton,hn_35470915,commented_on_story,1
user_Daniel_Van_Zant,hn_43163011,commented_on_story,1
user_Dansvidania,hn_46227422,commented_on_story,1
user_DavidPP,hn_43410866,commented_on_story,1
user_DavidSJ,hn_31211280,commented_on_story,1
user_DeathArrow,hn_35152851,commented_on_story,1
user_Deathmax,hn_27676266,commented_on_story,1
user_Deukhoofd,hn_47521799,commented_on_story,1
user_DidYaWipe,hn_44302870,commented_on_story,1
user_Doctor-R,hn_39853123,commented_on_story,1
user_Double_a_92,hn_35152851,commented_on_story,2
user_Dowwie,hn_46810282,commented_on_story,1
user_DrNosferatu,hn_45163362,commented_on_story,1
user_Dwedit,hn_35657982,commented_on_story,1
user_Dwedit,hn_46985151,commented_on_story,1
user_EagnaIonat,hn_47006615,commented_on_story,1
user_EastLondonCoder,hn_47106686,commented_on_story,1
user_EcommerceFlow,hn_44940089,commented_on_story,1
user_Elbouyave,hn_43410866,commented_on_story,1
user_Eldodi,hn_47768133,commented_on_story,1
user_EmeraldSky,hn_47912500,commented_on_story,1
user_Entinel,hn_35657982,commented_on_story,1
user_Etheryte,hn_43448432,commented_on_story,1
user_Flux159,hn_46593022,commented_on_story,1
user_Fr0styMatt88,hn_47664912,commented_on_story,1
user_FrankWilhoit,hn_47664912,commented_on_story,1
user_Frannky,hn_47106686,commented_on_story,1
user_FunnyLookinHat,hn_27676266,commented_on_story,1
user_Galanwe,hn_45416228,commented_on_story,1
user_Garlef,hn_47762901,commented_on_story,1
user_GartzenDeHaes,hn_35470915,commented_on_story,1
user_GistNoesis,hn_28131745,commented_on_story,1
user_GistNoesis,hn_47762901,commented_on_story,1
user_GistNoesis,hn_48037128,commented_on_story,1
user_GolDDranks,hn_46765460,commented_on_story,1
user_HaQT11,hn_43068027,commented_on_story,1
user_Hamcha,hn_31825742,commented_on_story,1
user_Hamuko,hn_27687450,commented_on_story,1
user_HarHarVeryFunny,hn_45320431,commented_on_story,1
user_HeytalePazguato,hn_47586778,commented_on_story,1
user_Hippocrates,hn_43448432,commented_on_story,1
user_IceWreck,hn_33457063,commented_on_story,1
user_Ilaurens,hn_47923357,commented_on_story,1
user_Imnimo,hn_33457063,commented_on_story,1
user_Imnimo,hn_46593022,commented_on_story,1
user_Incipient,hn_47838508,commented_on_story,1
user_IshKebab,hn_46810282,commented_on_story,1
user_JR1427,hn_44042070,commented_on_story,1
user_JSR_FDED,hn_47006615,commented_on_story,1
user_J_Shelby_J,hn_44780878,commented_on_story,1
user_JanneVee,hn_47006615,commented_on_story,1
user_JohnFen,hn_43462171,commented_on_story,1
user_JoostBoer,hn_47597085,commented_on_story,1
user_JoshTriplett,hn_43193018,commented_on_story,1
user_Jotalea,hn_44493503,commented_on_story,1
user_JulianQuinn,hn_47838508,commented_on_story,1
user_KETpXDDzR,hn_27687450,commented_on_story,1
user_KTibow,hn_43754620,commented_on_story,1
user_Karrot_Kream,hn_44811567,commented_on_story,1
user_Karsteski,hn_47282777,commented_on_story,1
user_KellyCriterion,hn_47282777,commented_on_story,1
user_Kerrick,hn_47006615,commented_on_story,1
user_KillerRAK,hn_47282777,commented_on_story,1
user_Kim_Bruning,hn_44742251,commented_on_story,1
user_Kiro,hn_36495680,commented_on_story,1
user_Kiro,hn_44302870,commented_on_story,1
user_Kirr,hn_47963204,commented_on_story,1
user_Krasnol,hn_45320431,commented_on_story,1
user_KronisLV,hn_42675725,commented_on_story,1
user_Kuinox,hn_46542036,commented_on_story,1
user_LesZedCB,hn_32327711,commented_on_story,1
user_LetsGetTechnicl,hn_47660925,commented_on_story,1
user_Levitating,hn_47586778,commented_on_story,1
user_Lockal,hn_46978710,commented_on_story,1
user_Lucasoato,hn_46985151,commented_on_story,1
user_Macha,hn_44493503,commented_on_story,1
user_MagicMoonlight,hn_35921375,commented_on_story,1
user_MagicMoonlight,hn_40919253,commented_on_story,1
user_MagicWishMonkey,hn_28191362,commented_on_story,1
user_MajorLettuce,hn_47768133,commented_on_story,1
user_MarkMarine,hn_43448432,commented_on_story,1
user_MarquesMa,hn_31825742,commented_on_story,1
user_MayeulC,hn_35264725,commented_on_story,1
user_MichaelMoser123,hn_35921375,commented_on_story,1
user_Mikho,hn_46227422,commented_on_story,1
user_MillionOClock,hn_47878905,commented_on_story,1
user_MisterTea,hn_46985151,commented_on_story,1
user_Mouvelie,hn_44493503,commented_on_story,1
user_MrContent04,hn_45163362,commented_on_story,1
user_MrOrelliOReilly,hn_46734302,commented_on_story,1
user_MrOrelliOReilly,hn_47878905,commented_on_story,1
user_Multiplayer,hn_47633396,commented_on_story,1
user_MutedEstate45,hn_44780878,commented_on_story,1
user_MyUltiDev,hn_47768133,commented_on_story,1
user_Netaro,hn_44940089,commented_on_story,1
user_Nic0,hn_35470915,commented_on_story,1
user_NicuCalcea,hn_44302870,commented_on_story,1
user_NiloCK,hn_47838508,commented_on_story,1
user_NineWillows,hn_43739037,commented_on_story,1
user_NischalM,hn_44780878,commented_on_story,1
user_NitpickLawyer,hn_44940089,commented_on_story,1
user_O5vYtytb,hn_35657982,commented_on_story,1
user_OJFord,hn_43739037,commented_on_story,1
user_OisinMoran,hn_45416228,commented_on_story,1
user_OldfieldFund,hn_44780878,commented_on_story,1
user_OtherShrezzing,hn_47521799,commented_on_story,2
user_OutOfHere,hn_44031432,commented_on_story,2
user_OutOfHere,hn_44780878,commented_on_story,1
user_PAMANOCH,hn_33226515,commented_on_story,1
user_Painsawman123,hn_46765460,commented_on_story,1
user_Painsawman123,hn_47584540,commented_on_story,1
user_PaulHoule,hn_43246130,commented_on_story,1
user_PaulHoule,hn_45761979,commented_on_story,1
user_PhysicalNomad,hn_35152851,commented_on_story,1
user_PiersonMarks,hn_40456457,commented_on_story,1
user_Pxtl,hn_43988315,commented_on_story,1
user_QuadrupleA,hn_47521799,commented_on_story,1
user_ROFISH,hn_35470915,commented_on_story,1
user_RagnarD,hn_46545620,commented_on_story,1
user_Reason077,hn_47586778,commented_on_story,1
user_Retr0id,hn_46978710,commented_on_story,1
user_Reubend,hn_44780878,commented_on_story,1
user_Rickasaurus,hn_44966856,commented_on_story,1
user_RivieraKid,hn_35261065,commented_on_story,1
user_Robdel12,hn_46978710,commented_on_story,1
user_Robdel12,hn_47878905,commented_on_story,1
user_Ronrey,hn_47006615,commented_on_story,1
user_SCdF,hn_43739037,commented_on_story,1
user_SOLAR_FIELDS,hn_42675725,commented_on_story,1
user_SOLAR_FIELDS,hn_46978710,commented_on_story,1
user_SSchick,hn_45320431,commented_on_story,1
user_SamTinnerholm,hn_45722635,commented_on_story,1
user_Scene_Cast2,hn_44031432,commented_on_story,1
user_Seanambers,hn_44302870,commented_on_story,1
user_Seattle3503,hn_47633396,commented_on_story,1
user_Sevii,hn_46765120,commented_on_story,1
user_Sharlin,hn_46765120,commented_on_story,1
user_SimianSci,hn_46734302,commented_on_story,1
user_SirMaster,hn_42675725,commented_on_story,1
user_SkyPuncher,hn_43448432,commented_on_story,1
user_SkyPuncher,hn_43815033,commented_on_story,1
user_SkyPuncher,hn_47660925,commented_on_story,1
user_Someone1234,hn_35261065,commented_on_story,1
user_Spinnaker_,hn_29016506,commented_on_story,1
user_Squarex,hn_47584540,commented_on_story,1
user_SquibblesRedux,hn_47586778,commented_on_story,1
user_StarlaAtNight,hn_46542036,commented_on_story,1
user_SteveJS,hn_44780878,commented_on_story,1
user_Symmetry,hn_46985151,commented_on_story,1
user_TYPE_FASTER,hn_44966856,commented_on_story,1
user_TZubiri,hn_47521799,commented_on_story,2
user_TeMPOraL,hn_47762901,commented_on_story,1
user_TeeMassive,hn_32327711,commented_on_story,1
user_Terr_,hn_46534402,commented_on_story,1
user_Thanemate,hn_47282777,commented_on_story,1
user_TheGoodBarn,hn_46420453,commented_on_story,1
user_Thorentis,hn_29016506,commented_on_story,1
user_Tiberium,hn_46420453,commented_on_story,1
user_Tomte,hn_40919253,commented_on_story,1
user_TonyTrapp,hn_42453341,commented_on_story,1
user_Topfi,hn_36495680,commented_on_story,1
user_Trasmatta,hn_43448432,commented_on_story,1
user_Traster,hn_31405976,commented_on_story,1
user_TriangleEdge,hn_43163011,commented_on_story,1
user_TuringNYC,hn_42453341,commented_on_story,1
user_TuringNYC,hn_44966856,commented_on_story,1
user_TutleCpt,hn_47282777,commented_on_story,1
user_Uninen,hn_43163011,commented_on_story,1
user_VMtest,hn_27687450,commented_on_story,1
user_VadimPR,hn_47584540,commented_on_story,1
user_Velorivox,hn_43815033,commented_on_story,1
user_Vermeulen,hn_28131745,commented_on_story,1
user_VitalStack,hn_47530870,commented_on_story,1
user_WarmWash,hn_46765120,commented_on_story,1
user_WaterRun,hn_47597085,commented_on_story,1
user_Waterluvian,hn_28191362,commented_on_story,1
user_Waterluvian,hn_33226515,commented_on_story,1
user_WesternWind,hn_40919253,commented_on_story,1
user_WhereIsTheTruth,hn_35921375,commented_on_story,1
user_WhiteDawn,hn_47838508,commented_on_story,1
user_WhitneyLand,hn_46810282,commented_on_story,1
user_WhyOhWhyQ,hn_46227422,commented_on_story,1
user_Workaccount2,hn_43988315,commented_on_story,1
user_Wowfunhappy,hn_35921375,commented_on_story,1
user_Wowfunhappy,hn_46593022,commented_on_story,1
user_Wowfunhappy,hn_47633396,commented_on_story,1
user_WrtCdEvrydy,hn_32327711,commented_on_story,1
user_X-Istence,hn_31825742,commented_on_story,1
user_YeGoblynQueenne,hn_27676266,commented_on_story,1
user_YossarianFrPrez,hn_43988315,commented_on_story,1
user_Z37K,hn_44742251,commented_on_story,1
user_Zanfa,hn_44742251,commented_on_story,1
user_Zenst,hn_28191362,commented_on_story,1
user__--__--__,hn_43988315,commented_on_story,1
user__9ptr,hn_45320431,commented_on_story,1
user___anon-2023__,hn_35264725,commented_on_story,1
user___blockcipher__,hn_47963204,commented_on_story,1
user___jl__,hn_42453341,commented_on_story,1
user___lbracket__,hn_44940089,commented_on_story,1
user__aaed,hn_35264725,commented_on_story,1
user__alaya,hn_46985151,commented_on_story,1
user__doctor_love,hn_48037128,commented_on_story,1
user__greim_,hn_27687450,commented_on_story,1
user__joel,hn_43410866,commented_on_story,1
user__jss,hn_48037128,commented_on_story,1
user__mitterpach,hn_43193018,commented_on_story,1
user__odey,hn_43246130,commented_on_story,1
user__pdp_,hn_44864185,commented_on_story,1
user__pdp_,hn_47521799,commented_on_story,1
user__pdp_,hn_47923357,commented_on_story,1
user__ryanjsalva,hn_33226515,commented_on_story,1
user__zachs,hn_46810282,commented_on_story,1
user_a-r-t,hn_27676266,commented_on_story,1
user_a1o,hn_47167931,commented_on_story,1
user_a_shovel,hn_47664912,commented_on_story,1
user_aardvarkr,hn_28191362,commented_on_story,1
user_aaron695,hn_28191362,commented_on_story,1
user_aaroninsf,hn_47077676,commented_on_story,1
user_abailie3,hn_45204768,commented_on_story,1
user_abcde666777,hn_47006615,commented_on_story,1
user_abdullin,hn_47963204,commented_on_story,1
user_abeppu,hn_27687450,commented_on_story,1
user_abeppu,hn_28131745,commented_on_story,1
user_abetusk,hn_35657982,commented_on_story,1
user_abigail95,hn_35657982,commented_on_story,1
user_abouttyme,hn_33457063,commented_on_story,1
user_abullinan,hn_44966856,commented_on_story,1
user_acc_297,hn_42453341,commented_on_story,1
user_accelbred,hn_35470915,commented_on_story,1
user_account266928,hn_46810282,commented_on_story,1
user_accountofme,hn_31405976,commented_on_story,1
user_adg33,hn_35921375,commented_on_story,1
user_adhamsalama,hn_42453341,commented_on_story,1
user_adidoit,hn_46089546,commented_on_story,1
user_adithyassekhar,hn_47106686,commented_on_story,1
user_adlpz,hn_33457063,commented_on_story,1
user_admissionsguy,hn_27697884,commented_on_story,1
user_adocomplete,hn_43815033,commented_on_story,1
user_adonese,hn_39168105,commented_on_story,1
user_aenis,hn_48037128,commented_on_story,1
user_aeon_ai,hn_45416228,commented_on_story,1
user_aerhardt,hn_46765460,commented_on_story,1
user_aerhardt,hn_47660925,commented_on_story,1
user_aeternum,hn_44966856,commented_on_story,1
user_afarah1,hn_46545620,commented_on_story,1
user_afarviral,hn_27687450,commented_on_story,1
user_afiodorov,hn_43739037,commented_on_story,1
user_afro88,hn_47660925,commented_on_story,1
user_agentifysh,hn_47077676,commented_on_story,1
user_agile-gift0262,hn_44742251,commented_on_story,1
user_agnosticmantis,hn_45722635,commented_on_story,1
user_agos,hn_47762901,commented_on_story,1
user_agrippanux,hn_47633396,commented_on_story,1
user_ahnick,hn_31825742,commented_on_story,1
user_ahupp,hn_29016506,commented_on_story,1
user_ai-christianson,hn_42963279,commented_on_story,1
user_ai-christianson,hn_43754620,commented_on_story,1
user_ai_tools_daily,hn_47077676,commented_on_story,1
user_aiappreciator,hn_36326525,commented_on_story,1
user_airstrike,hn_47768133,commented_on_story,1
user_aitchnyu,hn_47762901,commented_on_story,1
user_akagusu,hn_27687450,commented_on_story,1
user_akkartik,hn_32577624,commented_on_story,1
user_akrymski,hn_35470915,commented_on_story,1
user_al_borland,hn_47282777,commented_on_story,1
user_alasano,hn_47633396,commented_on_story,1
user_albertTJames,hn_40919253,commented_on_story,1
user_albertzeyer,hn_33457063,commented_on_story,1
user_alecco,hn_43448432,commented_on_story,1
user_alecco,hn_44864185,commented_on_story,1
user_alecco,hn_45416228,commented_on_story,1
user_aledevv,hn_47762901,commented_on_story,1
user_aleksiy123,hn_47838508,commented_on_story,1
user_alentred,hn_46765120,commented_on_story,1
user_alexaholic,hn_47838508,commented_on_story,1
user_alexdobrenko,hn_46593022,commented_on_story,1
user_alexellisuk,hn_29016506,commented_on_story,1
user_alexrezvov,hn_47106686,commented_on_story,1
user_aliljet,hn_46985151,commented_on_story,1
user_alkonaut,hn_39168105,commented_on_story,1
user_allthenopes25,hn_44031432,commented_on_story,1
user_alokjnv10,hn_36326525,commented_on_story,1
user_alphabet9000,hn_35657982,commented_on_story,1
user_alphazard,hn_43739037,commented_on_story,1
user_alsodumb,hn_35152851,commented_on_story,1
user_altern8,hn_46765460,commented_on_story,1
user_alvatar,hn_46734302,commented_on_story,1
user_alvis,hn_44031432,commented_on_story,1
user_am17an,hn_28131745,commented_on_story,1
user_amalive,hn_28131745,commented_on_story,1
user_amangsingh,hn_47597085,commented_on_story,1
user_amarant,hn_47664912,commented_on_story,1
user_amarka,hn_46542036,commented_on_story,1
user_amelius,hn_32327711,commented_on_story,1
user_amelius,hn_44742251,commented_on_story,1
user_amelius,hn_46542036,commented_on_story,1
user_amirathi,hn_31825742,commented_on_story,1
user_amrrs,hn_28131745,commented_on_story,1
user_amrrs,hn_28191362,commented_on_story,1
user_an1sotropy,hn_33226515,commented_on_story,1
user_an1sotropy,hn_33457063,commented_on_story,1
user_andai,hn_46765460,commented_on_story,1
user_andai,hn_47762901,commented_on_story,1
user_andai,hn_47768133,commented_on_story,1
user_anderslaub,hn_43410866,commented_on_story,1
user_andrewstuart,hn_44864185,commented_on_story,1
user_androng,hn_43815033,commented_on_story,1
user_andsoitis,hn_42963279,commented_on_story,1
user_andy99,hn_43988315,commented_on_story,1
user_anigbrowl,hn_45722635,commented_on_story,1
user_anoek,hn_44675557,commented_on_story,1
user_anonymid,hn_45416228,commented_on_story,1
user_anonymousiam,hn_45163362,commented_on_story,1
user_anonzzzies,hn_43739037,commented_on_story,1
user_anonzzzies,hn_44811567,commented_on_story,1
user_anonzzzies,hn_45320431,commented_on_story,1
user_anotherpaulg,hn_36495680,commented_on_story,1
user_anotherpaulg,hn_43163011,commented_on_story,1
user_anotheryou,hn_35264725,commented_on_story,1
user_antirez,hn_44780878,commented_on_story,1
user_antirez,hn_46765120,commented_on_story,1
user_antirez,hn_46810282,commented_on_story,1
user_antonly,hn_45165897,commented_on_story,1
user_ants_everywhere,hn_44966856,commented_on_story,1
user_anttiharju,hn_46542036,commented_on_story,1
user_anujdeshpande,hn_33226515,commented_on_story,1
user_anupshinde,hn_44780878,commented_on_story,1
user_anxtyinmgmt,hn_35152851,commented_on_story,1
user_apeace,hn_47597085,commented_on_story,1
user_apetuskey,hn_35152851,commented_on_story,1
user_aphexcx,hn_37065734,commented_on_story,1
user_appease7727,hn_44966856,commented_on_story,1
user_appsoftware,hn_46593022,commented_on_story,1
user_apsec112,hn_43163011,commented_on_story,1
user_apwell23,hn_44811567,commented_on_story,1
user_aramova,hn_47660925,commented_on_story,1
user_archibaldJ,hn_28191362,commented_on_story,1
user_arco1991,hn_35470915,commented_on_story,1
user_ardillamorris,hn_44966856,commented_on_story,1
user_ares623,hn_46985151,commented_on_story,1
user_ares623,hn_47282777,commented_on_story,1
user_arewethereyeta,hn_47633396,commented_on_story,1
user_arjie,hn_45416228,commented_on_story,1
user_arkariarn,hn_47878905,commented_on_story,1
user_armanj,hn_47633396,commented_on_story,1
user_armcat,hn_46545620,commented_on_story,1
user_armchairhacker,hn_35657982,commented_on_story,1
user_armchairhacker,hn_47660925,commented_on_story,1
user_arresin,hn_46810282,commented_on_story,1
user_artisin,hn_46978710,commented_on_story,1
user_artyom,hn_47586778,commented_on_story,1
user_asadm,hn_43708025,commented_on_story,1
user_asadm,hn_44031432,commented_on_story,1
user_asawfofor,hn_44811567,commented_on_story,1
user_ascorbic,hn_31825742,commented_on_story,1
user_asdev,hn_44940089,commented_on_story,1
user_ashutosh-mishra,hn_44742251,commented_on_story,1
user_astrea,hn_28191362,commented_on_story,1
user_athrowaway3z,hn_45163362,commented_on_story,1
user_atleastoptimal,hn_44742251,commented_on_story,1
user_atleastoptimal,hn_47006615,commented_on_story,2
user_atonalfreerider,hn_29016506,commented_on_story,1
user_atonse,hn_44042070,commented_on_story,1
user_atxtechbro,hn_43410866,commented_on_story,1
user_auggierose,hn_27697884,commented_on_story,1
user_aught,hn_43739037,commented_on_story,1
user_aunch,hn_35152851,commented_on_story,1
user_aunty_helen,hn_47963204,commented_on_story,1
user_aura-guard,hn_46996368,commented_on_story,1
user_ausbah,hn_29016506,commented_on_story,1
user_aussieguy1234,hn_45163362,commented_on_story,1
user_austin-cheney,hn_44148317,commented_on_story,1
user_autobodie,hn_44302870,commented_on_story,1
user_autocracy101,hn_47586778,commented_on_story,1
user_autocracy101,hn_47597085,commented_on_story,1
user_avaer,hn_47584540,commented_on_story,1
user_avital,hn_44042070,commented_on_story,1
user_awongh,hn_46089546,commented_on_story,1
user_axegon_,hn_43448432,commented_on_story,1
user_axegon_,hn_47167931,commented_on_story,1
user_axg11,hn_31405976,commented_on_story,1
user_aymandfire,hn_42857231,commented_on_story,1
user_azinman2,hn_27676266,commented_on_story,1
user_azinman2,hn_43163011,commented_on_story,1
user_baalimago,hn_43708025,commented_on_story,1
user_baby,hn_29016506,commented_on_story,1
user_baby,hn_31825742,commented_on_story,1
user_babyshake,hn_32327711,commented_on_story,1
user_badthingfactory,hn_47521799,commented_on_story,1
user_bakugo,hn_35657982,commented_on_story,1
user_ballenf,hn_27687450,commented_on_story,1
user_bamboozled,hn_46227422,commented_on_story,1
user_banq,hn_44302870,commented_on_story,1
user_barbs,hn_46985151,commented_on_story,1
user_barelysapient,hn_46765120,commented_on_story,1
user_barotalomey,hn_43193018,commented_on_story,1
user_baryphonic,hn_27687450,commented_on_story,1
user_bastardoperator,hn_35152851,commented_on_story,1
user_bastawhiz,hn_43815033,commented_on_story,1
user_bathtub365,hn_44042070,commented_on_story,1
user_bauerd,hn_47878905,commented_on_story,1
user_bayindirh,hn_46978710,commented_on_story,1
user_bcherny,hn_43163011,commented_on_story,1
user_bcherny,hn_46978710,commented_on_story,1
user_bcherny,hn_47660925,commented_on_story,1
user_beanjuiceII,hn_31825742,commented_on_story,1
user_beardsciences,hn_46810282,commented_on_story,1
user_beardyw,hn_43068027,commented_on_story,1
user_bearjaws,hn_47664912,commented_on_story,1
user_bee_rider,hn_46542036,commented_on_story,1
user_beepbooptheory,hn_42453341,commented_on_story,1
user_beernet,hn_43815033,commented_on_story,1
user_belter,hn_27687450,commented_on_story,1
user_ben30,hn_45320431,commented_on_story,1
user_bencyoung,hn_44031432,commented_on_story,1
user_bentt,hn_46227422,commented_on_story,1
user_benwills,hn_47838508,commented_on_story,1
user_bglazer,hn_43448432,commented_on_story,1
user_bgwalter,hn_46089546,commented_on_story,1
user_bhagyeshsp,hn_48037128,commented_on_story,1
user_bhouston,hn_46420453,commented_on_story,1
user_bicepjai,hn_45416228,commented_on_story,1
user_big-chungus4,hn_47006615,commented_on_story,1
user_bilater,hn_46545620,commented_on_story,1
user_billy99k,hn_42963279,commented_on_story,1
user_bionhoward,hn_44031432,commented_on_story,1
user_bitbasher,hn_43246130,commented_on_story,1
user_bitlad,hn_36495680,commented_on_story,1
user_bitwize,hn_43988315,commented_on_story,1
user_bitwize,hn_47167931,commented_on_story,1
user_bityard,hn_40919253,commented_on_story,1
user_bityard,hn_47878905,commented_on_story,1
user_bjacobso,hn_46545620,commented_on_story,1
user_bjoli,hn_46227422,commented_on_story,1
user_bkryza,hn_47584540,commented_on_story,1
user_bkuhn,hn_33457063,commented_on_story,1
user_blackbear_,hn_39853123,commented_on_story,1
user_blackbrokkoli,hn_33457063,commented_on_story,1
user_blahgeek,hn_44811567,commented_on_story,1
user_blcknight,hn_47586778,commented_on_story,1
user_blintz,hn_35152851,commented_on_story,1
user_blobbers,hn_47167931,commented_on_story,1
user_blobbers,hn_47584540,commented_on_story,1
user_bluefirebrand,hn_44493503,commented_on_story,1
user_bluejay2387,hn_46765120,commented_on_story,1
user_bluejekyll,hn_47077676,commented_on_story,1
user_bmitc,hn_33226515,commented_on_story,1
user_bob1029,hn_46542036,commented_on_story,1
user_bob1029,hn_46734302,commented_on_story,1
user_bob1029,hn_47006615,commented_on_story,1
user_bob1029,hn_47584540,commented_on_story,1
user_bodge5000,hn_44864185,commented_on_story,1
user_bodge5000,hn_46542036,commented_on_story,1
user_boesboes,hn_47923357,commented_on_story,1
user_bombdailer,hn_46089546,commented_on_story,1
user_boomskats,hn_44031432,commented_on_story,1
user_boringuser2,hn_35470915,commented_on_story,1
user_born_a_skeptic,hn_47923357,commented_on_story,1
user_borski,hn_46089546,commented_on_story,1
user_bottlepalm,hn_35264725,commented_on_story,1
user_boutell,hn_46978710,commented_on_story,1
user_bovermyer,hn_46765460,commented_on_story,1
user_bowmessage,hn_31211280,commented_on_story,1
user_bradly,hn_43988315,commented_on_story,1
user_brailsafe,hn_46985151,commented_on_story,1
user_brainless,hn_45163362,commented_on_story,1
user_brandall10,hn_47106686,commented_on_story,1
user_brandensilva,hn_47597085,commented_on_story,1
user_brandensilva,hn_47768133,commented_on_story,1
user_brauhaus,hn_47597085,commented_on_story,1
user_bravogamma,hn_27676266,commented_on_story,1
user_breckenedge,hn_44493503,commented_on_story,1
user_brentable,hn_37065734,commented_on_story,1
user_brentm,hn_43448432,commented_on_story,1
user_bronkic,hn_46985151,commented_on_story,1
user_brooke2k,hn_43988315,commented_on_story,1
user_brotherjerky,hn_44811567,commented_on_story,1
user_brown,hn_35657982,commented_on_story,1
user_brundolf,hn_27676266,commented_on_story,1
user_bryanhogan,hn_47584540,commented_on_story,1
user_bryanhogan,hn_47768133,commented_on_story,1
user_bryanhogan,hn_47963204,commented_on_story,1
user_bs7280,hn_47664912,commented_on_story,1
user_bsgeraci,hn_47597085,commented_on_story,1
user_bsza,hn_40919253,commented_on_story,1
user_btheunissen,hn_46227422,commented_on_story,1
user_btown,hn_46593022,commented_on_story,1
user_bubblyworld,hn_44742251,commented_on_story,1
user_bugglebeetle,hn_42453341,commented_on_story,1
user_buppermint,hn_45722635,commented_on_story,1
user_burnstek,hn_47282777,commented_on_story,1
user_buserror,hn_44742251,commented_on_story,1
user_butlike,hn_46420453,commented_on_story,1
user_butz,hn_42453341,commented_on_story,1
user_buzzy_hacker,hn_33457063,commented_on_story,1
user_bww,hn_27676266,commented_on_story,1
user_byoung2,hn_44148317,commented_on_story,1
user_byteface,hn_27697884,commented_on_story,1
user_cadamsdotcom,hn_43988315,commented_on_story,2
user_cadamsdotcom,hn_45416228,commented_on_story,1
user_cadamsdotcom,hn_47106686,commented_on_story,1
user_cajohn0205,hn_40456457,commented_on_story,1
user_cal85,hn_31825742,commented_on_story,1
user_calepayson,hn_46089546,commented_on_story,1
user_camillomiller,hn_44302870,commented_on_story,1
user_canadev,hn_27697884,commented_on_story,1
user_caprock,hn_43462171,commented_on_story,1
user_captainepoch,hn_44940089,commented_on_story,1
user_captaintobs,hn_35958304,commented_on_story,1
user_carlosjobim,hn_44302870,commented_on_story,1
user_caseysoftware,hn_44031432,commented_on_story,1
user_caslon,hn_28126015,commented_on_story,1
user_cattown,hn_35657982,commented_on_story,1
user_causal,hn_47586778,commented_on_story,1
user_causal,hn_47633396,commented_on_story,1
user_caymanjim,hn_46985151,commented_on_story,1
user_cbm-vic-20,hn_32577624,commented_on_story,1
user_cbsks,hn_27676266,commented_on_story,1
user_cc62cf4a4f20,hn_46593022,commented_on_story,1
user_cdcarter,hn_46420453,commented_on_story,1
user_cebert,hn_47521799,commented_on_story,1
user_cedws,hn_47584540,commented_on_story,1
user_cedws,hn_47768133,commented_on_story,1
user_cedws,hn_47878905,commented_on_story,1
user_celestialcheese,hn_33457063,commented_on_story,1
user_cellis,hn_40919253,commented_on_story,1
user_cess11,hn_35261065,commented_on_story,1
user_cglong,hn_43708025,commented_on_story,1
user_chaboud,hn_43988315,commented_on_story,1
user_chairmanwow1,hn_35657982,commented_on_story,1
user_chamomeal,hn_44940089,commented_on_story,1
user_chaosprint,hn_43410866,commented_on_story,1
user_chaosprint,hn_44864185,commented_on_story,1
user_charcircuit,hn_43988315,commented_on_story,1
user_charkubi,hn_47106686,commented_on_story,1
user_chaxor,hn_35921375,commented_on_story,1
user_cheema33,hn_46765120,commented_on_story,1
user_chfritz,hn_46765120,commented_on_story,1
user_chickensong,hn_46978710,commented_on_story,1
user_chidli1234,hn_40919253,commented_on_story,1
user_chilldsgn,hn_39168105,commented_on_story,1
user_chmod775,hn_42453341,commented_on_story,1
user_chrisjharris,hn_44780878,commented_on_story,1
user_chrisjj,hn_46510980,commented_on_story,1
user_chrisjj,hn_47006615,commented_on_story,1
user_chrismsimpson,hn_40919253,commented_on_story,1
user_chrisss395,hn_46734302,commented_on_story,1
user_chubot,hn_31405976,commented_on_story,1
user_chvid,hn_42675725,commented_on_story,1
user_chvid,hn_47077676,commented_on_story,1
user_citizenpaul,hn_32577624,commented_on_story,1
user_cjonas,hn_43739037,commented_on_story,1
user_ckbishop,hn_43163011,commented_on_story,1
user_cladopa,hn_47664912,commented_on_story,1
user_claudeomusic,hn_47006615,commented_on_story,1
user_clauderoux,hn_44742251,commented_on_story,1
user_clbrmbr,hn_35152851,commented_on_story,1
user_cleandreams,hn_39168105,commented_on_story,1
user_cleifer,hn_46810282,commented_on_story,1
user_cloudking,hn_35921375,commented_on_story,1
user_cloudking,hn_44864185,commented_on_story,1
user_clvx,hn_43448432,commented_on_story,1
user_cmenge,hn_47878905,commented_on_story,1
user_cmiles8,hn_46545620,commented_on_story,1
user_cml123,hn_44811567,commented_on_story,1
user_cmos,hn_47282777,commented_on_story,1
user_cmrdporcupine,hn_33457063,commented_on_story,1
user_cnj,hn_43410866,commented_on_story,1
user_codedokode,hn_45163362,commented_on_story,1
user_codemakerai,hn_35152851,commented_on_story,1
user_codeulike,hn_44864185,commented_on_story,1
user_codexstar,hn_47597085,commented_on_story,1
user_colesantiago,hn_44940089,commented_on_story,1
user_colinhb,hn_47106686,commented_on_story,1
user_comboy,hn_47768133,commented_on_story,1
user_comex,hn_43988315,commented_on_story,1
user_cons0le,hn_46542036,commented_on_story,1
user_consumer451,hn_47762901,commented_on_story,1
user_contravariant,hn_46765120,commented_on_story,1
user_cookie_monsta,hn_43739037,commented_on_story,1
user_coolpool,hn_44302870,commented_on_story,1
user_coopykins,hn_47762901,commented_on_story,1
user_covi,hn_35470915,commented_on_story,1
user_cowlby,hn_44940089,commented_on_story,1
user_cowlby,hn_47963204,commented_on_story,1
user_crat3r,hn_44811567,commented_on_story,1
user_crazygringo,hn_33226515,commented_on_story,1
user_crazygringo,hn_46542036,commented_on_story,1
user_crazygringo,hn_46810282,commented_on_story,1
user_cristea,hn_44811567,commented_on_story,1
user_critismAccepted,hn_35574501,commented_on_story,1
user_croes,hn_43193018,commented_on_story,1
user_cruffle_duffle,hn_43410866,commented_on_story,1
user_cryptos,hn_44493503,commented_on_story,1
user_cryptos,hn_44811567,commented_on_story,1
user_cryptoz,hn_46227422,commented_on_story,1
user_csmantle,hn_45163362,commented_on_story,1
user_ctime,hn_46227422,commented_on_story,1
user_ctoth,hn_47768133,commented_on_story,1
user_ctoth,hn_47878905,commented_on_story,1
user_cube2222,hn_31825742,commented_on_story,1
user_cube2222,hn_43708025,commented_on_story,1
user_cube2222,hn_46420453,commented_on_story,1
user_cududa,hn_36495680,commented_on_story,1
user_cultofmetatron,hn_44864185,commented_on_story,1
user_curo,hn_31825742,commented_on_story,1
user_cush,hn_28191362,commented_on_story,1
user_cvandyke,hn_47660925,commented_on_story,1
user_cwoolfe,hn_46593022,commented_on_story,1
user_cycomanic,hn_27687450,commented_on_story,1
user_cyral,hn_44864185,commented_on_story,1
user_d--b,hn_42675725,commented_on_story,1
user_d--b,hn_46227422,commented_on_story,1
user_d4rkn0d3z,hn_43448432,commented_on_story,1
user_d4rkn0d3z,hn_44966856,commented_on_story,1
user_d4rkp4ttern,hn_45163362,commented_on_story,1
user_d4rkp4ttern,hn_45416228,commented_on_story,1
user_d4rkp4ttern,hn_46593022,commented_on_story,1
user_d4rkp4ttern,hn_46985151,commented_on_story,1
user_d4rkp4ttern,hn_47586778,commented_on_story,1
user_d_watt,hn_43163011,commented_on_story,1
user_d_watt,hn_44966856,commented_on_story,1
user_dabedee,hn_44864185,commented_on_story,1
user_dabinat,hn_43462171,commented_on_story,1
user_dabinat,hn_47538125,commented_on_story,1
user_daedrdev,hn_40919253,commented_on_story,1
user_daenz,hn_32577624,commented_on_story,1
user_dajonker,hn_46810282,commented_on_story,1
user_danenania,hn_43739037,commented_on_story,1
user_danesparza,hn_47167931,commented_on_story,1
user_dang,hn_27676266,commented_on_story,1
user_dang,hn_28191362,commented_on_story,1
user_dang,hn_35152851,commented_on_story,1
user_dang,hn_35921375,commented_on_story,1
user_dangoodmanUT,hn_44811567,commented_on_story,1
user_dangus,hn_39168105,commented_on_story,1
user_dangus,hn_47167931,commented_on_story,1
user_dangus,hn_47586778,commented_on_story,1
user_danielktdoranie,hn_43754620,commented_on_story,1
user_danielovichdk,hn_39168105,commented_on_story,1
user_danielrhodes,hn_47006615,commented_on_story,1
user_danielvaughn,hn_44940089,commented_on_story,1
user_danjl,hn_44966856,commented_on_story,1
user_dannytatom,hn_31825742,commented_on_story,1
user_danpalmer,hn_39168105,commented_on_story,1
user_darepublic,hn_27676266,commented_on_story,1
user_darepublic,hn_39168105,commented_on_story,1
user_darkwater,hn_46420453,commented_on_story,1
user_darvinyraghpath,hn_44302870,commented_on_story,1
user_data-ottawa,hn_47878905,commented_on_story,1
user_data-ottawa,hn_47963204,commented_on_story,1
user_datadrivenangel,hn_44042070,commented_on_story,1
user_datadrivenangel,hn_45224742,commented_on_story,1
user_datahack,hn_47633396,commented_on_story,1
user_datavirtue,hn_43739037,commented_on_story,1
user_dataviz1000,hn_47878905,commented_on_story,1
user_dataviz1000,hn_48037128,commented_on_story,1
user_dathinab,hn_46542036,commented_on_story,1
user_davepeck,hn_47838508,commented_on_story,1
user_davesque,hn_47167931,commented_on_story,1
user_davesque,hn_47963204,commented_on_story,1
user_daveytea,hn_46985151,commented_on_story,1
user_david_allison,hn_47521799,commented_on_story,1
user_davidbanham,hn_40775127,commented_on_story,1
user_daviddever23box,hn_40387453,commented_on_story,1
user_davidw,hn_47660925,commented_on_story,1
user_daxfohl,hn_47006615,commented_on_story,1
user_dazzaji,hn_44864185,commented_on_story,1
user_dbdoug,hn_47282777,commented_on_story,1
user_dboreham,hn_43739037,commented_on_story,1
user_dboreham,hn_45761979,commented_on_story,1
user_dcre,hn_46089546,commented_on_story,1
user_ddevault,hn_32327711,commented_on_story,1
user_deanjones,hn_33457063,commented_on_story,1
user_debarshri,hn_47762901,commented_on_story,1
user_deep_origins,hn_40456457,commented_on_story,1
user_deepspace,hn_33226515,commented_on_story,1
user_deepsun,hn_47586778,commented_on_story,1
user_deet,hn_36326525,commented_on_story,1
user_deevus,hn_47106686,commented_on_story,1
user_delduca,hn_46985151,commented_on_story,2
user_delegate,hn_43410866,commented_on_story,1
user_delegate,hn_46765120,commented_on_story,1
user_delis-thumbs-7e,hn_47762901,commented_on_story,1
user_delsarto,hn_28131745,commented_on_story,1
user_dennisjoseph,hn_47106686,commented_on_story,1
user_deorder,hn_29016506,commented_on_story,1
user_derac,hn_28191362,commented_on_story,1
user_derkoe,hn_47838508,commented_on_story,1
user_desireco42,hn_47768133,commented_on_story,1
user_deskamess,hn_47597085,commented_on_story,1
user_dev360,hn_48037128,commented_on_story,1
user_dev_l1x_be,hn_46765120,commented_on_story,1
user_devin,hn_48037128,commented_on_story,1
user_devinprater,hn_46765120,commented_on_story,1
user_devnull3,hn_35958304,commented_on_story,1
user_devnullbrain,hn_44302870,commented_on_story,1
user_deweller,hn_47923357,commented_on_story,1
user_dfps,hn_43448432,commented_on_story,1
user_dgreensp,hn_47878905,commented_on_story,1
user_dgunay,hn_43708025,commented_on_story,1
user_dheerajmp,hn_47584540,commented_on_story,1
user_dheerajmp,hn_47597085,commented_on_story,1
user_dhruv3006,hn_47584540,commented_on_story,1
user_diath,hn_47521799,commented_on_story,1
user_diath,hn_47838508,commented_on_story,1
user_didgeoridoo,hn_47660925,commented_on_story,1
user_digdugdirk,hn_35152851,commented_on_story,1
user_digdugdirk,hn_35261065,commented_on_story,1
user_dingliqing53,hn_35152851,commented_on_story,2
user_dinoqqq,hn_43739037,commented_on_story,1
user_disconcision,hn_46420453,commented_on_story,1
user_dismalaf,hn_44940089,commented_on_story,1
user_dispencer,hn_47768133,commented_on_story,1
user_distalx,hn_45320431,commented_on_story,1
user_divbzero,hn_46734302,commented_on_story,1
user_djha-skin,hn_45416228,commented_on_story,1
user_djhope99,hn_47633396,commented_on_story,1
user_dmd,hn_47963204,commented_on_story,1
user_dminik,hn_47963204,commented_on_story,1
user_dmos62,hn_46810282,commented_on_story,1
user_dmurray,hn_28131745,commented_on_story,1
user_dmvaldman,hn_46545620,commented_on_story,1
user_dnw,hn_47633396,commented_on_story,1
user_doctoboggan,hn_35152851,commented_on_story,1
user_dogleash,hn_46978710,commented_on_story,1
user_dogline,hn_47664912,commented_on_story,1
user_dominicrose,hn_44780878,commented_on_story,1
user_dominotw,hn_47664912,commented_on_story,1
user_donatj,hn_46765120,commented_on_story,1
user_doppelgunner,hn_44864185,commented_on_story,1
user_doubleorseven,hn_47664912,commented_on_story,1
user_downrightmike,hn_47077676,commented_on_story,1
user_dpitkevics,hn_47006615,commented_on_story,1
user_dr_dshiv,hn_44302870,commented_on_story,1
user_dragonwriter,hn_44780878,commented_on_story,1
user_drc500free,hn_46810282,commented_on_story,1
user_drdrek,hn_35261065,commented_on_story,1
user_drmajormccheese,hn_48037128,commented_on_story,1
user_droidmaker,hn_47282777,commented_on_story,1
user_drowntoge,hn_46765460,commented_on_story,1
user_drusepth,hn_35261065,commented_on_story,1
user_dubeye,hn_45320431,commented_on_story,1
user_dubeye,hn_47762901,commented_on_story,1
user_dukeofdoom,hn_43815033,commented_on_story,1
user_dunk010,hn_46734302,commented_on_story,1
user_durch,hn_46734302,commented_on_story,1
user_duttish,hn_47106686,commented_on_story,1
user_dv_dt,hn_46765460,commented_on_story,1
user_dvt,hn_36495680,commented_on_story,1
user_dweinus,hn_39168105,commented_on_story,1
user_e-brake,hn_44864185,commented_on_story,1
user_eamag,hn_42963279,commented_on_story,1
user_ear7h,hn_46420453,commented_on_story,1
user_easrng,hn_31211280,commented_on_story,1
user_ecshafer,hn_46765460,commented_on_story,1
user_edg5000,hn_46734302,commented_on_story,1
user_edzitron,hn_47923357,commented_on_story,1
user_efitz,hn_44811567,commented_on_story,1
user_efortis,hn_46094221,commented_on_story,1
user_egallis,hn_45204768,commented_on_story,1
user_eibrahim,hn_47167931,commented_on_story,1
user_einpoklum,hn_43815033,commented_on_story,1
user_eisa01,hn_45163362,commented_on_story,1
user_ekropotin,hn_46227422,commented_on_story,1
user_elcapitan,hn_42453341,commented_on_story,1
user_elcomet,hn_33457063,commented_on_story,1
user_elemcontrib,hn_44191815,commented_on_story,1
user_elif,hn_44811567,commented_on_story,1
user_elil17,hn_35261065,commented_on_story,1
user_elzbardico,hn_46978710,commented_on_story,1
user_empath75,hn_46542036,commented_on_story,1
user_emsign,hn_46545620,commented_on_story,1
user_encyclopedism,hn_46227422,commented_on_story,1
user_enjoytheview,hn_45165897,commented_on_story,1
user_enono,hn_35152851,commented_on_story,1
user_enriquto,hn_27687450,commented_on_story,1
user_enriquto,hn_33226515,commented_on_story,1
user_epiccoleman,hn_44864185,commented_on_story,1
user_epictwow,hn_43163011,commented_on_story,1
user_epistasis,hn_43163011,commented_on_story,1
user_epolanski,hn_40919253,commented_on_story,1
user_eranation,hn_47768133,commented_on_story,1
user_erans,hn_45663045,commented_on_story,1
user_erdaniels,hn_35261065,commented_on_story,1
user_erelong,hn_47762901,commented_on_story,1
user_ericdallo,hn_44811567,commented_on_story,1
user_ernst_klim,hn_47597085,commented_on_story,1
user_erulabs,hn_43988315,commented_on_story,1
user_escapedmoose,hn_44966856,commented_on_story,1
user_esfandia,hn_31825742,commented_on_story,1
user_esjeon,hn_27697884,commented_on_story,1
user_esjeon,hn_29016506,commented_on_story,1
user_est,hn_43708025,commented_on_story,1
user_estsauver,hn_43163011,commented_on_story,1
user_eterevsky,hn_33226515,commented_on_story,1
user_etothepii,hn_28126015,commented_on_story,1
user_etothet,hn_47521799,commented_on_story,1
user_etothet,hn_48037128,commented_on_story,1
user_eulers_secret,hn_44811567,commented_on_story,1
user_euphetar,hn_47597085,commented_on_story,1
user_eventmapx,hn_47282777,commented_on_story,1
user_everdrive,hn_47878905,commented_on_story,1
user_everfrustrated,hn_47838508,commented_on_story,1
user_everfrustrated,hn_47923357,commented_on_story,1
user_ex-aws-dude,hn_47660925,commented_on_story,1
user_exabrial,hn_47878905,commented_on_story,1
user_exclipy,hn_44780878,commented_on_story,1
user_exiguus,hn_43988315,commented_on_story,1
user_exitb,hn_46593022,commented_on_story,1
user_ezoe,hn_27697884,commented_on_story,1
user_ezyang,hn_43410866,commented_on_story,1
user_f0e4c2f7,hn_28131745,commented_on_story,1
user_fabiospampinato,hn_27676266,commented_on_story,1
user_fakedang,hn_47762901,commented_on_story,1
user_falcor84,hn_46734302,commented_on_story,1
user_falloutx,hn_46593022,commented_on_story,1
user_fatcullen,hn_47584540,commented_on_story,1
user_fatcullen,hn_47586778,commented_on_story,1
user_fatherzine,hn_35657982,commented_on_story,1
user_fcap,hn_43754620,commented_on_story,1
user_felineflock,hn_44864185,commented_on_story,1
user_felixding,hn_46420453,commented_on_story,1
user_felixrieseberg,hn_46593022,commented_on_story,1
user_fencepost,hn_33226515,commented_on_story,1
user_fer,hn_47660925,commented_on_story,1
user_fho,hn_45163362,commented_on_story,1
user_fhub,hn_47167931,commented_on_story,1
user_figmert,hn_47633396,commented_on_story,1
user_fireant,hn_33226515,commented_on_story,1
user_firloop,hn_47633396,commented_on_story,1
user_flakiness,hn_43708025,commented_on_story,2
user_flashgordon,hn_43988315,commented_on_story,1
user_floppyd,hn_46545620,commented_on_story,1
user_flyingzucchini,hn_46593022,commented_on_story,1
user_foob,hn_47584540,commented_on_story,1
user_fooker,hn_47167931,commented_on_story,1
user_foooobaba,hn_33457063,commented_on_story,2
user_foota,hn_33226515,commented_on_story,1
user_foota,hn_47878905,commented_on_story,1
user_forgotTheLast,hn_43739037,commented_on_story,1
user_forty,hn_42453341,commented_on_story,1
user_forty,hn_46593022,commented_on_story,1
user_fouc,hn_27697884,commented_on_story,1
user_fourthark,hn_45163362,commented_on_story,1
user_foxbee,hn_36495680,commented_on_story,1
user_foxfired,hn_44966856,commented_on_story,1
user_framecowbird,hn_29016506,commented_on_story,1
user_freakynit,hn_47762901,commented_on_story,1
user_fred_is_fred,hn_47664912,commented_on_story,1
user_freddealmeida,hn_43739037,commented_on_story,1
user_freediver,hn_43163011,commented_on_story,1
user_freedomben,hn_31825742,commented_on_story,1
user_freedomben,hn_39168105,commented_on_story,1
user_frereubu,hn_43739037,commented_on_story,1
user_fullstackchris,hn_35921375,commented_on_story,1
user_funnyfoobar,hn_35470915,commented_on_story,1
user_furyofantares,hn_46542036,commented_on_story,1
user_fvold,hn_44031432,commented_on_story,1
user_fwip,hn_46542036,commented_on_story,1
user_fwlr,hn_35261065,commented_on_story,1
user_fwlr,hn_35921375,commented_on_story,1
user_fzaninotto,hn_27676266,commented_on_story,1
user_fzeroracer,hn_44966856,commented_on_story,1
user_g-mork,hn_46978710,commented_on_story,1
user_g-mork,hn_47633396,commented_on_story,1
user_g42gregory,hn_35574501,commented_on_story,1
user_g42gregory,hn_44864185,commented_on_story,1
user_g4cg54g54,hn_47963204,commented_on_story,1
user_gabriela_c,hn_48037128,commented_on_story,1
user_galaxyLogic,hn_47586778,commented_on_story,1
user_gamescr,hn_43815033,commented_on_story,1
user_gangster_dave,hn_46707409,commented_on_story,2
user_gary17the,hn_47106686,commented_on_story,1
user_gaut,hn_36326525,commented_on_story,1
user_gdudeman,hn_45416228,commented_on_story,1
user_gedy,hn_47077676,commented_on_story,1
user_geldedus,hn_46227422,commented_on_story,1
user_general1465,hn_46985151,commented_on_story,1
user_geoffbp,hn_47586778,commented_on_story,1
user_geomcentral,hn_47923357,commented_on_story,1
user_geor9e,hn_43739037,commented_on_story,1
user_geor9e,hn_43815033,commented_on_story,1
user_germandiago,hn_47660925,commented_on_story,1
user_gersh,hn_43815033,commented_on_story,1
user_ghm2180,hn_46089546,commented_on_story,1
user_ghoward,hn_29016506,commented_on_story,1
user_giancarlostoro,hn_47167931,commented_on_story,1
user_giancarlostoro,hn_47923357,commented_on_story,1
user_gilrain,hn_47878905,commented_on_story,1
user_girvo,hn_47586778,commented_on_story,1
user_gizmodo59,hn_43708025,commented_on_story,1
user_gklitt,hn_43708025,commented_on_story,1
user_gkoberger,hn_35921375,commented_on_story,1
user_globular-toast,hn_44742251,commented_on_story,1
user_globular-toast,hn_45163362,commented_on_story,1
user_gloosx,hn_42453341,commented_on_story,1
user_glouwbug,hn_31825742,commented_on_story,1
user_gnabgib,hn_39168105,commented_on_story,1
user_godzillabrennus,hn_39168105,commented_on_story,1
user_goldenarm,hn_46810282,commented_on_story,1
user_goodpoint,hn_27687450,commented_on_story,1
user_goodpoint,hn_35657982,commented_on_story,1
user_gooseus,hn_43448432,commented_on_story,1
user_gos9,hn_47633396,commented_on_story,1
user_gotwaz,hn_47538125,commented_on_story,1
user_gplthrowaway88,hn_35657982,commented_on_story,1
user_greatgib,hn_47521799,commented_on_story,1
user_greatpostman,hn_43815033,commented_on_story,1
user_gregjor,hn_46094221,commented_on_story,1
user_grepfru_it,hn_32327711,commented_on_story,1
user_grey-area,hn_47923357,commented_on_story,1
user_grim_io,hn_44742251,commented_on_story,1
user_grim_io,hn_45165897,commented_on_story,1
user_grudg3,hn_35470915,commented_on_story,1
user_guestbest,hn_44031432,commented_on_story,1
user_gyoridavid,hn_47923357,commented_on_story,1
user_gzer0,hn_35261065,commented_on_story,1
user_h4ch1,hn_44940089,commented_on_story,1
user_haburka,hn_35921375,commented_on_story,1
user_hakunin,hn_47923357,commented_on_story,1
user_hankchinaski,hn_43163011,commented_on_story,1
user_hansmayer,hn_47878905,commented_on_story,1
user_haolez,hn_47106686,commented_on_story,1
user_happytiger,hn_39168105,commented_on_story,1
user_harvey9,hn_45722635,commented_on_story,1
user_haukem,hn_47768133,commented_on_story,1
user_havaloc,hn_39168105,commented_on_story,1
user_hazrmard,hn_46545620,commented_on_story,1
user_hddqsb,hn_35470915,commented_on_story,1
user_helloplanets,hn_45320431,commented_on_story,1
user_henning,hn_43815033,commented_on_story,1
user_henning,hn_46985151,commented_on_story,1
user_herpderperator,hn_33457063,commented_on_story,1
user_herrington_d,hn_44780878,commented_on_story,1
user_heurisko,hn_27697884,commented_on_story,1
user_hgs3,hn_35657982,commented_on_story,1
user_hgs3,hn_46765460,commented_on_story,1
user_hi_hi,hn_47167931,commented_on_story,1
user_hibikir,hn_47664912,commented_on_story,1
user_hintymad,hn_47664912,commented_on_story,1
user_hirako2000,hn_46978710,commented_on_story,1
user_hirebackenddev,hn_32577624,commented_on_story,1
user_hit8run,hn_27676266,commented_on_story,1
user_hk__2,hn_47584540,commented_on_story,1
user_hliyan,hn_35921375,commented_on_story,1
user_hmate9,hn_47521799,commented_on_story,1
user_hmottestad,hn_44177525,commented_on_story,1
user_hn_throwaway_99,hn_40919253,commented_on_story,1
user_hnarn,hn_27676266,commented_on_story,1
user_hokkos,hn_47838508,commented_on_story,1
user_holg,hn_47032993,commented_on_story,1
user_holliplex,hn_39168105,commented_on_story,1
user_holografix,hn_47768133,commented_on_story,1
user_horns4lyfe,hn_44811567,commented_on_story,1
user_hoten,hn_47521799,commented_on_story,1
user_howToTestFE,hn_45320431,commented_on_story,1
user_hu3,hn_33457063,commented_on_story,1
user_hu3,hn_35261065,commented_on_story,1
user_hubraumhugo,hn_43163011,commented_on_story,1
user_huksley,hn_47878905,commented_on_story,1
user_huqedato,hn_42453341,commented_on_story,1
user_hx8,hn_47838508,commented_on_story,1
user_hypfer,hn_46593022,commented_on_story,1
user_iLoveOncall,hn_36495680,commented_on_story,1
user_iamleppert,hn_46978710,commented_on_story,1
user_iamsaitam,hn_45165897,commented_on_story,1
user_ianbutler,hn_32327711,commented_on_story,1
user_ianbutler,hn_33226515,commented_on_story,1
user_ianhawes,hn_43163011,commented_on_story,1
user_icyfox,hn_45320431,commented_on_story,1
user_idan,hn_31405976,commented_on_story,1
user_ilikehurdles,hn_31825742,commented_on_story,1
user_ilovetux,hn_47077676,commented_on_story,1
user_imiric,hn_44742251,commented_on_story,1
user_incomingpain,hn_45761979,commented_on_story,1
user_inimino,hn_27676266,commented_on_story,1
user_insane_dreamer,hn_43988315,commented_on_story,1
user_insane_dreamer,hn_44302870,commented_on_story,1
user_insane_dreamer,hn_46089546,commented_on_story,1
user_interpol_p,hn_44864185,commented_on_story,1
user_interstice,hn_44966856,commented_on_story,1
user_inventor7777,hn_48037128,commented_on_story,1
user_ionicabizau,hn_46420453,commented_on_story,1
user_ipnon,hn_29016506,commented_on_story,1
user_isoprophlex,hn_46985151,commented_on_story,1
user_itsjustjordan,hn_46985151,commented_on_story,1
user_itunpredictable,hn_47167931,commented_on_story,1
user_iwintermute,hn_27676266,commented_on_story,1
user_iworshipfaangs2,hn_33457063,commented_on_story,1
user_j-bos,hn_44675557,commented_on_story,1
user_j1elo,hn_45416228,commented_on_story,1
user_j4coh,hn_46765120,commented_on_story,1
user_jFriedensreich,hn_44042070,commented_on_story,1
user_j_maffe,hn_43163011,commented_on_story,1
user_jabl,hn_45163362,commented_on_story,1
user_jackchina,hn_43708025,commented_on_story,1
user_jacob019,hn_46545620,commented_on_story,1
user_jacobsenscott,hn_35152851,commented_on_story,1
user_jacobsenscott,hn_35921375,commented_on_story,1
user_jacooper,hn_35261065,commented_on_story,1
user_jagged-chisel,hn_44031432,commented_on_story,1
user_jamalawd,hn_47597085,commented_on_story,1
user_jamescontrol,hn_47963204,commented_on_story,1
user_jameshart,hn_35921375,commented_on_story,1
user_jameslk,hn_46593022,commented_on_story,1
user_jamesmunns,hn_35657982,commented_on_story,1
user_jameson,hn_47664912,commented_on_story,1
user_jamesy0ung,hn_43708025,commented_on_story,1
user_jampa,hn_46810282,commented_on_story,1
user_janice1999,hn_46707409,commented_on_story,1
user_jannniii,hn_47963204,commented_on_story,1
user_janpot,hn_27697884,commented_on_story,1
user_jareds,hn_47923357,commented_on_story,1
user_jarek83,hn_45416228,commented_on_story,1
user_jascha_eng,hn_46978710,commented_on_story,1
user_jasfi,hn_31405976,commented_on_story,1
user_jasonjmcghee,hn_43410866,commented_on_story,1
user_jatins,hn_47597085,commented_on_story,1
user_javidlakha,hn_36326525,commented_on_story,1
user_jawns,hn_43815033,commented_on_story,1
user_jbdamask,hn_47597085,commented_on_story,1
user_jbellis,hn_44780878,commented_on_story,1
user_jcgrillo,hn_48037128,commented_on_story,1
user_jchw,hn_35261065,commented_on_story,1
user_jdeng,hn_46593022,commented_on_story,1
user_jdlshore,hn_47077676,commented_on_story,1
user_jdlyga,hn_46765460,commented_on_story,1
user_jdownie01,hn_37065734,commented_on_story,1
user_jedberg,hn_43163011,commented_on_story,1
user_jedisct1,hn_47584540,commented_on_story,1
user_jedisct1,hn_47597085,commented_on_story,1
user_jeffhwang,hn_33457063,commented_on_story,1
user_jefflub,hn_40456457,commented_on_story,1
user_jeffrallen,hn_47006615,commented_on_story,1
user_jeffreyrogers,hn_35921375,commented_on_story,1
user_jen20,hn_33226515,commented_on_story,1
user_jen729w,hn_47597085,commented_on_story,1
user_jerpint,hn_44031432,commented_on_story,1
user_jesse_dot_id,hn_47633396,commented_on_story,1
user_jezzamon,hn_44302870,commented_on_story,1
user_jfengel,hn_43448432,commented_on_story,1
user_jfletch321,hn_46593022,commented_on_story,1
user_jfvinueza,hn_47660925,commented_on_story,1
user_jgalt212,hn_28126015,commented_on_story,1
user_jillesvangurp,hn_45163362,commented_on_story,1
user_jillesvangurp,hn_47762901,commented_on_story,1
user_jimmydoe,hn_42675725,commented_on_story,1
user_jjcm,hn_44780878,commented_on_story,1
user_jjuliano,hn_47838508,commented_on_story,1
user_jkelleyrtp,hn_29016506,commented_on_story,1
user_jmhammond,hn_47521799,commented_on_story,1
user_jmportilla,hn_28131745,commented_on_story,1
user_jms55,hn_27676266,commented_on_story,1
user_jmull,hn_47167931,commented_on_story,1
user_jmward01,hn_45416228,commented_on_story,1
user_jmward01,hn_47963204,commented_on_story,1
user_jmyeet,hn_47664912,commented_on_story,1
user_jnd0,hn_46977210,commented_on_story,1
user_joaquincabezas,hn_42239323,commented_on_story,1
user_jocoda,hn_43448432,commented_on_story,1
user_joelthelion,hn_44031432,commented_on_story,1
user_johannesf,hn_45722635,commented_on_story,1
user_johnea,hn_43988315,commented_on_story,1
user_johnfn,hn_44966856,commented_on_story,1
user_johnfn,hn_47664912,commented_on_story,1
user_johnsmith1840,hn_46545620,commented_on_story,1
user_jokoon,hn_43739037,commented_on_story,1
user_jondwillis,hn_37238648,commented_on_story,1
user_jongjong,hn_44780878,commented_on_story,1
user_jongjong,hn_44966856,commented_on_story,1
user_jongjong,hn_45320431,commented_on_story,1
user_jonnycomputer,hn_35657982,commented_on_story,1
user_jonstewart,hn_35264725,commented_on_story,1
user_jordemort,hn_27687450,commented_on_story,1
user_josebalius,hn_29016506,commented_on_story,1
user_joshmlewis,hn_46545620,commented_on_story,1
user_joshstrange,hn_27697884,commented_on_story,1
user_joshstrange,hn_47768133,commented_on_story,1
user_joxel,hn_33226515,commented_on_story,1
user_jozvolskyef,hn_27697884,commented_on_story,1
user_jpcompartir,hn_47878905,commented_on_story,1
user_jpmonette,hn_43754620,commented_on_story,1
user_jqpabc123,hn_38840952,commented_on_story,1
user_jqpabc123,hn_43068027,commented_on_story,1
user_jrflo,hn_47963204,commented_on_story,1
user_jrflowers,hn_44864185,commented_on_story,1
user_jrm4,hn_32327711,commented_on_story,1
user_jrm4,hn_47664912,commented_on_story,1
user_jrnichols,hn_47282777,commented_on_story,1
user_jrockway,hn_35657982,commented_on_story,1
user_jrowen,hn_46227422,commented_on_story,1
user_jruz,hn_47660925,commented_on_story,1
user_jryio,hn_46593022,commented_on_story,1
user_js2,hn_44864185,commented_on_story,1
user_jslakro,hn_35470915,commented_on_story,1
user_jslakro,hn_42675725,commented_on_story,1
user_jsmith99,hn_44675557,commented_on_story,1
user_juancn,hn_44966856,commented_on_story,1
user_jumploops,hn_43163011,commented_on_story,1
user_jumploops,hn_43708025,commented_on_story,1
user_jusonchan81,hn_42453341,commented_on_story,1
user_jwpapi,hn_31825742,commented_on_story,1
user_jwpapi,hn_48037128,commented_on_story,1
user_jwr,hn_46978710,commented_on_story,1
user_jwr,hn_47660925,commented_on_story,1
user_jwrallie,hn_43708025,commented_on_story,1
user_jxjnskkzxxhx,hn_43448432,commented_on_story,1
user_k__,hn_27697884,commented_on_story,1
user_kachapopopow,hn_47006615,commented_on_story,1
user_kamranjon,hn_47878905,commented_on_story,1
user_kandros,hn_47963204,commented_on_story,1
user_kanemcgrath,hn_47923357,commented_on_story,1
user_kanyethegreat,hn_35152851,commented_on_story,1
user_karaterobot,hn_33457063,commented_on_story,1
user_karimf,hn_47584540,commented_on_story,1
user_karlpoppery,hn_47633396,commented_on_story,1
user_karsinkk,hn_47878905,commented_on_story,1
user_kator,hn_47660925,commented_on_story,2
user_kaydub,hn_46765460,commented_on_story,1
user_kazinator,hn_44742251,commented_on_story,1
user_kazinator,hn_47282777,commented_on_story,1
user_kcexn,hn_46765460,commented_on_story,1
user_keeda,hn_47077676,commented_on_story,1
user_keeda,hn_48037128,commented_on_story,1
user_keewee7,hn_28126015,commented_on_story,1
user_kelnos,hn_48037128,commented_on_story,1
user_ken47,hn_43739037,commented_on_story,1
user_kevcampb,hn_47521799,commented_on_story,1
user_kevincox,hn_32577624,commented_on_story,1
user_keyle,hn_32577624,commented_on_story,1
user_keyle,hn_46420453,commented_on_story,1
user_keysersoze33,hn_47762901,commented_on_story,1
user_kgeist,hn_45320431,commented_on_story,1
user_kgthegreat,hn_46420453,commented_on_story,2
user_kh_hk,hn_47633396,commented_on_story,1
user_kiernanmcgowan,hn_47077676,commented_on_story,1
user_kingkongjaffa,hn_46420453,commented_on_story,1
user_kinj28,hn_46227422,commented_on_story,1
user_kip_,hn_45416228,commented_on_story,1
user_kissgyorgy,hn_46978710,commented_on_story,1
user_kittikitti,hn_46810282,commented_on_story,1
user_kkarpkkarp,hn_46227422,commented_on_story,1
user_kklisura,hn_27687450,commented_on_story,1
user_kmlx,hn_43163011,commented_on_story,1
user_koevet,hn_47106686,commented_on_story,1
user_kommunicate,hn_48037128,commented_on_story,1
user_kookamamie,hn_44031432,commented_on_story,1
user_koonsolo,hn_27687450,commented_on_story,2
user_krackers,hn_44302870,commented_on_story,1
user_krapp,hn_42963279,commented_on_story,1
user_kriro,hn_36326525,commented_on_story,1
user_kristianp,hn_43708025,commented_on_story,1
user_kristianp,hn_46542036,commented_on_story,1
user_kristopolous,hn_43815033,commented_on_story,1
user_kristopolous,hn_46542036,commented_on_story,1
user_krm01,hn_46593022,commented_on_story,1
user_krrishd,hn_44966856,commented_on_story,1
user_krzyzanowskim,hn_47584540,commented_on_story,1
user_kschiffer,hn_47584540,commented_on_story,1
user_ktallett,hn_46765120,commented_on_story,1
user_kumarm,hn_43708025,commented_on_story,1
user_kvonhorn,hn_39168105,commented_on_story,1
user_kwantaz,hn_42453341,commented_on_story,1
user_kypro,hn_35261065,commented_on_story,1
user_l0gr1thm1k,hn_40456457,commented_on_story,1
user_lancesells,hn_31825742,commented_on_story,1
user_larwent,hn_42675725,commented_on_story,1
user_layer8,hn_47586778,commented_on_story,1
user_lazystar,hn_47006615,commented_on_story,1
user_leadfootdrums,hn_47106686,commented_on_story,1
user_lee101,hn_32327711,commented_on_story,1
user_leereeves,hn_28191362,commented_on_story,1
user_leesec,hn_28131745,commented_on_story,1
user_legrande,hn_34595503,commented_on_story,1
user_leke,hn_42675725,commented_on_story,2
user_lemonez,hn_45204768,commented_on_story,1
user_lenerdenator,hn_48037128,commented_on_story,1
user_lennoff,hn_27697884,commented_on_story,1
user_leobg,hn_35921375,commented_on_story,1
user_leobuskin,hn_47878905,commented_on_story,1
user_leotaku,hn_27676266,commented_on_story,1
user_levocardia,hn_44940089,commented_on_story,1
user_lewdwig,hn_45165897,commented_on_story,1
user_lfkdev,hn_35470915,commented_on_story,1
user_lherron,hn_47768133,commented_on_story,1
user_lherron,hn_47878905,commented_on_story,1
user_liampulles,hn_45320431,commented_on_story,2
user_libraryofbabel,hn_46545620,commented_on_story,1
user_liendolucas,hn_43448432,commented_on_story,1
user_liendolucas,hn_45320431,commented_on_story,1
user_light_hue_1,hn_36495680,commented_on_story,1
user_linkage,hn_44780878,commented_on_story,1
user_linsomniac,hn_39168105,commented_on_story,1
user_linsomniac,hn_43815033,commented_on_story,2
user_linsys,hn_47530870,commented_on_story,1
user_linuxftw,hn_46765120,commented_on_story,1
user_linuxhansl,hn_48037128,commented_on_story,1
user_lionkor,hn_29016506,commented_on_story,1
user_lionkor,hn_46978710,commented_on_story,1
user_liquid_thyme,hn_47521799,commented_on_story,1
user_literallyroy,hn_47838508,commented_on_story,1
user_llmslave2,hn_46534402,commented_on_story,1
user_lmeyerov,hn_46545620,commented_on_story,1
user_lmm,hn_44742251,commented_on_story,1
user_lobocinza,hn_27697884,commented_on_story,1
user_lobocinza,hn_39168105,commented_on_story,1
user_loceng,hn_40919253,commented_on_story,1
user_locusofself,hn_46978710,commented_on_story,1
user_loeg,hn_46545620,commented_on_story,1
user_lofaszvanitt,hn_44031432,commented_on_story,1
user_longrod,hn_31825742,commented_on_story,1
user_lossolo,hn_46593022,commented_on_story,1
user_lovasoa,hn_35261065,commented_on_story,1
user_loveparade,hn_47633396,commented_on_story,1
user_low_tech_punk,hn_32327711,commented_on_story,1
user_lsh123,hn_31825742,commented_on_story,1
user_lubujackson,hn_43988315,commented_on_story,1
user_lucideng,hn_46542036,commented_on_story,1
user_lukan,hn_47584540,commented_on_story,1
user_lukaslalinsky,hn_45163362,commented_on_story,1
user_lukebechtel,hn_47878905,commented_on_story,1
user_lukev,hn_44780878,commented_on_story,1
user_lumax15,hn_35152851,commented_on_story,5
user_lumb63,hn_40919253,commented_on_story,1
user_lveillard,hn_31825742,commented_on_story,1
user_m-hodges,hn_46420453,commented_on_story,1
user_m-hodges,hn_46545620,commented_on_story,1
user_m_ke,hn_35261065,commented_on_story,1
user_macinjosh,hn_46810282,commented_on_story,1
user_mad_vill,hn_36495680,commented_on_story,1
user_magicalhippo,hn_46985151,commented_on_story,1
user_mannanj,hn_46810282,commented_on_story,1
user_maplethorpe,hn_47006615,commented_on_story,1
user_marckrn,hn_45416228,commented_on_story,1
user_marcodiego,hn_27676266,commented_on_story,1
user_marginalia_nu,hn_46765120,commented_on_story,1
user_mariopt,hn_47633396,commented_on_story,1
user_mark_l_watson,hn_28131745,commented_on_story,1
user_mark_mcnally_je,hn_43708025,commented_on_story,1
user_marstall,hn_28131745,commented_on_story,1
user_martin-t,hn_46734302,commented_on_story,1
user_marvinvonhagen,hn_35921375,commented_on_story,1
user_masukomi,hn_35657982,commented_on_story,1
user_matheus-rr,hn_47006615,commented_on_story,1
user_matheusmoreira,hn_47660925,commented_on_story,1
user_mathgladiator,hn_47006615,commented_on_story,1
user_mattdesl,hn_27687450,commented_on_story,1
user_matthewmacleod,hn_27697884,commented_on_story,1
user_matthieu_bl,hn_47768133,commented_on_story,1
user_maurits,hn_46765460,commented_on_story,1
user_maxbaines,hn_46542036,commented_on_story,1
user_maxbond,hn_47963204,commented_on_story,1
user_maxdo,hn_47167931,commented_on_story,1
user_maxloh,hn_32327711,commented_on_story,1
user_maxwellg,hn_44042070,commented_on_story,1
user_maxwells-daemon,hn_28131745,commented_on_story,1
user_mcast,hn_47963204,commented_on_story,1
user_mcbuilder,hn_43708025,commented_on_story,1
user_mcintyre1994,hn_27697884,commented_on_story,1
user_mcluck,hn_31825742,commented_on_story,1
user_mdaniel,hn_33226515,commented_on_story,1
user_mdaniel,hn_38710600,commented_on_story,1
user_mdasen,hn_44864185,commented_on_story,1
user_mdellavo,hn_27676266,commented_on_story,1
user_meander_water,hn_45163362,commented_on_story,1
user_mediaman,hn_46734302,commented_on_story,1
user_meebee,hn_47282777,commented_on_story,1
user_meetpateltech,hn_43163011,commented_on_story,1
user_megaloblasto,hn_44811567,commented_on_story,1
user_mellosouls,hn_42239323,commented_on_story,1
user_mellosouls,hn_47768133,commented_on_story,1
user_mensetmanusman,hn_28131745,commented_on_story,1
user_mentalgear,hn_43448432,commented_on_story,1
user_mentalgear,hn_47521799,commented_on_story,1
user_mercurialsolo,hn_47768133,commented_on_story,1
user_merizian,hn_43815033,commented_on_story,1
user_mesmertech,hn_47584540,commented_on_story,1
user_meta-level,hn_47584540,commented_on_story,1
user_mettamage,hn_46765460,commented_on_story,1
user_mewse,hn_29016506,commented_on_story,1
user_mgaunard,hn_32327711,commented_on_story,1
user_mgdev,hn_43708025,commented_on_story,1
user_mgraczyk,hn_46089546,commented_on_story,1
user_mhandley,hn_35657982,commented_on_story,1
user_micromacrofoot,hn_44042070,commented_on_story,1
user_midtake,hn_46985151,commented_on_story,1
user_mihaifm,hn_27676266,commented_on_story,1
user_mikebiglan,hn_45168846,commented_on_story,1
user_mikece,hn_44811567,commented_on_story,1
user_miketery,hn_32327711,commented_on_story,1
user_miki123211,hn_45163362,commented_on_story,1
user_miki123211,hn_46545620,commented_on_story,1
user_mikkelam,hn_35261065,commented_on_story,1
user_mil22,hn_47584540,commented_on_story,1
user_millgrove,hn_42857231,commented_on_story,1
user_miming99,hn_43894886,commented_on_story,1
user_mindcrime,hn_42675725,commented_on_story,1
user_minimaltom,hn_47584540,commented_on_story,1
user_minimaxir,hn_27676266,commented_on_story,1
user_minimaxir,hn_43448432,commented_on_story,1
user_minimaxir,hn_43815033,commented_on_story,1
user_minimaxir,hn_46542036,commented_on_story,1
user_minimaxir,hn_47768133,commented_on_story,1
user_mintflow,hn_45163362,commented_on_story,1
user_miroljub,hn_47923357,commented_on_story,1
user_mirzap,hn_46545620,commented_on_story,1
user_misja111,hn_44780878,commented_on_story,1
user_mistercheph,hn_42453341,commented_on_story,1
user_mjr00,hn_33226515,commented_on_story,1
user_mjrpes,hn_42675725,commented_on_story,1
user_mkagenius,hn_44675557,commented_on_story,1
user_mkaic,hn_28152743,commented_on_story,1
user_mkl,hn_45722635,commented_on_story,1
user_mlepath,hn_42675725,commented_on_story,1
user_mlhpdx,hn_44940089,commented_on_story,1
user_mmoskal,hn_42239323,commented_on_story,1
user_mnls,hn_47762901,commented_on_story,1
user_mns,hn_44742251,commented_on_story,1
user_modeless,hn_43163011,commented_on_story,1
user_mohsen1,hn_45416228,commented_on_story,1
user_mohsen1,hn_46734302,commented_on_story,1
user_mohsen1,hn_47584540,commented_on_story,1
user_moi2388,hn_44031432,commented_on_story,1
user_monerozcash,hn_46420453,commented_on_story,1
user_monkeydust,hn_28191362,commented_on_story,1
user_monocasa,hn_27687450,commented_on_story,1
user_moolcool,hn_44940089,commented_on_story,1
user_moomoo11,hn_45416228,commented_on_story,1
user_moonchrome,hn_35470915,commented_on_story,1
user_mooreds,hn_29016506,commented_on_story,1
user_moralestapia,hn_47077676,commented_on_story,1
user_mossTechnician,hn_42453341,commented_on_story,1
user_motbus3,hn_43815033,commented_on_story,1
user_mr_mitm,hn_43448432,commented_on_story,1
user_mrandish,hn_46810282,commented_on_story,1
user_mrdosija,hn_46227422,commented_on_story,1
user_mritchie712,hn_36326525,commented_on_story,1
user_mritchie712,hn_45722635,commented_on_story,1
user_mrosett,hn_27687450,commented_on_story,1
user_mrosoff,hn_46707409,commented_on_story,1
user_mrtksn,hn_43193018,commented_on_story,1
user_mrtksn,hn_43815033,commented_on_story,1
user_mrweasel,hn_39168105,commented_on_story,1
user_mshanu,hn_44811567,commented_on_story,1
user_mska,hn_35470915,commented_on_story,1
user_msoad,hn_31825742,commented_on_story,1
user_msp26,hn_46734302,commented_on_story,1
user_mtkd,hn_35657982,commented_on_story,1
user_mtnGoat,hn_27687450,commented_on_story,1
user_mtrifonov,hn_47597085,commented_on_story,1
user_muglug,hn_44031432,commented_on_story,1
user_mullingitover,hn_43988315,commented_on_story,1
user_munificent,hn_40919253,commented_on_story,1
user_musicale,hn_43448432,commented_on_story,1
user_muzster,hn_28191362,commented_on_story,1
user_mvdtnz,hn_39168105,commented_on_story,1
user_mvdtnz,hn_40919253,commented_on_story,1
user_mvkel,hn_47106686,commented_on_story,1
user_my002,hn_47923357,commented_on_story,1
user_myin,hn_35470915,commented_on_story,1
user_mytailorisrich,hn_47077676,commented_on_story,1
user_mzajc,hn_47586778,commented_on_story,1
user_nachocoll,hn_47167931,commented_on_story,1
user_naet,hn_35921375,commented_on_story,1
user_naikrovek,hn_27687450,commented_on_story,1
user_naikrovek,hn_35657982,commented_on_story,1
user_naillo,hn_33457063,commented_on_story,1
user_naillo,hn_35261065,commented_on_story,1
user_naiv,hn_45044095,commented_on_story,1
user_nancyp,hn_40919253,commented_on_story,1
user_nashashmi,hn_40919253,commented_on_story,1
user_nasretdinov,hn_47077676,commented_on_story,1
user_natfriedman,hn_27676266,commented_on_story,1
user_nathan_f77,hn_45320431,commented_on_story,1
user_nathan_phoenix,hn_28191362,commented_on_story,1
user_nathancahill,hn_35470915,commented_on_story,1
user_navanchauhan,hn_45416228,commented_on_story,1
user_naveen99,hn_28191362,commented_on_story,1
user_nbittich,hn_43988315,commented_on_story,1
user_nbzso,hn_42675725,commented_on_story,1
user_ncr100,hn_47521799,commented_on_story,1
user_ncruces,hn_46765460,commented_on_story,1
user_ndepoel,hn_43739037,commented_on_story,1
user_neilv,hn_29016506,commented_on_story,1
user_neilv,hn_43988315,commented_on_story,1
user_neilv,hn_44302870,commented_on_story,1
user_nemofoo,hn_43410866,commented_on_story,1
user_neonate,hn_43988315,commented_on_story,1
user_nesk_,hn_44742251,commented_on_story,1
user_net01,hn_44031432,commented_on_story,1
user_netcyrax,hn_29016506,commented_on_story,1
user_netdur,hn_47768133,commented_on_story,1
user_netule,hn_47923357,commented_on_story,1
user_neumann,hn_45416228,commented_on_story,1
user_neural_thing,hn_43739037,commented_on_story,1
user_neutronicus,hn_44811567,commented_on_story,1
user_never_inline,hn_43815033,commented_on_story,1
user_neya,hn_45320431,commented_on_story,1
user_nfw2,hn_47633396,commented_on_story,1
user_nicetryguy,hn_47167931,commented_on_story,1
user_nicholasreed,hn_16684276,commented_on_story,1
user_nickdothutton,hn_47878905,commented_on_story,1
user_nickjj,hn_47923357,commented_on_story,1
user_nickjohnsteblay,hn_47282777,commented_on_story,1
user_nickserv,hn_45320431,commented_on_story,1
user_nicoburns,hn_46765120,commented_on_story,1
user_nikaspran,hn_35152851,commented_on_story,1
user_nikeee,hn_31825742,commented_on_story,1
user_nikkwong,hn_42675725,commented_on_story,1
user_nikolay,hn_47106686,commented_on_story,1
user_nindalf,hn_46420453,commented_on_story,1
user_ninjaa,hn_35152851,commented_on_story,1
user_nithinbekal,hn_46420453,commented_on_story,1
user_nivenclay,hn_43739037,commented_on_story,1
user_nixpulvis,hn_35261065,commented_on_story,1
user_nkko,hn_35152851,commented_on_story,1
user_nkmnz,hn_47006615,commented_on_story,1
user_nl,hn_32577624,commented_on_story,1
user_nl,hn_47633396,commented_on_story,1
user_nmstoker,hn_35470915,commented_on_story,1
user_nodja,hn_44031432,commented_on_story,1
user_noduerme,hn_48037128,commented_on_story,1
user_noidesto,hn_43708025,commented_on_story,1
user_noisy_boy,hn_46765460,commented_on_story,1
user_nojs,hn_44742251,commented_on_story,1
user_noname120,hn_44302870,commented_on_story,1
user_nonethewiser,hn_35264725,commented_on_story,1
user_noobermin,hn_33226515,commented_on_story,1
user_noosphr,hn_43448432,commented_on_story,1
user_norskeld,hn_45320431,commented_on_story,1
user_northfoxz,hn_28131745,commented_on_story,1
user_nottorp,hn_44302870,commented_on_story,1
user_nottorp,hn_46985151,commented_on_story,1
user_novalis78,hn_35921375,commented_on_story,1
user_noxa,hn_47660925,commented_on_story,1
user_nprateem,hn_35152851,commented_on_story,1
user_nrjames,hn_45416228,commented_on_story,1
user_nu11ptr,hn_35264725,commented_on_story,1
user_nullc,hn_33457063,commented_on_story,1
user_numpad0,hn_44966856,commented_on_story,1
user_numpad0,hn_45416228,commented_on_story,1
user_numpad0,hn_47167931,commented_on_story,1
user_nusl,hn_46985151,commented_on_story,1
user_nyellin,hn_46545620,commented_on_story,1
user_nyrikki,hn_46542036,commented_on_story,1
user_nzach,hn_44940089,commented_on_story,1
user_occz,hn_44742251,commented_on_story,1
user_oceanhaiyang,hn_44940089,commented_on_story,1
user_october8140,hn_47838508,commented_on_story,1
user_oefrha,hn_27697884,commented_on_story,1
user_oefrha,hn_28126015,commented_on_story,1
user_ofirpress,hn_46545620,commented_on_story,1
user_ofirpress,hn_46810282,commented_on_story,1
user_ofrzeta,hn_48037128,commented_on_story,1
user_ogou,hn_47167931,commented_on_story,1
user_ohgr,hn_43448432,commented_on_story,1
user_ok123456,hn_44742251,commented_on_story,1
user_ok123456,hn_48037128,commented_on_story,1
user_oleggromov,hn_46420453,commented_on_story,1
user_ollysb,hn_45416228,commented_on_story,1
user_olup,hn_42453341,commented_on_story,1
user_omnster,hn_35921375,commented_on_story,1
user_onion2k,hn_27676266,commented_on_story,1
user_onion2k,hn_47077676,commented_on_story,1
user_ontouchstart,hn_47664912,commented_on_story,1
user_orra,hn_42453341,commented_on_story,1
user_osculum,hn_44675557,commented_on_story,1
user_ossa-ma,hn_46593022,commented_on_story,1
user_outside1234,hn_43739037,commented_on_story,2
user_overgard,hn_47077676,commented_on_story,1
user_oxag3n,hn_46765460,commented_on_story,1
user_oxag3n,hn_47762901,commented_on_story,1
user_oxag3n,hn_47768133,commented_on_story,1
user_ozozozd,hn_46734302,commented_on_story,1
user_ozten,hn_46765120,commented_on_story,1
user_p-e-w,hn_35921375,commented_on_story,1
user_p1necone,hn_44966856,commented_on_story,1
user_p1necone,hn_47838508,commented_on_story,1
user_p3rls,hn_44302870,commented_on_story,1
user_p3rry,hn_43708025,commented_on_story,1
user_pabs3,hn_32327711,commented_on_story,1
user_padjo,hn_39168105,commented_on_story,1
user_palata,hn_44742251,commented_on_story,1
user_palmotea,hn_47282777,commented_on_story,1
user_papito,hn_27697884,commented_on_story,1
user_paradite,hn_45416228,commented_on_story,1
user_parhamn,hn_29016506,commented_on_story,1
user_parquor,hn_46810282,commented_on_story,1
user_password4321,hn_47633396,commented_on_story,1
user_passwordoops,hn_40919253,commented_on_story,1
user_patwolf,hn_27676266,commented_on_story,1
user_paulhodge,hn_45320431,commented_on_story,1
user_paulis,hn_33226515,commented_on_story,1
user_paulmooreparks,hn_44966856,commented_on_story,1
user_paxys,hn_42453341,commented_on_story,1
user_pdimitar,hn_43193018,commented_on_story,1
user_pdyc,hn_47963204,commented_on_story,1
user_peacebeard,hn_47586778,commented_on_story,1
user_perlgeek,hn_40919253,commented_on_story,1
user_perrygeo,hn_46734302,commented_on_story,1
user_perrygeo,hn_46978710,commented_on_story,1
user_persedes,hn_46810282,commented_on_story,1
user_pestkranker,hn_42453341,commented_on_story,1
user_peteforde,hn_47167931,commented_on_story,1
user_peteforde,hn_47838508,commented_on_story,1
user_petepete,hn_29016506,commented_on_story,1
user_peterbell_nyc,hn_48037128,commented_on_story,1
user_peterkelly,hn_27697884,commented_on_story,1
user_peyton,hn_47762901,commented_on_story,1
user_phaedrus,hn_46734302,commented_on_story,1
user_phantom32,hn_35264725,commented_on_story,1
user_phendrenad2,hn_35657982,commented_on_story,1
user_phendrenad2,hn_39168105,commented_on_story,1
user_phendrenad2,hn_46765120,commented_on_story,1
user_phendrenad2,hn_47521799,commented_on_story,1
user_philipp-gayret,hn_44742251,commented_on_story,1
user_phillipcarter,hn_47660925,commented_on_story,1
user_philsnow,hn_44302870,commented_on_story,1
user_phkahler,hn_35152851,commented_on_story,1
user_phren0logy,hn_46734302,commented_on_story,1
user_pianopatrick,hn_46734302,commented_on_story,1
user_pixelpoet,hn_32327711,commented_on_story,1
user_pixl97,hn_47586778,commented_on_story,1
user_pizzafeelsright,hn_47521799,commented_on_story,1
user_pjm331,hn_44811567,commented_on_story,1
user_pjmlp,hn_47282777,commented_on_story,1
user_pjmlp,hn_47660925,commented_on_story,1
user_planb,hn_31825742,commented_on_story,1
user_pleb_nz,hn_35261065,commented_on_story,1
user_pledess,hn_40919253,commented_on_story,1
user_plondon514,hn_31825742,commented_on_story,1
user_pmarreck,hn_46765120,commented_on_story,1
user_podnami,hn_47878905,commented_on_story,1
user_pogue,hn_45165897,commented_on_story,1
user_pojzon,hn_46810282,commented_on_story,1
user_pokemyiout,hn_46420453,commented_on_story,1
user_polalavik,hn_46227422,commented_on_story,1
user_post-it,hn_47664912,commented_on_story,1
user_postalcoder,hn_47923357,commented_on_story,1
user_pranavm27,hn_46420453,commented_on_story,1
user_pratikshelar871,hn_44966856,commented_on_story,1
user_precompute,hn_35152851,commented_on_story,1
user_pred_,hn_47521799,commented_on_story,1
user_preston-kwei,hn_47586778,commented_on_story,1
user_primax,hn_35152851,commented_on_story,1
user_privalyse,hn_46301810,commented_on_story,1
user_prmph,hn_44864185,commented_on_story,1
user_prodigycorp,hn_46545620,commented_on_story,1
user_program_whiz,hn_46765120,commented_on_story,1
user_protocolture,hn_43815033,commented_on_story,1
user_protomyth,hn_33457063,commented_on_story,1
user_pseudonymouspat,hn_36326525,commented_on_story,1
user_ptx,hn_47077676,commented_on_story,1
user_pugets,hn_29016506,commented_on_story,1
user_puppycodes,hn_45722635,commented_on_story,1
user_puppystench,hn_47878905,commented_on_story,1
user_purpleblue,hn_40919253,commented_on_story,1
user_pwdisswordfish8,hn_27697884,commented_on_story,1
user_pyduan,hn_38710600,commented_on_story,1
user_pyrale,hn_44780878,commented_on_story,1
user_qalmakka,hn_44811567,commented_on_story,1
user_qaz_plm,hn_47838508,commented_on_story,1
user_quantadev,hn_44031432,commented_on_story,1
user_quibono,hn_45165897,commented_on_story,1
user_quicklime,hn_35657982,commented_on_story,1
user_qwertox,hn_35921375,commented_on_story,1
user_qwertox,hn_42675725,commented_on_story,1
user_qwertox,hn_46978710,commented_on_story,1
user_qwerty3344,hn_35264725,commented_on_story,1
user_qwertytyyuu,hn_44940089,commented_on_story,1
user_qwesr123,hn_46810282,commented_on_story,1
user_r3trohack3r,hn_33457063,commented_on_story,1
user_r_murphey,hn_44811567,commented_on_story,1
user_raduan,hn_44742251,commented_on_story,1
user_raggi,hn_44742251,commented_on_story,1
user_rahimnathwani,hn_43410866,commented_on_story,1
user_ralph84,hn_27687450,commented_on_story,1
user_ramesh31,hn_44042070,commented_on_story,1
user_ramesh31,hn_47584540,commented_on_story,1
user_ramon156,hn_46765460,commented_on_story,1
user_ramon156,hn_46978710,commented_on_story,1
user_ramon156,hn_47633396,commented_on_story,1
user_ramoz,hn_43708025,commented_on_story,1
user_ramoz,hn_43988315,commented_on_story,1
user_ramoz,hn_46734302,commented_on_story,1
user_randallsquared,hn_46227422,commented_on_story,1
user_randfish,hn_40456457,commented_on_story,1
user_randomNumber7,hn_44493503,commented_on_story,1
user_randomifcpfan,hn_44780878,commented_on_story,1
user_raptorraver,hn_47106686,commented_on_story,1
user_rasz,hn_43448432,commented_on_story,1
user_rayxi271828,hn_47282777,commented_on_story,1
user_rbalicki,hn_44780878,commented_on_story,1
user_rbarrois,hn_27687450,commented_on_story,1
user_rcarmo,hn_43815033,commented_on_story,1
user_rcarmo,hn_43988315,commented_on_story,1
user_rcfox,hn_47077676,commented_on_story,1
user_reassess_blind,hn_46542036,commented_on_story,1
user_reconnecting,hn_47664912,commented_on_story,1
user_recroad,hn_47106686,commented_on_story,1
user_rectang,hn_47521799,commented_on_story,1
user_rectang,hn_47838508,commented_on_story,1
user_recursivedoubts,hn_46765460,commented_on_story,1
user_red_hare,hn_47106686,commented_on_story,1
user_redfloatplane,hn_46593022,commented_on_story,1
user_redleggedfrog,hn_43448432,commented_on_story,1
user_reedf1,hn_46765460,commented_on_story,1
user_refulgentis,hn_28131745,commented_on_story,1
user_regexorcist,hn_47963204,commented_on_story,1
user_rehearsalsj,hn_44302870,commented_on_story,1
user_rektide,hn_35708449,commented_on_story,1
user_ren_engineer,hn_35261065,commented_on_story,1
user_rendall,hn_27697884,commented_on_story,1
user_renegade-otter,hn_46542036,commented_on_story,1
user_replyifuagree,hn_43988315,commented_on_story,1
user_resonious,hn_33226515,commented_on_story,1
user_restlessforge,hn_47597085,commented_on_story,1
user_retrocryptid,hn_35261065,commented_on_story,1
user_rglover,hn_44864185,commented_on_story,1
user_rglover,hn_46227422,commented_on_story,1
user_rglover,hn_47167931,commented_on_story,1
user_rhacker,hn_27687450,commented_on_story,1
user_rich_sasha,hn_46765460,commented_on_story,1
user_richardw,hn_42453341,commented_on_story,1
user_richardw,hn_47768133,commented_on_story,1
user_rileymichael,hn_47660925,commented_on_story,1
user_rileyphone,hn_35152851,commented_on_story,1
user_ripbozo,hn_47586778,commented_on_story,1
user_rishsriv,hn_36326525,commented_on_story,1
user_riskassessment,hn_44811567,commented_on_story,1
user_riskyingo,hn_43462171,commented_on_story,1
user_riwsky,hn_46734302,commented_on_story,1
user_rldjbpin,hn_47838508,commented_on_story,1
user_rmonvfer,hn_44042070,commented_on_story,1
user_rmoriz,hn_45163362,commented_on_story,1
user_rob_c,hn_45163362,commented_on_story,1
user_robertclaus,hn_43815033,commented_on_story,1
user_robeym,hn_47521799,commented_on_story,1
user_roger_,hn_43410866,commented_on_story,1
user_rolph,hn_40919253,commented_on_story,1
user_romanovcode,hn_43708025,commented_on_story,1
user_ronbenton,hn_46542036,commented_on_story,1
user_rpicard,hn_43068027,commented_on_story,1
user_rsynnott,hn_39168105,commented_on_story,1
user_rtfeldman,hn_43448432,commented_on_story,1
user_rtp4me,hn_46765460,commented_on_story,1
user_rubenfiszel,hn_36495680,commented_on_story,1
user_rubzah,hn_47762901,commented_on_story,1
user_rufius,hn_35574501,commented_on_story,1
user_rurban,hn_44811567,commented_on_story,1
user_russellbeattie,hn_35921375,commented_on_story,1
user_rvz,hn_28126015,commented_on_story,1
user_rvz,hn_42453341,commented_on_story,1
user_rvz,hn_44780878,commented_on_story,1
user_rvz,hn_47633396,commented_on_story,1
user_ryanackley,hn_44042070,commented_on_story,1
user_ryanmcgarvey,hn_39168105,commented_on_story,1
user_ryao,hn_44302870,commented_on_story,1
user_rybosworld,hn_43815033,commented_on_story,1
user_s-xyz,hn_35152851,commented_on_story,1
user_s1mplicissimus,hn_44966856,commented_on_story,1
user_saagarjha,hn_43739037,commented_on_story,1
user_sachinjain,hn_43193018,commented_on_story,1
user_sagarpatil,hn_40919253,commented_on_story,1
user_sailfast,hn_46765460,commented_on_story,1
user_salahadawi,hn_47838508,commented_on_story,1
user_samename,hn_47006615,commented_on_story,1
user_sametmax,hn_35574501,commented_on_story,1
user_samiv,hn_46593022,commented_on_story,1
user_samiv,hn_47282777,commented_on_story,1
user_sams99,hn_46545620,commented_on_story,1
user_samtp,hn_43988315,commented_on_story,1
user_samwho,hn_46420453,commented_on_story,1
user_samwillis,hn_35657982,commented_on_story,1
user_sandeepkd,hn_46810282,commented_on_story,1
user_sandinmyjoints,hn_46734302,commented_on_story,1
user_sanskritical,hn_46765120,commented_on_story,1
user_sargstuff,hn_44148317,commented_on_story,1
user_sarmadgulzar,hn_40775127,commented_on_story,1
user_sathish316,hn_46545620,commented_on_story,1
user_satvikpendem,hn_45416228,commented_on_story,1
user_satvikpendem,hn_46227422,commented_on_story,1
user_saulpw,hn_47664912,commented_on_story,1
user_saurabh20n,hn_35152851,commented_on_story,1
user_schlowmo,hn_44966856,commented_on_story,1
user_schmuhblaster,hn_46545620,commented_on_story,1
user_schnebbau,hn_27687450,commented_on_story,1
user_scorpioxy,hn_45320431,commented_on_story,1
user_scottLobster,hn_47282777,commented_on_story,1
user_scottbez1,hn_47963204,commented_on_story,1
user_scotty79,hn_44742251,commented_on_story,1
user_scrame,hn_47664912,commented_on_story,1
user_scuff3d,hn_45224742,commented_on_story,1
user_sdflhasjd,hn_27697884,commented_on_story,1
user_sdwr,hn_32577624,commented_on_story,1
user_seanwilson,hn_33226515,commented_on_story,1
user_seanwilson,hn_47586778,commented_on_story,1
user_sebastiennight,hn_46227422,commented_on_story,1
user_sebzim4500,hn_35152851,commented_on_story,2
user_section_me,hn_47521799,commented_on_story,1
user_sedatk,hn_45163362,commented_on_story,1
user_seethishat,hn_47762901,commented_on_story,1
user_sefrost,hn_47923357,commented_on_story,1
user_seifbenayed1992,hn_47584540,commented_on_story,1
user_semicolon_storm,hn_47664912,commented_on_story,1
user_serf,hn_44864185,commented_on_story,1
user_serf,hn_47664912,commented_on_story,1
user_sethops1,hn_44031432,commented_on_story,1
user_sfjailbird,hn_43448432,commented_on_story,1
user_shadowgovt,hn_39168105,commented_on_story,1
user_shaunxcode,hn_35470915,commented_on_story,1
user_shebeurb,hn_44302870,commented_on_story,1
user_sheeshkebab,hn_47584540,commented_on_story,1
user_shekhargulati,hn_43708025,commented_on_story,1
user_shermantanktop,hn_46734302,commented_on_story,1
user_shevy-java,hn_46542036,commented_on_story,1
user_shevy-java,hn_46978710,commented_on_story,1
user_shevy-java,hn_47838508,commented_on_story,1
user_shivaniShimpi_,hn_47762901,commented_on_story,1
user_shmolyneaux,hn_47838508,commented_on_story,1
user_shmoogy,hn_43754620,commented_on_story,1
user_shrubble,hn_47963204,commented_on_story,1
user_shusaku,hn_44966856,commented_on_story,1
user_shuwan,hn_45722635,commented_on_story,1
user_shwouchk,hn_44031432,commented_on_story,1
user_sibtain1997,hn_47597085,commented_on_story,1
user_siilats,hn_33226515,commented_on_story,1
user_siilats,hn_42453341,commented_on_story,1
user_siliconc0w,hn_44966856,commented_on_story,1
user_silverlight,hn_46810282,commented_on_story,1
user_sim7c00,hn_43708025,commented_on_story,1
user_simianwords,hn_47586778,commented_on_story,2
user_simias,hn_27697884,commented_on_story,1
user_simonw,hn_35470915,commented_on_story,1
user_simonw,hn_35921375,commented_on_story,2
user_simonw,hn_39168105,commented_on_story,1
user_simonw,hn_43163011,commented_on_story,1
user_simonw,hn_45416228,commented_on_story,1
user_simonw,hn_46593022,commented_on_story,2
user_simonw,hn_46765460,commented_on_story,1
user_simonw,hn_47167931,commented_on_story,1
user_simonw,hn_47664912,commented_on_story,1
user_simonw,hn_47923357,commented_on_story,1
user_simple10,hn_47597085,commented_on_story,1
user_singularity2001,hn_45416228,commented_on_story,1
user_siva7,hn_35264725,commented_on_story,1
user_siva7,hn_43754620,commented_on_story,1
user_sjamaan,hn_47762901,commented_on_story,1
user_skeeter2020,hn_45320431,commented_on_story,1
user_skeledrew,hn_47878905,commented_on_story,1
user_skerit,hn_43193018,commented_on_story,1
user_skippyboxedhero,hn_47660925,commented_on_story,1
user_skrunch,hn_46985151,commented_on_story,1
user_slantedview,hn_43163011,commented_on_story,1
user_slfnflctd,hn_46734302,commented_on_story,1
user_slicktux,hn_40919253,commented_on_story,1
user_sltr,hn_45320431,commented_on_story,1
user_smallerfish,hn_43193018,commented_on_story,1
user_sminchev,hn_47768133,commented_on_story,1
user_smnplk,hn_43739037,commented_on_story,1
user_sneak,hn_47664912,commented_on_story,1
user_snvzz,hn_29016506,commented_on_story,1
user_snvzz,hn_40919253,commented_on_story,1
user_sodality2,hn_44302870,commented_on_story,1
user_softwaredoug,hn_44031432,commented_on_story,1
user_solarkraft,hn_42453341,commented_on_story,1
user_solatic,hn_44780878,commented_on_story,1
user_soledades,hn_29016506,commented_on_story,1
user_solomatov,hn_33457063,commented_on_story,1
user_somewhatjustin,hn_47664912,commented_on_story,1
user_somewhereoutth,hn_47006615,commented_on_story,1
user_sooham,hn_28126015,commented_on_story,1
user_sornaensis,hn_47838508,commented_on_story,1
user_sosodev,hn_45722635,commented_on_story,1
user_sosodev,hn_46542036,commented_on_story,1
user_sovietmudkipz,hn_47838508,commented_on_story,1
user_spaniard89277,hn_39168105,commented_on_story,1
user_spaniard89277,hn_47762901,commented_on_story,1
user_spankalee,hn_44966856,commented_on_story,1
user_sparin9,hn_47106686,commented_on_story,1
user_specproc,hn_47838508,commented_on_story,1
user_sph,hn_47521799,commented_on_story,1
user_spicyusername,hn_46420453,commented_on_story,1
user_splonk,hn_46985151,commented_on_story,1
user_spoaceman7777,hn_45320431,commented_on_story,1
user_spyder,hn_44864185,commented_on_story,1
user_spzb,hn_46420453,commented_on_story,1
user_sqs,hn_35152851,commented_on_story,1
user_sreekanth850,hn_44742251,commented_on_story,1
user_srid,hn_47106686,commented_on_story,1
user_sschueller,hn_47963204,commented_on_story,1
user_sshadmand,hn_46227422,commented_on_story,1
user_sshine,hn_44780878,commented_on_story,1
user_sssilver,hn_47963204,commented_on_story,1
user_st3fan,hn_42675725,commented_on_story,1
user_stabbles,hn_47923357,commented_on_story,1
user_stagas,hn_32327711,commented_on_story,1
user_standarditem,hn_46985151,commented_on_story,1
user_stared,hn_44780878,commented_on_story,1
user_stared,hn_45416228,commented_on_story,1
user_stared,hn_46542036,commented_on_story,1
user_stared,hn_46810282,commented_on_story,1
user_stavros,hn_47167931,commented_on_story,1
user_stavros,hn_47586778,commented_on_story,1
user_stefankuehnel,hn_47521799,commented_on_story,1
user_stefanos82,hn_47521799,commented_on_story,1
user_stego-tech,hn_47923357,commented_on_story,1
user_steipete,hn_46593022,commented_on_story,1
user_stevage,hn_45320431,commented_on_story,1
user_steveBK123,hn_46810282,commented_on_story,1
user_steve_adams_86,hn_35261065,commented_on_story,1
user_stevenslade,hn_46545620,commented_on_story,1
user_stillpointlab,hn_46978710,commented_on_story,1
user_stingraycharles,hn_47597085,commented_on_story,1
user_strangescript,hn_43754620,commented_on_story,1
user_strawhatguy,hn_47006615,commented_on_story,1
user_stuaxo,hn_47282777,commented_on_story,1
user_stuckinhell,hn_35261065,commented_on_story,1
user_subarctic,hn_44742251,commented_on_story,1
user_submeta,hn_43754620,commented_on_story,1
user_submeta,hn_44811567,commented_on_story,1
user_summarity,hn_47660925,commented_on_story,1
user_summarity,hn_47768133,commented_on_story,1
user_sunaookami,hn_45416228,commented_on_story,1
user_supratims,hn_46227422,commented_on_story,1
user_suriya-ganesh,hn_46734302,commented_on_story,1
user_svnt,hn_46978710,commented_on_story,1
user_swalls,hn_31825742,commented_on_story,1
user_swatcoder,hn_35152851,commented_on_story,1
user_swe_dima,hn_47106686,commented_on_story,1
user_swyx,hn_37065734,commented_on_story,1
user_swyx,hn_43708025,commented_on_story,1
user_swyx,hn_44042070,commented_on_story,1
user_swyx,hn_47597085,commented_on_story,1
user_syl5x,hn_47633396,commented_on_story,1
user_sync,hn_44031432,commented_on_story,1
user_syntaxing,hn_35264725,commented_on_story,1
user_syntaxing,hn_35470915,commented_on_story,1
user_t0md4n,hn_44864185,commented_on_story,1
user_t55,hn_43163011,commented_on_story,1
user_t_believ-er873,hn_43246130,commented_on_story,1
user_tabs_or_spaces,hn_47106686,commented_on_story,1
user_tacoooooooo,hn_46593022,commented_on_story,1
user_taf2,hn_47963204,commented_on_story,1
user_tahirk99,hn_46420453,commented_on_story,1
user_tangotaylor,hn_43815033,commented_on_story,1
user_taurath,hn_44031432,commented_on_story,1
user_taurath,hn_46089546,commented_on_story,1
user_tavavex,hn_47282777,commented_on_story,1
user_td2,hn_47963204,commented_on_story,1
user_teaearlgraycold,hn_35921375,commented_on_story,1
user_techapple,hn_42963279,commented_on_story,1
user_techpression,hn_47597085,commented_on_story,1
user_tectonic,hn_28191362,commented_on_story,1
user_teddyh,hn_35152851,commented_on_story,1
user_tedk-42,hn_45163362,commented_on_story,1
user_teekert,hn_44042070,commented_on_story,1
user_tehologist,hn_35657982,commented_on_story,1
user_telaandrews2,hn_40456457,commented_on_story,1
user_temp8964,hn_28131745,commented_on_story,1
user_terminalbraid,hn_43193018,commented_on_story,1
user_tern,hn_46978710,commented_on_story,1
user_testfrequency,hn_46978710,commented_on_story,1
user_thangalin,hn_47282777,commented_on_story,1
user_thdxr,hn_31825742,commented_on_story,1
user_the42thdoctor,hn_35470915,commented_on_story,1
user_theYipster,hn_47006615,commented_on_story,1
user_the_af,hn_44940089,commented_on_story,1
user_the_doctah,hn_44940089,commented_on_story,1
user_theanonymousone,hn_47923357,commented_on_story,1
user_thecal,hn_42675725,commented_on_story,1
user_thecopy,hn_47838508,commented_on_story,1
user_thedangler,hn_42675725,commented_on_story,1
user_theden,hn_27676266,commented_on_story,1
user_thefj,hn_27697884,commented_on_story,1
user_thendrill,hn_46227422,commented_on_story,1
user_thenoblesunfish,hn_44742251,commented_on_story,1
user_theowijrhrjrj48,hn_44042070,commented_on_story,1
user_theptip,hn_45163362,commented_on_story,1
user_theptip,hn_46542036,commented_on_story,1
user_thesmart,hn_47521799,commented_on_story,1
user_thewisenerd,hn_46227422,commented_on_story,1
user_thiagowfx,hn_46545620,commented_on_story,1
user_thih9,hn_42675725,commented_on_story,1
user_thom,hn_45722635,commented_on_story,1
user_thom-gtdp,hn_47912500,commented_on_story,1
user_thomasfromcdnjs,hn_46985151,commented_on_story,1
user_thorum,hn_33226515,commented_on_story,1
user_thorum,hn_46734302,commented_on_story,1
user_thot_experiment,hn_42453341,commented_on_story,1
user_threatofrain,hn_29016506,commented_on_story,1
user_threecheese,hn_47963204,commented_on_story,1
user_threethirtytwo,hn_46810282,commented_on_story,1
user_throwatdem12311,hn_47597085,commented_on_story,1
user_throwaway-11-1,hn_44864185,commented_on_story,1
user_throwaway128327,hn_28131745,commented_on_story,1
user_throwaway7783,hn_47006615,commented_on_story,1
user_throwaway85825,hn_47923357,commented_on_story,1
user_thrwawy74,hn_33226515,commented_on_story,1
user_thundergolfer,hn_27687450,commented_on_story,1
user_timcobb,hn_46765460,commented_on_story,1
user_timuckun,hn_44780878,commented_on_story,1
user_tinyhouse,hn_46765120,commented_on_story,1
user_tippytippytango,hn_43988315,commented_on_story,1
user_tjr,hn_47006615,commented_on_story,1
user_tkgally,hn_44302870,commented_on_story,1
user_tkgally,hn_47282777,commented_on_story,1
user_tndibona,hn_47282777,commented_on_story,1
user_toastal,hn_35264725,commented_on_story,1
user_toddmorrow,hn_47167931,commented_on_story,1
user_tokai,hn_43193018,commented_on_story,1
user_tolerance,hn_46593022,commented_on_story,1
user_toliveistobuild,hn_46978710,commented_on_story,1
user_tomaytotomato,hn_46765120,commented_on_story,1
user_tomjuggler,hn_47963204,commented_on_story,1
user_tommica,hn_35264725,commented_on_story,1
user_tonyoconnell,hn_46227422,commented_on_story,1
user_toobulkeh,hn_40456457,commented_on_story,1
user_toomuchtodo,hn_40775127,commented_on_story,1
user_topher6345,hn_33457063,commented_on_story,1
user_torben-friis,hn_43815033,commented_on_story,1
user_torhorway,hn_45320431,commented_on_story,1
user_toss1,hn_46542036,commented_on_story,1
user_tptacek,hn_44864185,commented_on_story,1
user_tptacek,hn_46227422,commented_on_story,1
user_tptacek,hn_46545620,commented_on_story,1
user_transitorykris,hn_47167931,commented_on_story,1
user_trashtensor,hn_43448432,commented_on_story,1
user_trb,hn_47963204,commented_on_story,1
user_treexs,hn_47584540,commented_on_story,1
user_trevor-e,hn_42675725,commented_on_story,1
user_troupo,hn_46420453,commented_on_story,1
user_troyvit,hn_46542036,commented_on_story,1
user_trq_,hn_46810282,commented_on_story,1
user_truculent,hn_29016506,commented_on_story,1
user_truly,hn_29016506,commented_on_story,1
user_trumbitta2,hn_45416228,commented_on_story,1
user_try-working,hn_47923357,commented_on_story,1
user_tschellenbach,hn_44940089,commented_on_story,1
user_ttul,hn_31211280,commented_on_story,1
user_ttul,hn_36495680,commented_on_story,1
user_turing_complete,hn_44042070,commented_on_story,1
user_turingsroot,hn_47106686,commented_on_story,1
user_turtlebits,hn_48037128,commented_on_story,1
user_turtleyacht,hn_35921375,commented_on_story,1
user_tvirosi,hn_28191362,commented_on_story,1
user_twalkz,hn_44675557,commented_on_story,1
user_twobitshifter,hn_47768133,commented_on_story,1
user_tyingq,hn_27687450,commented_on_story,1
user_tyingq,hn_27697884,commented_on_story,2
user_tyingq,hn_28131745,commented_on_story,1
user_tylerloveamber,hn_47586778,commented_on_story,1
user_tynpeddler,hn_27697884,commented_on_story,1
user_tzury,hn_47633396,commented_on_story,1
user_u8,hn_48037128,commented_on_story,1
user_uberman,hn_43462171,commented_on_story,1
user_ucefkh,hn_42239323,commented_on_story,1
user_udbhavs,hn_43708025,commented_on_story,1
user_ugh123,hn_35657982,commented_on_story,1
user_uglycoyote,hn_35470915,commented_on_story,1
user_ukoki,hn_27697884,commented_on_story,1
user_ulaw,hn_46545620,commented_on_story,1
user_uludag,hn_42453341,commented_on_story,1
user_umaar,hn_43163011,commented_on_story,1
user_umvi,hn_44864185,commented_on_story,1
user_underdeserver,hn_48037128,commented_on_story,1
user_underlines,hn_43754620,commented_on_story,1
user_unethical_ban,hn_45163362,commented_on_story,1
user_unholiness,hn_40775127,commented_on_story,1
user_unosama,hn_35470915,commented_on_story,1
user_unpipable,hn_29016506,commented_on_story,1
user_usecodenaija,hn_43708025,commented_on_story,1
user_usefulposter,hn_46734302,commented_on_story,1
user_user_4028b09,hn_43754620,commented_on_story,1
user_userbinator,hn_39168105,commented_on_story,1
user_vanschelven,hn_43988315,commented_on_story,1
user_vanyaland,hn_47584540,commented_on_story,1
user_varenc,hn_35921375,commented_on_story,1
user_vbezhenar,hn_35261065,commented_on_story,1
user_vbezhenar,hn_43163011,commented_on_story,1
user_vbezhenar,hn_47584540,commented_on_story,1
user_vednig,hn_45722635,commented_on_story,1
user_vemv,hn_44811567,commented_on_story,1
user_verdverm,hn_32577624,commented_on_story,1
user_verdverm,hn_42453341,commented_on_story,1
user_verdverm,hn_45761979,commented_on_story,1
user_verdverm,hn_46765120,commented_on_story,1
user_version_five,hn_36326525,commented_on_story,1
user_vessenes,hn_43410866,commented_on_story,1
user_vessenes,hn_47768133,commented_on_story,1
user_vibe101,hn_47006615,commented_on_story,1
user_viccis,hn_47586778,commented_on_story,1
user_vikp,hn_35470915,commented_on_story,1
user_vincent0405,hn_43754620,commented_on_story,1
user_vincnetas,hn_28131745,commented_on_story,1
user_vinhnx,hn_46545620,commented_on_story,1
user_vintagedave,hn_46978710,commented_on_story,1
user_vintagedave,hn_47878905,commented_on_story,1
user_virtualritz,hn_47660925,commented_on_story,1
user_vivzkestrel,hn_47597085,commented_on_story,1
user_vkaku,hn_33226515,commented_on_story,1
user_vmaurin,hn_48037128,commented_on_story,1
user_voldemort1968,hn_29016506,commented_on_story,1
user_voxleone,hn_44302870,commented_on_story,1
user_w-m,hn_35261065,commented_on_story,2
user_w10-1,hn_35657982,commented_on_story,1
user_w10-1,hn_47106686,commented_on_story,1
user_w10-1,hn_47167931,commented_on_story,1
user_w1zzy,hn_32577624,commented_on_story,1
user_waffletower,hn_47167931,commented_on_story,1
user_walthamstow,hn_47838508,commented_on_story,1
user_wara23arish,hn_29016506,commented_on_story,1
user_warbler73,hn_33457063,commented_on_story,1
user_warpech,hn_27687450,commented_on_story,1
user_warrenmiller,hn_44780878,commented_on_story,1
user_wazHFsRy,hn_47006615,commented_on_story,1
user_wbharding,hn_39168105,commented_on_story,1
user_web3-is-a-scam,hn_35261065,commented_on_story,1
user_web3-is-a-scam,hn_39168105,commented_on_story,1
user_wedn3sday,hn_44864185,commented_on_story,1
user_wek,hn_46420453,commented_on_story,1
user_wek,hn_48037128,commented_on_story,1
user_wessorh,hn_46765120,commented_on_story,2
user_wewewedxfgdf,hn_47077676,commented_on_story,1
user_wg0,hn_27687450,commented_on_story,1
user_wg0,hn_45163362,commented_on_story,1
user_wg0,hn_47586778,commented_on_story,1
user_wg0,hn_48037128,commented_on_story,1
user_whatever1,hn_46089546,commented_on_story,1
user_whatever1,hn_47838508,commented_on_story,1
user_williamcotton,hn_33226515,commented_on_story,1
user_windex,hn_47167931,commented_on_story,1
user_wiseowise,hn_38710600,commented_on_story,1
user_wiseowise,hn_47282777,commented_on_story,1
user_wklm,hn_47597085,commented_on_story,1
user_wnevets,hn_47660925,commented_on_story,1
user_woah,hn_47660925,commented_on_story,1
user_wodenokoto,hn_27697884,commented_on_story,1
user_woeirua,hn_47768133,commented_on_story,1
user_wokwokwok,hn_35921375,commented_on_story,1
user_wokwokwok,hn_47106686,commented_on_story,1
user_wongarsu,hn_35470915,commented_on_story,1
user_woodruffw,hn_44780878,commented_on_story,1
user_wordswords2,hn_46734302,commented_on_story,1
user_wpietri,hn_27676266,commented_on_story,1
user_wsxiaoys,hn_42675725,commented_on_story,1
user_wwarner,hn_44811567,commented_on_story,1
user_wyuenho,hn_44811567,commented_on_story,1
user_xchip,hn_33457063,commented_on_story,1
user_xchip,hn_45320431,commented_on_story,1
user_xcodevn,hn_46765460,commented_on_story,1
user_xeiotos,hn_47077676,commented_on_story,1
user_xianshou,hn_43988315,commented_on_story,1
user_xnx,hn_43193018,commented_on_story,1
user_xnx,hn_43815033,commented_on_story,1
user_xpe,hn_47963204,commented_on_story,1
user_xrd,hn_32577624,commented_on_story,1
user_xvilka,hn_35470915,commented_on_story,1
user_xyproto,hn_43754620,commented_on_story,1
user_xyst,hn_44940089,commented_on_story,1
user_y1n0,hn_47942954,commented_on_story,1
user_y42,hn_40387453,commented_on_story,1
user_yanis_t,hn_35261065,commented_on_story,1
user_yawnxyz,hn_46765460,commented_on_story,1
user_yazzku,hn_40919253,commented_on_story,1
user_yellowapple,hn_35657982,commented_on_story,1
user_yester01,hn_43163011,commented_on_story,1
user_yewenjie,hn_28126015,commented_on_story,1
user_yieldcrv,hn_44042070,commented_on_story,1
user_yieldcrv,hn_44302870,commented_on_story,1
user_yieldcrv,hn_45163362,commented_on_story,1
user_ynac,hn_47282777,commented_on_story,1
user_yoden,hn_44302870,commented_on_story,1
user_yohamta,hn_47768133,commented_on_story,1
user_youknownothing,hn_47664912,commented_on_story,1
user_yoyohello13,hn_44811567,commented_on_story,1
user_yoz-y,hn_45320431,commented_on_story,1
user_yoz-y,hn_46420453,commented_on_story,1
user_z77dj3kl,hn_28131745,commented_on_story,1
user_zahlman,hn_47106686,commented_on_story,1
user_zamalek,hn_47660925,commented_on_story,1
user_zaps,hn_33226515,commented_on_story,1
user_zarzavat,hn_48037128,commented_on_story,1
user_zb3,hn_44940089,commented_on_story,1
user_zelphirkalt,hn_31825742,commented_on_story,1
user_zensorsolutions,hn_47530870,commented_on_story,1
user_zephyreon,hn_47633396,commented_on_story,1
user_zhoujianfu,hn_47282777,commented_on_story,1
user_zitrusfrucht,hn_47106686,commented_on_story,1
user_zittur,hn_46420453,commented_on_story,1
user_zmmmmm,hn_47106686,commented_on_story,1
user_zoba,hn_35470915,commented_on_story,1
user_zora_goron,hn_43708025,commented_on_story,1
user_zppln,hn_44940089,commented_on_story,1
user_zwright,hn_28191362,commented_on_story,1
user_zzyzxd,hn_47762901,commented_on_story,1
user_zzzeek,hn_38710600,commented_on_story,1
user_zzzeek,hn_44966856,commented_on_story,1
