source,target,weight
@0EEVV0,-PlkQno5q50,1
@0w784g,-PlkQno5q50,1
@123Handbuch,-PlkQno5q50,1
@Alx-je7oj,-PlkQno5q50,1
@BingleBangleBungle,-PlkQno5q50,1
@BlueBearOne,-PlkQno5q50,1
@Brandon-ob9rg,-PlkQno5q50,1
@Branon2764,-PlkQno5q50,1
@CallousCoder,-PlkQno5q50,1
@CokeLight-h4e,-PlkQno5q50,1
@Conficient,-PlkQno5q50,1
@CurrentYearDogma,-PlkQno5q50,1
@DSAD___DreW,-PlkQno5q50,1
@DevMeloy,-PlkQno5q50,1
@Deviantation,-PlkQno5q50,1
@Dhalin,-PlkQno5q50,1
@DuravantFoodmate,-PlkQno5q50,1
@ExplorersXRotmg,-PlkQno5q50,1
@ExtremePrejudice,-PlkQno5q50,1
@FUZASHIII,-PlkQno5q50,1
@FellowRoach,-PlkQno5q50,1
@Gregdanger2,-PlkQno5q50,1
@Henry_GamesX,-PlkQno5q50,1
@I.AM.Mr.A12,-PlkQno5q50,1
@IlithiophobiaKiller,-PlkQno5q50,1
@JJan953,-PlkQno5q50,1
@JacobSnover,-PlkQno5q50,1
@Jarniwan,-PlkQno5q50,1
@Justanormaluser2,-PlkQno5q50,1
@KaledKelevra,-PlkQno5q50,2
@KhorzooKhan-v7j,-PlkQno5q50,1
@KorentoInteractive,-PlkQno5q50,1
@LOCKSHADES,-PlkQno5q50,1
@La-FL-DS-MDFR,-PlkQno5q50,2
@MrEo89,-PlkQno5q50,1
@MrKornnugget,-PlkQno5q50,1
@MrMeltdown,-PlkQno5q50,1
@MustafaIbrahim10,-PlkQno5q50,1
@NilEoe,-PlkQno5q50,1
@NoahHornberger,-PlkQno5q50,1
@Optimus6128,-PlkQno5q50,1
@PP-ss3zf,-PlkQno5q50,1
@PakShuMan,-PlkQno5q50,1
@PasooriDev,-PlkQno5q50,1
@PedroS-nv1sl,-PlkQno5q50,1
@PineTechPro,-PlkQno5q50,1
@Practical-AF,-PlkQno5q50,1
@RobWence,-PlkQno5q50,1
@SerrNovik,-PlkQno5q50,1
@SinisterArtsBUBU,-PlkQno5q50,1
@SirotkaSlo,-PlkQno5q50,1
@Skubidu13,-PlkQno5q50,1
@SouIife,-PlkQno5q50,1
@SpiritTracker7,-PlkQno5q50,1
@Spiritfingerz17,-PlkQno5q50,1
@StanVictor-e8p,-PlkQno5q50,1
@StarkDevOps,-PlkQno5q50,1
@Stealthy_Sloth,-PlkQno5q50,1
@TerrenceLP,-PlkQno5q50,1
@TheFrankvHoof,-PlkQno5q50,1
@TheGoated1ne,-PlkQno5q50,1
@VigorousExcavation,-PlkQno5q50,1
@Wahinies,-PlkQno5q50,1
@WayneThaneLawye,-PlkQno5q50,1
@Websitedr,-PlkQno5q50,1
@WewasAtamans,-PlkQno5q50,1
@Xdavide95X,-PlkQno5q50,1
@ZeekMX,-PlkQno5q50,1
@aNerdontheNET,-PlkQno5q50,1
@akiwoo5205,-PlkQno5q50,1
@alpachino468,-PlkQno5q50,1
@anar-k-jafarov,-PlkQno5q50,2
@anees_ahmad_pazhayidath,-PlkQno5q50,1
@animeboy93,-PlkQno5q50,1
@anon_ninja,-PlkQno5q50,1
@antoniong4380,-PlkQno5q50,1
@arieheinrich3457,-PlkQno5q50,1
@arindamtripathi4602,-PlkQno5q50,1
@arthurd6495,-PlkQno5q50,1
@aum8136,-PlkQno5q50,1
@axayparkar,-PlkQno5q50,1
@bbs32,-PlkQno5q50,1
@benedettoabbenanti8663,-PlkQno5q50,1
@bernardlemay8563,-PlkQno5q50,1
@bitterjames,-PlkQno5q50,1
@bobbyrutz9402,-PlkQno5q50,1
@bobghar09,-PlkQno5q50,1
@cabefinn,-PlkQno5q50,1
@captaincavemonkey,-PlkQno5q50,1
@chotumotu11,-PlkQno5q50,1
@chrisf1600,-PlkQno5q50,1
@chrismofer,-PlkQno5q50,1
@converter42,-PlkQno5q50,1
@cornelprime,-PlkQno5q50,1
@csy897,-PlkQno5q50,1
@cubedude76,-PlkQno5q50,1
@daakuwithchaaku,-PlkQno5q50,1
@dalissonfigueiredo,-PlkQno5q50,1
@damarh,-PlkQno5q50,1
@damiengustave223,-PlkQno5q50,1
@dddderick,-PlkQno5q50,1
@debasishraychawdhuri,-PlkQno5q50,1
@dendymakesmusic,-PlkQno5q50,1
@deusex8576,-PlkQno5q50,3
@diligencehumility6971,-PlkQno5q50,1
@dmzone64,-PlkQno5q50,1
@donnybystrom,-PlkQno5q50,1
@duncancarr7822,-PlkQno5q50,1
@edsanville,-PlkQno5q50,1
@eflmanolo,-PlkQno5q50,1
@eiyukabe,-PlkQno5q50,1
@elloco99999,-PlkQno5q50,1
@enriquecastellanos4398,-PlkQno5q50,1
@eta2001carl,-PlkQno5q50,1
@evildojo666,-PlkQno5q50,1
@fededevi1985,-PlkQno5q50,1
@fokeyjo,-PlkQno5q50,1
@foljs5858,-PlkQno5q50,1
@fsojeildflksws,-PlkQno5q50,1
@geetube79,-PlkQno5q50,1
@geewhiz5050,-PlkQno5q50,1
@georgebeierberkeley,-PlkQno5q50,1
@germanje6772,-PlkQno5q50,1
@gerosalesc,-PlkQno5q50,1
@giosee_,-PlkQno5q50,1
@gotrock4,-PlkQno5q50,1
@handlemypantscandle,-PlkQno5q50,1
@hat_dogs,-PlkQno5q50,1
@hdhdushsvsyshshshs,-PlkQno5q50,1
@honor-reels,-PlkQno5q50,1
@horosin,-PlkQno5q50,1
@illikkal,-PlkQno5q50,1
@illiyakorniyenko,-PlkQno5q50,1
@jabuci,-PlkQno5q50,1
@josiaphus,-PlkQno5q50,1
@justgame5508,-PlkQno5q50,1
@justynclarknetwork,-PlkQno5q50,1
@kaajjaak,-PlkQno5q50,1
@kalebbruwer,-PlkQno5q50,1
@kameradoanti9901,-PlkQno5q50,1
@keilmillerjr9701,-PlkQno5q50,1
@kevinvanderkruk5847,-PlkQno5q50,1
@kezzkezzkezz,-PlkQno5q50,1
@kieransanders2133,-PlkQno5q50,1
@kreatur_,-PlkQno5q50,1
@krfloll,-PlkQno5q50,1
@legelf,-PlkQno5q50,1
@letronix6243,-PlkQno5q50,1
@ljka,-PlkQno5q50,1
@manuelketisch3752,-PlkQno5q50,1
@marcospalacios1245,-PlkQno5q50,1
@markofiume,-PlkQno5q50,1
@mdeyanov,-PlkQno5q50,1
@mikelee9886,-PlkQno5q50,1
@mikemm9827,-PlkQno5q50,1
@mikepillwax,-PlkQno5q50,1
@mister-yuki-wfh,-PlkQno5q50,1
@mitchellrcohen,-PlkQno5q50,1
@mmm-ie5ws,-PlkQno5q50,1
@mojojojo1529,-PlkQno5q50,1
@monster-mind,-PlkQno5q50,1
@mpmansell,-PlkQno5q50,1
@mrdaljama16,-PlkQno5q50,1
@mrookeward,-PlkQno5q50,1
@mzba94,-PlkQno5q50,1
@nmocruz,-PlkQno5q50,1
@oliverfunk,-PlkQno5q50,1
@pehur00,-PlkQno5q50,1
@petsoukos,-PlkQno5q50,1
@piyushdhore,-PlkQno5q50,1
@pokefreak2112,-PlkQno5q50,1
@quotablecode,-PlkQno5q50,1
@ragnarok7976,-PlkQno5q50,1
@rahulgawale,-PlkQno5q50,1
@rebelartwork,-PlkQno5q50,1
@robertodelgado6387,-PlkQno5q50,1
@rodrigoqteixeira,-PlkQno5q50,1
@rufaloice,-PlkQno5q50,1
@rushfrisby,-PlkQno5q50,1
@s.i.m.c.a,-PlkQno5q50,1
@scottfwalter,-PlkQno5q50,2
@scottish_folds_are_evil,-PlkQno5q50,1
@seq31,-PlkQno5q50,1
@sinistermephisto65,-PlkQno5q50,2
@skeleton_craftGaming,-PlkQno5q50,1
@spaceghostmiid,-PlkQno5q50,1
@spinning_data2974,-PlkQno5q50,1
@stephenkolostyak4087,-PlkQno5q50,1
@tbremard,-PlkQno5q50,1
@thegreatbambino3358,-PlkQno5q50,1
@tobiasjuhre,-PlkQno5q50,1
@toshitsingh7270,-PlkQno5q50,1
@trer1992,-PlkQno5q50,1
@user-vu7my6kd4g,-PlkQno5q50,1
@vectar,-PlkQno5q50,1
@veritas7010,-PlkQno5q50,1
@whatzzzup5974,-PlkQno5q50,1
@wtfskilz,-PlkQno5q50,1
@xnsmsifydk,-PlkQno5q50,1
@yyyysiqzjajzhac,-PlkQno5q50,1
@AlexMx-c3f,-Tz_FWVYgnM,1
@MunMunSon,-Tz_FWVYgnM,1
@NexTLosTs,-Tz_FWVYgnM,1
@Nitian_Vanshika_with_AIR1,-Tz_FWVYgnM,1
@PrivacyScrubber,-Tz_FWVYgnM,1
@RalfSRobotRalf,-Tz_FWVYgnM,1
@RikayuWilzam,-Tz_FWVYgnM,1
@TadviSunil-dj6hw,-Tz_FWVYgnM,1
@TheoriginalBMT,-Tz_FWVYgnM,1
@WirStartenKI,-Tz_FWVYgnM,1
@adelafamea516,-Tz_FWVYgnM,1
@beeback1910,-Tz_FWVYgnM,1
@cabazorro34,-Tz_FWVYgnM,1
@chougaghil,-Tz_FWVYgnM,1
@divyanshukumar3954,-Tz_FWVYgnM,1
@ivashkenguru7681,-Tz_FWVYgnM,1
@jasonrhtx,-Tz_FWVYgnM,1
@jaywashington9003,-Tz_FWVYgnM,1
@jjj111-xt4fw,-Tz_FWVYgnM,1
@joeypeleg152,-Tz_FWVYgnM,1
@kamlakarnarkar3444,-Tz_FWVYgnM,1
@mariopellegrino3702,-Tz_FWVYgnM,1
@raja__ff__045,-Tz_FWVYgnM,1
@stanleyweller6856,-Tz_FWVYgnM,1
@tecnom7133,-Tz_FWVYgnM,1
@vampyrkiller,-Tz_FWVYgnM,1
@vicaya,-Tz_FWVYgnM,1
@vladimirspasov5591,-Tz_FWVYgnM,1
@АндрейР-ю6л,-Tz_FWVYgnM,1
@الال-ك7ط6ج,-Tz_FWVYgnM,1
@AAA-f1m,-VTiqivKOB8,1
@AIOptimizer,-VTiqivKOB8,1
@AIRuinedMe,-VTiqivKOB8,1
@Abdirizakmoho-m6c,-VTiqivKOB8,1
@Akuliso,-VTiqivKOB8,1
@Amondyn,-VTiqivKOB8,1
@Arsalanjamal-s3k,-VTiqivKOB8,1
@Aswathi-j6n,-VTiqivKOB8,1
@Blockbuster01010,-VTiqivKOB8,1
@Cainbred,-VTiqivKOB8,1
@CamonaTempest,-VTiqivKOB8,1
@CretaMusicsoftware,-VTiqivKOB8,1
@Dailydrops-cloud,-VTiqivKOB8,1
@Deramirezv,-VTiqivKOB8,1
@EzraSchroeder,-VTiqivKOB8,1
@IsmailOlaiwon,-VTiqivKOB8,2
@JholmerDamayo,-VTiqivKOB8,1
@KenW418,-VTiqivKOB8,1
@Kian-m2m,-VTiqivKOB8,1
@MadaZach-m5f,-VTiqivKOB8,1
@MannieLyticsDSA,-VTiqivKOB8,2
@Obie.,-VTiqivKOB8,1
@PedroLucas-np3fg,-VTiqivKOB8,1
@PriyaNandan-u8k,-VTiqivKOB8,1
@QueenVenmirz,-VTiqivKOB8,1
@RadioAwareness-PeterGy,-VTiqivKOB8,1
@Road2Ai,-VTiqivKOB8,1
@Saboor-Hamedi,-VTiqivKOB8,2
@SimpleDataScience,-VTiqivKOB8,1
@TOMKATPEDALS,-VTiqivKOB8,2
@TongTongsToys,-VTiqivKOB8,1
@TrevysKorner,-VTiqivKOB8,1
@WartimeWhispersHQ,-VTiqivKOB8,1
@WilsonMar1,-VTiqivKOB8,1
@Xmasparol,-VTiqivKOB8,1
@Yaraa_AI,-VTiqivKOB8,1
@_BobZ_,-VTiqivKOB8,1
@alish2950,-VTiqivKOB8,1
@anishpokhrel3410,-VTiqivKOB8,1
@b3arwithm3,-VTiqivKOB8,1
@baalifathi7780,-VTiqivKOB8,1
@blaisemennia9910,-VTiqivKOB8,1
@calligraphypgn,-VTiqivKOB8,1
@canygard,-VTiqivKOB8,1
@cenanium,-VTiqivKOB8,1
@code_till_sayonara,-VTiqivKOB8,1
@danielmoller3258,-VTiqivKOB8,1
@danielsoto9876,-VTiqivKOB8,2
@davidrascoe,-VTiqivKOB8,1
@deepsleepstudynoise,-VTiqivKOB8,1
@demezziah,-VTiqivKOB8,1
@dslogicsim7844,-VTiqivKOB8,1
@easypeasy2938,-VTiqivKOB8,1
@eldarion933,-VTiqivKOB8,1
@fausi89,-VTiqivKOB8,1
@fullstackaai,-VTiqivKOB8,1
@genekoyfman7710,-VTiqivKOB8,1
@hankhan5629,-VTiqivKOB8,2
@iaroslavkostyanniko9587,-VTiqivKOB8,1
@ibrarmahammad8761,-VTiqivKOB8,1
@israelikarine5027,-VTiqivKOB8,1
@jaykihikotech,-VTiqivKOB8,1
@jimjimjim5995,-VTiqivKOB8,2
@kevinpatricsmith,-VTiqivKOB8,1
@kristala-k8e,-VTiqivKOB8,1
@kukasr,-VTiqivKOB8,1
@lemi3d364,-VTiqivKOB8,1
@maximcoding2667,-VTiqivKOB8,1
@michaelangellotti5741,-VTiqivKOB8,1
@mightye6669,-VTiqivKOB8,1
@mikepettengill2706,-VTiqivKOB8,1
@mrbartuss1,-VTiqivKOB8,1
@ms-abbas,-VTiqivKOB8,1
@muhammadarham7410,-VTiqivKOB8,1
@mukibulhasan,-VTiqivKOB8,1
@nadeejakeerthirathna7979,-VTiqivKOB8,1
@neonwis,-VTiqivKOB8,1
@nimbalyst,-VTiqivKOB8,1
@nobodys2358,-VTiqivKOB8,1
@nsantanu,-VTiqivKOB8,1
@qu48,-VTiqivKOB8,1
@rezaaliyari2889,-VTiqivKOB8,1
@richardhack5202,-VTiqivKOB8,1
@rohitsaxena1992,-VTiqivKOB8,1
@rverm1000,-VTiqivKOB8,2
@samanqazi456,-VTiqivKOB8,1
@sametheguitarguy,-VTiqivKOB8,2
@sheikhattaulhaq6735,-VTiqivKOB8,1
@snehotoshbanerjee1938,-VTiqivKOB8,1
@somar3119,-VTiqivKOB8,1
@sylar7780,-VTiqivKOB8,1
@techwithsam,-VTiqivKOB8,1
@tiagorodrigues4445,-VTiqivKOB8,1
@timothymurphy1397,-VTiqivKOB8,1
@tuankhanhvo7416,-VTiqivKOB8,1
@usamashami11,-VTiqivKOB8,1
@venkaraj,-VTiqivKOB8,1
@victordam3921,-VTiqivKOB8,1
@vitusyu9583,-VTiqivKOB8,1
@vlagurl,-VTiqivKOB8,1
@xarisalkiviadis2162,-VTiqivKOB8,1
@yoDQ,-VTiqivKOB8,1
@CivicYt,-yKALFS5ewY,1
@DeepakSachdevankshschdv,-yKALFS5ewY,1
@KnerftErftinger,-yKALFS5ewY,1
@SayaliYewale-ug7rg,-yKALFS5ewY,1
@SimZoneStudios,-yKALFS5ewY,1
@TetonBased,-yKALFS5ewY,1
@aerisseon,-yKALFS5ewY,1
@jackassicorn,-yKALFS5ewY,1
@josephsutton8817,-yKALFS5ewY,1
@m4rcika,-yKALFS5ewY,1
@pramendra811,-yKALFS5ewY,1
@someone5943,-yKALFS5ewY,1
@yourmanstan,-yKALFS5ewY,1
@이재홍-l4j,-yKALFS5ewY,1
@120M,0e-Brv-gS9Q,1
@50badjie,0e-Brv-gS9Q,2
@AD3Supa,0e-Brv-gS9Q,1
@AdamLMore,0e-Brv-gS9Q,2
@Adoni.Official,0e-Brv-gS9Q,2
@AgenticAli,0e-Brv-gS9Q,1
@AjarnSpencer,0e-Brv-gS9Q,3
@AlanKhest,0e-Brv-gS9Q,1
@Alienbass1,0e-Brv-gS9Q,1
@Amrik-dagoat,0e-Brv-gS9Q,1
@Andrushe4kanka,0e-Brv-gS9Q,1
@ApexDevHQ,0e-Brv-gS9Q,1
@Art-kz6zf,0e-Brv-gS9Q,1
@Asmar196,0e-Brv-gS9Q,1
@AuroraMarinii,0e-Brv-gS9Q,7
@AwakenKeysYT,0e-Brv-gS9Q,1
@AxsRock,0e-Brv-gS9Q,1
@BLACKWELL-1,0e-Brv-gS9Q,1
@BenBen-g6s9u,0e-Brv-gS9Q,1
@BennyOnRye,0e-Brv-gS9Q,1
@BinaryRot,0e-Brv-gS9Q,1
@Bryan-lu4du,0e-Brv-gS9Q,1
@C00Cker,0e-Brv-gS9Q,1
@Cifero-d5m,0e-Brv-gS9Q,1
@CornelPanic,0e-Brv-gS9Q,1
@Covalexai,0e-Brv-gS9Q,1
@Create-The-Imaginable,0e-Brv-gS9Q,1
@CyberSQUID9000,0e-Brv-gS9Q,1
@DM-py7pj,0e-Brv-gS9Q,1
@DemidovD,0e-Brv-gS9Q,1
@Dom-zy1qy,0e-Brv-gS9Q,1
@DonnieBosede,0e-Brv-gS9Q,1
@ErickJoseph-g6q,0e-Brv-gS9Q,1
@GNARGNARHEAD,0e-Brv-gS9Q,1
@GeekyHistorian,0e-Brv-gS9Q,1
@GigaCrafty,0e-Brv-gS9Q,1
@GrandAdminralThrawn-Vari-gh4mu,0e-Brv-gS9Q,1
@GurvinderSingh-ku8mf,0e-Brv-gS9Q,1
@HD_099,0e-Brv-gS9Q,1
@Hamid-p4g5j,0e-Brv-gS9Q,1
@HeinMeling,0e-Brv-gS9Q,1
@HeyMrHappy,0e-Brv-gS9Q,2
@Hou-no,0e-Brv-gS9Q,1
@HypnoGenX,0e-Brv-gS9Q,1
@ImStian,0e-Brv-gS9Q,1
@Imaripoffofpinewoodbuilders,0e-Brv-gS9Q,1
@Insightful_Pipe_MCP_Connectors,0e-Brv-gS9Q,1
@Jaeforex41,0e-Brv-gS9Q,1
@Jefemcownage,0e-Brv-gS9Q,1
@JeremyJackson111,0e-Brv-gS9Q,1
@JoeyNuggies,0e-Brv-gS9Q,1
@JohnSmith762A11B,0e-Brv-gS9Q,3
@JumpstarOfficial,0e-Brv-gS9Q,3
@K3dev,0e-Brv-gS9Q,1
@KageBlink,0e-Brv-gS9Q,3
@Kaiyang389,0e-Brv-gS9Q,1
@Kirko_297,0e-Brv-gS9Q,1
@LeoVS44,0e-Brv-gS9Q,1
@Leonalayja,0e-Brv-gS9Q,1
@LogysSpace,0e-Brv-gS9Q,1
@Luzivog,0e-Brv-gS9Q,2
@M.A.official.0,0e-Brv-gS9Q,1
@Mackcolak-xf5bk,0e-Brv-gS9Q,1
@Masonddudley-g5m,0e-Brv-gS9Q,1
@Mindwitch5,0e-Brv-gS9Q,1
@MoMoWongHK,0e-Brv-gS9Q,1
@Mr.AllthaThings,0e-Brv-gS9Q,1
@MrAwesomeTheBruce,0e-Brv-gS9Q,1
@Muttakim913,0e-Brv-gS9Q,1
@NeonWaifuTech,0e-Brv-gS9Q,1
@Neoseditz1818,0e-Brv-gS9Q,1
@NoLimitSquad,0e-Brv-gS9Q,2
@NorthOfEarth,0e-Brv-gS9Q,1
@Okultra-h8g,0e-Brv-gS9Q,1
@Oldaker,0e-Brv-gS9Q,1
@ParkusYT,0e-Brv-gS9Q,1
@PaulSolt,0e-Brv-gS9Q,1
@Psi34ax,0e-Brv-gS9Q,1
@RB.1992,0e-Brv-gS9Q,1
@RaymondPeckIII,0e-Brv-gS9Q,1
@RedOneM,0e-Brv-gS9Q,1
@S1ul2,0e-Brv-gS9Q,1
@Sacred_Geometrist,0e-Brv-gS9Q,1
@SalzmanSoftware,0e-Brv-gS9Q,1
@SarYou-v5o,0e-Brv-gS9Q,1
@Shakl-e,0e-Brv-gS9Q,1
@ShandySutanto,0e-Brv-gS9Q,1
@ShawnDowns,0e-Brv-gS9Q,1
@Shivrajpawar-yt1gh,0e-Brv-gS9Q,1
@ShreyashGuptas,0e-Brv-gS9Q,1
@Shyvadi,0e-Brv-gS9Q,1
@SjarMenace,0e-Brv-gS9Q,1
@SlickEdge,0e-Brv-gS9Q,1
@Something_Elemental,0e-Brv-gS9Q,1
@Sri_Harsha_Electronics_Guthik,0e-Brv-gS9Q,1
@StarlightInsights_com,0e-Brv-gS9Q,1
@StevenAkinyemi,0e-Brv-gS9Q,2
@THE-X-Force,0e-Brv-gS9Q,1
@The.137,0e-Brv-gS9Q,1
@TheDigitalHearts,0e-Brv-gS9Q,1
@TheGawdsmak,0e-Brv-gS9Q,1
@TheRealLondonBoy,0e-Brv-gS9Q,1
@Toni_Garrn,0e-Brv-gS9Q,1
@TrayHardPlay,0e-Brv-gS9Q,1
@UsernameSvitlana,0e-Brv-gS9Q,1
@V.Pchelkin,0e-Brv-gS9Q,1
@VIDSInsight,0e-Brv-gS9Q,1
@VamshiPandugula,0e-Brv-gS9Q,1
@VikasSagi,0e-Brv-gS9Q,1
@WIN_1306,0e-Brv-gS9Q,1
@Z411G,0e-Brv-gS9Q,1
@Zoupyx,0e-Brv-gS9Q,1
@_dj_shadow_,0e-Brv-gS9Q,1
@_galacto,0e-Brv-gS9Q,1
@abdalla4425,0e-Brv-gS9Q,1
@abdullahhashmi-y8j,0e-Brv-gS9Q,1
@ac_cobra8540,0e-Brv-gS9Q,1
@adamholter1884,0e-Brv-gS9Q,1
@agustinlorenzo7966,0e-Brv-gS9Q,1
@aifakepro,0e-Brv-gS9Q,1
@aigriffin42704,0e-Brv-gS9Q,3
@alexamazon7870,0e-Brv-gS9Q,1
@ameerali.ouarda,0e-Brv-gS9Q,1
@amudalatulasi9379,0e-Brv-gS9Q,1
@andrere2,0e-Brv-gS9Q,1
@appsora2,0e-Brv-gS9Q,1
@ariopanjinugroho,0e-Brv-gS9Q,1
@asadshahUK,0e-Brv-gS9Q,1
@asturagente4731,0e-Brv-gS9Q,2
@augustogalindo8687,0e-Brv-gS9Q,1
@baranseren2,0e-Brv-gS9Q,1
@bdredzai,0e-Brv-gS9Q,1
@belumterpikirnama8125,0e-Brv-gS9Q,1
@beneditofredericocongolojr1567,0e-Brv-gS9Q,1
@bigbrain1222,0e-Brv-gS9Q,1
@bitterl5379,0e-Brv-gS9Q,1
@bobbytablez,0e-Brv-gS9Q,1
@charlessundayfr,0e-Brv-gS9Q,1
@charlie-taylor,0e-Brv-gS9Q,1
@conan_der_barbar,0e-Brv-gS9Q,1
@conanssam,0e-Brv-gS9Q,1
@cornfieldchase__,0e-Brv-gS9Q,1
@crispogee,0e-Brv-gS9Q,1
@crypto8998,0e-Brv-gS9Q,1
@daniellanciotti8908,0e-Brv-gS9Q,1
@daniilsanders2257,0e-Brv-gS9Q,1
@dannyboycar0777,0e-Brv-gS9Q,1
@darkreader01,0e-Brv-gS9Q,1
@deepanshumourya9571,0e-Brv-gS9Q,1
@delduked,0e-Brv-gS9Q,1
@den7k356,0e-Brv-gS9Q,1
@dennisasamoah2213,0e-Brv-gS9Q,1
@derekfolch6158,0e-Brv-gS9Q,1
@diegomagdaleno4464,0e-Brv-gS9Q,2
@dogzer,0e-Brv-gS9Q,2
@doingmybestish,0e-Brv-gS9Q,1
@donaldpierce6877,0e-Brv-gS9Q,1
@doraszucs5099,0e-Brv-gS9Q,1
@ekselans33,0e-Brv-gS9Q,1
@embersandash,0e-Brv-gS9Q,1
@emres.8025,0e-Brv-gS9Q,1
@epicboy330,0e-Brv-gS9Q,1
@ericmckevitt,0e-Brv-gS9Q,3
@felixschneidenbach2422,0e-Brv-gS9Q,1
@ff_user,0e-Brv-gS9Q,2
@florijnterstal6590,0e-Brv-gS9Q,1
@flowstate8366,0e-Brv-gS9Q,1
@fraserdab,0e-Brv-gS9Q,1
@fticon,0e-Brv-gS9Q,1
@ga6ez,0e-Brv-gS9Q,1
@gamenation9706,0e-Brv-gS9Q,1
@garethjax,0e-Brv-gS9Q,1
@gelrev,0e-Brv-gS9Q,1
@gottahide7950,0e-Brv-gS9Q,1
@greencuby,0e-Brv-gS9Q,1
@halilou9159,0e-Brv-gS9Q,1
@hasani11487,0e-Brv-gS9Q,1
@haysowl,0e-Brv-gS9Q,1
@hojjatrakhshani5553,0e-Brv-gS9Q,1
@hqcart1,0e-Brv-gS9Q,1
@isakbh,0e-Brv-gS9Q,1
@ishwargowda,0e-Brv-gS9Q,1
@itscharlieschannel,0e-Brv-gS9Q,1
@izekc22,0e-Brv-gS9Q,1
@jbond5834,0e-Brv-gS9Q,1
@jonogrimmer6013,0e-Brv-gS9Q,1
@juanlugofitness,0e-Brv-gS9Q,1
@jwcurry83,0e-Brv-gS9Q,4
@keenoogodlike,0e-Brv-gS9Q,1
@kenshiman90,0e-Brv-gS9Q,1
@kosmos5420,0e-Brv-gS9Q,1
@labibhasan255,0e-Brv-gS9Q,1
@leavenolines5934,0e-Brv-gS9Q,1
@life2030,0e-Brv-gS9Q,1
@lucface,0e-Brv-gS9Q,1
@maji500,0e-Brv-gS9Q,1
@malomalovids,0e-Brv-gS9Q,1
@marcel_hoffman,0e-Brv-gS9Q,1
@marek9930,0e-Brv-gS9Q,1
@matoplayz2431,0e-Brv-gS9Q,1
@mattizzle81,0e-Brv-gS9Q,1
@mattpears2472,0e-Brv-gS9Q,1
@milochenmilochen,0e-Brv-gS9Q,1
@mlmoreno75,0e-Brv-gS9Q,2
@mmwwaa100,0e-Brv-gS9Q,1
@moisesbessalle,0e-Brv-gS9Q,1
@mrtongthl,0e-Brv-gS9Q,1
@mxmx2842,0e-Brv-gS9Q,1
@n1ira,0e-Brv-gS9Q,1
@nin_mnb,0e-Brv-gS9Q,1
@nintendopro03,0e-Brv-gS9Q,1
@notforbiddensteve,0e-Brv-gS9Q,1
@notnotandrew,0e-Brv-gS9Q,1
@notslushumi,0e-Brv-gS9Q,2
@nyezinahsolomon,0e-Brv-gS9Q,1
@ole-oleojrot3106,0e-Brv-gS9Q,1
@orangehatmusic225,0e-Brv-gS9Q,1
@otabek_kholmirzaev,0e-Brv-gS9Q,1
@pheonix4709,0e-Brv-gS9Q,1
@philwarner2646,0e-Brv-gS9Q,1
@phyzixlab,0e-Brv-gS9Q,1
@pixelverse48,0e-Brv-gS9Q,1
@ponych,0e-Brv-gS9Q,1
@pratikbhujel,0e-Brv-gS9Q,1
@princemardoch,0e-Brv-gS9Q,1
@pro-detail,0e-Brv-gS9Q,1
@proofofrice,0e-Brv-gS9Q,1
@propermusiiwa702,0e-Brv-gS9Q,1
@rachidow2125,0e-Brv-gS9Q,1
@ramchander6719,0e-Brv-gS9Q,1
@randallstephens1680,0e-Brv-gS9Q,1
@rawfromnowhere,0e-Brv-gS9Q,1
@rikitikitaki5919,0e-Brv-gS9Q,1
@rodvik,0e-Brv-gS9Q,1
@rwj_dk,0e-Brv-gS9Q,1
@s.s.2079,0e-Brv-gS9Q,1
@sainathreddy5048,0e-Brv-gS9Q,1
@sammers4700,0e-Brv-gS9Q,1
@sembl4nce1,0e-Brv-gS9Q,2
@setoelkahfi,0e-Brv-gS9Q,1
@shauncarr8093,0e-Brv-gS9Q,2
@shellishack,0e-Brv-gS9Q,1
@smealson1919,0e-Brv-gS9Q,1
@somewherefar6130,0e-Brv-gS9Q,2
@soylentpink7845,0e-Brv-gS9Q,1
@sparshpriyadarshi,0e-Brv-gS9Q,1
@spazneria,0e-Brv-gS9Q,2
@stevenwilson2292,0e-Brv-gS9Q,1
@suppien,0e-Brv-gS9Q,1
@synthjob,0e-Brv-gS9Q,1
@tahir4163,0e-Brv-gS9Q,1
@techiemoonstudios,0e-Brv-gS9Q,1
@thainguyenche4101,0e-Brv-gS9Q,1
@thebetchannel,0e-Brv-gS9Q,1
@themarksmith,0e-Brv-gS9Q,1
@themindsparkquiz,0e-Brv-gS9Q,1
@thenoblerot,0e-Brv-gS9Q,1
@thewiseman231,0e-Brv-gS9Q,1
@tivtag,0e-Brv-gS9Q,1
@tommyboi0,0e-Brv-gS9Q,2
@townaldtrump1316,0e-Brv-gS9Q,1
@trappedcat3615,0e-Brv-gS9Q,2
@tylerkemp5467,0e-Brv-gS9Q,1
@unkwn_shadow,0e-Brv-gS9Q,1
@useyourbrainss,0e-Brv-gS9Q,1
@vaibhav13346,0e-Brv-gS9Q,1
@willscorner8423,0e-Brv-gS9Q,1
@witshock,0e-Brv-gS9Q,1
@wtflolomg,0e-Brv-gS9Q,1
@yuvraj.agarwal,0e-Brv-gS9Q,1
@נתנאלרותם-פ3ה,0e-Brv-gS9Q,1
@حسينالحمادينالحمادين,0e-Brv-gS9Q,1
@ぶるどっぐ-v9m,0e-Brv-gS9Q,1
@덤최몇-c6u,0e-Brv-gS9Q,2
@베시어스,0e-Brv-gS9Q,1
@조선닌자핫토리,0e-Brv-gS9Q,1
@AbdulrhmanAlhalabi,1FiER-40zng,1
@AlexandreBarbosaIT,1FiER-40zng,1
@Aloukat,1FiER-40zng,1
@AntonAbyzov,1FiER-40zng,1
@BigFarm_ah365,1FiER-40zng,2
@Caleb_Spotz,1FiER-40zng,2
@ColeMedin,1FiER-40zng,54
@EliteRemmy,1FiER-40zng,1
@FabLoki,1FiER-40zng,2
@HiCHRIIS,1FiER-40zng,1
@IanRagless,1FiER-40zng,1
@IvanRizzante,1FiER-40zng,2
@JonRodmanUSA,1FiER-40zng,1
@KVKAutomates,1FiER-40zng,1
@KalleWurst,1FiER-40zng,1
@MatthewPomar,1FiER-40zng,1
@MightyPrefix,1FiER-40zng,1
@MsRofex88,1FiER-40zng,1
@NickRomanek,1FiER-40zng,1
@Nikkes-b2v,1FiER-40zng,1
@NikosIliakis,1FiER-40zng,2
@Pm__98768,1FiER-40zng,1
@ProstoTak92052,1FiER-40zng,2
@PureRelativity-42,1FiER-40zng,1
@ShahJahan_NNN,1FiER-40zng,1
@Skillbit-zzz,1FiER-40zng,1
@SlowMody,1FiER-40zng,1
@TheAleBecker,1FiER-40zng,1
@Thirty3Labs,1FiER-40zng,1
@ThrowbackGaming1,1FiER-40zng,1
@Zuentax,1FiER-40zng,1
@beansplace,1FiER-40zng,3
@biba_500,1FiER-40zng,1
@billygoatkaraoke,1FiER-40zng,1
@cortezforever,1FiER-40zng,2
@eXacT1337,1FiER-40zng,5
@erikriedel91,1FiER-40zng,1
@gavada8596,1FiER-40zng,1
@jasonpickens9839,1FiER-40zng,3
@jd5787,1FiER-40zng,2
@kaikiefer8303,1FiER-40zng,1
@lazi_izal,1FiER-40zng,1
@madhudson1,1FiER-40zng,1
@mmlufer,1FiER-40zng,1
@moamenai-u9e,1FiER-40zng,1
@mosherchtman,1FiER-40zng,1
@ocBuilderDisorder,1FiER-40zng,1
@oskarex,1FiER-40zng,2
@patrickqueensen2523,1FiER-40zng,2
@pattymac1980,1FiER-40zng,1
@radekberan7674,1FiER-40zng,1
@raveuk7656,1FiER-40zng,1
@reynubix,1FiER-40zng,1
@ryan-zx4is,1FiER-40zng,1
@samdeployvr975,1FiER-40zng,1
@share_the_love,1FiER-40zng,1
@singlesourceai,1FiER-40zng,1
@sssubarusss,1FiER-40zng,1
@thespencerowen,1FiER-40zng,1
@xeviltimxy,1FiER-40zng,1
@ASSA727,1GVBRhDI5No,1
@BryonLape,1GVBRhDI5No,1
@DmitriZaitsev,1GVBRhDI5No,1
@FortniteDubs,1GVBRhDI5No,1
@GauravGoyal1911,1GVBRhDI5No,1
@IamOl1vebranch,1GVBRhDI5No,1
@Sri_Harsha_Electronics_Guthik,1GVBRhDI5No,1
@TheBest-sd2qf,1GVBRhDI5No,1
@Tiku-q3r,1GVBRhDI5No,1
@White_King,1GVBRhDI5No,1
@acolombiadev,1GVBRhDI5No,1
@adriano_silva_,1GVBRhDI5No,1
@amitk6701,1GVBRhDI5No,1
@ans4175,1GVBRhDI5No,1
@arseniyivanov4197,1GVBRhDI5No,1
@boyracer3000,1GVBRhDI5No,1
@coderider3022,1GVBRhDI5No,1
@ericlake62,1GVBRhDI5No,1
@garolstipock,1GVBRhDI5No,1
@hamesrodrigues4232,1GVBRhDI5No,1
@iamme788,1GVBRhDI5No,1
@jaggyjut,1GVBRhDI5No,1
@joshphilips9919,1GVBRhDI5No,1
@marcobaccaro,1GVBRhDI5No,1
@melekRebai,1GVBRhDI5No,1
@muhammadalfaris100,1GVBRhDI5No,1
@mwcz25,1GVBRhDI5No,1
@nagulan77fr,1GVBRhDI5No,1
@pH7Programming,1GVBRhDI5No,1
@programmeryk5659,1GVBRhDI5No,1
@randomforest_dev,1GVBRhDI5No,1
@robertotomas,1GVBRhDI5No,2
@senju31,1GVBRhDI5No,1
@spartano-ia,1GVBRhDI5No,1
@ttaylor9916,1GVBRhDI5No,1
@vbachris,1GVBRhDI5No,1
@123Handbuch,1_rSrkXovOk,1
@1N73RC3P7OR,1_rSrkXovOk,1
@1creeperbomb,1_rSrkXovOk,1
@420BongHit,1_rSrkXovOk,1
@99vishn,1_rSrkXovOk,1
@AURON-i8v,1_rSrkXovOk,1
@AbodeSoleman,1_rSrkXovOk,1
@Al5lv0kzl2ncvl91,1_rSrkXovOk,1
@AmerAlmasri-e6x,1_rSrkXovOk,1
@AmranooAmranoo,1_rSrkXovOk,1
@AnAnyMator,1_rSrkXovOk,1
@Andrei-t5w,1_rSrkXovOk,1
@AngelGirls-x9i5b,1_rSrkXovOk,1
@Apoc2K,1_rSrkXovOk,1
@ArshadAnsari-zn3yj,1_rSrkXovOk,1
@AswadiWadi-y6g,1_rSrkXovOk,1
@BAHAAalsori,1_rSrkXovOk,1
@Bacontim3,1_rSrkXovOk,1
@BadreddinHezil,1_rSrkXovOk,1
@Banditmax20,1_rSrkXovOk,1
@BilalBilalou-n6i,1_rSrkXovOk,1
@Brunopuntzjones,1_rSrkXovOk,1
@Cute.editz.10-d8x,1_rSrkXovOk,1
@Czkxt,1_rSrkXovOk,1
@DanielRand-e4v6h,1_rSrkXovOk,1
@DelowarHussen570,1_rSrkXovOk,1
@DerDoJo,1_rSrkXovOk,1
@Dheeraj-c6z,1_rSrkXovOk,1
@EJAofficialTV,1_rSrkXovOk,1
@EZcNOm,1_rSrkXovOk,1
@EsraaShm,1_rSrkXovOk,1
@Eugeniusee,1_rSrkXovOk,1
@FFLover-f1x,1_rSrkXovOk,1
@FafaNutifafa,1_rSrkXovOk,1
@FrankHouston-v5e,1_rSrkXovOk,1
@GWGS_YT,1_rSrkXovOk,1
@GregFirehawk,1_rSrkXovOk,1
@Guest29f2w,1_rSrkXovOk,1
@GuilhermeHolz,1_rSrkXovOk,1
@GurmeetRay-ty3kj,1_rSrkXovOk,1
@HananAHananA-g5n,1_rSrkXovOk,1
@HarishSapparapu,1_rSrkXovOk,1
@Harsh-JAT-1,1_rSrkXovOk,1
@Haymir11,1_rSrkXovOk,1
@Hearay-t7y,1_rSrkXovOk,1
@HggdVhhug,1_rSrkXovOk,1
@HolaACchillin,1_rSrkXovOk,1
@Hostile_Rampage,1_rSrkXovOk,1
@Ibrahim78910,1_rSrkXovOk,1
@IraborCofidence,1_rSrkXovOk,1
@JDAitken,1_rSrkXovOk,1
@Jitu12_75,1_rSrkXovOk,1
@Jony2829,1_rSrkXovOk,1
@JoséangelJimenez-v5j,1_rSrkXovOk,1
@JulianAlvarez-e1f,1_rSrkXovOk,1
@KaiSong-vv7wh,1_rSrkXovOk,1
@KathrynBrock1,1_rSrkXovOk,1
@KevKreates,1_rSrkXovOk,1
@KhungX10,1_rSrkXovOk,1
@KidistMerge,1_rSrkXovOk,1
@LITHUANIAOFFICAL,1_rSrkXovOk,1
@Lavender_1618,1_rSrkXovOk,1
@LaxmiDevi-s1q4h,1_rSrkXovOk,1
@LuizMoureau,1_rSrkXovOk,1
@MDRASHIDALAM-u1n,1_rSrkXovOk,1
@MR_LALIT_NOT_gamers,1_rSrkXovOk,2
@MarielaRujano,1_rSrkXovOk,1
@MayarHb-em5ob,1_rSrkXovOk,1
@MdSaom-c1p,1_rSrkXovOk,1
@MikkoRantalainen,1_rSrkXovOk,1
@MohamadAlkateb-b4u,1_rSrkXovOk,1
@MorganWaswa-d3l,1_rSrkXovOk,1
@Moue408,1_rSrkXovOk,1
@MrJonstheman,1_rSrkXovOk,1
@NANDLALmeena-vg6ne,1_rSrkXovOk,1
@NOORALHUDAALHSN-k1k,1_rSrkXovOk,1
@Nathans.aicontent,1_rSrkXovOk,1
@NeelPatel-t1v,1_rSrkXovOk,1
@NohelibethPérez,1_rSrkXovOk,1
@NoorAlam-u8q7k,1_rSrkXovOk,1
@Numbertwo22,1_rSrkXovOk,1
@PathubhaRajput-n7h,1_rSrkXovOk,1
@PonyVrema,1_rSrkXovOk,1
@PremTamang-n4g,1_rSrkXovOk,1
@Radi0he4d1,1_rSrkXovOk,1
@RajendraShyam-b8d,1_rSrkXovOk,1
@RayonDai,1_rSrkXovOk,1
@Rudy-g8k,1_rSrkXovOk,1
@SanelisiweStimani,1_rSrkXovOk,1
@SanjayPatra-123snjau,1_rSrkXovOk,1
@SerShake,1_rSrkXovOk,1
@SeriouslyNotabot,1_rSrkXovOk,1
@ShehabRrrtt,1_rSrkXovOk,1
@SindisiweSishange,1_rSrkXovOk,1
@SineN0mine3,1_rSrkXovOk,1
@Sirhabo,1_rSrkXovOk,1
@Socrates-m67,1_rSrkXovOk,1
@SunilKumar-c7q4j,1_rSrkXovOk,1
@SuperMilhauz,1_rSrkXovOk,1
@SwiftMo_Power,1_rSrkXovOk,1
@TemesgenAbrha-p9z,1_rSrkXovOk,1
@TerpTeck,1_rSrkXovOk,1
@TheBlackHandOfTime,1_rSrkXovOk,1
@ToussaintMufungizi,1_rSrkXovOk,1
@TreisyEsnaekerGalarragaRondon,1_rSrkXovOk,1
@VictorMichael-d1x,1_rSrkXovOk,1
@Vishal-p5n7b,1_rSrkXovOk,1
@YoussefIpahem,1_rSrkXovOk,1
@Yupppi,1_rSrkXovOk,1
@aaravjayalwal3416,1_rSrkXovOk,1
@abrahammusa2930,1_rSrkXovOk,1
@akashsonar6332,1_rSrkXovOk,1
@alexangulo3854,1_rSrkXovOk,1
@alexfaber9674,1_rSrkXovOk,1
@algonix11,1_rSrkXovOk,1
@aloneasthana9502,1_rSrkXovOk,1
@ang8925,1_rSrkXovOk,1
@asalamousalam,1_rSrkXovOk,1
@aviafficial,1_rSrkXovOk,1
@awaisamin1420,1_rSrkXovOk,1
@ayanshbatra-u9y1n,1_rSrkXovOk,1
@balogungbenga7041,1_rSrkXovOk,1
@calif4088,1_rSrkXovOk,1
@calmhorizons,1_rSrkXovOk,1
@chinmayghule8272,1_rSrkXovOk,1
@claudiobeloved8447,1_rSrkXovOk,1
@codemiesterbeats,1_rSrkXovOk,1
@coreymillia,1_rSrkXovOk,1
@dadcraft64,1_rSrkXovOk,1
@danielvibecodes,1_rSrkXovOk,1
@dupirechristophe7703,1_rSrkXovOk,2
@elbowscooter,1_rSrkXovOk,1
@ethelonarchist,1_rSrkXovOk,1
@fabiolagonzalez9707,1_rSrkXovOk,1
@ft.vinayaksawant8989,1_rSrkXovOk,1
@garryb.1334,1_rSrkXovOk,1
@halneufmille,1_rSrkXovOk,1
@hamzamansour8664,1_rSrkXovOk,1
@help1ng316,1_rSrkXovOk,1
@ikalen,1_rSrkXovOk,1
@isaacrichardson5540,1_rSrkXovOk,1
@its_dimski,1_rSrkXovOk,1
@ivanmaglica264,1_rSrkXovOk,1
@jamalfarooh8427,1_rSrkXovOk,1
@jeffyboyreloaded,1_rSrkXovOk,1
@johncenegal,1_rSrkXovOk,1
@josephflowers5254,1_rSrkXovOk,1
@juancarlosjimenezgomez-go2iq,1_rSrkXovOk,1
@kaierickson3424,1_rSrkXovOk,1
@kartun_56,1_rSrkXovOk,1
@kevinkkirimii,1_rSrkXovOk,1
@kingmike40,1_rSrkXovOk,1
@korh9739,1_rSrkXovOk,1
@laibamasood2296,1_rSrkXovOk,1
@mdfaiz-mf3rq,1_rSrkXovOk,1
@mediocremk2320,1_rSrkXovOk,1
@mindaugask_,1_rSrkXovOk,1
@nickganguly07,1_rSrkXovOk,1
@nl2017-2,1_rSrkXovOk,1
@nmolonia,1_rSrkXovOk,1
@notaadyant,1_rSrkXovOk,1
@nullbeyondo,1_rSrkXovOk,1
@official_darshan_page,1_rSrkXovOk,1
@plegkody,1_rSrkXovOk,1
@radha-x2k1m,1_rSrkXovOk,1
@redwilliam96,1_rSrkXovOk,1
@rjk0128,1_rSrkXovOk,1
@rmx.codedojo,1_rSrkXovOk,1
@rtyughvbn12,1_rSrkXovOk,1
@runandwinmail,1_rSrkXovOk,1
@sanjaykaiwart2461,1_rSrkXovOk,1
@satisfactiongamer7385,1_rSrkXovOk,1
@shivam_jxb,1_rSrkXovOk,1
@sohl111amjad5,1_rSrkXovOk,1
@superdupertyson,1_rSrkXovOk,1
@t_watz,1_rSrkXovOk,1
@thatminer66,1_rSrkXovOk,1
@theothetorch,1_rSrkXovOk,1
@therahay6849,1_rSrkXovOk,1
@thomashansen1309,1_rSrkXovOk,1
@timethemarket4897,1_rSrkXovOk,1
@timmy12345g,1_rSrkXovOk,1
@tingamer2508,1_rSrkXovOk,1
@tom2522,1_rSrkXovOk,1
@ugosinsaang,1_rSrkXovOk,1
@vaisakh_km,1_rSrkXovOk,1
@vanuenzo945,1_rSrkXovOk,1
@vietnamcountryballanimatio8677,1_rSrkXovOk,1
@wittykernel,1_rSrkXovOk,1
@xToxicNinjax,1_rSrkXovOk,1
@y02idkvideos,1_rSrkXovOk,1
@yaimaragonzalez8964,1_rSrkXovOk,1
@ايمانايمان-ب2ب,1_rSrkXovOk,1
@روحالروح-ز1ض,1_rSrkXovOk,1
@طِأّلَبًأّلَرسِلَأّنِ-ف4ش,1_rSrkXovOk,1
@منحقكتعرف-ف5ذ,1_rSrkXovOk,1
@झिलमिलझिलमिल,1_rSrkXovOk,1
@ចម្រៀងai-w4x,1_rSrkXovOk,1
@01go_ai,2aldTxnbNt0,1
@7jinja,2aldTxnbNt0,1
@AashirWaseem-l4t,2aldTxnbNt0,1
@AfzalHussein,2aldTxnbNt0,1
@Ai_videos525f,2aldTxnbNt0,1
@AlfieMarsh,2aldTxnbNt0,1
@AmeltonGsairus,2aldTxnbNt0,1
@AmerAlmasri-e6x,2aldTxnbNt0,1
@AndyLee-d8b,2aldTxnbNt0,1
@Animesay817,2aldTxnbNt0,1
@AnkitMeena-g2e7w,2aldTxnbNt0,1
@AnthonyEverywhere,2aldTxnbNt0,2
@ArtemNikolaev-e6r,2aldTxnbNt0,1
@AssetPersona,2aldTxnbNt0,1
@BangladeshTop1Apale-e1d,2aldTxnbNt0,1
@BareMetalArchitect,2aldTxnbNt0,1
@Browser-o1t,2aldTxnbNt0,1
@Cbjh5p,2aldTxnbNt0,1
@CharlieKierk,2aldTxnbNt0,1
@ColdLamineyamalEditz,2aldTxnbNt0,1
@CustomsClearanceAgency,2aldTxnbNt0,1
@DavidGreen-e2x4f,2aldTxnbNt0,1
@DeepaMajumdar-fn7ry,2aldTxnbNt0,1
@Dev-1845A,2aldTxnbNt0,1
@FarhanAlam-Ak47,2aldTxnbNt0,1
@Filip-ht2wd,2aldTxnbNt0,1
@Gggs1235,2aldTxnbNt0,1
@GorakhSonavane-e4s,2aldTxnbNt0,1
@HahaQ330,2aldTxnbNt0,1
@Harsh-Narayan02,2aldTxnbNt0,1
@Ideasite,2aldTxnbNt0,1
@Jbeltran06,2aldTxnbNt0,1
@John-r3o1k,2aldTxnbNt0,1
@Jzguan,2aldTxnbNt0,1
@KachSamuels,2aldTxnbNt0,2
@KayrmAn,2aldTxnbNt0,1
@KindasYouTube,2aldTxnbNt0,1
@Kurt888hk,2aldTxnbNt0,1
@Labscreatis,2aldTxnbNt0,1
@LearnWithTrevorReed,2aldTxnbNt0,1
@MartinTothSK,2aldTxnbNt0,1
@Matt-t3l,2aldTxnbNt0,1
@MaxSoftax,2aldTxnbNt0,1
@MaxWeir,2aldTxnbNt0,1
@MianHizb,2aldTxnbNt0,1
@MisterSkraetsch,2aldTxnbNt0,1
@Mylosbeats,2aldTxnbNt0,1
@Myoasis-ok9dq,2aldTxnbNt0,1
@Nvkvmakes,2aldTxnbNt0,1
@Olaf-y5v,2aldTxnbNt0,1
@QasimKhan-jh6lb,2aldTxnbNt0,1
@Quinn-t9z,2aldTxnbNt0,1
@RibbsaeterSystems,2aldTxnbNt0,1
@RibentekAI,2aldTxnbNt0,1
@RifkiFirdaus7,2aldTxnbNt0,1
@RosenKolev13,2aldTxnbNt0,1
@Ross_an_Artisan,2aldTxnbNt0,1
@RrrangoScript,2aldTxnbNt0,1
@RyderCollins22,2aldTxnbNt0,1
@SamarHassan-k3h,2aldTxnbNt0,1
@SeemaJaiswal-n6s,2aldTxnbNt0,1
@ShamimCodes,2aldTxnbNt0,1
@SidduBattu-ul5dp,2aldTxnbNt0,1
@Slyndc,2aldTxnbNt0,1
@StillIWander-d8z,2aldTxnbNt0,1
@StreetThreads,2aldTxnbNt0,1
@SuperCorinn,2aldTxnbNt0,1
@SvenBledt,2aldTxnbNt0,1
@Tedd-zzz,2aldTxnbNt0,1
@ThangarajS,2aldTxnbNt0,1
@TheKiRBiR,2aldTxnbNt0,1
@TheOnePetrZ,2aldTxnbNt0,1
@TrevysKorner,2aldTxnbNt0,1
@UgodF,2aldTxnbNt0,1
@VeganRashad,2aldTxnbNt0,1
@VictorMartins239,2aldTxnbNt0,1
@a0lse,2aldTxnbNt0,1
@a1xzyt-y8g,2aldTxnbNt0,1
@abdeSamad-z9b,2aldTxnbNt0,1
@adirnoyman2231,2aldTxnbNt0,1
@aeliayousaf,2aldTxnbNt0,1
@aids2132,2aldTxnbNt0,1
@aka_giampy,2aldTxnbNt0,1
@albertvargasUX,2aldTxnbNt0,1
@allroundcomedy2522,2aldTxnbNt0,1
@aloradigital,2aldTxnbNt0,1
@amdenis,2aldTxnbNt0,1
@andreaskoop,2aldTxnbNt0,1
@ank1019,2aldTxnbNt0,1
@arpitasinhaxo,2aldTxnbNt0,1
@atrtsh,2aldTxnbNt0,1
@bertflix-e1v,2aldTxnbNt0,1
@bhargavganji6525,2aldTxnbNt0,1
@c1ark3c,2aldTxnbNt0,1
@callmegabe.,2aldTxnbNt0,1
@cbbcbb6803,2aldTxnbNt0,1
@chiragdhyani1876,2aldTxnbNt0,1
@creativesMKTGvt,2aldTxnbNt0,1
@cristiano-o8d6f,2aldTxnbNt0,2
@crucor,2aldTxnbNt0,1
@d0ka,2aldTxnbNt0,1
@desmondokafor-v5p,2aldTxnbNt0,1
@djcroptoptot,2aldTxnbNt0,1
@doraidsed3140,2aldTxnbNt0,1
@elmersworldchannel,2aldTxnbNt0,1
@emmabasseyokon,2aldTxnbNt0,1
@empuraan4710,2aldTxnbNt0,1
@ericsawinda5188,2aldTxnbNt0,1
@eskimojean,2aldTxnbNt0,1
@everthinqq,2aldTxnbNt0,1
@exaversial-being,2aldTxnbNt0,1
@f951539,2aldTxnbNt0,1
@firdauskhotibulzickrian5466,2aldTxnbNt0,1
@flychicken666,2aldTxnbNt0,1
@furqanuddin7404,2aldTxnbNt0,1
@gdivadnosdivad6185,2aldTxnbNt0,1
@gibbs677bg,2aldTxnbNt0,1
@grim789,2aldTxnbNt0,1
@hamsaar1536,2aldTxnbNt0,1
@happyurl,2aldTxnbNt0,1
@harkoharko9,2aldTxnbNt0,1
@henridusasca8077,2aldTxnbNt0,2
@hirajuku,2aldTxnbNt0,1
@huangchristophe9530,2aldTxnbNt0,1
@huntt837,2aldTxnbNt0,1
@hyperbang8849,2aldTxnbNt0,1
@iamnaygei,2aldTxnbNt0,1
@iwillwander,2aldTxnbNt0,1
@jamesraj6531,2aldTxnbNt0,1
@jamzdotnet,2aldTxnbNt0,1
@johnbean3429,2aldTxnbNt0,1
@johnnyrush3702,2aldTxnbNt0,1
@joinfullstack,2aldTxnbNt0,1
@josephlee2058,2aldTxnbNt0,1
@jpfeiffer1380,2aldTxnbNt0,2
@kaankunler7993,2aldTxnbNt0,1
@kapilag,2aldTxnbNt0,1
@kennymccormack90,2aldTxnbNt0,1
@kibromgebrerufial,2aldTxnbNt0,1
@kk-go3ld,2aldTxnbNt0,1
@knutwuchtig444,2aldTxnbNt0,1
@krushkrushemz1718,2aldTxnbNt0,1
@leaoaugusto,2aldTxnbNt0,1
@learnwithhabib-bd,2aldTxnbNt0,1
@liquaaDX,2aldTxnbNt0,1
@lisatw,2aldTxnbNt0,1
@luxaeternae,2aldTxnbNt0,1
@markuskempus788,2aldTxnbNt0,1
@marrallisa,2aldTxnbNt0,1
@matthew-c-paul,2aldTxnbNt0,1
@mhoonhingbaa7001,2aldTxnbNt0,1
@mortalnow,2aldTxnbNt0,1
@msamuslim,2aldTxnbNt0,1
@mtvmousetelevision,2aldTxnbNt0,1
@murat06can,2aldTxnbNt0,1
@musicenthusiast-v3o,2aldTxnbNt0,1
@navedshaikh8375,2aldTxnbNt0,1
@official_editor_Rajasthan,2aldTxnbNt0,1
@ojongfalon,2aldTxnbNt0,1
@onebluestone,2aldTxnbNt0,1
@petesapai4066,2aldTxnbNt0,1
@picknow557,2aldTxnbNt0,1
@pingping8536,2aldTxnbNt0,1
@pio-y7h,2aldTxnbNt0,1
@prasad_yt,2aldTxnbNt0,1
@pratham_singh_up65,2aldTxnbNt0,1
@princeschwartz2092,2aldTxnbNt0,1
@raihanmdgician7396,2aldTxnbNt0,1
@ranakaleem9012,2aldTxnbNt0,1
@rasheds_miya,2aldTxnbNt0,1
@rileybrownai,2aldTxnbNt0,8
@rj_trois743,2aldTxnbNt0,1
@rjwije4874,2aldTxnbNt0,1
@rkaid7,2aldTxnbNt0,1
@ryanmercier6721,2aldTxnbNt0,1
@samo_thing,2aldTxnbNt0,1
@sean-king,2aldTxnbNt0,1
@shaneluy7756,2aldTxnbNt0,1
@shawnnosaurus,2aldTxnbNt0,1
@spaceghost166,2aldTxnbNt0,1
@spencer1087,2aldTxnbNt0,1
@stanislavhristakiev1881,2aldTxnbNt0,1
@steelwaters82,2aldTxnbNt0,1
@tale.mp4,2aldTxnbNt0,1
@taskjuice,2aldTxnbNt0,1
@tauserdev,2aldTxnbNt0,1
@thairux,2aldTxnbNt0,1
@thedailylensmedia,2aldTxnbNt0,1
@theewings,2aldTxnbNt0,1
@theministryofsound7448,2aldTxnbNt0,2
@todoroki,2aldTxnbNt0,1
@tommylind4617,2aldTxnbNt0,1
@trickdaddydollas6009,2aldTxnbNt0,1
@utestify,2aldTxnbNt0,1
@utubeaccount6981,2aldTxnbNt0,1
@venkaraj,2aldTxnbNt0,1
@victorramirez1879,2aldTxnbNt0,1
@vincentdns,2aldTxnbNt0,1
@vincentg,2aldTxnbNt0,1
@vipulzambare5329,2aldTxnbNt0,1
@viswanathamnarahari,2aldTxnbNt0,1
@wearejaunty,2aldTxnbNt0,1
@wf6759,2aldTxnbNt0,1
@whereisjeffrey,2aldTxnbNt0,1
@wisssse,2aldTxnbNt0,1
@xiu-li,2aldTxnbNt0,2
@zarifpious3.1416,2aldTxnbNt0,1
@zuss-gc6np,2aldTxnbNt0,1
@zxccxz9283040,2aldTxnbNt0,1
@ИванИванов-щ7з8т,2aldTxnbNt0,1
@جوىعديرة,2aldTxnbNt0,1
@0xSpiff,3HVH2Iuplqo,1
@14downtown,3HVH2Iuplqo,1
@ARMeer03,3HVH2Iuplqo,1
@AaronSmith-mk6fo,3HVH2Iuplqo,1
@Abhishek-qw2xt,3HVH2Iuplqo,1
@AffirmationSongsMusic,3HVH2Iuplqo,1
@An-r5x1q,3HVH2Iuplqo,1
@Arya-ik5nk,3HVH2Iuplqo,1
@BKles21,3HVH2Iuplqo,1
@BardsMilieu,3HVH2Iuplqo,1
@BenLovegrove,3HVH2Iuplqo,1
@BintangFathurrizki,3HVH2Iuplqo,1
@BrianMcClure-c6t,3HVH2Iuplqo,1
@CarlosGuadamuz-c8w,3HVH2Iuplqo,2
@CatClearwater-o3b,3HVH2Iuplqo,1
@ChidiebereJohnChukwuemeka,3HVH2Iuplqo,1
@ChristopheMaire-z2n,3HVH2Iuplqo,2
@D_K_149,3HVH2Iuplqo,1
@DavidFelling,3HVH2Iuplqo,1
@DeepInTheory99,3HVH2Iuplqo,1
@DennisBradfordPhD,3HVH2Iuplqo,1
@EASYPEASYSPEECHTHERAPY,3HVH2Iuplqo,1
@ERP_Mastery,3HVH2Iuplqo,1
@ElizabetaKirilova-w2k,3HVH2Iuplqo,1
@EricCapo-k3s3k,3HVH2Iuplqo,1
@EvolutionHomes-DFWBuilder,3HVH2Iuplqo,1
@FlorisPieterVisser,3HVH2Iuplqo,1
@Fluent-Future-4-Success,3HVH2Iuplqo,1
@Frank.Bakovich,3HVH2Iuplqo,1
@FrankAdamoGuitar,3HVH2Iuplqo,1
@FrankSchwarzfree,3HVH2Iuplqo,4
@HanLE-j7u,3HVH2Iuplqo,1
@Homesinorlando,3HVH2Iuplqo,1
@Inclusiveresumes,3HVH2Iuplqo,1
@InsuranceAgentTraining,3HVH2Iuplqo,1
@InvestingWithAdamK,3HVH2Iuplqo,1
@JeffEaster,3HVH2Iuplqo,1
@JesseJaxx,3HVH2Iuplqo,1
@JohnyJediJr,3HVH2Iuplqo,1
@JustinBeausoleil,3HVH2Iuplqo,1
@JustinOrloff-d7x,3HVH2Iuplqo,1
@Jzcmnbk,3HVH2Iuplqo,3
@KhushalV-c8u,3HVH2Iuplqo,2
@Kresha-r7p,3HVH2Iuplqo,1
@Kushier,3HVH2Iuplqo,1
@LeeKuehl-Z71,3HVH2Iuplqo,6
@LifeAndWealthOfficial,3HVH2Iuplqo,1
@LoriGama,3HVH2Iuplqo,1
@LouisePienaar-z1v,3HVH2Iuplqo,1
@MC_Alaba,3HVH2Iuplqo,4
@Mjones9532,3HVH2Iuplqo,1
@Mojomedia-h4k,3HVH2Iuplqo,1
@Most_Illogical,3HVH2Iuplqo,1
@Mystic-energy47,3HVH2Iuplqo,1
@NadiaAb-n6s,3HVH2Iuplqo,1
@NiteshSingh-e4y,3HVH2Iuplqo,1
@NyseLord,3HVH2Iuplqo,1
@OhSoGamer,3HVH2Iuplqo,1
@RohiniRanjan,3HVH2Iuplqo,2
@Rosiedoodle_jefferson,3HVH2Iuplqo,1
@RyanJustinJackson,3HVH2Iuplqo,1
@Soul.Munchie,3HVH2Iuplqo,1
@StrikeMarketingInstitute,3HVH2Iuplqo,2
@TeacherLedSchools,3HVH2Iuplqo,1
@TheBladeOfKusanagi,3HVH2Iuplqo,1
@TheEliteLifeArchitect,3HVH2Iuplqo,1
@TheMtBaldy,3HVH2Iuplqo,1
@TobinShort-v1w,3HVH2Iuplqo,1
@Trinidad-888,3HVH2Iuplqo,1
@abdelazizsarhan8646,3HVH2Iuplqo,1
@allisonconway,3HVH2Iuplqo,1
@amandacoldwell7295,3HVH2Iuplqo,1
@apere2023,3HVH2Iuplqo,1
@bretoneer,3HVH2Iuplqo,1
@brettkoppe-eppokpassiveinc5822,3HVH2Iuplqo,1
@brianjaralearns,3HVH2Iuplqo,1
@c88485,3HVH2Iuplqo,1
@candi0503,3HVH2Iuplqo,1
@cowboyd8746,3HVH2Iuplqo,1
@davidefilippi4404,3HVH2Iuplqo,1
@debora.automacao,3HVH2Iuplqo,1
@deliveryman22,3HVH2Iuplqo,1
@didoesyoga,3HVH2Iuplqo,1
@digitalpayd,3HVH2Iuplqo,1
@dominionrealestatellc52,3HVH2Iuplqo,2
@duduclasstv,3HVH2Iuplqo,1
@edupugantiaaditya3105,3HVH2Iuplqo,1
@edwardfridie637,3HVH2Iuplqo,1
@egjundis,3HVH2Iuplqo,1
@elenar33,3HVH2Iuplqo,1
@elwazaraza,3HVH2Iuplqo,1
@emdee7777,3HVH2Iuplqo,1
@evelin_costa,3HVH2Iuplqo,1
@freshwaypizza,3HVH2Iuplqo,1
@fundedpodcast1,3HVH2Iuplqo,1
@geunyoungkim7245,3HVH2Iuplqo,1
@ginabeattie,3HVH2Iuplqo,1
@gordonsteen8415,3HVH2Iuplqo,1
@hans-martinstrietzel,3HVH2Iuplqo,3
@hibomoussa9833,3HVH2Iuplqo,1
@iamtafara,3HVH2Iuplqo,1
@ignatiuz3,3HVH2Iuplqo,1
@isaachatilima,3HVH2Iuplqo,1
@j_o_o8305,3HVH2Iuplqo,1
@jakecondemn3209,3HVH2Iuplqo,1
@jashawn1979,3HVH2Iuplqo,1
@jazzmum293,3HVH2Iuplqo,1
@jimmytom-h4u,3HVH2Iuplqo,1
@joditruman9761,3HVH2Iuplqo,1
@joshuahenry9135,3HVH2Iuplqo,1
@jw-mt8gp,3HVH2Iuplqo,1
@kieran2347,3HVH2Iuplqo,1
@lenavettese6738,3HVH2Iuplqo,1
@luisnina762,3HVH2Iuplqo,1
@lukedowneslukedownes5900,3HVH2Iuplqo,1
@manpar6103,3HVH2Iuplqo,1
@melissahoneycutt8517,3HVH2Iuplqo,1
@mikes9222,3HVH2Iuplqo,1
@moozel4757,3HVH2Iuplqo,1
@movie4edu,3HVH2Iuplqo,1
@mysacredwild,3HVH2Iuplqo,3
@nacahkeliy,3HVH2Iuplqo,1
@natalijaksernek,3HVH2Iuplqo,1
@nellyz.6753,3HVH2Iuplqo,1
@nobspillow-bw7xl,3HVH2Iuplqo,1
@ogLogLogLogL,3HVH2Iuplqo,2
@padraigmallon4095,3HVH2Iuplqo,1
@pallavidatta3925,3HVH2Iuplqo,1
@parkingchinese,3HVH2Iuplqo,1
@passiveincomeforlife,3HVH2Iuplqo,1
@peTeMelster,3HVH2Iuplqo,1
@petertangkilisan6869,3HVH2Iuplqo,1
@polina_chaika,3HVH2Iuplqo,1
@praveshjha5563,3HVH2Iuplqo,1
@radityawaliulu,3HVH2Iuplqo,1
@randomtt6846,3HVH2Iuplqo,1
@robertyoung2713,3HVH2Iuplqo,1
@rodrigoms75,3HVH2Iuplqo,1
@sabrina_ramonov,3HVH2Iuplqo,24
@samirop,3HVH2Iuplqo,1
@shiko098,3HVH2Iuplqo,1
@stephaniemiller6206,3HVH2Iuplqo,1
@suleimanarshraaf1044,3HVH2Iuplqo,1
@teresaberry3616,3HVH2Iuplqo,1
@that_yacht_girl,3HVH2Iuplqo,1
@thedanrogul9196,3HVH2Iuplqo,1
@thenameisnik,3HVH2Iuplqo,1
@theswimdoc334,3HVH2Iuplqo,1
@tilleyfine,3HVH2Iuplqo,1
@trisram,3HVH2Iuplqo,1
@unfoldedbypreyansh55,3HVH2Iuplqo,1
@user-nj1zu2nf1x,3HVH2Iuplqo,1
@viralmehta2542,3HVH2Iuplqo,1
@vovantiensy4940,3HVH2Iuplqo,1
@webfluencedigital,3HVH2Iuplqo,1
@wenavm,3HVH2Iuplqo,1
@whoimi6886,3HVH2Iuplqo,1
@woscar84,3HVH2Iuplqo,1
@yasminkastan,3HVH2Iuplqo,1
@yevasss3439,3HVH2Iuplqo,1
@1981Marcus,4CZ-8IRGzME,1
@2stoves1,4CZ-8IRGzME,1
@3urobob,4CZ-8IRGzME,1
@ANGELB3AR,4CZ-8IRGzME,1
@AS-hz2lx,4CZ-8IRGzME,2
@AlexFerrao-p7r,4CZ-8IRGzME,1
@AminHiker1,4CZ-8IRGzME,1
@AutistiCoder,4CZ-8IRGzME,1
@BH-wk8vd,4CZ-8IRGzME,1
@BattleGn0me,4CZ-8IRGzME,1
@BeepBoop2221,4CZ-8IRGzME,1
@Biblically-Accurate-Clippy,4CZ-8IRGzME,1
@Boehoehuahoei,4CZ-8IRGzME,1
@BornaZr,4CZ-8IRGzME,1
@BotExploit,4CZ-8IRGzME,1
@BraadBurkinstuck,4CZ-8IRGzME,1
@BrianOSheaPlus,4CZ-8IRGzME,1
@CO8848_2,4CZ-8IRGzME,1
@CRASHOUTTHEORY,4CZ-8IRGzME,1
@CaracallaJupiter,4CZ-8IRGzME,1
@Ch0rr1s,4CZ-8IRGzME,1
@Cuxcuf,4CZ-8IRGzME,1
@D3bugMod3,4CZ-8IRGzME,1
@DanThe2nd,4CZ-8IRGzME,1
@DiRo0566,4CZ-8IRGzME,1
@DigitalLibrarian,4CZ-8IRGzME,1
@DraconicLee,4CZ-8IRGzME,1
@Elacrul,4CZ-8IRGzME,1
@EnemyFartCloud,4CZ-8IRGzME,1
@ErikByrwa,4CZ-8IRGzME,1
@Esejoker1389,4CZ-8IRGzME,2
@FiddlerKeith,4CZ-8IRGzME,1
@FostersLagerMorphs,4CZ-8IRGzME,1
@FrancescoDiNardo,4CZ-8IRGzME,1
@GR46404,4CZ-8IRGzME,1
@Grimbear13,4CZ-8IRGzME,1
@HaikuOezu,4CZ-8IRGzME,1
@HaraHG,4CZ-8IRGzME,1
@Helal_motivation,4CZ-8IRGzME,1
@Himmiefan,4CZ-8IRGzME,1
@HireJack,4CZ-8IRGzME,1
@I_v_e_r_c_i_n_g_e_t_o_r_i_x_I,4CZ-8IRGzME,1
@IceBug1337,4CZ-8IRGzME,1
@Invariel,4CZ-8IRGzME,1
@JDarach,4CZ-8IRGzME,1
@JackyPup,4CZ-8IRGzME,2
@Jaysa578,4CZ-8IRGzME,1
@Johan-rm6ec,4CZ-8IRGzME,1
@JohnSmith-u8s2t,4CZ-8IRGzME,1
@JosephDickson,4CZ-8IRGzME,1
@KeithNagel,4CZ-8IRGzME,1
@KwizzyDaAwesome,4CZ-8IRGzME,1
@LarsMarowsky-Brée,4CZ-8IRGzME,1
@LyingTube,4CZ-8IRGzME,1
@Markm8,4CZ-8IRGzME,1
@Masahane,4CZ-8IRGzME,1
@MedicoVisual,4CZ-8IRGzME,3
@Mosethyoth,4CZ-8IRGzME,1
@Mutex30,4CZ-8IRGzME,1
@MyroMHG,4CZ-8IRGzME,1
@Mystic998,4CZ-8IRGzME,1
@NataliaGems-p5o,4CZ-8IRGzME,1
@NotThatKraken,4CZ-8IRGzME,1
@Patrick-ew3to,4CZ-8IRGzME,1
@PeachBug-i6k,4CZ-8IRGzME,1
@PhP-b3u,4CZ-8IRGzME,1
@PolyglotMode,4CZ-8IRGzME,1
@Premonition11,4CZ-8IRGzME,1
@RAG-Time,4CZ-8IRGzME,1
@ROBLOX-EXPLOITING-101,4CZ-8IRGzME,1
@RedOctRedux,4CZ-8IRGzME,1
@RobertCuster-d8c,4CZ-8IRGzME,1
@SamScheding,4CZ-8IRGzME,1
@SentToProclaim,4CZ-8IRGzME,1
@ShadowAimai,4CZ-8IRGzME,1
@ShyplayX,4CZ-8IRGzME,1
@Sirolf96,4CZ-8IRGzME,1
@SomeRandomDudeAF,4CZ-8IRGzME,1
@StottMikel,4CZ-8IRGzME,1
@SuzanaAlex-b6k,4CZ-8IRGzME,1
@SwastikSaraswat-n4d,4CZ-8IRGzME,1
@T.Michael,4CZ-8IRGzME,1
@TestAutomationTV,4CZ-8IRGzME,1
@TheLynnz10,4CZ-8IRGzME,1
@Username65464,4CZ-8IRGzME,1
@Xirtamoen,4CZ-8IRGzME,1
@YTPrule,4CZ-8IRGzME,1
@a...b...c...d4451,4CZ-8IRGzME,1
@a.z.b.1916,4CZ-8IRGzME,1
@a_mediocre_meerkat,4CZ-8IRGzME,1
@aaronmitchell4924,4CZ-8IRGzME,1
@aashu_11.2,4CZ-8IRGzME,1
@abderrahimkessira5352,4CZ-8IRGzME,1
@aditya_on_youtube,4CZ-8IRGzME,1
@aetherkat,4CZ-8IRGzME,1
@alana314,4CZ-8IRGzME,1
@aleksei5172,4CZ-8IRGzME,1
@alihassnain0,4CZ-8IRGzME,1
@alishapenny,4CZ-8IRGzME,1
@almiralam1,4CZ-8IRGzME,1
@andreholzner2368,4CZ-8IRGzME,1
@andythedishwasher1117,4CZ-8IRGzME,1
@anna_jay_photo,4CZ-8IRGzME,1
@artificially_uninteIIigent,4CZ-8IRGzME,1
@ashk3734,4CZ-8IRGzME,3
@avivolah9401,4CZ-8IRGzME,1
@bgill7475,4CZ-8IRGzME,1
@boroowchuck,4CZ-8IRGzME,1
@bridgetkandi1090,4CZ-8IRGzME,1
@brycejohansen7114,4CZ-8IRGzME,1
@bumpty9830,4CZ-8IRGzME,1
@burtonrodman,4CZ-8IRGzME,1
@called_to_the_light,4CZ-8IRGzME,1
@candafilm,4CZ-8IRGzME,1
@casper_hansen,4CZ-8IRGzME,1
@chrisistheman692,4CZ-8IRGzME,1
@ciptojohn,4CZ-8IRGzME,1
@cuatro336,4CZ-8IRGzME,1
@dacke9000,4CZ-8IRGzME,1
@davi84mn,4CZ-8IRGzME,1
@diary-of-x,4CZ-8IRGzME,1
@dipayanmukherjee5265,4CZ-8IRGzME,1
@djus5,4CZ-8IRGzME,1
@dmitripogosian5084,4CZ-8IRGzME,3
@duckduckgoose3496,4CZ-8IRGzME,1
@dynamicworlds1,4CZ-8IRGzME,1
@eco-villain,4CZ-8IRGzME,1
@edvinas5555,4CZ-8IRGzME,1
@ellicel,4CZ-8IRGzME,1
@ericromano7703,4CZ-8IRGzME,1
@ethanallenhawley1052,4CZ-8IRGzME,1
@finisfine,4CZ-8IRGzME,1
@franciscocanale9426,4CZ-8IRGzME,1
@freyasrulez,4CZ-8IRGzME,1
@fridayhawks-spangenberg8979,4CZ-8IRGzME,1
@gaelileo,4CZ-8IRGzME,1
@gammapulse,4CZ-8IRGzME,1
@garylcharnock,4CZ-8IRGzME,1
@giordanonin,4CZ-8IRGzME,1
@harmanjd,4CZ-8IRGzME,1
@harryhaller4896,4CZ-8IRGzME,1
@herasucks,4CZ-8IRGzME,1
@hodor2704,4CZ-8IRGzME,1
@hornetguy9063,4CZ-8IRGzME,2
@hyperkun,4CZ-8IRGzME,1
@inkasaraswati7625,4CZ-8IRGzME,1
@iqwebserve3973,4CZ-8IRGzME,1
@itchyskink0,4CZ-8IRGzME,1
@jajam-g7m,4CZ-8IRGzME,1
@jal051,4CZ-8IRGzME,1
@jambott5520,4CZ-8IRGzME,1
@jhax,4CZ-8IRGzME,1
@jimcopeland4011,4CZ-8IRGzME,1
@joe-skeen,4CZ-8IRGzME,1
@jonathanDIYs,4CZ-8IRGzME,1
@jprithvi,4CZ-8IRGzME,1
@kamranbashir4842,4CZ-8IRGzME,1
@karenfisher2322,4CZ-8IRGzME,1
@kingmike40,4CZ-8IRGzME,1
@kotharishashank,4CZ-8IRGzME,1
@krthemaster4794,4CZ-8IRGzME,1
@lawsonlategabriel1599,4CZ-8IRGzME,1
@lonotalonota5779,4CZ-8IRGzME,1
@lorenbufanu1639,4CZ-8IRGzME,1
@lucasmsbr4u,4CZ-8IRGzME,1
@luisa.m.mld.3857,4CZ-8IRGzME,1
@mandyjohn8807,4CZ-8IRGzME,3
@mattr8750,4CZ-8IRGzME,1
@maxtvtvtv8623,4CZ-8IRGzME,1
@mediocreman1560,4CZ-8IRGzME,1
@meustrus7056,4CZ-8IRGzME,1
@miss_lexie_jane,4CZ-8IRGzME,1
@nakr123,4CZ-8IRGzME,2
@natedog-m6s,4CZ-8IRGzME,1
@neloth9874,4CZ-8IRGzME,1
@noctuss86,4CZ-8IRGzME,1
@notarobot22,4CZ-8IRGzME,1
@notthefirstheretic2690,4CZ-8IRGzME,1
@ns10xl23,4CZ-8IRGzME,1
@okuno54,4CZ-8IRGzME,1
@patrickheney9201,4CZ-8IRGzME,1
@pengurrito7136,4CZ-8IRGzME,1
@rammohan1991,4CZ-8IRGzME,1
@randice52-53,4CZ-8IRGzME,1
@rbarreira2,4CZ-8IRGzME,1
@reiwa2864,4CZ-8IRGzME,1
@richardcollis5576,4CZ-8IRGzME,1
@rithickchowdhury7116,4CZ-8IRGzME,1
@rksherman1,4CZ-8IRGzME,1
@rushas,4CZ-8IRGzME,1
@saenic,4CZ-8IRGzME,1
@saiphaneeshk.h.5482,4CZ-8IRGzME,1
@salty_systems,4CZ-8IRGzME,1
@samuelcomeau,4CZ-8IRGzME,1
@sanyamsuyal3712,4CZ-8IRGzME,1
@scarlettvalkyrie2783,4CZ-8IRGzME,1
@shawnramcharan6671,4CZ-8IRGzME,1
@sj-el4lu,4CZ-8IRGzME,1
@slenderman.9542,4CZ-8IRGzME,1
@soilstress,4CZ-8IRGzME,1
@somebodymaybenobodyt,4CZ-8IRGzME,1
@sovietspacekitty,4CZ-8IRGzME,1
@stormRed,4CZ-8IRGzME,1
@takshpatel8109,4CZ-8IRGzME,1
@tallpaul9475,4CZ-8IRGzME,1
@tester3x,4CZ-8IRGzME,1
@thenayancat8802,4CZ-8IRGzME,1
@thenextlayer,4CZ-8IRGzME,1
@thomashamilton564,4CZ-8IRGzME,1
@timsch003,4CZ-8IRGzME,1
@tkbettas1890,4CZ-8IRGzME,1
@trailertrish2587,4CZ-8IRGzME,1
@unumbonumverum,4CZ-8IRGzME,1
@uscitizen996,4CZ-8IRGzME,1
@v.bourdeix,4CZ-8IRGzME,1
@zenaku666,4CZ-8IRGzME,2
@zetazimmer4769,4CZ-8IRGzME,1
@zhovibu,4CZ-8IRGzME,1
@zooq-ai,4CZ-8IRGzME,1
@zto_thez,4CZ-8IRGzME,1
@2Extremum,4V5G3wtrmhg,2
@97salmankhan,4V5G3wtrmhg,1
@AI-Slop-Detective,4V5G3wtrmhg,1
@AndrewErwin73,4V5G3wtrmhg,1
@Andu1991,4V5G3wtrmhg,1
@AnorocArcade,4V5G3wtrmhg,2
@BCSPrequelPrequelWhen,4V5G3wtrmhg,4
@Baloch-g2h,4V5G3wtrmhg,3
@BigLeafDropper86,4V5G3wtrmhg,1
@BizzaroBrainBoi,4V5G3wtrmhg,2
@Cephalopopo,4V5G3wtrmhg,1
@Cheesyonmytoasty,4V5G3wtrmhg,1
@Ck2024-z3w,4V5G3wtrmhg,1
@ClaymoreClay101,4V5G3wtrmhg,1
@DesignCourse,4V5G3wtrmhg,2
@Djolesabijacica,4V5G3wtrmhg,1
@ELECTROMIST,4V5G3wtrmhg,1
@FA-TAAA,4V5G3wtrmhg,2
@General_Aladeen,4V5G3wtrmhg,1
@Goofer-G,4V5G3wtrmhg,1
@IG7799-c4u,4V5G3wtrmhg,1
@ILYASSXEBEC,4V5G3wtrmhg,1
@IbamChucks,4V5G3wtrmhg,1
@Income-ko6us,4V5G3wtrmhg,1
@JoeOracoy,4V5G3wtrmhg,2
@JohnbelMahautiere,4V5G3wtrmhg,1
@JonathanBylos,4V5G3wtrmhg,1
@JonathanItzen,4V5G3wtrmhg,1
@JonitoFischer,4V5G3wtrmhg,1
@KanaanBahmaniBuilds,4V5G3wtrmhg,1
@Krowweee,4V5G3wtrmhg,1
@LanceChaseFL,4V5G3wtrmhg,2
@LardBucket_,4V5G3wtrmhg,2
@LongJourneys,4V5G3wtrmhg,1
@LopezAlberto-t3b,4V5G3wtrmhg,1
@MARKOTHEDEV,4V5G3wtrmhg,1
@MaxRuso,4V5G3wtrmhg,1
@MeliDube-e6v,4V5G3wtrmhg,1
@MrBrady95,4V5G3wtrmhg,1
@Music0n_World_0ff,4V5G3wtrmhg,2
@MyNanex,4V5G3wtrmhg,1
@NextGenGames0,4V5G3wtrmhg,1
@OlegShulyakov,4V5G3wtrmhg,1
@OmololuAniyikaye,4V5G3wtrmhg,1
@OptimisticOnion,4V5G3wtrmhg,1
@Pillum94,4V5G3wtrmhg,1
@RajatSaraswat9,4V5G3wtrmhg,1
@RandyAinsworth-tx6vn,4V5G3wtrmhg,1
@RelaxedKiller,4V5G3wtrmhg,1
@RobbPage,4V5G3wtrmhg,5
@SaloRB,4V5G3wtrmhg,1
@SeanGrant-x6e,4V5G3wtrmhg,1
@Sergeant_Camacho,4V5G3wtrmhg,1
@Solonnikov86,4V5G3wtrmhg,1
@Stefffennnnn,4V5G3wtrmhg,1
@SwedishNiceGuy,4V5G3wtrmhg,2
@TarekMaza,4V5G3wtrmhg,1
@Tech-With-Myles,4V5G3wtrmhg,1
@TheBarcher16,4V5G3wtrmhg,1
@TheHeroIsRisingUp,4V5G3wtrmhg,1
@TheMatt99_1,4V5G3wtrmhg,1
@TraversyMedia,4V5G3wtrmhg,29
@YourAIproctologist,4V5G3wtrmhg,1
@ademola4real,4V5G3wtrmhg,1
@alexawunor8853,4V5G3wtrmhg,1
@alexdin1565,4V5G3wtrmhg,1
@alignedweb,4V5G3wtrmhg,1
@alveek,4V5G3wtrmhg,1
@alyu6351,4V5G3wtrmhg,1
@amerrashed6287,4V5G3wtrmhg,1
@amir3515,4V5G3wtrmhg,1
@andreajr2021,4V5G3wtrmhg,1
@andreim6342,4V5G3wtrmhg,1
@andrewchen2349,4V5G3wtrmhg,1
@andromeda_gnome,4V5G3wtrmhg,4
@aneece98,4V5G3wtrmhg,1
@animejefftv,4V5G3wtrmhg,2
@anubis-vibe,4V5G3wtrmhg,1
@archlectoryarvi2873,4V5G3wtrmhg,1
@ari_mn5714,4V5G3wtrmhg,1
@armatheos,4V5G3wtrmhg,1
@ashtullview,4V5G3wtrmhg,1
@awvre,4V5G3wtrmhg,2
@b25671,4V5G3wtrmhg,1
@bahez11,4V5G3wtrmhg,1
@bambinoesu,4V5G3wtrmhg,1
@bankatmananaf,4V5G3wtrmhg,1
@believer.insider,4V5G3wtrmhg,1
@bitkillerjones,4V5G3wtrmhg,2
@bjornarmar2462,4V5G3wtrmhg,1
@bonecircuit,4V5G3wtrmhg,1
@bradandrews777,4V5G3wtrmhg,1
@carlosrayortiz,4V5G3wtrmhg,1
@cat86581,4V5G3wtrmhg,1
@cbk90,4V5G3wtrmhg,2
@cgrecianotech,4V5G3wtrmhg,1
@choicesii1,4V5G3wtrmhg,1
@chrischoir3594,4V5G3wtrmhg,1
@chrisjones469,4V5G3wtrmhg,1
@chronometer9931,4V5G3wtrmhg,2
@codernerd7076,4V5G3wtrmhg,1
@codingMap1,4V5G3wtrmhg,1
@codingtroops9057,4V5G3wtrmhg,1
@coke2-84,4V5G3wtrmhg,1
@conferencecowboy,4V5G3wtrmhg,1
@creativesoundstudios-0111,4V5G3wtrmhg,1
@dadokrstic,4V5G3wtrmhg,1
@danielfarmer7372,4V5G3wtrmhg,2
@danquixote6072,4V5G3wtrmhg,1
@darylcalhoun8577,4V5G3wtrmhg,1
@darz_k.,4V5G3wtrmhg,1
@daveberzack,4V5G3wtrmhg,1
@davidzhong4312,4V5G3wtrmhg,1
@dayone1894,4V5G3wtrmhg,2
@dcoleyoung,4V5G3wtrmhg,1
@devConstructor,4V5G3wtrmhg,2
@djscratchnsniff,4V5G3wtrmhg,1
@dohnjoe342,4V5G3wtrmhg,1
@dougbones7095,4V5G3wtrmhg,1
@dragonore2009,4V5G3wtrmhg,1
@edwincastro,4V5G3wtrmhg,1
@elijahlair,4V5G3wtrmhg,1
@eminm6383,4V5G3wtrmhg,1
@erykfrompoland,4V5G3wtrmhg,1
@exincident,4V5G3wtrmhg,1
@expat-pilled,4V5G3wtrmhg,1
@flogginga_dead_horse4022,4V5G3wtrmhg,1
@folorunshoabiodun1376,4V5G3wtrmhg,1
@fredericfc,4V5G3wtrmhg,1
@fujiiyoshinori6875,4V5G3wtrmhg,1
@fuzz-fruzz,4V5G3wtrmhg,1
@gemyellow,4V5G3wtrmhg,1
@gerdsfargen6687,4V5G3wtrmhg,2
@grimaldushelbrecht8811,4V5G3wtrmhg,4
@grimmdanny,4V5G3wtrmhg,1
@guest.py.abc.,4V5G3wtrmhg,1
@guitarman018,4V5G3wtrmhg,1
@harrisonlawton9630,4V5G3wtrmhg,1
@hazelxbasil,4V5G3wtrmhg,2
@himansuwebcoder,4V5G3wtrmhg,1
@hornt3chgaming,4V5G3wtrmhg,1
@houssemflutter2722,4V5G3wtrmhg,1
@iNdepth-Music,4V5G3wtrmhg,1
@i_l_y_a,4V5G3wtrmhg,1
@i_o_media,4V5G3wtrmhg,1
@icantchosemyname,4V5G3wtrmhg,1
@ilyastrus4770,4V5G3wtrmhg,1
@ilyyan36,4V5G3wtrmhg,1
@jackblack1801,4V5G3wtrmhg,2
@jaguar-dev,4V5G3wtrmhg,1
@jamextech,4V5G3wtrmhg,1
@jaym4144,4V5G3wtrmhg,1
@jigsaw2253,4V5G3wtrmhg,1
@jjones0822,4V5G3wtrmhg,1
@joesmith-g4d,4V5G3wtrmhg,1
@jokelot5221,4V5G3wtrmhg,1
@jpbastyr,4V5G3wtrmhg,1
@kdietz65,4V5G3wtrmhg,2
@kenkioqqo,4V5G3wtrmhg,1
@kiattim2100,4V5G3wtrmhg,1
@kipraymond777,4V5G3wtrmhg,1
@larsfayedev,4V5G3wtrmhg,1
@lawrence1679,4V5G3wtrmhg,1
@leonelmateus,4V5G3wtrmhg,1
@letsgameco3514,4V5G3wtrmhg,1
@lucasalley9008,4V5G3wtrmhg,1
@maimousgraou2052,4V5G3wtrmhg,1
@makhanchor646,4V5G3wtrmhg,1
@marcindomanski5654,4V5G3wtrmhg,1
@martindzeble,4V5G3wtrmhg,1
@mattdgeer,4V5G3wtrmhg,1
@maxron6514,4V5G3wtrmhg,1
@mcgrey_,4V5G3wtrmhg,2
@michaeldempsey9979,4V5G3wtrmhg,1
@michaelreith9897,4V5G3wtrmhg,1
@michaelthomashamilton,4V5G3wtrmhg,1
@miezeken,4V5G3wtrmhg,1
@miloskovacevic2245,4V5G3wtrmhg,2
@mohammedm2362,4V5G3wtrmhg,1
@mrgalaxy975,4V5G3wtrmhg,1
@myobpro8516,4V5G3wtrmhg,1
@nadgerz,4V5G3wtrmhg,1
@nasunorahl,4V5G3wtrmhg,1
@neenus,4V5G3wtrmhg,3
@nemethricsi,4V5G3wtrmhg,1
@nishantraval2740,4V5G3wtrmhg,1
@nneisler,4V5G3wtrmhg,1
@notify7610,4V5G3wtrmhg,1
@omaidkhan6398,4V5G3wtrmhg,1
@panterra5662,4V5G3wtrmhg,1
@pebre79,4V5G3wtrmhg,1
@plannerartist,4V5G3wtrmhg,1
@polarfamily6222,4V5G3wtrmhg,1
@poundspontian9535,4V5G3wtrmhg,1
@prodbyblvnk,4V5G3wtrmhg,1
@raduceban3446,4V5G3wtrmhg,1
@randomusername793,4V5G3wtrmhg,1
@ravitejaknts,4V5G3wtrmhg,1
@regilearn2138,4V5G3wtrmhg,1
@reignsvicky,4V5G3wtrmhg,1
@rezomegrelidze7748,4V5G3wtrmhg,1
@ring05,4V5G3wtrmhg,1
@robbyoconnor,4V5G3wtrmhg,1
@robcz3926,4V5G3wtrmhg,1
@romeoadjam8067,4V5G3wtrmhg,1
@rouleau36,4V5G3wtrmhg,1
@rudeicious,4V5G3wtrmhg,1
@samuelpistis,4V5G3wtrmhg,1
@sdhpCH,4V5G3wtrmhg,1
@semsomify,4V5G3wtrmhg,1
@sepi4,4V5G3wtrmhg,1
@seriahbrahim337,4V5G3wtrmhg,1
@shamyrahenderson5365,4V5G3wtrmhg,1
@shawnthomas00,4V5G3wtrmhg,1
@shrunkensimon,4V5G3wtrmhg,1
@sirbraulcosmin7433,4V5G3wtrmhg,1
@smrmnt,4V5G3wtrmhg,1
@somfplease,4V5G3wtrmhg,1
@stephenmesquire,4V5G3wtrmhg,1
@stephenshoihet2590,4V5G3wtrmhg,1
@taksumaq,4V5G3wtrmhg,1
@techieryan1963,4V5G3wtrmhg,1
@the_apokalupsis,4V5G3wtrmhg,1
@thewingedringer,4V5G3wtrmhg,5
@tipvim3180,4V5G3wtrmhg,1
@toast837,4V5G3wtrmhg,1
@trappedcat3615,4V5G3wtrmhg,1
@tsilivisgeo,4V5G3wtrmhg,1
@turbulantarchitect5286,4V5G3wtrmhg,1
@turokII,4V5G3wtrmhg,1
@ubaidfarooqui,4V5G3wtrmhg,1
@ultimatums1,4V5G3wtrmhg,2
@unclefonsotube,4V5G3wtrmhg,1
@usr-4b7x9v,4V5G3wtrmhg,1
@vampiro4236,4V5G3wtrmhg,1
@vanthuanluong9398,4V5G3wtrmhg,5
@vausmusic,4V5G3wtrmhg,2
@veshalenramsamy1342,4V5G3wtrmhg,1
@vladimir_dev,4V5G3wtrmhg,1
@waqasalsubayee1516,4V5G3wtrmhg,1
@waterwise77,4V5G3wtrmhg,2
@wensen-u2m1f,4V5G3wtrmhg,1
@xuanle384,4V5G3wtrmhg,1
@yavener,4V5G3wtrmhg,1
@zigtech5799,4V5G3wtrmhg,1
@zmOe1,4V5G3wtrmhg,1
@ИвайлоХристов-ч9э,4V5G3wtrmhg,1
@MITSMR,4kXxgpZo7lE,2
@commonsensedev,4kXxgpZo7lE,2
@felipejavierhernandez5387,4kXxgpZo7lE,1
@1s22-e8q,5OWurmg41tI,1
@50-50_Grind,5OWurmg41tI,1
@Cameron-e5y,5OWurmg41tI,1
@CapuWriting,5OWurmg41tI,1
@ChrisBolcar,5OWurmg41tI,1
@DesignWithPranto,5OWurmg41tI,1
@DomainManaging,5OWurmg41tI,1
@Dr.BananaCraft,5OWurmg41tI,1
@ICouldntFindAFreeName,5OWurmg41tI,1
@Itsmejabs,5OWurmg41tI,1
@JakeEnglishGlazer,5OWurmg41tI,1
@JonathanArcher100,5OWurmg41tI,3
@JuliusGiron-k5r,5OWurmg41tI,1
@MAGAMAN,5OWurmg41tI,1
@MannazX,5OWurmg41tI,1
@MrBayAreaRealEstate,5OWurmg41tI,1
@NathanHarrison7,5OWurmg41tI,1
@ReggA.I,5OWurmg41tI,1
@Rio-by1eh,5OWurmg41tI,1
@ScientistPrepper,5OWurmg41tI,1
@Slime-g6d,5OWurmg41tI,1
@SmartXecute,5OWurmg41tI,1
@StupidInternetPeople1,5OWurmg41tI,1
@TheJoyOfMining,5OWurmg41tI,2
@Tim_Tracy,5OWurmg41tI,1
@Xenoliquid,5OWurmg41tI,1
@adimadan2049,5OWurmg41tI,1
@afflulifestyle1784,5OWurmg41tI,1
@aimaatigari,5OWurmg41tI,1
@billkasperdotcom,5OWurmg41tI,1
@ccdanro,5OWurmg41tI,1
@chromatic2006,5OWurmg41tI,1
@crialitecklll7579,5OWurmg41tI,1
@derichawes3765,5OWurmg41tI,1
@doubledragon9530,5OWurmg41tI,1
@evolgenius1150,5OWurmg41tI,2
@fanyinU,5OWurmg41tI,1
@fritt_wastaken,5OWurmg41tI,3
@gabrielotazo3984,5OWurmg41tI,1
@gambeeno817,5OWurmg41tI,1
@growth.over.perfection,5OWurmg41tI,1
@hwahwa9241,5OWurmg41tI,1
@imnotmattdamon,5OWurmg41tI,1
@kendrick_ukc,5OWurmg41tI,1
@mattpalmer,5OWurmg41tI,5
@mids5854,5OWurmg41tI,4
@moneyman9163,5OWurmg41tI,1
@myronww,5OWurmg41tI,1
@neilfpv,5OWurmg41tI,1
@notorioustcy,5OWurmg41tI,1
@paulrevere18,5OWurmg41tI,2
@psintroverted6416,5OWurmg41tI,1
@purrbox7514,5OWurmg41tI,2
@samael2187,5OWurmg41tI,1
@simonharrison1874,5OWurmg41tI,1
@snakepliskin5655,5OWurmg41tI,1
@sskmusic4971,5OWurmg41tI,1
@svennoordermeer1628,5OWurmg41tI,1
@talensto9501,5OWurmg41tI,1
@talkartech,5OWurmg41tI,1
@trexon-k8k,5OWurmg41tI,1
@yhwhdesigntruth,5OWurmg41tI,1
@10Totti,5TN6l7JGWvs,1
@AbdulMajid-s6j,5TN6l7JGWvs,1
@BlackHayateMX,5TN6l7JGWvs,1
@Christine133-z7n,5TN6l7JGWvs,2
@HashimWarren,5TN6l7JGWvs,1
@JonathanHrovat,5TN6l7JGWvs,1
@Marquell-rnb,5TN6l7JGWvs,1
@anj000,5TN6l7JGWvs,1
@anshulnarela9888,5TN6l7JGWvs,1
@businessoftechnology,5TN6l7JGWvs,1
@htekdev,5TN6l7JGWvs,1
@marieThe3rd,5TN6l7JGWvs,1
@nexus888,5TN6l7JGWvs,1
@olschoolrider,5TN6l7JGWvs,1
@victornoagbodji,5TN6l7JGWvs,1
@yanivpaz1414,5TN6l7JGWvs,1
@20900.,5fhcklZe-qE,1
@AbrahanCairo,5fhcklZe-qE,1
@Adib-v4s,5fhcklZe-qE,1
@Aleixus,5fhcklZe-qE,1
@AllenGraetz,5fhcklZe-qE,1
@AlsonAntónioMathe,5fhcklZe-qE,1
@AmeyaaPatricia-u7w,5fhcklZe-qE,1
@AmgadSy-d4s,5fhcklZe-qE,1
@AminLakzaei,5fhcklZe-qE,1
@Anagery-flow,5fhcklZe-qE,1
@AnalyticalAgnostic1776,5fhcklZe-qE,2
@AshishranjanGhadei,5fhcklZe-qE,1
@BaluPagare-v2l,5fhcklZe-qE,1
@BirdManPhil,5fhcklZe-qE,2
@BrianCheruyot-r2q,5fhcklZe-qE,1
@CeokanchanHembram,5fhcklZe-qE,1
@ChotuKumar-k6h5e,5fhcklZe-qE,1
@CodewithAI-vc9vd,5fhcklZe-qE,1
@ConradHansenQuartey,5fhcklZe-qE,1
@DailyScreetjob,5fhcklZe-qE,1
@DavidIRock,5fhcklZe-qE,1
@Dinuja-q4g,5fhcklZe-qE,1
@EmanJutt-i7d,5fhcklZe-qE,1
@FalmatMohammed,5fhcklZe-qE,1
@FishermanDev,5fhcklZe-qE,1
@GNMandal-n2k,5fhcklZe-qE,1
@GOLEMIC_FF,5fhcklZe-qE,1
@GregorySanchez-b3l,5fhcklZe-qE,1
@HabimanaEmmanuel-r2v,5fhcklZe-qE,1
@HamisuYahaya-w9y,5fhcklZe-qE,1
@HappyLuck-n4j,5fhcklZe-qE,1
@HareshLathiya-m2p,5fhcklZe-qE,1
@HeyDan1983,5fhcklZe-qE,1
@ImSudheendraKumar1,5fhcklZe-qE,1
@IrrationalTriangle,5fhcklZe-qE,1
@Ismaili_People,5fhcklZe-qE,1
@JacksonATrade,5fhcklZe-qE,1
@JhoonySing-l3x,5fhcklZe-qE,1
@KANAPALASRIDEEP-mw2xh,5fhcklZe-qE,1
@KFIRFAN,5fhcklZe-qE,1
@KaledKaled-g6v,5fhcklZe-qE,1
@KanhaSahani-q5j,5fhcklZe-qE,1
@KarimKhan-c9m1p,5fhcklZe-qE,1
@Krish-bg6nx,5fhcklZe-qE,1
@KuldeepGujjar-r7p,5fhcklZe-qE,1
@KumarLama-l5b4w,5fhcklZe-qE,1
@KundaKunda-q2t,5fhcklZe-qE,1
@LawandSuleman-v7m,5fhcklZe-qE,1
@Madlinaabdallah,5fhcklZe-qE,1
@MaeGalvez-p4i,5fhcklZe-qE,1
@MarielMacoycruz,5fhcklZe-qE,1
@MarivoneCordeiroBritodosSa-q1v,5fhcklZe-qE,1
@MarkJSzymanski,5fhcklZe-qE,1
@Max4Richards,5fhcklZe-qE,1
@Metachief_X,5fhcklZe-qE,1
@MinecraftxAvi,5fhcklZe-qE,1
@Mohammadzm211,5fhcklZe-qE,1
@Mohammed-p7s6z,5fhcklZe-qE,1
@Monawaat_123,5fhcklZe-qE,1
@MotasemAli-jn5uh,5fhcklZe-qE,1
@MrSaitam,5fhcklZe-qE,1
@MukhtaarIbraahim-i5q,5fhcklZe-qE,1
@MunasarHasan-j3u,5fhcklZe-qE,1
@NAVIEEN14,5fhcklZe-qE,1
@NKfromS,5fhcklZe-qE,1
@NagarajuNagaraju-c1t2r,5fhcklZe-qE,1
@NajmulHalder-p9o,5fhcklZe-qE,1
@NarapakavishnutejaVishnute-b9i,5fhcklZe-qE,1
@NeoSenye-r8k,5fhcklZe-qE,1
@New_gusionYt,5fhcklZe-qE,1
@NijirvanSido,5fhcklZe-qE,1
@NohelibethPérez,5fhcklZe-qE,1
@NotImportant426,5fhcklZe-qE,1
@ObinigweTv,5fhcklZe-qE,1
@PANKESHajnar-h7s,5fhcklZe-qE,1
@PROdotes,5fhcklZe-qE,1
@REX_IQ99,5fhcklZe-qE,1
@Ragehunter,5fhcklZe-qE,1
@RajPaswan-l4m,5fhcklZe-qE,1
@RikosstarMawthoh,5fhcklZe-qE,1
@RiotChor,5fhcklZe-qE,1
@RoRo-fn8ce,5fhcklZe-qE,1
@SagarSagarji-j3b,5fhcklZe-qE,1
@SajalToppo-f4w,5fhcklZe-qE,1
@SangeethaM-r2n,5fhcklZe-qE,1
@Saradabrother183,5fhcklZe-qE,1
@SergioRodríguez-j8b5q,5fhcklZe-qE,2
@Shuvro-p1z,5fhcklZe-qE,1
@SiddharthSingh-q4k,5fhcklZe-qE,1
@SitaDeula-mw2rc,5fhcklZe-qE,1
@SoumikMohanty-u4p,5fhcklZe-qE,1
@SpecialTeam-z5q,5fhcklZe-qE,1
@SuraniSanjeewani,5fhcklZe-qE,1
@Suya-g3p,5fhcklZe-qE,1
@Tatasieraa_74,5fhcklZe-qE,1
@TaufikAnsari-n1m,5fhcklZe-qE,1
@ThandekaNdekiegh,5fhcklZe-qE,1
@TuneBhoomi,5fhcklZe-qE,1
@TusharKumar-r1s,5fhcklZe-qE,1
@UP76UnknownGamer,5fhcklZe-qE,1
@VijayPadhar-u1z,5fhcklZe-qE,1
@VikasPatil-j6j,5fhcklZe-qE,1
@VishalDilipBhilVishalDilipBhil,5fhcklZe-qE,1
@YOGESH777YT,5fhcklZe-qE,1
@abojawad7701,5fhcklZe-qE,1
@ahmdAhmd-y9f4v,5fhcklZe-qE,1
@ahmedbarka-o4s,5fhcklZe-qE,1
@ajaydolai1076,5fhcklZe-qE,1
@alex.pozgaj,5fhcklZe-qE,1
@aliAkelaf,5fhcklZe-qE,1
@amarshaikh8311,5fhcklZe-qE,1
@angshurpitaganguly833,5fhcklZe-qE,1
@anilthori1993,5fhcklZe-qE,1
@askaristejano9564,5fhcklZe-qE,1
@cKARHAAN,5fhcklZe-qE,1
@cloudard,5fhcklZe-qE,1
@crash100,5fhcklZe-qE,1
@cumahuseyin8046,5fhcklZe-qE,1
@darz_k.,5fhcklZe-qE,1
@deep-thinking-now,5fhcklZe-qE,1
@elmar_72,5fhcklZe-qE,1
@elzaseaman3232,5fhcklZe-qE,1
@fezziwigmedia,5fhcklZe-qE,1
@fknight,5fhcklZe-qE,1
@gamin-g5m,5fhcklZe-qE,1
@geminivinay1902,5fhcklZe-qE,1
@hannesRSA,5fhcklZe-qE,1
@hx4791,5fhcklZe-qE,1
@invictuz4803,5fhcklZe-qE,1
@ionizePlaying,5fhcklZe-qE,1
@iqbalhussaincs9998,5fhcklZe-qE,1
@isamarurdaneta-o8p,5fhcklZe-qE,1
@ishowfab-o8u,5fhcklZe-qE,1
@its_smoggy3502,5fhcklZe-qE,1
@ivanmaglica264,5fhcklZe-qE,1
@jamesfoo8999,5fhcklZe-qE,1
@jenstornell,5fhcklZe-qE,1
@kevimcarrion2656,5fhcklZe-qE,1
@kristjanpeil.bsky.social,5fhcklZe-qE,1
@lakersfan2482,5fhcklZe-qE,1
@lijojd,5fhcklZe-qE,1
@lucyorji8820,5fhcklZe-qE,1
@luisantonio7191,5fhcklZe-qE,1
@mac_mcleod,5fhcklZe-qE,1
@magickomchanell4556,5fhcklZe-qE,1
@majorgear1021,5fhcklZe-qE,1
@maloxi1472,5fhcklZe-qE,1
@masly1451,5fhcklZe-qE,1
@melphiss,5fhcklZe-qE,1
@michaelask9018,5fhcklZe-qE,1
@michealjcallaghan,5fhcklZe-qE,1
@mohamadaimilmohamadarif1701,5fhcklZe-qE,1
@musaknowledgendlovu5391,5fhcklZe-qE,1
@nempalgrewal,5fhcklZe-qE,1
@oklufbokluf2839,5fhcklZe-qE,1
@olaade730,5fhcklZe-qE,1
@olagarto1917,5fhcklZe-qE,1
@omsfans12,5fhcklZe-qE,1
@oonHhg,5fhcklZe-qE,1
@pierretdev,5fhcklZe-qE,1
@raistarf.hacrrr,5fhcklZe-qE,1
@randomtimessomehow,5fhcklZe-qE,1
@ravikumargantla7998,5fhcklZe-qE,1
@reganmian,5fhcklZe-qE,1
@robetkarimunJawa,5fhcklZe-qE,1
@rohansengupta667,5fhcklZe-qE,1
@rohit-Yt-3x,5fhcklZe-qE,1
@sackcrusher6974,5fhcklZe-qE,1
@sameersingh790,5fhcklZe-qE,1
@seannaddeo6061,5fhcklZe-qE,1
@sergioesamayoa,5fhcklZe-qE,1
@skstudio882,5fhcklZe-qE,1
@speedyshower,5fhcklZe-qE,1
@stephenbottke6457,5fhcklZe-qE,1
@tanawat_jm,5fhcklZe-qE,1
@tenhusho,5fhcklZe-qE,1
@thakor-1m-p7h,5fhcklZe-qE,1
@thanetitan4246,5fhcklZe-qE,1
@totalstudy2321,5fhcklZe-qE,1
@vikslik,5fhcklZe-qE,1
@vongimbelgroup9767,5fhcklZe-qE,1
@wnuk85,5fhcklZe-qE,1
@xspydazx,5fhcklZe-qE,1
@yivencylvanie-t6c,5fhcklZe-qE,1
@yoonarykim7134,5fhcklZe-qE,1
@yosstraore,5fhcklZe-qE,1
@zacharyberridge7239,5fhcklZe-qE,2
@zorro161,5fhcklZe-qE,1
@zugdsbtngizudsgbnudsdsoiu,5fhcklZe-qE,1
@اغانيمردليالياسحناحنا,5fhcklZe-qE,1
@الكينك-ط9ر,5fhcklZe-qE,1
@الموضيفعبدالفتاح,5fhcklZe-qE,1
@باقرالساعدي-ب2ت,5fhcklZe-qE,1
@ربحالمال-ص4ج,5fhcklZe-qE,1
@رضاکوتی-ف1ض4ح,5fhcklZe-qE,1
@عبداللهالجمعة-ذ8ص,5fhcklZe-qE,1
@عمر20-ط8ر,5fhcklZe-qE,1
@قصيمقبل-و4س,5fhcklZe-qE,1
@كلجديدالشيخمحمود,5fhcklZe-qE,1
@محمدعلي-ب4ق1ض,5fhcklZe-qE,1
@محمدعلي-ث7ح5خ,5fhcklZe-qE,1
@ممم-س9ح,5fhcklZe-qE,1
@نمرنمر-ن8غ,5fhcklZe-qE,1
@هيسوكا-ت1ي,5fhcklZe-qE,1
@ياسرياسر-ذ6ف4ق,5fhcklZe-qE,1
@ADITYA-rk2gc,6q8joS_592k,1
@AQkrafts,6q8joS_592k,1
@AfroAmericanandRascoFilms,6q8joS_592k,1
@Azrael__,6q8joS_592k,1
@BraiyahnLevis,6q8joS_592k,1
@BunnyThakur1,6q8joS_592k,1
@CadillacPokémonCompany,6q8joS_592k,1
@DanielFinsternis,6q8joS_592k,1
@Googleme-n8f,6q8joS_592k,1
@Jamesrobinsoon,6q8joS_592k,1
@JangkrikBossYT,6q8joS_592k,1
@JudyOdiakose-f3x,6q8joS_592k,1
@KerjaanOi,6q8joS_592k,1
@Kodexzy,6q8joS_592k,1
@MahmoudMarzouk-v3w,6q8joS_592k,1
@Mangosii,6q8joS_592k,1
@MercinaMoreni8,6q8joS_592k,1
@NawwaraNouri,6q8joS_592k,1
@Paradox3_,6q8joS_592k,1
@Ratanvvibes,6q8joS_592k,1
@SabriNoreldeen,6q8joS_592k,1
@Shrey-hc1wn,6q8joS_592k,1
@TheTechy_Vox,6q8joS_592k,1
@VanSmith1,6q8joS_592k,1
@VarunSoni-v7d,6q8joS_592k,1
@ZYPmed,6q8joS_592k,1
@aamirgul101,6q8joS_592k,1
@airviewcinematography,6q8joS_592k,1
@ajinkerahane9758,6q8joS_592k,1
@aliverdevil5874,6q8joS_592k,1
@andersonzabala4730,6q8joS_592k,1
@andrechiha7211,6q8joS_592k,1
@anzwertree,6q8joS_592k,1
@arbaazikk,6q8joS_592k,1
@avelalcalde3085,6q8joS_592k,2
@bacaanterpilih,6q8joS_592k,1
@bharatontech4438,6q8joS_592k,2
@billydesol,6q8joS_592k,1
@blackmird,6q8joS_592k,1
@bleepsmf,6q8joS_592k,1
@bullishvibe,6q8joS_592k,1
@c0mm4nd3r4,6q8joS_592k,1
@coreyallen2631,6q8joS_592k,1
@danquigley,6q8joS_592k,1
@e_n_n_y,6q8joS_592k,1
@garrettsellars,6q8joS_592k,1
@goodfeaaaaeeet,6q8joS_592k,1
@hammadmlk70,6q8joS_592k,1
@innermost_v,6q8joS_592k,1
@intelDump,6q8joS_592k,1
@jaybowden3266,6q8joS_592k,1
@just-memm,6q8joS_592k,1
@k1qcr,6q8joS_592k,1
@kevinadams968,6q8joS_592k,1
@mahmoudesmail400,6q8joS_592k,1
@manishdalal7639,6q8joS_592k,1
@manishdeolekar8277,6q8joS_592k,1
@matthew3722,6q8joS_592k,1
@mikeynocode,6q8joS_592k,1
@nenemalo1941,6q8joS_592k,2
@onsetnam,6q8joS_592k,1
@paulmessino9280,6q8joS_592k,1
@pawelbernardeschi8228,6q8joS_592k,1
@potatowithtomamo,6q8joS_592k,1
@practicalprofessionals1120,6q8joS_592k,1
@reallyfe_jeff,6q8joS_592k,1
@rickykundi1719,6q8joS_592k,1
@sazzadulkabir9640,6q8joS_592k,1
@secretsauce9285,6q8joS_592k,1
@sergioangel8362,6q8joS_592k,1
@shahlaparween8042,6q8joS_592k,1
@thanyearl,6q8joS_592k,1
@thedefault2322,6q8joS_592k,1
@theeguy9022,6q8joS_592k,1
@tomypreach,6q8joS_592k,1
@usabrownjack,6q8joS_592k,1
@yijin241,6q8joS_592k,1
@رجل_ضال,6q8joS_592k,1
@OctavianBrânzeu,6wqmaYKmW1A,1
@anshumankhanna8296,6wqmaYKmW1A,1
@chadMbro,6wqmaYKmW1A,1
@codinginflow,6wqmaYKmW1A,3
@hypershadow570,6wqmaYKmW1A,3
@slothman7731,6wqmaYKmW1A,1
@z27-br8wb,6wqmaYKmW1A,1
@1ov1g1,7OqJjAzYXGc,1
@AprezaRenaldy,7OqJjAzYXGc,1
@ArtificialIntelligence-qn2jy,7OqJjAzYXGc,1
@Bhavishya_est,7OqJjAzYXGc,1
@DS-kr3lm,7OqJjAzYXGc,1
@Danielm103,7OqJjAzYXGc,1
@Dom-zy1qy,7OqJjAzYXGc,1
@Fahrenheit0723,7OqJjAzYXGc,1
@JeBongusBingus,7OqJjAzYXGc,1
@Kimdimasan,7OqJjAzYXGc,2
@MattFeroz,7OqJjAzYXGc,1
@MouradRahmanov,7OqJjAzYXGc,1
@Noah-nt4tb,7OqJjAzYXGc,1
@Om-gx1ns,7OqJjAzYXGc,1
@Poorsheep,7OqJjAzYXGc,1
@ProcessOverProfitHQ,7OqJjAzYXGc,1
@RasheedAtia,7OqJjAzYXGc,1
@RexRecon,7OqJjAzYXGc,1
@Sam_Moto1,7OqJjAzYXGc,1
@SylwerFox,7OqJjAzYXGc,1
@TheStrategikon,7OqJjAzYXGc,1
@TobiasRebentisch,7OqJjAzYXGc,1
@Vasu-Devs,7OqJjAzYXGc,1
@YounesAlpha,7OqJjAzYXGc,1
@alisayed9857,7OqJjAzYXGc,1
@amerdelic8710,7OqJjAzYXGc,1
@andrewpei9801,7OqJjAzYXGc,1
@artmiss-x8o,7OqJjAzYXGc,1
@blzzyrd5885,7OqJjAzYXGc,1
@brain_segfault,7OqJjAzYXGc,1
@chrismac1835,7OqJjAzYXGc,1
@clarktrimble4915,7OqJjAzYXGc,1
@dcoderjr,7OqJjAzYXGc,1
@dena-u2i,7OqJjAzYXGc,1
@didoyoucef6230,7OqJjAzYXGc,1
@divyaalokverma,7OqJjAzYXGc,1
@geneherald8169,7OqJjAzYXGc,2
@khabibownsmysoul7836,7OqJjAzYXGc,2
@kiattim2100,7OqJjAzYXGc,1
@litendurance,7OqJjAzYXGc,1
@markf5931,7OqJjAzYXGc,1
@martin_labastie,7OqJjAzYXGc,1
@matteoceola7953,7OqJjAzYXGc,3
@mavor101,7OqJjAzYXGc,5
@mowglishihtzutoy5197,7OqJjAzYXGc,1
@nerdobject5351,7OqJjAzYXGc,1
@nilavakar8068,7OqJjAzYXGc,1
@nujabes775,7OqJjAzYXGc,1
@originalsinquirls1205,7OqJjAzYXGc,1
@papaleyo,7OqJjAzYXGc,1
@pgaaaagp,7OqJjAzYXGc,1
@robmarshall9026,7OqJjAzYXGc,1
@rooney4231,7OqJjAzYXGc,1
@ryder4553,7OqJjAzYXGc,1
@suwako2,7OqJjAzYXGc,1
@thrivinganarchy5267,7OqJjAzYXGc,1
@thymos6575,7OqJjAzYXGc,2
@tommiz.__1,7OqJjAzYXGc,1
@travistrue2008,7OqJjAzYXGc,1
@trongv,7OqJjAzYXGc,1
@vladkobs,7OqJjAzYXGc,1
@youngcitybandit,7OqJjAzYXGc,1
@zack.123.,7OqJjAzYXGc,1
@0x5am5,7t-a2r53prA,6
@ashrithrsingamsetty,7t-a2r53prA,1
@buddysteve5543,7t-a2r53prA,2
@dudebrotheo,7t-a2r53prA,1
@razoraz,7t-a2r53prA,1
@senai-g,7t-a2r53prA,1
@26.umikhabibah64,81FbpXpfxTc,1
@AIMUSICCREATOR-o8t,81FbpXpfxTc,1
@Alone_Valvi_Official,81FbpXpfxTc,1
@AmmarUsman-z7v,81FbpXpfxTc,1
@Beast_is_live-c3w,81FbpXpfxTc,1
@BijayRawat-o7x,81FbpXpfxTc,1
@CecilTeddy,81FbpXpfxTc,1
@DINESHKUMAR-h4x2d,81FbpXpfxTc,1
@EngineFailure-e8i,81FbpXpfxTc,1
@FazilaArsalan-i1y,81FbpXpfxTc,1
@FreePathMusic,81FbpXpfxTc,1
@Goggleboxing,81FbpXpfxTc,3
@Gyanbhaigyanbhai-fo9ow,81FbpXpfxTc,1
@Hades69099,81FbpXpfxTc,1
@HajrausmanOfficial-q7b,81FbpXpfxTc,1
@HazelGery-d9w,81FbpXpfxTc,1
@HevalBurusk,81FbpXpfxTc,1
@Jitu22-m8i7b,81FbpXpfxTc,1
@KingdomseekerKingdomseeker,81FbpXpfxTc,1
@Kiyaman-k7q,81FbpXpfxTc,1
@MahenderGamer555,81FbpXpfxTc,1
@MayankVerma-n8k,81FbpXpfxTc,1
@MelodySphere2,81FbpXpfxTc,1
@MsZahid88,81FbpXpfxTc,1
@MustfaShah-g9c,81FbpXpfxTc,1
@Nawhen.92,81FbpXpfxTc,1
@OFFICIAL-DARSHUUU-LIVE-YT,81FbpXpfxTc,1
@OzzyBoganTech,81FbpXpfxTc,1
@PrismScholars,81FbpXpfxTc,1
@Rakibgamer402,81FbpXpfxTc,1
@RaviGaming-m2g,81FbpXpfxTc,1
@Saifofficial-y3y,81FbpXpfxTc,1
@SamuelNorone,81FbpXpfxTc,1
@SantoshPrajapati-p5o,81FbpXpfxTc,1
@SazzadSumon-h2b,81FbpXpfxTc,1
@SivaSiva-vs5pz,81FbpXpfxTc,1
@Sleighman16,81FbpXpfxTc,1
@StrykosBraavos,81FbpXpfxTc,1
@SudhirSingh-s2v,81FbpXpfxTc,1
@Sufiyxnfitnessboy,81FbpXpfxTc,1
@TonyAI-y4t,81FbpXpfxTc,1
@ahmedmohmmed3139,81FbpXpfxTc,1
@anatoliebivol155,81FbpXpfxTc,1
@billionaireBlack-j6t4h,81FbpXpfxTc,1
@blue-vz5xx,81FbpXpfxTc,1
@briancase6180,81FbpXpfxTc,1
@cedcodes,81FbpXpfxTc,1
@cmn7370,81FbpXpfxTc,1
@davidfelipenarvaezmelo2433,81FbpXpfxTc,1
@diptipriya1003,81FbpXpfxTc,1
@felixchristians49,81FbpXpfxTc,1
@futurelifestyle2698,81FbpXpfxTc,1
@him8873,81FbpXpfxTc,1
@hp1234tp,81FbpXpfxTc,1
@hypresick,81FbpXpfxTc,1
@ifegomadison-os8dm,81FbpXpfxTc,2
@jamoncitovideos,81FbpXpfxTc,1
@jasonjoseph5713,81FbpXpfxTc,1
@jeganmuthu6962,81FbpXpfxTc,1
@jpatrck,81FbpXpfxTc,1
@macroGFT,81FbpXpfxTc,1
@melusiginindza2663,81FbpXpfxTc,1
@nspareya,81FbpXpfxTc,1
@omosaiye,81FbpXpfxTc,1
@parthsohaney,81FbpXpfxTc,1
@pascal14789632,81FbpXpfxTc,1
@peterrichard9114,81FbpXpfxTc,1
@playingsety,81FbpXpfxTc,1
@poojithinavolu9716,81FbpXpfxTc,1
@rusty_go_shka,81FbpXpfxTc,1
@s.k_officialz,81FbpXpfxTc,1
@sethomotosho6393,81FbpXpfxTc,1
@shotelco,81FbpXpfxTc,1
@stanleyweller6856,81FbpXpfxTc,1
@stoneZ-DLR-au,81FbpXpfxTc,1
@sujatarawal7606,81FbpXpfxTc,1
@sumeshjuyal9202,81FbpXpfxTc,1
@tshimegax,81FbpXpfxTc,1
@vikashkerketta361,81FbpXpfxTc,1
@waelabu_hawieleh9242,81FbpXpfxTc,1
@xianrigsby,81FbpXpfxTc,1
@yannesswong7256,81FbpXpfxTc,1
@ابوعلي-ب4ت8ه,81FbpXpfxTc,1
,8hNcRChDrNk,1
@-Engineering01-,8hNcRChDrNk,13
@2XxToxicxX5,8hNcRChDrNk,1
@ALCHEMY-DS,8hNcRChDrNk,1
@AlexB-px3lc,8hNcRChDrNk,1
@AlysonEnzo_731,8hNcRChDrNk,1
@AngryChair74,8hNcRChDrNk,1
@AnuragKumar380,8hNcRChDrNk,1
@AradOkanin,8hNcRChDrNk,1
@ArthurChauvin,8hNcRChDrNk,1
@Auziuwu,8hNcRChDrNk,1
@BGSlimBG,8hNcRChDrNk,1
@Bla_ck_LA_Goon,8hNcRChDrNk,1
@Blobby2929,8hNcRChDrNk,1
@BruceWayne15325,8hNcRChDrNk,1
@Chelumore,8hNcRChDrNk,1
@ClaudeOpus4.7AdaptiveThinking,8hNcRChDrNk,1
@CurioCrafter-r1w,8hNcRChDrNk,1
@DanielAGusev,8hNcRChDrNk,1
@Das.Kleine.Krokodil,8hNcRChDrNk,2
@DenverColaco,8hNcRChDrNk,1
@Dobbiy,8hNcRChDrNk,1
@DonkeyKong96,8hNcRChDrNk,1
@FizzFlex,8hNcRChDrNk,1
@GNARGNARHEAD,8hNcRChDrNk,1
@GQCodes,8hNcRChDrNk,1
@GameBouncerBem,8hNcRChDrNk,1
@HasanurMix,8hNcRChDrNk,1
@ISchoimoonhee,8hNcRChDrNk,1
@IonelCristian,8hNcRChDrNk,1
@Jonnaybb,8hNcRChDrNk,1
@JoshuaRoberts_V,8hNcRChDrNk,1
@KalasniaST,8hNcRChDrNk,1
@KevinEmililiano-v1nkb,8hNcRChDrNk,1
@KostyaZibrov,8hNcRChDrNk,1
@LilBigDude28,8hNcRChDrNk,1
@LinskiyF,8hNcRChDrNk,1
@LivingDewCrew,8hNcRChDrNk,1
@M9C--WMfa.B.4t7UWuFvfun9MbL,8hNcRChDrNk,1
@MOTIVATIONWORLDWIDE28,8hNcRChDrNk,1
@MonitorAnimate67,8hNcRChDrNk,1
@Nati-vv2rh,8hNcRChDrNk,1
@NicholasRam-z8p,8hNcRChDrNk,1
@Noe-v2n6q,8hNcRChDrNk,1
@NokiaMobira2,8hNcRChDrNk,1
@NorthOfEarth,8hNcRChDrNk,1
@RACAPE,8hNcRChDrNk,1
@RosaLei,8hNcRChDrNk,1
@RubenKelevra,8hNcRChDrNk,2
@SIGSEGV1337,8hNcRChDrNk,1
@SacrificialIrishGoat,8hNcRChDrNk,1
@SaharLengliz,8hNcRChDrNk,1
@Simon-Haenel,8hNcRChDrNk,1
@Soham_Moholkar,8hNcRChDrNk,2
@SomeRandomUserOFYT,8hNcRChDrNk,1
@Stefano236,8hNcRChDrNk,1
@SubZero-MK10,8hNcRChDrNk,1
@SumanBiswas-d4m,8hNcRChDrNk,2
@TammyDenseDdank5658,8hNcRChDrNk,1
@TataKupa,8hNcRChDrNk,2
@TechnicalArsalan-s7o,8hNcRChDrNk,1
@TheACTUALRedipster,8hNcRChDrNk,1
@TheZionPhil,8hNcRChDrNk,1
@Tiago-xx9uv,8hNcRChDrNk,2
@Ticca,8hNcRChDrNk,1
@TommyGreenTeas,8hNcRChDrNk,2
@Tony-dp1rl,8hNcRChDrNk,1
@Triques-Gaming,8hNcRChDrNk,1
@TuneTamasha,8hNcRChDrNk,1
@TwoForOne_1,8hNcRChDrNk,1
@UsernameSvitlana,8hNcRChDrNk,1
@VectorAlphaSec,8hNcRChDrNk,2
@VoidISR,8hNcRChDrNk,1
@X8Genius,8hNcRChDrNk,1
@aaaxxx5152,8hNcRChDrNk,1
@abyrvalg809,8hNcRChDrNk,4
@adamrushford,8hNcRChDrNk,1
@ahmadhaidirmusana,8hNcRChDrNk,1
@aiwithenoch,8hNcRChDrNk,1
@amcoderipper4116,8hNcRChDrNk,1
@ancrzr,8hNcRChDrNk,1
@andycassar9376,8hNcRChDrNk,1
@anothertubeaccount,8hNcRChDrNk,1
@attoumak,8hNcRChDrNk,2
@avidlearner8117,8hNcRChDrNk,1
@axios7776,8hNcRChDrNk,1
@beneditofredericocongolojr1567,8hNcRChDrNk,1
@biohacker_ilya,8hNcRChDrNk,1
@bnkz,8hNcRChDrNk,1
@bozanimal5576,8hNcRChDrNk,1
@bryantcreek,8hNcRChDrNk,1
@catchmezooming,8hNcRChDrNk,1
@coolguy5555551,8hNcRChDrNk,1
@cristianporcaras,8hNcRChDrNk,1
@cyberghostanon7758,8hNcRChDrNk,1
@d3stroyah,8hNcRChDrNk,2
@danastudebaker6480,8hNcRChDrNk,1
@danthehorn,8hNcRChDrNk,1
@dementedgamer8123,8hNcRChDrNk,1
@deniskoreyba188,8hNcRChDrNk,1
@densiswo6857,8hNcRChDrNk,2
@diegoX6Turbo,8hNcRChDrNk,2
@digvijaygowda2107,8hNcRChDrNk,1
@diogosoaresmendes,8hNcRChDrNk,1
@dkundel-openai,8hNcRChDrNk,2
@don_care-i2z,8hNcRChDrNk,1
@duytdl,8hNcRChDrNk,2
@famosojapones,8hNcRChDrNk,1
@fartchicken579,8hNcRChDrNk,1
@flor.1986,8hNcRChDrNk,1
@fts1293,8hNcRChDrNk,1
@gardenflowersonefiveeight,8hNcRChDrNk,1
@garethjax,8hNcRChDrNk,1
@ghostlyJaguar,8hNcRChDrNk,1
@goldko,8hNcRChDrNk,1
@gtbps4608,8hNcRChDrNk,1
@hackeramigos7693,8hNcRChDrNk,1
@homewardboundphotos,8hNcRChDrNk,1
@honeycoreinfant,8hNcRChDrNk,1
@hudsonkanizawa,8hNcRChDrNk,1
@hugh_know_who1926,8hNcRChDrNk,2
@ianfoster99,8hNcRChDrNk,1
@igoromelchenko3482,8hNcRChDrNk,2
@indianatheart-b7i,8hNcRChDrNk,1
@ironic-,8hNcRChDrNk,1
@jazzmeltsface,8hNcRChDrNk,1
@jeenyus424,8hNcRChDrNk,1
@josephflemming7370,8hNcRChDrNk,1
@juliankohler5086,8hNcRChDrNk,1
@kavod777,8hNcRChDrNk,1
@keanu_lowe,8hNcRChDrNk,1
@lev1ato,8hNcRChDrNk,2
@luigi.0533,8hNcRChDrNk,1
@lukestrat93,8hNcRChDrNk,1
@madhankumar2051,8hNcRChDrNk,1
@magicsmoke0,8hNcRChDrNk,1
@mahmoudelsheak324,8hNcRChDrNk,1
@mohamedmuslim1400,8hNcRChDrNk,1
@monzz.0,8hNcRChDrNk,1
@mr-la-mi,8hNcRChDrNk,2
@mrk1ng741,8hNcRChDrNk,1
@navturn,8hNcRChDrNk,1
@nchimunyasabaana3315,8hNcRChDrNk,1
@neurocosm,8hNcRChDrNk,1
@odettekibassa-ob4l,8hNcRChDrNk,1
@otnarps,8hNcRChDrNk,1
@patrickyau222,8hNcRChDrNk,1
@paulbrumbair,8hNcRChDrNk,1
@pratham8275,8hNcRChDrNk,1
@rawdraw_inc,8hNcRChDrNk,1
@rayhere7925,8hNcRChDrNk,1
@rijan6256,8hNcRChDrNk,1
@robertsheltonjr,8hNcRChDrNk,1
@ruocaled,8hNcRChDrNk,1
@rwj_dk,8hNcRChDrNk,1
@sebbb888,8hNcRChDrNk,1
@shoreshnarowen8738,8hNcRChDrNk,1
@skuffd-semicolon,8hNcRChDrNk,1
@someonewithbadgrammer6740,8hNcRChDrNk,1
@son_pluto,8hNcRChDrNk,1
@soul8648,8hNcRChDrNk,1
@ssatir,8hNcRChDrNk,1
@themastergrone,8hNcRChDrNk,1
@tothandras8160,8hNcRChDrNk,1
@trimagos,8hNcRChDrNk,1
@usmanarshad6414,8hNcRChDrNk,1
@vinsentKim,8hNcRChDrNk,2
@webrevolution.,8hNcRChDrNk,1
@yaafl817,8hNcRChDrNk,1
@АланАбрек,8hNcRChDrNk,1
@ДамирРахимжанов-в1л6ф,8hNcRChDrNk,1
@NadaHasni,8hyvYP5PCks,1
@acolombiadev,8hyvYP5PCks,2
@amit_th4kur,8hyvYP5PCks,1
@appsphere-consultants,8hyvYP5PCks,2
@bwitme4mesandy,8hyvYP5PCks,1
@12crenshaw,91B_v-wOaws,1
@AB-cd5gd,91B_v-wOaws,1
@AhmedZehani-co6rg,91B_v-wOaws,1
@Akahatoo,91B_v-wOaws,1
@Alan46810,91B_v-wOaws,1
@AlexM-xj7qd,91B_v-wOaws,1
@AusSkiller,91B_v-wOaws,3
@BarShoval-u3g,91B_v-wOaws,4
@Barion88,91B_v-wOaws,1
@BlueTakRush,91B_v-wOaws,1
@Bokannord,91B_v-wOaws,4
@CJwavie,91B_v-wOaws,1
@CandyThePuppy,91B_v-wOaws,1
@CaptainVita,91B_v-wOaws,1
@Cretaal,91B_v-wOaws,1
@DlovanSlayer,91B_v-wOaws,1
@Dt09-pn,91B_v-wOaws,1
@Dubious_Dubs,91B_v-wOaws,1
@EvolvingFetus,91B_v-wOaws,1
@FMATheQuiet,91B_v-wOaws,1
@Falney,91B_v-wOaws,1
@FlynnyMcDinny,91B_v-wOaws,1
@FrostSpike,91B_v-wOaws,1
@GameBouncerBem,91B_v-wOaws,1
@Giona_2,91B_v-wOaws,1
@GlitchedOnce,91B_v-wOaws,1
@GodMitzi,91B_v-wOaws,1
@GuardianTiger,91B_v-wOaws,1
@Gyxl_,91B_v-wOaws,1
@HANDLECODINGWITHAI,91B_v-wOaws,1
@HadiHosini-i1e,91B_v-wOaws,1
@HueJanus69,91B_v-wOaws,1
@Insulino36,91B_v-wOaws,1
@IrrationalTriangle,91B_v-wOaws,1
@JiahPlayz_YT,91B_v-wOaws,1
@KingSheva-sh5qw,91B_v-wOaws,4
@Kleediss,91B_v-wOaws,1
@KyleEveleigh-j4p,91B_v-wOaws,1
@Kynigoss,91B_v-wOaws,1
@Lemonator_32,91B_v-wOaws,1
@LouaiAmrouche-iu9bc,91B_v-wOaws,2
@MONOTHROPITE,91B_v-wOaws,1
@MaencraftLearn,91B_v-wOaws,1
@MandhlaMukela-ww5ld,91B_v-wOaws,1
@Meeps42069,91B_v-wOaws,1
@Mikeontube,91B_v-wOaws,1
@Moodoo20,91B_v-wOaws,1
@Mr-JayG,91B_v-wOaws,1
@MrBulgaristan,91B_v-wOaws,1
@Mufffinz,91B_v-wOaws,1
@NatanaelPetru,91B_v-wOaws,1
@NikolayNikoloff,91B_v-wOaws,1
@NormanMangusinOfficial,91B_v-wOaws,1
@ObitusJoe,91B_v-wOaws,1
@OpenSourceSpotlight,91B_v-wOaws,4
@PerlStyle,91B_v-wOaws,1
@PhongTrầnCoder,91B_v-wOaws,1
@Pocketbuilt,91B_v-wOaws,1
@ProjectMonkfishStudios,91B_v-wOaws,1
@Psykeeper993,91B_v-wOaws,1
@QuazarGMD,91B_v-wOaws,2
@RASK_Tech,91B_v-wOaws,1
@ROTation47,91B_v-wOaws,1
@Raiven007Rust,91B_v-wOaws,1
@Ringoshiiro,91B_v-wOaws,1
@RollinOn22s,91B_v-wOaws,1
@SU-fg7gg,91B_v-wOaws,1
@Shini1984,91B_v-wOaws,1
@Shreiz_HD,91B_v-wOaws,1
@StephanLie-t7s,91B_v-wOaws,1
@StevenValentinoTaslim,91B_v-wOaws,1
@TailsPlaysBloxdYT,91B_v-wOaws,1
@Tazy50,91B_v-wOaws,1
@Temij-d2x,91B_v-wOaws,1
@Terrantulla,91B_v-wOaws,1
@TerrenceLP,91B_v-wOaws,1
@TheChcam,91B_v-wOaws,1
@TheChrois,91B_v-wOaws,1
@TheCodingSloth,91B_v-wOaws,1
@TheReal_IdeasAndInventions,91B_v-wOaws,1
@TheWulis,91B_v-wOaws,1
@Thekowaikaiju,91B_v-wOaws,1
@Transformers488,91B_v-wOaws,1
@Trick3ry,91B_v-wOaws,1
@TulgaBatbayar-ii3qn,91B_v-wOaws,1
@VOIDfrnojoke,91B_v-wOaws,1
@Vlyn,91B_v-wOaws,1
@Vniverse77,91B_v-wOaws,1
@Vulcan-123,91B_v-wOaws,1
@Walter_,91B_v-wOaws,1
@WestValor,91B_v-wOaws,1
@Windows98R,91B_v-wOaws,1
@Wonkoification,91B_v-wOaws,1
@X862go,91B_v-wOaws,2
@XxRainbowKittyUnicornsxX_44,91B_v-wOaws,1
@YT_JKGaming,91B_v-wOaws,1
@Z3r0Pa1N,91B_v-wOaws,1
@aariuswins,91B_v-wOaws,1
@adaauvel1389,91B_v-wOaws,1
@andrewstacy3937,91B_v-wOaws,1
@anthonypagano6565,91B_v-wOaws,1
@arefallout,91B_v-wOaws,1
@arjunblaze,91B_v-wOaws,1
@arnavnayak9439,91B_v-wOaws,1
@aspected,91B_v-wOaws,1
@azaaz5334,91B_v-wOaws,1
@be5ty,91B_v-wOaws,1
@bigbadjohn128,91B_v-wOaws,1
@bkxt,91B_v-wOaws,1
@bmqww223,91B_v-wOaws,1
@borgoxyz,91B_v-wOaws,1
@briankelly1240,91B_v-wOaws,1
@brun301,91B_v-wOaws,1
@burger21215-b,91B_v-wOaws,1
@cameron9735,91B_v-wOaws,1
@chad-9171,91B_v-wOaws,1
@chasetaylor4826,91B_v-wOaws,1
@cole_b_watts,91B_v-wOaws,1
@cpalka87,91B_v-wOaws,1
@cristianospohr69,91B_v-wOaws,1
@curiousnerdkitteh,91B_v-wOaws,1
@cursingqbert,91B_v-wOaws,1
@czoborleonard9136,91B_v-wOaws,1
@darkcircles3534,91B_v-wOaws,1
@deathgunnergaming5129,91B_v-wOaws,1
@degodaniyt6557,91B_v-wOaws,1
@douglassilva3104,91B_v-wOaws,1
@drivemind7142,91B_v-wOaws,1
@dupxc,91B_v-wOaws,1
@dylansouter,91B_v-wOaws,1
@eLokiEah,91B_v-wOaws,1
@eklipsed9254,91B_v-wOaws,1
@emanuelefusco4466,91B_v-wOaws,1
@enzoreyes1210,91B_v-wOaws,1
@fikrul412,91B_v-wOaws,1
@firesamuraibr9425,91B_v-wOaws,1
@fishraposo7192,91B_v-wOaws,1
@ggmehemli9596,91B_v-wOaws,1
@gmegis,91B_v-wOaws,1
@gremlin7900,91B_v-wOaws,1
@grzegorzk5149,91B_v-wOaws,1
@handlehaggler,91B_v-wOaws,2
@hanshans9902,91B_v-wOaws,1
@iQuack,91B_v-wOaws,1
@iamflartebartfarst,91B_v-wOaws,1
@iamnotvisible,91B_v-wOaws,1
@idk6465,91B_v-wOaws,1
@indy2l,91B_v-wOaws,1
@insainbassist,91B_v-wOaws,1
@itsproftj,91B_v-wOaws,1
@itsvedantkumar,91B_v-wOaws,1
@jahswillcodes5435,91B_v-wOaws,2
@jal051,91B_v-wOaws,1
@jam14732,91B_v-wOaws,1
@jangras6253,91B_v-wOaws,1
@jonathanwenta5305,91B_v-wOaws,1
@juice.orange6542,91B_v-wOaws,1
@kaoki7994,91B_v-wOaws,1
@kiattim2100,91B_v-wOaws,1
@klausklavikus3836,91B_v-wOaws,1
@kseniapoduret6535,91B_v-wOaws,1
@kurogiza,91B_v-wOaws,1
@lamjeri,91B_v-wOaws,1
@leafytoxins,91B_v-wOaws,1
@leet-t5w,91B_v-wOaws,1
@lolbinjalul5594,91B_v-wOaws,1
@mahad-dev,91B_v-wOaws,2
@marcotroster8247,91B_v-wOaws,1
@marlonb.4017,91B_v-wOaws,1
@michaellamb134,91B_v-wOaws,1
@mikesummers9103,91B_v-wOaws,1
@minkwak9131,91B_v-wOaws,1
@mohaglade4892,91B_v-wOaws,1
@nage7447,91B_v-wOaws,1
@nick-esqueda,91B_v-wOaws,1
@nicoz4122,91B_v-wOaws,1
@no-observe,91B_v-wOaws,1
@noberto_brown8549,91B_v-wOaws,1
@oDiablo,91B_v-wOaws,1
@okii3338,91B_v-wOaws,1
@okotinek13,91B_v-wOaws,1
@osamareema3008,91B_v-wOaws,1
@pajukka3702,91B_v-wOaws,1
@petrgrebenicek1067,91B_v-wOaws,1
@phonebackup2083,91B_v-wOaws,1
@pip-j4g,91B_v-wOaws,1
@prakash-niroula,91B_v-wOaws,1
@punchthecake82,91B_v-wOaws,1
@recollectionofmemory,91B_v-wOaws,1
@rektoman620,91B_v-wOaws,1
@riffi6122,91B_v-wOaws,1
@rinkaneki3514,91B_v-wOaws,1
@ryanbeiden,91B_v-wOaws,1
@ryder1658,91B_v-wOaws,1
@sapirriorwastaken,91B_v-wOaws,1
@sergipantoja5269,91B_v-wOaws,1
@sheilamumbi6787,91B_v-wOaws,1
@siennadae-knight5598,91B_v-wOaws,1
@sjgghosh7677,91B_v-wOaws,1
@slimy-dodo,91B_v-wOaws,1
@someopinionateddude2039,91B_v-wOaws,1
@spin4team4096,91B_v-wOaws,1
@springbertstudios7005,91B_v-wOaws,1
@spudbrother-999,91B_v-wOaws,1
@stan3473,91B_v-wOaws,1
@stewartdahamman,91B_v-wOaws,2
@sumrandomguy4860,91B_v-wOaws,1
@sung-ryulkim6590,91B_v-wOaws,1
@thegoodthebadandtheugly579,91B_v-wOaws,2
@thehermit4266,91B_v-wOaws,1
@themistoklis6237,91B_v-wOaws,1
@tolgademirbilek9420,91B_v-wOaws,1
@tradinglearning6766,91B_v-wOaws,1
@traumatizedwick,91B_v-wOaws,1
@trijay,91B_v-wOaws,1
@vedsimprovin,91B_v-wOaws,3
@vovaziomalski1091,91B_v-wOaws,1
@wrmusic8736,91B_v-wOaws,1
@xToxicNinjax,91B_v-wOaws,1
@xxcfbb,91B_v-wOaws,1
@yami5135,91B_v-wOaws,1
@zaNNy1604,91B_v-wOaws,2
@zacharyberridge7239,91B_v-wOaws,1
@zacharybienstock9299,91B_v-wOaws,1
@1-xmx,91aH8jsG4cc,1
@1s16t,91aH8jsG4cc,1
@500-IQ,91aH8jsG4cc,1
@ABWAERIC0,91aH8jsG4cc,1
@AaryKedar,91aH8jsG4cc,1
@AashishManandhar-m6p,91aH8jsG4cc,2
@Abhikushwaha255,91aH8jsG4cc,1
@Af9fi,91aH8jsG4cc,1
@AlzorynzAlzo,91aH8jsG4cc,1
@Anku-tv2lj,91aH8jsG4cc,1
@Anon01X,91aH8jsG4cc,1
@AnthonyGamez-kt3er,91aH8jsG4cc,1
@BSNIPERMEDIAOG,91aH8jsG4cc,1
@BabaMarble-t4b,91aH8jsG4cc,1
@BadreddineMansour-g3d,91aH8jsG4cc,1
@BareMetalPosting,91aH8jsG4cc,1
@BeyondAtlas19,91aH8jsG4cc,1
@Boxing_Gamer,91aH8jsG4cc,1
@BrayneStatic,91aH8jsG4cc,1
@BundeliTajurba,91aH8jsG4cc,1
@CakeReality,91aH8jsG4cc,1
@DarrenFuller,91aH8jsG4cc,1
@Ditectrev,91aH8jsG4cc,1
@DodoHarim,91aH8jsG4cc,1
@FF.M.0.2,91aH8jsG4cc,1
@FelipeAndrade10,91aH8jsG4cc,1
@Fireship,91aH8jsG4cc,1
@GNn-m6n,91aH8jsG4cc,1
@GadgetGuruTamoor,91aH8jsG4cc,1
@Gaming_Lover_001-l2k,91aH8jsG4cc,1
@GhostCodeMusic,91aH8jsG4cc,1
@GiorgyArmani,91aH8jsG4cc,1
@GksBaba-mw8fc,91aH8jsG4cc,1
@Guillerq,91aH8jsG4cc,1
@GuitarWithBrett,91aH8jsG4cc,1
@HARSH_GAMER_07-HM,91aH8jsG4cc,1
@HELLOINDIANS0,91aH8jsG4cc,1
@HeartouchingFeelings,91aH8jsG4cc,1
@HildvkaIohkg,91aH8jsG4cc,1
@Hirakumarblog,91aH8jsG4cc,1
@Huzefa.7,91aH8jsG4cc,1
@IAMTHECEOB1TCH-h5x,91aH8jsG4cc,1
@ISLAMIC_POST-Haq,91aH8jsG4cc,1
@IdreesAhmadIdreesAhmad,91aH8jsG4cc,1
@JESUSESTSEIGNEUR.,91aH8jsG4cc,1
@JacobKuki-rz9lz,91aH8jsG4cc,1
@JashanSingh-hc4qx,91aH8jsG4cc,1
@JavaSkrrt,91aH8jsG4cc,1
@Jeff-h6m,91aH8jsG4cc,1
@Julia-lily,91aH8jsG4cc,1
@Just-Videos330,91aH8jsG4cc,1
@Kabodanki,91aH8jsG4cc,1
@KakuKaku-oy8ld,91aH8jsG4cc,1
@KrishLimboo,91aH8jsG4cc,1
@LightslicerGP,91aH8jsG4cc,1
@LisaBabcock-k3r,91aH8jsG4cc,1
@LuisSierra42,91aH8jsG4cc,1
@Lulu_Comedy-p3n,91aH8jsG4cc,1
@Lwizzle90,91aH8jsG4cc,1
@MRJAVEDFF-i7s,91aH8jsG4cc,1
@MarcoAlmeidaPijal,91aH8jsG4cc,1
@Max-y7u3w,91aH8jsG4cc,1
@MertBeka,91aH8jsG4cc,1
@MituMalak-dl8zb,91aH8jsG4cc,1
@Mrspacepigg,91aH8jsG4cc,1
@MuhammadArham-xn3wo,91aH8jsG4cc,1
@NARESH.1669,91aH8jsG4cc,1
@NHLFrenzy,91aH8jsG4cc,1
@NOOBDA-g3p,91aH8jsG4cc,1
@NareshKurri-r8e,91aH8jsG4cc,1
@Neeru-bz7jk,91aH8jsG4cc,1
@Nexttime111,91aH8jsG4cc,1
@NikosKatsikanis,91aH8jsG4cc,1
@NoName66426,91aH8jsG4cc,1
@NobitaHumorlicious,91aH8jsG4cc,1
@Nobody-Nowhere,91aH8jsG4cc,1
@NsJa-e3j,91aH8jsG4cc,1
@OleksiiLytvynenko,91aH8jsG4cc,1
@Osthirbangali1M,91aH8jsG4cc,1
@P-Songs1,91aH8jsG4cc,1
@P789-k2u,91aH8jsG4cc,1
@PETALS_GALLERY_55,91aH8jsG4cc,1
@Patolixo,91aH8jsG4cc,1
@PopTartNeko,91aH8jsG4cc,1
@RANUJAVALA_32,91aH8jsG4cc,1
@Raj4u4ever-r,91aH8jsG4cc,1
@RanTimiTijeSuNioLuWa,91aH8jsG4cc,1
@Rock_star-b7z,91aH8jsG4cc,1
@SSaintSmith,91aH8jsG4cc,1
@SadhuSumivlogs-l3i,91aH8jsG4cc,1
@Samavarol8,91aH8jsG4cc,1
@SandroManzo,91aH8jsG4cc,1
@SaschaRissling,91aH8jsG4cc,1
@SatyaGamer-721,91aH8jsG4cc,1
@Selfeducationspot,91aH8jsG4cc,1
@Serieturkie,91aH8jsG4cc,1
@Sixsportofficall,91aH8jsG4cc,1
@Sndnwkxmamqk_d,91aH8jsG4cc,1
@StarNipun8-kq2pv,91aH8jsG4cc,1
@Tab59,91aH8jsG4cc,1
@TallyPaws,91aH8jsG4cc,1
@Tec.tutorial,91aH8jsG4cc,1
@ThePrimordialWumbo,91aH8jsG4cc,1
@TotalKnowledge1,91aH8jsG4cc,1
@U.CRISTIANO-c5s,91aH8jsG4cc,1
@UfuUfu-sj3bv,91aH8jsG4cc,1
@Uhfyuhdd,91aH8jsG4cc,1
@UniqueDreamscapes1,91aH8jsG4cc,1
@VPEDITINGSERVICES,91aH8jsG4cc,1
@VincentJenks,91aH8jsG4cc,1
@WarrenThomas3141,91aH8jsG4cc,1
@WayOfTheZombie,91aH8jsG4cc,1
@WealthMindsetDaily-f7j,91aH8jsG4cc,1
@WhereRickyTanAt,91aH8jsG4cc,1
@YourNill-78,91aH8jsG4cc,1
@YtOp-xe6st,91aH8jsG4cc,1
@ZTR001-TotallyNotAnLLM,91aH8jsG4cc,1
@aaronalquiza9680,91aH8jsG4cc,1
@abalofiradio1758,91aH8jsG4cc,1
@acceptablecasualty5319,91aH8jsG4cc,1
@ahmad_faaliat,91aH8jsG4cc,1
@ajmound790,91aH8jsG4cc,1
@alceasgamingbouquet,91aH8jsG4cc,1
@allappetit,91aH8jsG4cc,1
@aotfan.edits1,91aH8jsG4cc,1
@arieltrivino1732,91aH8jsG4cc,1
@arnavgupta-op,91aH8jsG4cc,1
@artron3760,91aH8jsG4cc,1
@atharvandewar1143,91aH8jsG4cc,1
@ayoubtv4630,91aH8jsG4cc,1
@bbccyyxx,91aH8jsG4cc,2
@binlad-t8i,91aH8jsG4cc,1
@black_angelll,91aH8jsG4cc,1
@buddysievers9964,91aH8jsG4cc,1
@c_u_l8er,91aH8jsG4cc,1
@choudhry420__,91aH8jsG4cc,1
@cynicalpsych0,91aH8jsG4cc,1
@darksoul-804,91aH8jsG4cc,1
@deadbeefcodex,91aH8jsG4cc,1
@dehadiGamer1996,91aH8jsG4cc,1
@detailedtalk-h4f,91aH8jsG4cc,1
@dkbollaram,91aH8jsG4cc,1
@doryan08,91aH8jsG4cc,1
@duckologism,91aH8jsG4cc,1
@ele6133,91aH8jsG4cc,1
@errorlol414,91aH8jsG4cc,1
@everydayfanclips,91aH8jsG4cc,1
@five_star4k,91aH8jsG4cc,1
@fizzinsoda,91aH8jsG4cc,1
@flamingenderpearlteleporta341,91aH8jsG4cc,1
@fredericfc,91aH8jsG4cc,1
@fredericsteegmans3566,91aH8jsG4cc,1
@fudbal-t2g,91aH8jsG4cc,1
@fundrheim,91aH8jsG4cc,1
@ganeshg2263,91aH8jsG4cc,1
@giovannigiorni5814,91aH8jsG4cc,1
@gorzkowskipiotr9294,91aH8jsG4cc,1
@homosacerrr,91aH8jsG4cc,1
@iagoh.moreira5253,91aH8jsG4cc,1
@indra_R_B,91aH8jsG4cc,1
@ismaeltechI,91aH8jsG4cc,1
@iy__oc5,91aH8jsG4cc,1
@jTay111,91aH8jsG4cc,1
@jangavlik6466,91aH8jsG4cc,1
@jf7760,91aH8jsG4cc,1
@kaifisahil,91aH8jsG4cc,1
@kevguev1,91aH8jsG4cc,1
@kizuna_hotaru,91aH8jsG4cc,1
@legelf,91aH8jsG4cc,1
@lera3491,91aH8jsG4cc,1
@linkbrockman1010,91aH8jsG4cc,1
@linuxtennyson,91aH8jsG4cc,1
@malenkrot,91aH8jsG4cc,1
@marcogalo3631,91aH8jsG4cc,1
@missHindou-jq8gd,91aH8jsG4cc,1
@modern_sapien,91aH8jsG4cc,1
@mohamedkhamiss7230,91aH8jsG4cc,1
@muhammadejazahmed6624,91aH8jsG4cc,1
@ngamia254,91aH8jsG4cc,1
@nikhil_jadhav,91aH8jsG4cc,1
@norashai1203,91aH8jsG4cc,1
@nusairapk6509,91aH8jsG4cc,1
@oioi-yb9dw,91aH8jsG4cc,1
@p.budiel1170,91aH8jsG4cc,1
@p_kotsky,91aH8jsG4cc,1
@pasindupasindu1609,91aH8jsG4cc,1
@pegionlover-jn1po,91aH8jsG4cc,1
@poonia0012,91aH8jsG4cc,1
@rabbyhowlader2687,91aH8jsG4cc,1
@rafshanrizwan7484,91aH8jsG4cc,1
@reachyff,91aH8jsG4cc,1
@robe1811,91aH8jsG4cc,1
@rofikahmed3556,91aH8jsG4cc,1
@rvlegends726,91aH8jsG4cc,1
@sadiulhakim7814,91aH8jsG4cc,1
@samahelqwatly8070,91aH8jsG4cc,1
@sebaghost,91aH8jsG4cc,2
@sfnewsjalgaon,91aH8jsG4cc,1
@shawnpolly7407,91aH8jsG4cc,1
@simonswiss,91aH8jsG4cc,1
@siyam1914,91aH8jsG4cc,1
@sofianerealm,91aH8jsG4cc,1
@steckmajster,91aH8jsG4cc,1
@svensubunitnillson1568,91aH8jsG4cc,1
@thealwayssmileguy9060,91aH8jsG4cc,1
@themaniaxx,91aH8jsG4cc,1
@tihomirsmoljak7355,91aH8jsG4cc,1
@tismatis44,91aH8jsG4cc,1
@tomboydestroyer,91aH8jsG4cc,1
@tukmol5881,91aH8jsG4cc,1
@uk3116,91aH8jsG4cc,1
@user-ne2zx3nd2k,91aH8jsG4cc,1
@v.boopathiraja.3681,91aH8jsG4cc,1
@victordelacruzProducer,91aH8jsG4cc,1
@wealthorbit5g,91aH8jsG4cc,1
@yeahyeahduderooski,91aH8jsG4cc,1
@zeeshanbutt-e8j,91aH8jsG4cc,1
@АндрейПанасюк-б5о,91aH8jsG4cc,1
@2hcy,96jN2OCOfLs,1
@351abc,96jN2OCOfLs,1
@800wooden,96jN2OCOfLs,1
@ACH-j2w2f,96jN2OCOfLs,1
@AGeniusLabs,96jN2OCOfLs,1
@AISA-AI,96jN2OCOfLs,1
@ALYOism,96jN2OCOfLs,1
@AbdulraufAhmed-f4r,96jN2OCOfLs,1
@Alex-qq1gm,96jN2OCOfLs,1
@AubreyHeid-b1f,96jN2OCOfLs,1
@AustinStory,96jN2OCOfLs,1
@AustinTxIsHome,96jN2OCOfLs,1
@Beloved_Digital,96jN2OCOfLs,1
@BobbyBundlez,96jN2OCOfLs,3
@BradHutchings,96jN2OCOfLs,1
@BruceWayne_311,96jN2OCOfLs,1
@BuxleyBandit,96jN2OCOfLs,2
@CairoCananea,96jN2OCOfLs,1
@CapuWriting,96jN2OCOfLs,1
@ChaseBelote-e7l,96jN2OCOfLs,1
@DAWGTOOL,96jN2OCOfLs,1
@DBSpeakers,96jN2OCOfLs,1
@Danesc-Alexandru,96jN2OCOfLs,1
@DistortedV12,96jN2OCOfLs,1
@Dominik-iv6ek,96jN2OCOfLs,1
@Don-mr8sl,96jN2OCOfLs,1
@EEBPioneer,96jN2OCOfLs,1
@FiFiSmartColor,96jN2OCOfLs,1
@FoyezLilimaa,96jN2OCOfLs,1
@GPthirtythirty,96jN2OCOfLs,1
@Grasshoppa065,96jN2OCOfLs,1
@Hajrë-m8n,96jN2OCOfLs,1
@HenryBlakeDev,96jN2OCOfLs,1
@HimMIII,96jN2OCOfLs,1
@Htuk-j6k,96jN2OCOfLs,1
@IlkinAlibayli,96jN2OCOfLs,1
@ItsWesSmithYoda,96jN2OCOfLs,1
@JHRASBAV,96jN2OCOfLs,1
@JR-kw6sd,96jN2OCOfLs,1
@JackPorter-x1b,96jN2OCOfLs,1
@Jared_C91,96jN2OCOfLs,1
@Jason-wm5qe,96jN2OCOfLs,1
@Jdinrbfidndifofkdndjoflfndjdk,96jN2OCOfLs,1
@Joe_Kabuki,96jN2OCOfLs,1
@JoelHenriksson-k7u,96jN2OCOfLs,1
@KingTine724,96jN2OCOfLs,1
@Kyzyl_Tuva,96jN2OCOfLs,1
@LinchpinFunnelsJames,96jN2OCOfLs,1
@MCM271,96jN2OCOfLs,1
@Mandragara,96jN2OCOfLs,2
@Messi-d9p4c,96jN2OCOfLs,1
@MnemeHQ,96jN2OCOfLs,1
@NaughtyJackal,96jN2OCOfLs,1
@PollyAI-c2l,96jN2OCOfLs,1
@Radium3D,96jN2OCOfLs,1
@SV-tc8cu,96jN2OCOfLs,1
@Sai-hey123,96jN2OCOfLs,1
@SalisuRabius-bai,96jN2OCOfLs,1
@SinaSarsharPour,96jN2OCOfLs,1
@StratoformAI,96jN2OCOfLs,1
@SydneyPanda2016,96jN2OCOfLs,1
@TrueHorizonMartin,96jN2OCOfLs,1
@USTechAutomations,96jN2OCOfLs,1
@VaultedCinema,96jN2OCOfLs,1
@WeWereFish,96jN2OCOfLs,1
@WesselvanBeek,96jN2OCOfLs,1
@WhiteboyMike.615,96jN2OCOfLs,1
@YahuzaGarbajega,96jN2OCOfLs,1
@YusufAbdullahi-l7f,96jN2OCOfLs,1
@YusufJibrin-o9p,96jN2OCOfLs,1
@YükselToprak-r9y,96jN2OCOfLs,1
@abhishekofficial7059,96jN2OCOfLs,1
@abi69169,96jN2OCOfLs,2
@adamniven,96jN2OCOfLs,1
@adjbey,96jN2OCOfLs,2
@aitoolspark,96jN2OCOfLs,1
@alazro,96jN2OCOfLs,1
@aliceinasag,96jN2OCOfLs,1
@almirus10,96jN2OCOfLs,1
@ankitaverma3066,96jN2OCOfLs,1
@anthonylamda,96jN2OCOfLs,4
@antopolskiy,96jN2OCOfLs,1
@arrrghh,96jN2OCOfLs,1
@asterx_obelix653,96jN2OCOfLs,1
@bahaelaila,96jN2OCOfLs,1
@bouncehouseofficial,96jN2OCOfLs,1
@brohdeweb,96jN2OCOfLs,1
@calebhensley1267,96jN2OCOfLs,1
@cheyennegolden3135,96jN2OCOfLs,1
@chfilm,96jN2OCOfLs,1
@chris8535,96jN2OCOfLs,1
@chrissommers805,96jN2OCOfLs,1
@chrisweeks8789,96jN2OCOfLs,1
@clint3879,96jN2OCOfLs,1
@codeyuvi,96jN2OCOfLs,1
@danielferreira9995,96jN2OCOfLs,1
@darth_evgen,96jN2OCOfLs,1
@derekghh,96jN2OCOfLs,1
@deveshanant93,96jN2OCOfLs,1
@et6969,96jN2OCOfLs,1
@felixbishton3955,96jN2OCOfLs,1
@felixchin24,96jN2OCOfLs,1
@ferroalloys594,96jN2OCOfLs,1
@floydthunder9255,96jN2OCOfLs,1
@gerryhebert-w4e,96jN2OCOfLs,1
@goodwillmanamela1280,96jN2OCOfLs,1
@haanrey,96jN2OCOfLs,1
@heyob,96jN2OCOfLs,1
@hirengajjar33,96jN2OCOfLs,1
@hl236,96jN2OCOfLs,1
@hoctroviet,96jN2OCOfLs,1
@houmtna,96jN2OCOfLs,1
@hrio100,96jN2OCOfLs,1
@husnaauwal7343,96jN2OCOfLs,1
@irattio,96jN2OCOfLs,1
@itzviciousx,96jN2OCOfLs,1
@jb-kx3rk,96jN2OCOfLs,1
@jdejong1,96jN2OCOfLs,1
@jefferystartm9442,96jN2OCOfLs,1
@johanbusiness-i5j,96jN2OCOfLs,1
@johnstream9172,96jN2OCOfLs,1
@jorisw_,96jN2OCOfLs,1
@joryiansmith,96jN2OCOfLs,1
@josersleal,96jN2OCOfLs,1
@jr587,96jN2OCOfLs,1
@jurajhprobyt2107,96jN2OCOfLs,1
@justinvandemark1193,96jN2OCOfLs,1
@kaushik_105,96jN2OCOfLs,1
@kotogab,96jN2OCOfLs,1
@lazalazarevic4794,96jN2OCOfLs,1
@leod3338,96jN2OCOfLs,1
@lobonoxxxx,96jN2OCOfLs,1
@manideep-lanka,96jN2OCOfLs,1
@markemerson98,96jN2OCOfLs,1
@marvarga2007,96jN2OCOfLs,1
@mhixson001,96jN2OCOfLs,1
@mikementele,96jN2OCOfLs,1
@mohammedkhursheed6859,96jN2OCOfLs,1
@mr_researcher_dude,96jN2OCOfLs,1
@nameandphoto,96jN2OCOfLs,1
@nikitapusnakovs,96jN2OCOfLs,1
@niteshsetin,96jN2OCOfLs,1
@omer6472,96jN2OCOfLs,1
@ottomen2712,96jN2OCOfLs,1
@patipansitthiprawiat6906,96jN2OCOfLs,1
@paul75245,96jN2OCOfLs,1
@pauldacus4590,96jN2OCOfLs,1
@pawelmagnowski2014,96jN2OCOfLs,2
@pflintaryan8336,96jN2OCOfLs,1
@pgautama404,96jN2OCOfLs,1
@phiewter3318,96jN2OCOfLs,1
@philidornews4055,96jN2OCOfLs,1
@propersteel,96jN2OCOfLs,1
@ramkanagu,96jN2OCOfLs,1
@rancetino4951,96jN2OCOfLs,1
@raysplay2827,96jN2OCOfLs,1
@rgoo519,96jN2OCOfLs,1
@rodrigomrggw,96jN2OCOfLs,1
@rogue11788,96jN2OCOfLs,1
@romans3423,96jN2OCOfLs,1
@roodood,96jN2OCOfLs,1
@rubyred032392,96jN2OCOfLs,1
@rude_people_die_young,96jN2OCOfLs,1
@sagarbehera,96jN2OCOfLs,1
@sayminsays,96jN2OCOfLs,1
@schnapp88,96jN2OCOfLs,1
@serenditymuse,96jN2OCOfLs,1
@setoelkahfi,96jN2OCOfLs,1
@shuaitang2982,96jN2OCOfLs,1
@sionbuckler5713,96jN2OCOfLs,1
@sirius-harry,96jN2OCOfLs,1
@soda5730,96jN2OCOfLs,1
@stephenswanson533,96jN2OCOfLs,1
@suramritsingh-q1o,96jN2OCOfLs,2
@tamimator,96jN2OCOfLs,1
@tangobayus,96jN2OCOfLs,1
@tech_with_julius,96jN2OCOfLs,1
@techlab1883,96jN2OCOfLs,1
@teflondave7823,96jN2OCOfLs,1
@therenaissanceman441,96jN2OCOfLs,1
@theshovonsaha,96jN2OCOfLs,1
@thoughtgale,96jN2OCOfLs,1
@timboyer1978,96jN2OCOfLs,1
@timothy_mcgirl,96jN2OCOfLs,1
@tonisplit1642,96jN2OCOfLs,1
@topgxpert,96jN2OCOfLs,1
@uanelacomo,96jN2OCOfLs,1
@underqualified2527,96jN2OCOfLs,1
@userexperienceresearchers,96jN2OCOfLs,1
@vacsa,96jN2OCOfLs,1
@vartyunyan,96jN2OCOfLs,1
@wenterinfaer7868,96jN2OCOfLs,1
@xnij_jinx,96jN2OCOfLs,1
@渡邉彩-m1p,96jN2OCOfLs,1
@-st--wq9lu,AWFrosxcJxw,1
@greatlearning,AWFrosxcJxw,1
@AriRaouf-kq4le,BDxRhhs36ns,1
@BenjaminRay-t8e,BDxRhhs36ns,1
@Chatsworth1979,BDxRhhs36ns,1
@DavidStanescu-y8o,BDxRhhs36ns,1
@JonitoFischer,BDxRhhs36ns,1
@OmegaAlfa-p7h,BDxRhhs36ns,1
@PolyStackChris,BDxRhhs36ns,3
@RentedLipz,BDxRhhs36ns,1
@ShadowElCDJ,BDxRhhs36ns,1
@TheoklitosBampouris,BDxRhhs36ns,1
@Two_M-s,BDxRhhs36ns,1
@alvaroak,BDxRhhs36ns,1
@brandondynasty-o5b,BDxRhhs36ns,2
@chenrvn,BDxRhhs36ns,1
@clivejefferies,BDxRhhs36ns,1
@danielpalmer4981,BDxRhhs36ns,1
@flexairz,BDxRhhs36ns,1
@franciscotorres4411,BDxRhhs36ns,1
@giraldiego,BDxRhhs36ns,1
@javierleiva3838,BDxRhhs36ns,1
@jpkuta,BDxRhhs36ns,1
@justrobin1234,BDxRhhs36ns,1
@keyd33,BDxRhhs36ns,2
@lesaigneurdesagneaus,BDxRhhs36ns,1
@majorgear1021,BDxRhhs36ns,2
@mouradaissani8957,BDxRhhs36ns,1
@neenus,BDxRhhs36ns,2
@nsiddiqui25,BDxRhhs36ns,1
@proflead,BDxRhhs36ns,1
@qinlingzhou8815,BDxRhhs36ns,1
@rodrigov2475,BDxRhhs36ns,1
@saddam-shah-v5z,BDxRhhs36ns,1
@tahircivan,BDxRhhs36ns,1
@thedelanyo,BDxRhhs36ns,1
@toadman5184,BDxRhhs36ns,1
@ys-hq9kf,BDxRhhs36ns,1
@znubionek,BDxRhhs36ns,2
@-AkhilTej-,BEKc4P87XKo,1
@AlperTheOrtac,BEKc4P87XKo,1
@BTC_21M,BEKc4P87XKo,1
@Dan-c2c,BEKc4P87XKo,1
@DarKnightKing88,BEKc4P87XKo,2
@EduardoFlores-kw4lz,BEKc4P87XKo,1
@KevinKreger,BEKc4P87XKo,1
@MrEnsiferum77,BEKc4P87XKo,1
@Nik-wh3ex,BEKc4P87XKo,1
@Solo2121,BEKc4P87XKo,1
@Suresh06-w5w,BEKc4P87XKo,1
@anakinhavadayuruyen,BEKc4P87XKo,1
@bobpolo2964,BEKc4P87XKo,1
@chrz49,BEKc4P87XKo,1
@gergerger53,BEKc4P87XKo,1
@jalbers3150,BEKc4P87XKo,2
@lukaszstocki6998,BEKc4P87XKo,1
@markroxdotdev,BEKc4P87XKo,1
@mustafatorun8143,BEKc4P87XKo,1
@networkjag,BEKc4P87XKo,1
@noorpk,BEKc4P87XKo,1
@orthodox_gentleman,BEKc4P87XKo,1
@ryanjdev87,BEKc4P87XKo,1
@sajjadkhanexplores,BEKc4P87XKo,1
@st.chiotis,BEKc4P87XKo,1
@tecknovice,BEKc4P87XKo,1
@urbanocapucho,BEKc4P87XKo,2
@waizns,BEKc4P87XKo,1
@whocares9999,BEKc4P87XKo,1
@ADAMROSE-f2f,BF2k_fKuCVM,1
@AI-Cyrax,BF2k_fKuCVM,1
@AOXHAX,BF2k_fKuCVM,1
@AYUSHKUMAR-fp8lx,BF2k_fKuCVM,1
@AadityaBhumbak-b5c,BF2k_fKuCVM,1
@AbdelhameedGamal-ki7th,BF2k_fKuCVM,1
@AbdulkareemS.Hussein,BF2k_fKuCVM,1
@Abhishek-g1i8d,BF2k_fKuCVM,1
@AileenSmith-l2u,BF2k_fKuCVM,1
@Aiwithmaxwell,BF2k_fKuCVM,1
@AliObaid1992,BF2k_fKuCVM,1
@Amjadbasha-sy5ny,BF2k_fKuCVM,1
@Animetoonworld2616,BF2k_fKuCVM,1
@AnmolPrajapati-y7b,BF2k_fKuCVM,1
@AnshuKumar-me4nr,BF2k_fKuCVM,1
@AnujXalxo-w6g,BF2k_fKuCVM,1
@Areg_Sahakyan,BF2k_fKuCVM,1
@ArmanKhan-g8l4z,BF2k_fKuCVM,1
@AuronTM,BF2k_fKuCVM,1
@Back9Golfer,BF2k_fKuCVM,1
@BargisKujur,BF2k_fKuCVM,1
@Befruitfully,BF2k_fKuCVM,1
@BharatsinhChauhan-t7c,BF2k_fKuCVM,1
@CyberPulse-d5d,BF2k_fKuCVM,1
@DaVyAiDev,BF2k_fKuCVM,1
@Dar-v9j,BF2k_fKuCVM,1
@DarkData-Shop,BF2k_fKuCVM,1
@DarligLeo,BF2k_fKuCVM,1
@Deathridaz714,BF2k_fKuCVM,1
@DeborahL.sitlhou,BF2k_fKuCVM,1
@DeepWagling-p6u,BF2k_fKuCVM,1
@Deepanshuventures,BF2k_fKuCVM,1
@DevkiPatta-k2c,BF2k_fKuCVM,1
@DramaFlicksHub,BF2k_fKuCVM,1
@EricNguyen-b9c,BF2k_fKuCVM,1
@FRIENDVLOG313,BF2k_fKuCVM,1
@Faithpro-qtf,BF2k_fKuCVM,1
@FaizMansoori-z3w,BF2k_fKuCVM,1
@Funny_comedy_pn,BF2k_fKuCVM,1
@Gstakes,BF2k_fKuCVM,1
@Hamid-7180,BF2k_fKuCVM,1
@IndraDevAIPro,BF2k_fKuCVM,1
@IsrarHaiderFamily,BF2k_fKuCVM,1
@Itsamy_10,BF2k_fKuCVM,2
@Jae-x6j,BF2k_fKuCVM,1
@JeffSu,BF2k_fKuCVM,28
@JivantikaVaghela-k1t,BF2k_fKuCVM,1
@JonathanGreen-t5x,BF2k_fKuCVM,1
@KajalShinde-iy3dg,BF2k_fKuCVM,1
@KamleshRinwa-r6z,BF2k_fKuCVM,1
@Keraa-p6q,BF2k_fKuCVM,1
@KomiviBatoka,BF2k_fKuCVM,1
@Laminar-Flow,BF2k_fKuCVM,1
@LongChen11,BF2k_fKuCVM,1
@MERAJKHAN-lq5tz,BF2k_fKuCVM,1
@MStory6260,BF2k_fKuCVM,1
@MalMr-l7g,BF2k_fKuCVM,1
@Micaellaaa4,BF2k_fKuCVM,2
@MohamadAlfarukh-de9qz,BF2k_fKuCVM,1
@MoisesHuete-w5o,BF2k_fKuCVM,1
@Motivation-gk1,BF2k_fKuCVM,1
@Motsto,BF2k_fKuCVM,1
@Mr__DevkinandanDhakad,BF2k_fKuCVM,1
@NARUTOANIME-111,BF2k_fKuCVM,1
@NawazKhan-ve2vb,BF2k_fKuCVM,1
@NeilKohli,BF2k_fKuCVM,1
@NhatNguyen-js7nq,BF2k_fKuCVM,1
@NightWolfMusicHardstyle,BF2k_fKuCVM,1
@NikhilChandra-z7g,BF2k_fKuCVM,1
@NoamkNavi,BF2k_fKuCVM,1
@NsJa-e3j,BF2k_fKuCVM,1
@OfficialBlueMaster,BF2k_fKuCVM,1
@OkelokokoStephen,BF2k_fKuCVM,1
@Olexandr____,BF2k_fKuCVM,1
@Pisethkonkhmer-v1t,BF2k_fKuCVM,1
@PorodipChakma,BF2k_fKuCVM,1
@QuranMyLove-p9d,BF2k_fKuCVM,1
@ROWDY_EDITZ_0,BF2k_fKuCVM,1
@RachealAnthonyEtim,BF2k_fKuCVM,1
@RahulJamra-r8s,BF2k_fKuCVM,1
@RajeshKumar-o1i6j,BF2k_fKuCVM,1
@Rajjubhai-v8p,BF2k_fKuCVM,1
@RameshBairwa-tq6dg,BF2k_fKuCVM,1
@RanuYadav-ix1dg,BF2k_fKuCVM,1
@RohitKumar-v7j6w,BF2k_fKuCVM,1
@RoshanM-wz8jh,BF2k_fKuCVM,1
@Rubi.kumari.offical,BF2k_fKuCVM,1
@SARTAJ9897,BF2k_fKuCVM,1
@SHIVANSHVLOG819,BF2k_fKuCVM,1
@SMALLIDER_MEDIA,BF2k_fKuCVM,1
@SMOKIEEplayz,BF2k_fKuCVM,1
@SPMedia3,BF2k_fKuCVM,1
@SabaSamad-f6k,BF2k_fKuCVM,1
@SagarBhai-xs5cj,BF2k_fKuCVM,1
@Santoshmuppar,BF2k_fKuCVM,1
@ShabinaAnsari-p3l,BF2k_fKuCVM,1
@Shah_Faixan,BF2k_fKuCVM,1
@SumanSonkar-m5g,BF2k_fKuCVM,1
@SwadhinSamal-v2q,BF2k_fKuCVM,1
@TheUnknownLegend00,BF2k_fKuCVM,1
@The_Football_Fanatics247,BF2k_fKuCVM,1
@Ujjwalgrowtips,BF2k_fKuCVM,1
@VibeStory2M,BF2k_fKuCVM,1
@VictorCeaser6,BF2k_fKuCVM,1
@Viralvideo-r7o,BF2k_fKuCVM,1
@Vivek_kasana,BF2k_fKuCVM,1
@WarOrdersAndKittens444,BF2k_fKuCVM,1
@YTShots-e7z,BF2k_fKuCVM,1
@Yogamer-28,BF2k_fKuCVM,1
@Zxsikaari,BF2k_fKuCVM,1
@abanicharankhuntia62,BF2k_fKuCVM,1
@acgamerofficial,BF2k_fKuCVM,1
@aigoldminerush,BF2k_fKuCVM,1
@aihyvs_sobuvs,BF2k_fKuCVM,1
@aimade8,BF2k_fKuCVM,1
@aizalfatima_570,BF2k_fKuCVM,1
@akhilmittalji6816,BF2k_fKuCVM,1
@amadousara_diallo,BF2k_fKuCVM,1
@anhtuyett98,BF2k_fKuCVM,1
@animeattack-go,BF2k_fKuCVM,1
@ankit025jain,BF2k_fKuCVM,1
@antonzgurskiy,BF2k_fKuCVM,1
@anuraagsuman8592,BF2k_fKuCVM,1
@apeforceone1789,BF2k_fKuCVM,1
@appsolutehub,BF2k_fKuCVM,1
@arbabali475,BF2k_fKuCVM,1
@arupmmi07,BF2k_fKuCVM,1
@ashokburkule143,BF2k_fKuCVM,1
@bhaktiimarg089,BF2k_fKuCVM,1
@bhushandeogirikar1768,BF2k_fKuCVM,1
@cyberzap4931,BF2k_fKuCVM,1
@dancecrazymoment,BF2k_fKuCVM,1
@dansimmoai,BF2k_fKuCVM,1
@davidjachetta,BF2k_fKuCVM,1
@dawndown4767,BF2k_fKuCVM,1
@drawingwithkonkona5035,BF2k_fKuCVM,1
@ej5364,BF2k_fKuCVM,1
@emman-u6j,BF2k_fKuCVM,1
@footballclubEPL,BF2k_fKuCVM,1
@gmansi,BF2k_fKuCVM,1
@happyhabitify,BF2k_fKuCVM,1
@hawamallinathmaharaj-c1h,BF2k_fKuCVM,1
@hexicjbl,BF2k_fKuCVM,1
@imahmed_ali,BF2k_fKuCVM,1
@imy85,BF2k_fKuCVM,1
@ivanivanovic73,BF2k_fKuCVM,1
@jared6-y9x,BF2k_fKuCVM,1
@jassjassy9305,BF2k_fKuCVM,1
@jeangoff5413,BF2k_fKuCVM,1
@jeremy6384,BF2k_fKuCVM,2
@jignesh-Rt0,BF2k_fKuCVM,1
@joshmofosho,BF2k_fKuCVM,1
@kaatlaagroup,BF2k_fKuCVM,1
@kareemnajjar2440,BF2k_fKuCVM,1
@kavya1027,BF2k_fKuCVM,1
@komalpatel211,BF2k_fKuCVM,1
@koollightbro,BF2k_fKuCVM,1
@lokeshsaini6331,BF2k_fKuCVM,1
@m2x-i8v,BF2k_fKuCVM,1
@makarand1985,BF2k_fKuCVM,1
@mauricioalvesdemelo1128,BF2k_fKuCVM,1
@mhmmood-n8s,BF2k_fKuCVM,1
@mohameds8982,BF2k_fKuCVM,1
@mohdumer951,BF2k_fKuCVM,1
@mriganka9999,BF2k_fKuCVM,1
@msgirl01,BF2k_fKuCVM,1
@mundaupwala-s5m,BF2k_fKuCVM,1
@mytravelworld2026,BF2k_fKuCVM,1
@noxx_edits-v1b,BF2k_fKuCVM,1
@ocean645,BF2k_fKuCVM,1
@onknow5864,BF2k_fKuCVM,1
@rahelaantone128,BF2k_fKuCVM,1
@rainbowsports9049,BF2k_fKuCVM,1
@ralphhardie7492,BF2k_fKuCVM,1
@rebontosarkar8112,BF2k_fKuCVM,1
@rifatnfts,BF2k_fKuCVM,1
@rongitmukherjee,BF2k_fKuCVM,1
@roro-q2x,BF2k_fKuCVM,1
@rorzag,BF2k_fKuCVM,1
@rvsingh469,BF2k_fKuCVM,1
@ryanlynch3579,BF2k_fKuCVM,1
@shahrozebaig8585,BF2k_fKuCVM,1
@shirinpraver220,BF2k_fKuCVM,1
@sikandarazam6958,BF2k_fKuCVM,1
@sohafatima-ge2lw,BF2k_fKuCVM,1
@starmovielule,BF2k_fKuCVM,1
@stopthecap2644,BF2k_fKuCVM,1
@styrofoamx229,BF2k_fKuCVM,1
@suchittt,BF2k_fKuCVM,1
@sudanthramsudanthram4954,BF2k_fKuCVM,1
@suhannihalani6307,BF2k_fKuCVM,1
@swarnimkoteshwar,BF2k_fKuCVM,1
@sylwesterkotas,BF2k_fKuCVM,1
@taureanwooley,BF2k_fKuCVM,3
@thataisammy,BF2k_fKuCVM,1
@the-q7m,BF2k_fKuCVM,1
@the_ghost_of_uch1ha,BF2k_fKuCVM,1
@thecomickingyt,BF2k_fKuCVM,1
@themaharajamusic,BF2k_fKuCVM,1
@trangphan7381,BF2k_fKuCVM,1
@upsc_gen1,BF2k_fKuCVM,1
@vahidh93,BF2k_fKuCVM,1
@vibeshspL,BF2k_fKuCVM,1
@yohanis_shm,BF2k_fKuCVM,1
@ywartencite,BF2k_fKuCVM,1
@zaritawear,BF2k_fKuCVM,1
@Діаносія-е7ь,BF2k_fKuCVM,1
@СергійКошин-щ5и,BF2k_fKuCVM,1
@ابومحمد-م1ت8ص,BF2k_fKuCVM,1
@สมพรจันทร์ดี-ช2ฮ,BF2k_fKuCVM,1
@12345damnthetorpedoes,Bc98jtvwkQ8,1
@1Eagler,Bc98jtvwkQ8,1
@AMDevanney,Bc98jtvwkQ8,1
@AldoInza,Bc98jtvwkQ8,1
@AlexanderBelikov,Bc98jtvwkQ8,1
@AmosAAnderson,Bc98jtvwkQ8,1
@AndréNunes-k3y,Bc98jtvwkQ8,1
@AnthonM-z6s,Bc98jtvwkQ8,1
@Appareil438,Bc98jtvwkQ8,1
@ArekadiuszArkovski,Bc98jtvwkQ8,1
@BlazorPlate,Bc98jtvwkQ8,1
@CZProtton,Bc98jtvwkQ8,2
@CasparDue,Bc98jtvwkQ8,1
@Cristian-ek7xy,Bc98jtvwkQ8,1
@CuriouslyContent,Bc98jtvwkQ8,1
@Cyricx_Tyrsson,Bc98jtvwkQ8,1
@DanGolick,Bc98jtvwkQ8,1
@Dominik-K,Bc98jtvwkQ8,1
@EldenFiend,Bc98jtvwkQ8,1
@Emil-ej5of,Bc98jtvwkQ8,1
@Eneong,Bc98jtvwkQ8,1
@ErikByrwa,Bc98jtvwkQ8,1
@ErinMcLaughlin,Bc98jtvwkQ8,1
@FA-TAAA,Bc98jtvwkQ8,1
@FernandoLuisBernardiLucas,Bc98jtvwkQ8,1
@FernandoTakeshiSato,Bc98jtvwkQ8,1
@Fluxonian,Bc98jtvwkQ8,1
@Fred-yq3fs,Bc98jtvwkQ8,2
@IndependentIdeas356,Bc98jtvwkQ8,1
@Integer0,Bc98jtvwkQ8,1
@JGoodwin,Bc98jtvwkQ8,1
@J_i_m_,Bc98jtvwkQ8,1
@JackAnderson-vv3tw,Bc98jtvwkQ8,1
@Johan-rm6ec,Bc98jtvwkQ8,1
@JohnCena-yu4mj,Bc98jtvwkQ8,1
@KodingKuma,Bc98jtvwkQ8,1
@LeutnantJoker,Bc98jtvwkQ8,1
@LogicException,Bc98jtvwkQ8,1
@MRender32,Bc98jtvwkQ8,1
@Mikarsoft,Bc98jtvwkQ8,1
@Milkykun,Bc98jtvwkQ8,1
@MistyKu,Bc98jtvwkQ8,1
@MrAluntus,Bc98jtvwkQ8,1
@MrBooghyMan,Bc98jtvwkQ8,1
@MrHeavyRunner,Bc98jtvwkQ8,1
@Mutex30,Bc98jtvwkQ8,3
@NicholasSmith87,Bc98jtvwkQ8,1
@Nicknamegeneratorfailed,Bc98jtvwkQ8,1
@NootNootJjj,Bc98jtvwkQ8,2
@OddbjørnBakke,Bc98jtvwkQ8,1
@OutlanderZOR,Bc98jtvwkQ8,1
@PK-ou6yc,Bc98jtvwkQ8,1
@PlusONE-zz,Bc98jtvwkQ8,1
@RailySungahid,Bc98jtvwkQ8,1
@RandallEike,Bc98jtvwkQ8,1
@RanjeethDevaiah,Bc98jtvwkQ8,1
@RedEyeDevelopers,Bc98jtvwkQ8,1
@RiwenX,Bc98jtvwkQ8,2
@RupOase,Bc98jtvwkQ8,1
@SecondFinale,Bc98jtvwkQ8,2
@SirBenJamin_,Bc98jtvwkQ8,4
@SirLestat10,Bc98jtvwkQ8,1
@SomeTechyPerson,Bc98jtvwkQ8,1
@ThatOneSloth,Bc98jtvwkQ8,1
@TheBekker_,Bc98jtvwkQ8,1
@TheBlackNathaniel,Bc98jtvwkQ8,1
@ThisIsAGoodUserNameToo,Bc98jtvwkQ8,1
@Tsunami14,Bc98jtvwkQ8,1
@UjjwalManandhar,Bc98jtvwkQ8,1
@WblutSundAehre,Bc98jtvwkQ8,8
@WebieTM,Bc98jtvwkQ8,1
@YakWhisper,Bc98jtvwkQ8,1
@Z3rgatul,Bc98jtvwkQ8,1
@Zacban,Bc98jtvwkQ8,1
@Zehra_malek,Bc98jtvwkQ8,1
@Zibarrax,Bc98jtvwkQ8,1
@adriana.7111,Bc98jtvwkQ8,1
@adrianspikes6454,Bc98jtvwkQ8,1
@aiiqwtzhxsuenfjtd1937,Bc98jtvwkQ8,1
@alexandreribeirosilva550,Bc98jtvwkQ8,1
@allenn9068,Bc98jtvwkQ8,1
@alonezlciel,Bc98jtvwkQ8,1
@andrewiecisa2907,Bc98jtvwkQ8,1
@andrijattt,Bc98jtvwkQ8,1
@andywest5773,Bc98jtvwkQ8,4
@angryrabbitproductions1690,Bc98jtvwkQ8,1
@ankumo,Bc98jtvwkQ8,1
@antoniusivan8767,Bc98jtvwkQ8,1
@antonmishchenko4986,Bc98jtvwkQ8,1
@armanmkhitaryan27,Bc98jtvwkQ8,1
@arnaldofernandez,Bc98jtvwkQ8,1
@arshiaalidosti8818,Bc98jtvwkQ8,1
@artemyavorskyi5865,Bc98jtvwkQ8,1
@astral_95,Bc98jtvwkQ8,1
@ba-h5z,Bc98jtvwkQ8,3
@banderge,Bc98jtvwkQ8,1
@bdaunt,Bc98jtvwkQ8,1
@benfurstenwerth,Bc98jtvwkQ8,1
@bladbimer,Bc98jtvwkQ8,1
@briangrange,Bc98jtvwkQ8,1
@burnt1ce85,Bc98jtvwkQ8,1
@buzzyvartan,Bc98jtvwkQ8,1
@casper_hansen,Bc98jtvwkQ8,1
@catalanian09pl,Bc98jtvwkQ8,1
@catatonicsloth,Bc98jtvwkQ8,1
@chrisargiris,Bc98jtvwkQ8,1
@ckopf86,Bc98jtvwkQ8,1
@codemonkey1092,Bc98jtvwkQ8,1
@col_rod,Bc98jtvwkQ8,1
@compcos,Bc98jtvwkQ8,1
@dand4485,Bc98jtvwkQ8,1
@danielbennett5726,Bc98jtvwkQ8,2
@danielmuhlig7097,Bc98jtvwkQ8,1
@darenbaker4569,Bc98jtvwkQ8,1
@dbrx-cs,Bc98jtvwkQ8,1
@dimapetrichenko6190,Bc98jtvwkQ8,1
@dmitryzhomir,Bc98jtvwkQ8,1
@dukeblaxton,Bc98jtvwkQ8,1
@elsharpos,Bc98jtvwkQ8,1
@endomorfine,Bc98jtvwkQ8,1
@ericgregori,Bc98jtvwkQ8,2
@erniek0n,Bc98jtvwkQ8,2
@fabiovalt2795,Bc98jtvwkQ8,1
@faniereynders2062,Bc98jtvwkQ8,1
@fightnationmitv2754,Bc98jtvwkQ8,1
@fraser-mclean,Bc98jtvwkQ8,1
@fredrikjosefsson3373,Bc98jtvwkQ8,2
@funarfiif982,Bc98jtvwkQ8,1
@gabrielrabhi3357,Bc98jtvwkQ8,1
@georgebeierberkeley,Bc98jtvwkQ8,1
@gilroitto,Bc98jtvwkQ8,1
@giovannilamantia6348,Bc98jtvwkQ8,1
@gosich,Bc98jtvwkQ8,1
@greg_289,Bc98jtvwkQ8,1
@gregh2327,Bc98jtvwkQ8,1
@guillermomazzari8320,Bc98jtvwkQ8,3
@henryuta,Bc98jtvwkQ8,1
@hirokitakei9272,Bc98jtvwkQ8,1
@honzajscz,Bc98jtvwkQ8,1
@iOfSauron,Bc98jtvwkQ8,1
@igormalishev9118,Bc98jtvwkQ8,1
@inzyster,Bc98jtvwkQ8,1
@irinacenteno1564,Bc98jtvwkQ8,1
@irishbruse,Bc98jtvwkQ8,1
@islanddev4893,Bc98jtvwkQ8,2
@jaans3712,Bc98jtvwkQ8,1
@jbuchan12,Bc98jtvwkQ8,1
@joaoguilhermepacheco9314,Bc98jtvwkQ8,1
@john-travolt,Bc98jtvwkQ8,1
@jonathansaindon788,Bc98jtvwkQ8,1
@josemaria666,Bc98jtvwkQ8,1
@joydutta4928,Bc98jtvwkQ8,1
@kallennewick1350,Bc98jtvwkQ8,1
@kallenved,Bc98jtvwkQ8,1
@kaymeister634,Bc98jtvwkQ8,1
@kenbrady119,Bc98jtvwkQ8,1
@kiwidave72,Bc98jtvwkQ8,1
@konradpsiuk5349,Bc98jtvwkQ8,1
@kvloover,Bc98jtvwkQ8,1
@limbopferd,Bc98jtvwkQ8,1
@logato7128,Bc98jtvwkQ8,1
@lucaciandrei,Bc98jtvwkQ8,1
@lucianbumb6690,Bc98jtvwkQ8,1
@luismacg,Bc98jtvwkQ8,1
@manchastyle,Bc98jtvwkQ8,1
@markpowell8325,Bc98jtvwkQ8,1
@michaldivismusic,Bc98jtvwkQ8,1
@mikasa3d,Bc98jtvwkQ8,1
@mikeholczer,Bc98jtvwkQ8,3
@mikiawm,Bc98jtvwkQ8,1
@mikicerise6250,Bc98jtvwkQ8,1
@money_hyde,Bc98jtvwkQ8,1
@muonneutrino,Bc98jtvwkQ8,1
@mvonballmo,Bc98jtvwkQ8,1
@narkotikov,Bc98jtvwkQ8,1
@nateo7045,Bc98jtvwkQ8,2
@neil_from_future,Bc98jtvwkQ8,1
@neoenergy2929,Bc98jtvwkQ8,1
@nickchapsas,Bc98jtvwkQ8,9
@nicolaisattler1990,Bc98jtvwkQ8,1
@nikolay_bk,Bc98jtvwkQ8,1
@normantas3940,Bc98jtvwkQ8,1
@not_a_cool_handle,Bc98jtvwkQ8,1
@nunyabisniz8047,Bc98jtvwkQ8,1
@odumahojorma,Bc98jtvwkQ8,2
@onyxgc2568,Bc98jtvwkQ8,1
@oopsy444,Bc98jtvwkQ8,1
@paegun,Bc98jtvwkQ8,1
@paladine4life,Bc98jtvwkQ8,1
@papciuszkin,Bc98jtvwkQ8,2
@paw565,Bc98jtvwkQ8,1
@pawenowak5144,Bc98jtvwkQ8,1
@petewarner1077,Bc98jtvwkQ8,1
@phmelomorais,Bc98jtvwkQ8,1
@pioners1001,Bc98jtvwkQ8,1
@queenstownswords,Bc98jtvwkQ8,1
@richardsimpson7766,Bc98jtvwkQ8,1
@richrollin4867,Bc98jtvwkQ8,6
@ristopaasivirta9770,Bc98jtvwkQ8,1
@robertlechner8494,Bc98jtvwkQ8,1
@roelofdevilliers122,Bc98jtvwkQ8,1
@ronaldoperes1202,Bc98jtvwkQ8,1
@roseoftheworld45,Bc98jtvwkQ8,1
@runek75,Bc98jtvwkQ8,1
@rwj_dk,Bc98jtvwkQ8,1
@saberint,Bc98jtvwkQ8,1
@sakarpoudel3952,Bc98jtvwkQ8,1
@sarojkumarpanda9617,Bc98jtvwkQ8,1
@scott32874,Bc98jtvwkQ8,1
@serb1146,Bc98jtvwkQ8,1
@sh00termacg,Bc98jtvwkQ8,1
@shadowsir,Bc98jtvwkQ8,2
@shinkathe,Bc98jtvwkQ8,2
@shinpansen,Bc98jtvwkQ8,2
@softwave4483,Bc98jtvwkQ8,1
@tanysFR,Bc98jtvwkQ8,1
@tarquin161234,Bc98jtvwkQ8,1
@tbangbangsa,Bc98jtvwkQ8,1
@teamdroidsystems,Bc98jtvwkQ8,1
@thehen101,Bc98jtvwkQ8,1
@thorcodingson,Bc98jtvwkQ8,1
@tmac9982,Bc98jtvwkQ8,1
@toadman5184,Bc98jtvwkQ8,2
@tobindrake2767,Bc98jtvwkQ8,1
@tomasgutierrez6954,Bc98jtvwkQ8,3
@tridy7893,Bc98jtvwkQ8,1
@trixtonx,Bc98jtvwkQ8,1
@tuckertcs,Bc98jtvwkQ8,1
@tuma-83,Bc98jtvwkQ8,1
@uglypie182,Bc98jtvwkQ8,1
@umblnc,Bc98jtvwkQ8,2
@utubekade,Bc98jtvwkQ8,1
@vasiliyfofanov2605,Bc98jtvwkQ8,1
@victorgarcia3526,Bc98jtvwkQ8,1
@vohbovohborian28,Bc98jtvwkQ8,1
@vyteniskajackas7579,Bc98jtvwkQ8,1
@walsharoo,Bc98jtvwkQ8,1
@willemtoerien,Bc98jtvwkQ8,1
@winchester2581,Bc98jtvwkQ8,1
@wtflolomg,Bc98jtvwkQ8,1
@xnetc9,Bc98jtvwkQ8,1
@zimpoooooo,Bc98jtvwkQ8,1
@zo62,Bc98jtvwkQ8,1
@КириллКиселев-ж6ч,Bc98jtvwkQ8,1
@123smartcontent,Bgxsx8slDEA,1
@222CP,Bgxsx8slDEA,2
@AIEmpowermentHub,Bgxsx8slDEA,1
@Apoz,Bgxsx8slDEA,1
@Aq5CiQRkiq,Bgxsx8slDEA,1
@BCMSOCAL,Bgxsx8slDEA,1
@BR-lx7py,Bgxsx8slDEA,1
@BeardedPiano,Bgxsx8slDEA,1
@Beaumontious,Bgxsx8slDEA,1
@BossAIBiz,Bgxsx8slDEA,1
@BrainPower-Osaka,Bgxsx8slDEA,1
@Chase-H-AI,Bgxsx8slDEA,3
@Code-With-Robby,Bgxsx8slDEA,1
@Csett1,Bgxsx8slDEA,1
@DavidBakerDC,Bgxsx8slDEA,1
@DavidReyes-lx2wc,Bgxsx8slDEA,1
@Defnd3r,Bgxsx8slDEA,1
@Eurokiwiboy,Bgxsx8slDEA,2
@FrontLineNerd,Bgxsx8slDEA,1
@Hankmdx,Bgxsx8slDEA,1
@HenrikTorget,Bgxsx8slDEA,1
@HotShame0,Bgxsx8slDEA,1
@JD_Mapes,Bgxsx8slDEA,1
@JaeJonson,Bgxsx8slDEA,1
@Jokershadow696,Bgxsx8slDEA,3
@JonLowe14,Bgxsx8slDEA,1
@JosephGleason-i1y,Bgxsx8slDEA,1
@JustinSnowboards,Bgxsx8slDEA,1
@KevinJohnson-ov8bb,Bgxsx8slDEA,1
@LateNightRewrites,Bgxsx8slDEA,1
@Madox-peak-com,Bgxsx8slDEA,1
@Moosemalti6,Bgxsx8slDEA,1
@MrDouglassBrown,Bgxsx8slDEA,1
@Nathaniel3D,Bgxsx8slDEA,2
@Olaf-y5v,Bgxsx8slDEA,1
@RaysOfPivot,Bgxsx8slDEA,1
@RequiosWoW,Bgxsx8slDEA,1
@RichardEnglander,Bgxsx8slDEA,1
@RickShangle,Bgxsx8slDEA,1
@RodrigoMallmann1,Bgxsx8slDEA,1
@RubanAfterHours,Bgxsx8slDEA,1
@SailingInconSeavable,Bgxsx8slDEA,1
@ScriptedOcean,Bgxsx8slDEA,1
@Smesla,Bgxsx8slDEA,1
@SpecterMATWRZ,Bgxsx8slDEA,1
@SpongeBob-xh8ir,Bgxsx8slDEA,1
@Syndicate_INVEST,Bgxsx8slDEA,1
@TayTaylorJames,Bgxsx8slDEA,1
@TerraMagnus,Bgxsx8slDEA,1
@TommyTwista,Bgxsx8slDEA,1
@Tut_Tv_Live,Bgxsx8slDEA,1
@UltraFlameRetardant,Bgxsx8slDEA,2
@YuFruFu,Bgxsx8slDEA,1
@adamrushford,Bgxsx8slDEA,2
@adipsbanget,Bgxsx8slDEA,1
@aldochotzen,Bgxsx8slDEA,1
@alsonyang230,Bgxsx8slDEA,1
@andrewbrain895,Bgxsx8slDEA,1
@antonioditoppa9822,Bgxsx8slDEA,1
@antoniolatorre6047,Bgxsx8slDEA,1
@automatewithmarcus,Bgxsx8slDEA,1
@basilbrush7878,Bgxsx8slDEA,1
@battleship342,Bgxsx8slDEA,1
@benjamínsaraviaelbenja,Bgxsx8slDEA,1
@betanc.es7962,Bgxsx8slDEA,1
@binaryswinery5862,Bgxsx8slDEA,1
@bjornvanw,Bgxsx8slDEA,1
@businessoftechnology,Bgxsx8slDEA,1
@chillyspoon,Bgxsx8slDEA,1
@crittgolden,Bgxsx8slDEA,1
@csakzozo,Bgxsx8slDEA,1
@danielhova7826,Bgxsx8slDEA,2
@darwinkusuma6757,Bgxsx8slDEA,1
@davendra72,Bgxsx8slDEA,1
@dgrossman3,Bgxsx8slDEA,1
@digital_dreamworks,Bgxsx8slDEA,1
@dj1480,Bgxsx8slDEA,2
@doggnamedchip,Bgxsx8slDEA,1
@e-e40,Bgxsx8slDEA,1
@faez7965,Bgxsx8slDEA,1
@fillfeel6105,Bgxsx8slDEA,1
@frantisek9929,Bgxsx8slDEA,1
@ggdio1,Bgxsx8slDEA,1
@goglobalasia,Bgxsx8slDEA,1
@guilhermecella5376,Bgxsx8slDEA,1
@haidersyed6554,Bgxsx8slDEA,1
@iqrasajjad-s8r,Bgxsx8slDEA,1
@jamesseraph8813,Bgxsx8slDEA,1
@jarad4621,Bgxsx8slDEA,2
@javierfuentesmora1814,Bgxsx8slDEA,1
@jbaby007,Bgxsx8slDEA,1
@jfausset,Bgxsx8slDEA,1
@jien_0.1,Bgxsx8slDEA,1
@jimmyj.6792,Bgxsx8slDEA,1
@johnsmith12421,Bgxsx8slDEA,2
@jonboy648,Bgxsx8slDEA,1
@josemoore6075,Bgxsx8slDEA,1
@josiahlachance,Bgxsx8slDEA,5
@kednelly,Bgxsx8slDEA,1
@kesim011,Bgxsx8slDEA,1
@makscee,Bgxsx8slDEA,1
@marcelspatz,Bgxsx8slDEA,2
@markniemann6287,Bgxsx8slDEA,1
@metspa,Bgxsx8slDEA,1
@morespinach9832,Bgxsx8slDEA,2
@morron734,Bgxsx8slDEA,1
@mr1enrollment,Bgxsx8slDEA,1
@mwright80,Bgxsx8slDEA,1
@natedavidoff668,Bgxsx8slDEA,1
@niclastrades,Bgxsx8slDEA,1
@nuss5148,Bgxsx8slDEA,1
@poisonvolkswagon9431,Bgxsx8slDEA,1
@prevail4ll,Bgxsx8slDEA,1
@radiofusao1,Bgxsx8slDEA,1
@rickymort135,Bgxsx8slDEA,1
@roygeorge3823,Bgxsx8slDEA,1
@samuellatino6840,Bgxsx8slDEA,1
@seanolivas9148,Bgxsx8slDEA,1
@shadyworld1,Bgxsx8slDEA,1
@shahdiran-p3t,Bgxsx8slDEA,1
@somethingclever789-y7x,Bgxsx8slDEA,1
@sortingbadge4123,Bgxsx8slDEA,1
@spidaweb-u8f,Bgxsx8slDEA,1
@strangledbyunderwear,Bgxsx8slDEA,1
@toddwarner1892,Bgxsx8slDEA,1
@tonybricko,Bgxsx8slDEA,1
@tonyporj,Bgxsx8slDEA,2
@tredpool,Bgxsx8slDEA,1
@truthseepeaking,Bgxsx8slDEA,1
@tylerdillman6402,Bgxsx8slDEA,1
@Aarohisharma-p6e,Bs7sBbcwn60,1
@Abdullah_N1987,Bs7sBbcwn60,1
@AlexCrowleyone,Bs7sBbcwn60,1
@Andy_Pandy_44,Bs7sBbcwn60,1
@ArchivoInexplicableXD,Bs7sBbcwn60,1
@ArtWorldBishnu,Bs7sBbcwn60,1
@BimalaAngbang-k5k,Bs7sBbcwn60,1
@BobBlitz,Bs7sBbcwn60,1
@BrentPeluso,Bs7sBbcwn60,4
@Brian_PM,Bs7sBbcwn60,2
@Bucksmooth917,Bs7sBbcwn60,1
@Businessclubnewyork,Bs7sBbcwn60,1
@CaneSugarCane,Bs7sBbcwn60,2
@CheeseStickzZ,Bs7sBbcwn60,1
@ChinchillaDave,Bs7sBbcwn60,1
@Chracteratoz,Bs7sBbcwn60,1
@ComedyCarnival-b1z,Bs7sBbcwn60,1
@Comedyk87,Bs7sBbcwn60,1
@DakurahMenance,Bs7sBbcwn60,1
@DereckBreuning,Bs7sBbcwn60,1
@DhoniKumar-z2w,Bs7sBbcwn60,1
@DostTV-if4mb,Bs7sBbcwn60,1
@Effinoutlaw,Bs7sBbcwn60,1
@FFguru221,Bs7sBbcwn60,1
@Ferhan-d5l,Bs7sBbcwn60,1
@FrankSchwarzfree,Bs7sBbcwn60,1
@GamerTO23,Bs7sBbcwn60,1
@GiveMeAns281,Bs7sBbcwn60,1
@Gopal-n4j2x,Bs7sBbcwn60,1
@GregIsenberg,Bs7sBbcwn60,12
@GumanSinghLodhi-e6g,Bs7sBbcwn60,1
@Harisali-ali,Bs7sBbcwn60,1
@HeavenWarner,Bs7sBbcwn60,1
@HellfireGamers-ac,Bs7sBbcwn60,1
@HriteshLohiya,Bs7sBbcwn60,1
@JasonBulsa,Bs7sBbcwn60,1
@JaysNotebook,Bs7sBbcwn60,2
@KavitaVishwakarma9698,Bs7sBbcwn60,1
@Kiraanmehmoodkhan,Bs7sBbcwn60,1
@LUMBEEBULL,Bs7sBbcwn60,1
@Leconnecteurofficiel,Bs7sBbcwn60,1
@LedoWorldsWide,Bs7sBbcwn60,1
@LinkS-d4i,Bs7sBbcwn60,1
@Lovestatuss1045,Bs7sBbcwn60,1
@MIbrahim-d1g,Bs7sBbcwn60,1
@MagicMichy,Bs7sBbcwn60,1
@Magictv789o,Bs7sBbcwn60,1
@Markus-iq4sm,Bs7sBbcwn60,4
@MaumoudHabsa,Bs7sBbcwn60,1
@Meza201,Bs7sBbcwn60,1
@MichalCilekAI,Bs7sBbcwn60,1
@MichelleBarfuss,Bs7sBbcwn60,1
@MikeBrownRehobothBeach,Bs7sBbcwn60,1
@Mikecelium,Bs7sBbcwn60,1
@Mr.manga.S,Bs7sBbcwn60,1
@MuhammadilyasQuranAcademy,Bs7sBbcwn60,1
@N1GHTWOLF1,Bs7sBbcwn60,1
@NamrataKushwaha-xi2ny,Bs7sBbcwn60,1
@Naveedsukherakabirwala,Bs7sBbcwn60,1
@NickWichman,Bs7sBbcwn60,1
@NikiBiki-j6d,Bs7sBbcwn60,1
@NuriddinUsmonov-m1z,Bs7sBbcwn60,1
@Palantir13,Bs7sBbcwn60,1
@RAJ_GMRYT,Bs7sBbcwn60,1
@Ra-rz7tr,Bs7sBbcwn60,1
@RahulGujjarY-d5o,Bs7sBbcwn60,1
@RamKumar-g3d1c,Bs7sBbcwn60,1
@SP-js4gf,Bs7sBbcwn60,2
@SambhavPawar-l1f,Bs7sBbcwn60,1
@SanMarinoHSMedia,Bs7sBbcwn60,1
@ShardungeonMC,Bs7sBbcwn60,1
@ShivanshSharma-v4s,Bs7sBbcwn60,1
@Status-l6b,Bs7sBbcwn60,1
@Stick_Fight_Zone,Bs7sBbcwn60,1
@TheHistoryof_US,Bs7sBbcwn60,2
@Thegodofficial12,Bs7sBbcwn60,1
@Thomas-h4e2h,Bs7sBbcwn60,1
@Thunder001-o6x,Bs7sBbcwn60,1
@Tzimis.Floros,Bs7sBbcwn60,1
@WeweosVideoGames,Bs7sBbcwn60,1
@XFamilyAkash,Bs7sBbcwn60,1
@XxhoseinxX,Bs7sBbcwn60,1
@Your_Money_Decoded,Bs7sBbcwn60,1
@Yours_Sigma,Bs7sBbcwn60,1
@ZachMeissner,Bs7sBbcwn60,1
@Zad775-v7o,Bs7sBbcwn60,1
@adammahdoul-AI,Bs7sBbcwn60,1
@akivalevin2185,Bs7sBbcwn60,1
@al9anoun-so,Bs7sBbcwn60,1
@answerguru,Bs7sBbcwn60,1
@aryalc.h.5812,Bs7sBbcwn60,1
@atikulislamjewel5588,Bs7sBbcwn60,1
@azelahmad6232,Bs7sBbcwn60,1
@bealetech,Bs7sBbcwn60,1
@caseywhalen2760,Bs7sBbcwn60,1
@ccreightonify,Bs7sBbcwn60,1
@charlierowe977,Bs7sBbcwn60,1
@combatninjaturtle,Bs7sBbcwn60,1
@comedianonyekachi1526,Bs7sBbcwn60,1
@cursedboy4810,Bs7sBbcwn60,1
@daniyalusman350,Bs7sBbcwn60,1
@dawnstyleheaven,Bs7sBbcwn60,1
@didimairen7309,Bs7sBbcwn60,1
@dispatchswift,Bs7sBbcwn60,1
@donaldmorrell7914,Bs7sBbcwn60,1
@eladbari,Bs7sBbcwn60,3
@eltechsurfer,Bs7sBbcwn60,1
@eninurhayati1548,Bs7sBbcwn60,1
@epcphelan,Bs7sBbcwn60,1
@ericdegaardt,Bs7sBbcwn60,1
@ericofchong,Bs7sBbcwn60,1
@futurenautco,Bs7sBbcwn60,1
@gemmylabs,Bs7sBbcwn60,1
@getreplytubeTUTs,Bs7sBbcwn60,1
@gnanaprakash-ravi,Bs7sBbcwn60,1
@gohilhardik622,Bs7sBbcwn60,1
@gratefulfilled,Bs7sBbcwn60,1
@iQMaxPro,Bs7sBbcwn60,1
@iabubakr571,Bs7sBbcwn60,1
@iamredencio,Bs7sBbcwn60,1
@icarium23,Bs7sBbcwn60,1
@invictus-akshay,Bs7sBbcwn60,1
@ionutdenes,Bs7sBbcwn60,1
@islamicchannel-zx4id,Bs7sBbcwn60,1
@jeen706,Bs7sBbcwn60,1
@jeremymckinnon5372,Bs7sBbcwn60,1
@jrderun3554,Bs7sBbcwn60,1
@junaidahmed7466,Bs7sBbcwn60,1
@kaden_vr,Bs7sBbcwn60,1
@kaloz1749,Bs7sBbcwn60,1
@kamerzystafilmy,Bs7sBbcwn60,1
@krish5586,Bs7sBbcwn60,1
@kyozaki9838,Bs7sBbcwn60,1
@lakruzaik3921,Bs7sBbcwn60,1
@larst.9288,Bs7sBbcwn60,1
@loftiideas,Bs7sBbcwn60,1
@luckylunch7021,Bs7sBbcwn60,1
@mahodayamanas,Bs7sBbcwn60,1
@marco-cv2zt,Bs7sBbcwn60,1
@marinaf2119,Bs7sBbcwn60,1
@muhammadraihannasywaan5591,Bs7sBbcwn60,1
@myloveindia5448,Bs7sBbcwn60,1
@ndovukubwa,Bs7sBbcwn60,2
@nhungnhu-j5m,Bs7sBbcwn60,1
@nomsaledwaba8931,Bs7sBbcwn60,1
@novreis1952,Bs7sBbcwn60,1
@nusairapk6509,Bs7sBbcwn60,1
@olonfilm,Bs7sBbcwn60,1
@orlandopadilla5645,Bs7sBbcwn60,1
@pandacy-k2h,Bs7sBbcwn60,1
@petipois28,Bs7sBbcwn60,1
@quatrecousin,Bs7sBbcwn60,1
@racyroland,Bs7sBbcwn60,1
@riteshbhai14-fy3ce,Bs7sBbcwn60,1
@riteshthakur9064,Bs7sBbcwn60,1
@roberthaugenno,Bs7sBbcwn60,1
@romancewithnobi02,Bs7sBbcwn60,1
@sahil_thakor_5551,Bs7sBbcwn60,1
@samarmomkichen1528,Bs7sBbcwn60,1
@seanperez9249,Bs7sBbcwn60,1
@shadowboss223,Bs7sBbcwn60,1
@sinkofps4271,Bs7sBbcwn60,1
@sixsigsystems,Bs7sBbcwn60,2
@svpnoel,Bs7sBbcwn60,1
@syrexnext,Bs7sBbcwn60,1
@tasleemhaiderSayyed-c1z,Bs7sBbcwn60,1
@tedbrunker,Bs7sBbcwn60,14
@theworldtoday617,Bs7sBbcwn60,1
@timefreedomtv,Bs7sBbcwn60,1
@travelwithaltons,Bs7sBbcwn60,1
@tuanleday,Bs7sBbcwn60,1
@tube1062,Bs7sBbcwn60,1
@universoCRIPTA,Bs7sBbcwn60,1
@urduboldigitalnews,Bs7sBbcwn60,1
@vecizai,Bs7sBbcwn60,1
@vin3104,Bs7sBbcwn60,1
@vishwarupdev4055,Bs7sBbcwn60,1
@vrjanice2,Bs7sBbcwn60,1
@vvvcartoon88,Bs7sBbcwn60,1
@wadedrift,Bs7sBbcwn60,1
@worth2worthnation,Bs7sBbcwn60,1
@you2449,Bs7sBbcwn60,1
@zecasalmedia,Bs7sBbcwn60,1
@zippytechnologies,Bs7sBbcwn60,1
@АндрейКацалапов-в4э,Bs7sBbcwn60,1
@ЕвгенийСтовпец-м1ь,Bs7sBbcwn60,1
@СергейАндреев-ж9х,Bs7sBbcwn60,1
@алексбеккер,Bs7sBbcwn60,1
@حساممحمد-ك6ط9ب,Bs7sBbcwn60,1
@4esv,C3uI06xOGSE,1
@81NARY,C3uI06xOGSE,1
@AkshayKumar-bk3mx,C3uI06xOGSE,1
@AlexAegisOfficial,C3uI06xOGSE,1
@Aubstract,C3uI06xOGSE,1
@AustinVornhagen,C3uI06xOGSE,1
@AyomideAdediji11,C3uI06xOGSE,1
@CodeMonkeyDude,C3uI06xOGSE,1
@CoderShare,C3uI06xOGSE,1
@Danzlh,C3uI06xOGSE,1
@DareRubist,C3uI06xOGSE,1
@DyanpierreMG,C3uI06xOGSE,1
@ExtK-l7zV,C3uI06xOGSE,1
@FilterChain,C3uI06xOGSE,2
@FlyingDukkk,C3uI06xOGSE,1
@GilaadE,C3uI06xOGSE,1
@GoldmediaSubscribeme,C3uI06xOGSE,1
@Haveuseenmyjetpack,C3uI06xOGSE,1
@IbrahimOseyi,C3uI06xOGSE,1
@Imaginasercasilisto,C3uI06xOGSE,1
@Iron_spider99,C3uI06xOGSE,1
@Jamesrdc,C3uI06xOGSE,1
@JolitoElBambino,C3uI06xOGSE,1
@LexiumHub,C3uI06xOGSE,1
@Lil_mar00,C3uI06xOGSE,1
@LowellAlb,C3uI06xOGSE,1
@Matt11-0,C3uI06xOGSE,1
@MePeterNicholls,C3uI06xOGSE,1
@MrPedrinhuw,C3uI06xOGSE,1
@NicholasHoward-yn3xh,C3uI06xOGSE,1
@OctavChelaru,C3uI06xOGSE,1
@Philippe-coder,C3uI06xOGSE,1
@Qefx,C3uI06xOGSE,1
@Qthuluu,C3uI06xOGSE,1
@R_Y_Z_E_N,C3uI06xOGSE,1
@ShortFilmVD,C3uI06xOGSE,1
@Silver007xx,C3uI06xOGSE,2
@Steve8708,C3uI06xOGSE,6
@TTBOn00bKiLleR,C3uI06xOGSE,1
@TamoTamásNemes,C3uI06xOGSE,1
@TheG.O.A.Tminecraft,C3uI06xOGSE,1
@TheSalaho1,C3uI06xOGSE,1
@TimeFadesMemoryLasts,C3uI06xOGSE,1
@VectorTwelve,C3uI06xOGSE,1
@VineetGupta-j8i,C3uI06xOGSE,1
@Z0ctB0x,C3uI06xOGSE,1
@ZaryPhotography,C3uI06xOGSE,1
@ZlatkoTestDerkoskiTest,C3uI06xOGSE,1
@_PranavDesai,C3uI06xOGSE,1
@adc-l4b,C3uI06xOGSE,1
@aftabh2001,C3uI06xOGSE,1
@agb2557,C3uI06xOGSE,2
@agentstona,C3uI06xOGSE,3
@albertvnguyen,C3uI06xOGSE,1
@aldrickdev,C3uI06xOGSE,1
@alexsherzhukov6747,C3uI06xOGSE,2
@andersonsimeon4172,C3uI06xOGSE,1
@andreydmitri1636,C3uI06xOGSE,1
@andzisompangela,C3uI06xOGSE,1
@animeshsri,C3uI06xOGSE,1
@anoldasgupta,C3uI06xOGSE,1
@anthonygreene757,C3uI06xOGSE,1
@artwork-studios,C3uI06xOGSE,1
@attilatorok5767,C3uI06xOGSE,1
@b3arwithm3,C3uI06xOGSE,1
@black-avec,C3uI06xOGSE,1
@bobs2023,C3uI06xOGSE,1
@btoskic9390,C3uI06xOGSE,1
@c5cha7,C3uI06xOGSE,1
@cloud-native-corner,C3uI06xOGSE,1
@colinfindlay4790,C3uI06xOGSE,1
@danielmontilla5915,C3uI06xOGSE,1
@davidmichaels307,C3uI06xOGSE,2
@deengel0,C3uI06xOGSE,1
@dievas_,C3uI06xOGSE,1
@dmp4096,C3uI06xOGSE,1
@eggmaster2000,C3uI06xOGSE,1
@emperorpingusmathchannel5365,C3uI06xOGSE,1
@eomoran,C3uI06xOGSE,1
@eternallyviv,C3uI06xOGSE,1
@extinguished0ne,C3uI06xOGSE,1
@faddoo,C3uI06xOGSE,1
@fionalederman,C3uI06xOGSE,1
@gaggioaxel,C3uI06xOGSE,1
@geekwithabs,C3uI06xOGSE,1
@getrektnow,C3uI06xOGSE,1
@giftowercom,C3uI06xOGSE,1
@hackmaster6109,C3uI06xOGSE,1
@hadjuse2.87,C3uI06xOGSE,1
@herdenq,C3uI06xOGSE,1
@iamworstgamer,C3uI06xOGSE,1
@israelhilljr,C3uI06xOGSE,1
@its.arjun.s,C3uI06xOGSE,1
@its_oz,C3uI06xOGSE,1
@j.r.r.tolkien8724,C3uI06xOGSE,1
@j0hnc0nn0r-sec,C3uI06xOGSE,1
@jaewoongjeong2488,C3uI06xOGSE,1
@jakob2746,C3uI06xOGSE,1
@janisir4529,C3uI06xOGSE,1
@jordanchristley1306,C3uI06xOGSE,1
@julianthefrank,C3uI06xOGSE,1
@kaidouz7756,C3uI06xOGSE,1
@khaledsanny4817,C3uI06xOGSE,1
@kickenzer1057,C3uI06xOGSE,1
@kuelf123,C3uI06xOGSE,1
@le0nz,C3uI06xOGSE,1
@life_score,C3uI06xOGSE,1
@manorui100,C3uI06xOGSE,1
@marshallhiggins4194,C3uI06xOGSE,1
@martinolsson858,C3uI06xOGSE,1
@marufbepary100,C3uI06xOGSE,1
@mdkumarz,C3uI06xOGSE,1
@michaeltse321,C3uI06xOGSE,2
@minoakkyaw,C3uI06xOGSE,1
@mohammedmiftah7663,C3uI06xOGSE,1
@moises32123,C3uI06xOGSE,1
@msschubi,C3uI06xOGSE,3
@nickwoodward819,C3uI06xOGSE,4
@nomadautodidact,C3uI06xOGSE,1
@oszi7058,C3uI06xOGSE,1
@palashjyotiborah9888,C3uI06xOGSE,1
@parshvsheth-rj2vq,C3uI06xOGSE,1
@peter83parker,C3uI06xOGSE,1
@pojomcbooty,C3uI06xOGSE,1
@potatup,C3uI06xOGSE,1
@romangeneral23,C3uI06xOGSE,1
@rothbardfreedom,C3uI06xOGSE,1
@rudomeister,C3uI06xOGSE,1
@russellandrady,C3uI06xOGSE,1
@saulyarhi675,C3uI06xOGSE,1
@savire.ergheiz,C3uI06xOGSE,1
@shableep,C3uI06xOGSE,2
@shadyworld1,C3uI06xOGSE,1
@siljamickeify,C3uI06xOGSE,1
@sirishkumar-m5z,C3uI06xOGSE,1
@sourmans,C3uI06xOGSE,1
@steelydanfan321,C3uI06xOGSE,1
@subversionz4919,C3uI06xOGSE,1
@suriyatest3734,C3uI06xOGSE,1
@taheralipatrawala7300,C3uI06xOGSE,1
@taulantus,C3uI06xOGSE,1
@thebatchicle3429,C3uI06xOGSE,1
@thebleaknarratives,C3uI06xOGSE,1
@thecoolperson2967,C3uI06xOGSE,1
@therealsheikh,C3uI06xOGSE,1
@tjstinso,C3uI06xOGSE,1
@tobiasdontmatter1868,C3uI06xOGSE,1
@toesdoeswhoknows704,C3uI06xOGSE,1
@trejohnson7677,C3uI06xOGSE,1
@ultralooter,C3uI06xOGSE,1
@upulwaruna.abeysinghe,C3uI06xOGSE,1
@upwork-123,C3uI06xOGSE,1
@user-il9qo4qc4n,C3uI06xOGSE,1
@warguy6474,C3uI06xOGSE,1
@wb7779,C3uI06xOGSE,1
@webdevfs9361,C3uI06xOGSE,1
@whebon7266,C3uI06xOGSE,1
@williamfphelps,C3uI06xOGSE,1
@xerofishgames,C3uI06xOGSE,1
@xmimiza,C3uI06xOGSE,1
@yuvrajchhatwani,C3uI06xOGSE,1
@zbaktube,C3uI06xOGSE,1
@4ngelf,CST89O0Ecy8,1
@BitSquareStudio,CST89O0Ecy8,1
@BlueScreenCorp,CST89O0Ecy8,1
@BrandonWu-z5i,CST89O0Ecy8,3
@Byhythloh,CST89O0Ecy8,1
@CaponeBlackBusiness,CST89O0Ecy8,1
@Chain_Sprocket-XD,CST89O0Ecy8,1
@CheeseStickzZ,CST89O0Ecy8,1
@CineTechGeek,CST89O0Ecy8,1
@CodeLife_12,CST89O0Ecy8,1
@ConvexRook,CST89O0Ecy8,1
@Czapokx,CST89O0Ecy8,1
@DDogCodes,CST89O0Ecy8,1
@Danielm103,CST89O0Ecy8,1
@Draikava,CST89O0Ecy8,1
@DreQueary,CST89O0Ecy8,1
@EwaldDieser,CST89O0Ecy8,1
@FGK_Capone,CST89O0Ecy8,1
@Gabriel-kl6bt,CST89O0Ecy8,1
@Guitar_Godd,CST89O0Ecy8,1
@HaraldEngels,CST89O0Ecy8,1
@HartleySan,CST89O0Ecy8,1
@HenkieIsNietGek,CST89O0Ecy8,1
@IC_4666,CST89O0Ecy8,1
@IamJamesA,CST89O0Ecy8,1
@IshaatDipu,CST89O0Ecy8,1
@Jim-tv2tk,CST89O0Ecy8,1
@JoeD0403,CST89O0Ecy8,1
@Junkyard_Cybertruck,CST89O0Ecy8,1
@Kaizzer,CST89O0Ecy8,1
@KaleemLmar,CST89O0Ecy8,1
@KyleCookWDS,CST89O0Ecy8,1
@LongJourneys,CST89O0Ecy8,1
@MM-ds7eu,CST89O0Ecy8,1
@MonsieurSansHonte,CST89O0Ecy8,1
@Moonriddim,CST89O0Ecy8,1
@Mr76Pontiac,CST89O0Ecy8,1
@MuhammadRizwan-sk5ot,CST89O0Ecy8,1
@NikosKatsikanis,CST89O0Ecy8,1
@No_wHere_Game,CST89O0Ecy8,1
@PathToSagehood,CST89O0Ecy8,1
@PhilippeJoseph-i4s,CST89O0Ecy8,1
@PikalaxALT,CST89O0Ecy8,1
@Qladstone,CST89O0Ecy8,1
@RJTC,CST89O0Ecy8,1
@Raikatuji,CST89O0Ecy8,1
@RandalexK,CST89O0Ecy8,1
@RyanJackson,CST89O0Ecy8,1
@SankaYoutube-e6n6b,CST89O0Ecy8,1
@ScottsUpwrd,CST89O0Ecy8,1
@SensSword,CST89O0Ecy8,1
@Slash1066,CST89O0Ecy8,1
@Sminimal,CST89O0Ecy8,1
@Sollace,CST89O0Ecy8,1
@SophannarethNoy,CST89O0Ecy8,1
@SpooningTreesap86,CST89O0Ecy8,1
@TAV-j3h,CST89O0Ecy8,1
@TetsuDeinonychus,CST89O0Ecy8,1
@TheCameltotem,CST89O0Ecy8,1
@TheNefastor,CST89O0Ecy8,2
@TheOleFrank,CST89O0Ecy8,1
@TheReferrer72,CST89O0Ecy8,1
@TheTakenKing999,CST89O0Ecy8,1
@TopixonYT,CST89O0Ecy8,1
@Tuaregoxffff,CST89O0Ecy8,1
@United_Slaves_Of_Israel,CST89O0Ecy8,1
@ViaScientifica,CST89O0Ecy8,1
@Wholedpzoajabab,CST89O0Ecy8,1
@abhishekbehera1992,CST89O0Ecy8,1
@alanschmitt9865,CST89O0Ecy8,1
@alastairsounds,CST89O0Ecy8,1
@alguienmasraro915,CST89O0Ecy8,1
@aliasad8544,CST89O0Ecy8,1
@andreashauschild7757,CST89O0Ecy8,1
@andrewlloyd-callachund6341,CST89O0Ecy8,1
@apexcrab,CST89O0Ecy8,1
@arnaldofernandez,CST89O0Ecy8,1
@arrrghh,CST89O0Ecy8,1
@augustday9483,CST89O0Ecy8,1
@axelcarre8939,CST89O0Ecy8,1
@backtorparn,CST89O0Ecy8,1
@beaterbagcar,CST89O0Ecy8,1
@beecher92099,CST89O0Ecy8,1
@bhaaipo,CST89O0Ecy8,1
@bidguru94,CST89O0Ecy8,1
@buzinvv,CST89O0Ecy8,1
@calkelpdiver,CST89O0Ecy8,1
@chuck_stones,CST89O0Ecy8,1
@coldcircuit99,CST89O0Ecy8,1
@colinwiseman,CST89O0Ecy8,1
@coolblue5929,CST89O0Ecy8,1
@coolstorybrooooo7643,CST89O0Ecy8,1
@darren-evans-007,CST89O0Ecy8,3
@deepkarmakar,CST89O0Ecy8,1
@deerPG,CST89O0Ecy8,1
@derghiarrinde,CST89O0Ecy8,1
@developer-brgnet,CST89O0Ecy8,1
@djscratchnsniff,CST89O0Ecy8,1
@dorklol2969,CST89O0Ecy8,1
@eagleeagle7360,CST89O0Ecy8,1
@eljogt,CST89O0Ecy8,1
@entropy3000,CST89O0Ecy8,1
@ericcarlsonweb,CST89O0Ecy8,1
@ericnewton5720,CST89O0Ecy8,1
@ericrolph,CST89O0Ecy8,1
@etgaming6063,CST89O0Ecy8,1
@evancombs5159,CST89O0Ecy8,1
@filip97078,CST89O0Ecy8,1
@frozenphoenix1463,CST89O0Ecy8,1
@frytura,CST89O0Ecy8,1
@fts1293,CST89O0Ecy8,1
@gavrilenko2012,CST89O0Ecy8,1
@gillesashley9314,CST89O0Ecy8,1
@gp390,CST89O0Ecy8,1
@gt10i,CST89O0Ecy8,1
@hammondsoftware,CST89O0Ecy8,1
@hamza-325,CST89O0Ecy8,1
@hanspeterbestandig2054,CST89O0Ecy8,1
@harshitichigo7223,CST89O0Ecy8,1
@henrique-work,CST89O0Ecy8,1
@hoangdilo1412,CST89O0Ecy8,1
@iamxanderg,CST89O0Ecy8,1
@inselbergos,CST89O0Ecy8,1
@integrityintellectualprope5185,CST89O0Ecy8,1
@ionutth4895,CST89O0Ecy8,1
@itsaboonething,CST89O0Ecy8,1
@jakubpas,CST89O0Ecy8,1
@jasonreviews,CST89O0Ecy8,1
@joomla-expert,CST89O0Ecy8,1
@joostdenboer5689,CST89O0Ecy8,1
@jorsm.3893,CST89O0Ecy8,1
@josecastaneda8082,CST89O0Ecy8,1
@josedonieboncales6449,CST89O0Ecy8,1
@k.chriscaldwell4141,CST89O0Ecy8,1
@kaimaiiti,CST89O0Ecy8,1
@kajacx,CST89O0Ecy8,1
@karlisgertmanis,CST89O0Ecy8,1
@kashyapchonekar5437,CST89O0Ecy8,2
@kauwgomboom,CST89O0Ecy8,1
@kodoras,CST89O0Ecy8,1
@krox477,CST89O0Ecy8,1
@kshayk0,CST89O0Ecy8,1
@leo-g3j2l,CST89O0Ecy8,1
@ltybchxtyrj,CST89O0Ecy8,1
@lx6381,CST89O0Ecy8,1
@maksym-m,CST89O0Ecy8,1
@mangeshchaudhari663,CST89O0Ecy8,1
@mariushernes606,CST89O0Ecy8,1
@martapfahl940,CST89O0Ecy8,1
@martin1b,CST89O0Ecy8,1
@mathias78835,CST89O0Ecy8,1
@mathieulalonde,CST89O0Ecy8,1
@michaelschmid2311,CST89O0Ecy8,1
@mikeschepers796,CST89O0Ecy8,1
@nandoflorestan,CST89O0Ecy8,1
@nate32396,CST89O0Ecy8,1
@neoenergy2929,CST89O0Ecy8,1
@nohox9444,CST89O0Ecy8,1
@nrmlb,CST89O0Ecy8,1
@nurito_burrito,CST89O0Ecy8,1
@parzival123,CST89O0Ecy8,1
@peacenquiet294,CST89O0Ecy8,1
@peerbr7849,CST89O0Ecy8,1
@plamendimitrov9097,CST89O0Ecy8,1
@platformarthus,CST89O0Ecy8,1
@pogo55555,CST89O0Ecy8,1
@programateiro,CST89O0Ecy8,1
@propheciah,CST89O0Ecy8,1
@psnts-5ao,CST89O0Ecy8,1
@rand0mtv660,CST89O0Ecy8,1
@redoberon,CST89O0Ecy8,1
@romanandreevich3738,CST89O0Ecy8,1
@romania-n6q,CST89O0Ecy8,2
@ryanwriter,CST89O0Ecy8,1
@saber8387,CST89O0Ecy8,1
@samserious1337,CST89O0Ecy8,1
@sferdeveloper,CST89O0Ecy8,1
@simmzzzz,CST89O0Ecy8,1
@solson223,CST89O0Ecy8,1
@soupcup4069,CST89O0Ecy8,2
@stevetaylor5290,CST89O0Ecy8,1
@swapnamoy6134,CST89O0Ecy8,1
@tajsec,CST89O0Ecy8,1
@tea_otomo,CST89O0Ecy8,1
@the_wormy,CST89O0Ecy8,1
@thomas6502,CST89O0Ecy8,1
@thomasg.5990,CST89O0Ecy8,1
@truecomments7190,CST89O0Ecy8,1
@urssaf343,CST89O0Ecy8,1
@user-ej9kb1kb2d,CST89O0Ecy8,1
@user-qy2wf2lt6v,CST89O0Ecy8,1
@viggizags,CST89O0Ecy8,1
@x_ph1l,CST89O0Ecy8,1
@xcoder1122,CST89O0Ecy8,1
@yavvivvay,CST89O0Ecy8,1
@yomajo,CST89O0Ecy8,1
@yourlocalsip,CST89O0Ecy8,1
@ytfeelslikenorthkorea,CST89O0Ecy8,1
@z2155,CST89O0Ecy8,1
@ziplockk,CST89O0Ecy8,1
@ΒινςΜοργκαν,CST89O0Ecy8,1
@Blk_Velvet,CklJLElBtNM,1
@FlyGuyAir,CklJLElBtNM,1
@IRONMANMETALBILLDANK,CklJLElBtNM,1
@PutuGrab-t3g,CklJLElBtNM,1
@Reed_0024,CklJLElBtNM,1
@Stevo42-h9p,CklJLElBtNM,1
@TheManchise517,CklJLElBtNM,1
@antoineroyer3841,CklJLElBtNM,1
@ashman123456789,CklJLElBtNM,1
@byshabn,CklJLElBtNM,1
@chad-lad,CklJLElBtNM,1
@galileo93,CklJLElBtNM,1
@james.h.007,CklJLElBtNM,1
@jeffbrownmd,CklJLElBtNM,1
@joshharris7193,CklJLElBtNM,1
@mathewmcfool,CklJLElBtNM,2
@muhammaddarwish,CklJLElBtNM,1
@robphillips8812,CklJLElBtNM,1
@sby505,CklJLElBtNM,1
@tahiti1,CklJLElBtNM,1
@wallybeats9648,CklJLElBtNM,1
@CaliforniaLloydUK,Ctpo_gsGQJs,1
@HimanshuYTA,Ctpo_gsGQJs,1
@Homecare888,Ctpo_gsGQJs,1
@IslandGrade,Ctpo_gsGQJs,1
@KSMani-l3d,Ctpo_gsGQJs,1
@Micaellaaa4,Ctpo_gsGQJs,1
@Shuddhbharatiya,Ctpo_gsGQJs,1
@couponhuntcanada,Ctpo_gsGQJs,1
@jagadishraj558,Ctpo_gsGQJs,1
@pologostubegeiorge,Ctpo_gsGQJs,1
@pratyakshsomani,Ctpo_gsGQJs,1
@saintpablojuan1234,Ctpo_gsGQJs,1
@umangdas8584,Ctpo_gsGQJs,1
@vartikagupta3664,Ctpo_gsGQJs,1
@BitPlayerOne,CusQM9FEq3E,1
@IchsanPratama-k8x,CusQM9FEq3E,1
@MOVIMIENTOFUNCIONAL,CusQM9FEq3E,1
@NoPurpose-m7w,CusQM9FEq3E,1
@SavageReviewsOfficial,CusQM9FEq3E,8
@Taiki-nx9fd,CusQM9FEq3E,3
@XCodeForge,CusQM9FEq3E,1
@aaaa-f8g6s,CusQM9FEq3E,2
@dongyoblee2668,CusQM9FEq3E,1
@fouralex,CusQM9FEq3E,1
@mazzaj89,CusQM9FEq3E,1
@michaim,CusQM9FEq3E,1
@nero1375,CusQM9FEq3E,1
@ranjitsingh9791,CusQM9FEq3E,1
@robertfernandez9135,CusQM9FEq3E,1
@rogerroan7583,CusQM9FEq3E,1
@testtestman2355,CusQM9FEq3E,3
@troelsgudiksen9900,CusQM9FEq3E,1
@079banana3,CwHD6Fg-Mjs,1
@1whomakes,CwHD6Fg-Mjs,1
@AWmemeifornia,CwHD6Fg-Mjs,1
@Alapahauk,CwHD6Fg-Mjs,1
@Ali.AlMamory,CwHD6Fg-Mjs,1
@AndrewTSq,CwHD6Fg-Mjs,1
@AnimeRookie,CwHD6Fg-Mjs,1
@Arrowheadent,CwHD6Fg-Mjs,1
@AtlanticAerospace,CwHD6Fg-Mjs,2
@BassemBenGhorbel,CwHD6Fg-Mjs,1
@BelovedChidaushe-t3l8n,CwHD6Fg-Mjs,1
@BigJoe_8,CwHD6Fg-Mjs,1
@BitRae,CwHD6Fg-Mjs,1
@Brickkzz,CwHD6Fg-Mjs,1
@CapuWriting,CwHD6Fg-Mjs,1
@Cecilia-v7o5d,CwHD6Fg-Mjs,1
@ChristopherCricketWallace,CwHD6Fg-Mjs,2
@Ctiwari22,CwHD6Fg-Mjs,1
@Darshan5566,CwHD6Fg-Mjs,1
@DeepakDhawan74,CwHD6Fg-Mjs,1
@Detonat0r,CwHD6Fg-Mjs,1
@Dev-fo8zt,CwHD6Fg-Mjs,1
@Dr.Ohms2024,CwHD6Fg-Mjs,1
@EimantasK,CwHD6Fg-Mjs,1
@Enekeen,CwHD6Fg-Mjs,1
@FloydDiamond,CwHD6Fg-Mjs,1
@GoingForAdventure,CwHD6Fg-Mjs,1
@HUDPlusApp,CwHD6Fg-Mjs,1
@Haiyain,CwHD6Fg-Mjs,1
@Hissecretobsession1,CwHD6Fg-Mjs,1
@India_glazer,CwHD6Fg-Mjs,1
@J.Prspktv,CwHD6Fg-Mjs,1
@JhdSf-e7n3g,CwHD6Fg-Mjs,1
@KingSleepytheCat,CwHD6Fg-Mjs,1
@KousGG,CwHD6Fg-Mjs,1
@LeoJ.L-w8j7n,CwHD6Fg-Mjs,1
@MarasinhamudiyanselageMudithak,CwHD6Fg-Mjs,1
@Max-fs5gc,CwHD6Fg-Mjs,1
@MdSifat-o9i6k,CwHD6Fg-Mjs,1
@MiddletonTechnologies,CwHD6Fg-Mjs,1
@MindGlitches404,CwHD6Fg-Mjs,2
@MrOnirr,CwHD6Fg-Mjs,1
@Mrtn_512,CwHD6Fg-Mjs,1
@NAHINASAJIB-z9e,CwHD6Fg-Mjs,1
@NatureandPeaceLover,CwHD6Fg-Mjs,1
@Nicolas-dj1qg,CwHD6Fg-Mjs,1
@OiVinn-eq1ml,CwHD6Fg-Mjs,1
@PBTejasvlogs,CwHD6Fg-Mjs,1
@PashasVirtualGlowHub,CwHD6Fg-Mjs,1
@PaulaLynnWhitaker,CwHD6Fg-Mjs,1
@PhantasmaMichael,CwHD6Fg-Mjs,1
@PriscaBaidoo-q5u,CwHD6Fg-Mjs,1
@QdotOled,CwHD6Fg-Mjs,1
@QuestionMartin,CwHD6Fg-Mjs,1
@RafaCMur,CwHD6Fg-Mjs,1
@Reed_0024,CwHD6Fg-Mjs,1
@Shadowmaster4580-ri6nt,CwHD6Fg-Mjs,1
@Shortformhd,CwHD6Fg-Mjs,1
@SilentGraph120,CwHD6Fg-Mjs,1
@SimplyExplainedDecoded,CwHD6Fg-Mjs,1
@StatelessChad,CwHD6Fg-Mjs,1
@SteepedInAnimalSauce,CwHD6Fg-Mjs,1
@StefTechSurfer,CwHD6Fg-Mjs,7
@Subcide,CwHD6Fg-Mjs,1
@SwapnilKumar-i4v,CwHD6Fg-Mjs,1
@TealBeretta,CwHD6Fg-Mjs,1
@Thcj-b9q,CwHD6Fg-Mjs,1
@TheCod3r,CwHD6Fg-Mjs,1
@TheMatt99_1,CwHD6Fg-Mjs,1
@TheUltimateGeminiHasSurvived,CwHD6Fg-Mjs,1
@ThienPham-kk5qu,CwHD6Fg-Mjs,1
@Thvdvgfdewas,CwHD6Fg-Mjs,1
@TiagoSouza-g5s,CwHD6Fg-Mjs,1
@TimothyBlankenship-ib9pm,CwHD6Fg-Mjs,1
@Tonyb-f4e,CwHD6Fg-Mjs,1
@TorIvanBoine,CwHD6Fg-Mjs,1
@UyuniBlanco,CwHD6Fg-Mjs,1
@WebDev781,CwHD6Fg-Mjs,1
@WildlifeBattleKingdoms-88,CwHD6Fg-Mjs,1
@WotanSkyFather,CwHD6Fg-Mjs,1
@YaaaaMannnnnnn,CwHD6Fg-Mjs,1
@_nickthered,CwHD6Fg-Mjs,1
@abdulqadir6416,CwHD6Fg-Mjs,1
@adhd.violet,CwHD6Fg-Mjs,1
@afailable,CwHD6Fg-Mjs,1
@alanfjesus,CwHD6Fg-Mjs,1
@allesgelingt,CwHD6Fg-Mjs,1
@alonzo995,CwHD6Fg-Mjs,1
@anantrao07,CwHD6Fg-Mjs,1
@andy_name,CwHD6Fg-Mjs,1
@angshurpitaganguly833,CwHD6Fg-Mjs,1
@apostolis_23,CwHD6Fg-Mjs,1
@appstuff6565,CwHD6Fg-Mjs,1
@aranthos,CwHD6Fg-Mjs,1
@askaristejano9564,CwHD6Fg-Mjs,1
@aspiral-tech,CwHD6Fg-Mjs,2
@astfr2,CwHD6Fg-Mjs,1
@backroaddispatch,CwHD6Fg-Mjs,1
@beck64,CwHD6Fg-Mjs,1
@beuncheated,CwHD6Fg-Mjs,1
@bighitsfootage,CwHD6Fg-Mjs,1
@bnjames-u4d,CwHD6Fg-Mjs,1
@calebmoyou7856,CwHD6Fg-Mjs,1
@caydenrgarrett,CwHD6Fg-Mjs,1
@centipedekid9824,CwHD6Fg-Mjs,2
@chrisderhacker1647,CwHD6Fg-Mjs,1
@chrismoseley4164,CwHD6Fg-Mjs,1
@contrast_zero,CwHD6Fg-Mjs,1
@daveanderson1489,CwHD6Fg-Mjs,1
@dg_dotnet9616,CwHD6Fg-Mjs,1
@dheerajkumarsoni24,CwHD6Fg-Mjs,1
@documentprogress,CwHD6Fg-Mjs,1
@donotdelay0,CwHD6Fg-Mjs,1
@doyourownresearch7297,CwHD6Fg-Mjs,1
@drewe9514,CwHD6Fg-Mjs,1
@driversteve9345,CwHD6Fg-Mjs,1
@dsonewa,CwHD6Fg-Mjs,1
@effortlessplug1963,CwHD6Fg-Mjs,1
@excellerateurbreath,CwHD6Fg-Mjs,1
@fernando-loula,CwHD6Fg-Mjs,1
@filiphannel7326,CwHD6Fg-Mjs,1
@firefox98213,CwHD6Fg-Mjs,1
@foreignwarren7361,CwHD6Fg-Mjs,1
@fra1635erevofm,CwHD6Fg-Mjs,1
@g00dchris,CwHD6Fg-Mjs,1
@gb5634,CwHD6Fg-Mjs,1
@gerardsk8ordie,CwHD6Fg-Mjs,1
@guitarchitectural,CwHD6Fg-Mjs,1
@hamzaabdirahman9703,CwHD6Fg-Mjs,1
@harshgupta1313,CwHD6Fg-Mjs,1
@iandifilippocure,CwHD6Fg-Mjs,1
@immo-arne,CwHD6Fg-Mjs,1
@itis141,CwHD6Fg-Mjs,1
@ivanivanov144,CwHD6Fg-Mjs,1
@jakfrescko,CwHD6Fg-Mjs,1
@jakoa3,CwHD6Fg-Mjs,1
@jeffhammerforteimpact,CwHD6Fg-Mjs,1
@jffiiicd,CwHD6Fg-Mjs,1
@jimmy_x557,CwHD6Fg-Mjs,1
@johnnygarcia6359,CwHD6Fg-Mjs,1
@johnnyrambone,CwHD6Fg-Mjs,1
@jordankendall86,CwHD6Fg-Mjs,1
@keyboardcaresser,CwHD6Fg-Mjs,1
@kimioapps3536,CwHD6Fg-Mjs,1
@lagunabeachoc,CwHD6Fg-Mjs,1
@laurenciomontes8052,CwHD6Fg-Mjs,1
@lavonnanewberger1542,CwHD6Fg-Mjs,1
@lostmeme9862,CwHD6Fg-Mjs,1
@lukemiles1711,CwHD6Fg-Mjs,1
@madhukarsomu,CwHD6Fg-Mjs,1
@magellan8449,CwHD6Fg-Mjs,1
@marekhrusovsky1397,CwHD6Fg-Mjs,1
@mattz1599,CwHD6Fg-Mjs,1
@minkwak9131,CwHD6Fg-Mjs,1
@mister-yuki-wfh,CwHD6Fg-Mjs,1
@moose217,CwHD6Fg-Mjs,1
@mthobisimhlungu6252,CwHD6Fg-Mjs,1
@mumbakayoba3082,CwHD6Fg-Mjs,1
@naturallydifferentbeats,CwHD6Fg-Mjs,1
@nazmulali-q1v,CwHD6Fg-Mjs,1
@negspaldonation,CwHD6Fg-Mjs,1
@nero1375,CwHD6Fg-Mjs,2
@nexovec,CwHD6Fg-Mjs,1
@nkhdj,CwHD6Fg-Mjs,1
@oregongreen969,CwHD6Fg-Mjs,3
@outclass3109,CwHD6Fg-Mjs,1
@phatnguyen1059,CwHD6Fg-Mjs,1
@pierrechelhot7592,CwHD6Fg-Mjs,1
@pipson-w1y,CwHD6Fg-Mjs,1
@pizmO_O,CwHD6Fg-Mjs,1
@popothebright,CwHD6Fg-Mjs,2
@prodigy1605,CwHD6Fg-Mjs,1
@psnts-5ao,CwHD6Fg-Mjs,1
@qstar5070,CwHD6Fg-Mjs,1
@randumb42069,CwHD6Fg-Mjs,1
@reddyfuzytech,CwHD6Fg-Mjs,1
@rodrigodiaz1321,CwHD6Fg-Mjs,1
@rubenb.molina6968,CwHD6Fg-Mjs,1
@ryanedwards8549,CwHD6Fg-Mjs,1
@s3renity1984,CwHD6Fg-Mjs,1
@salvadorrivera7606,CwHD6Fg-Mjs,1
@satthiru8133,CwHD6Fg-Mjs,1
@seaguyjs,CwHD6Fg-Mjs,1
@seansean7653,CwHD6Fg-Mjs,1
@sgaccioli,CwHD6Fg-Mjs,1
@silverslayer1321,CwHD6Fg-Mjs,1
@simonelion3903,CwHD6Fg-Mjs,1
@someone-vr6el,CwHD6Fg-Mjs,1
@spidboy42,CwHD6Fg-Mjs,1
@splitloopgaming3523,CwHD6Fg-Mjs,1
@sras1234,CwHD6Fg-Mjs,1
@sslainn,CwHD6Fg-Mjs,1
@starterstory,CwHD6Fg-Mjs,1
@swordsx48,CwHD6Fg-Mjs,1
@time2coffee9,CwHD6Fg-Mjs,1
@tkidd250,CwHD6Fg-Mjs,1
@tonytino139,CwHD6Fg-Mjs,1
@tradingconstellations,CwHD6Fg-Mjs,1
@txleads6020,CwHD6Fg-Mjs,1
@unboundace786,CwHD6Fg-Mjs,1
@usuariocelular8065,CwHD6Fg-Mjs,1
@victormorales8882,CwHD6Fg-Mjs,1
@vinnym8221,CwHD6Fg-Mjs,1
@vvil_hvn,CwHD6Fg-Mjs,1
@zfarooq915,CwHD6Fg-Mjs,1
@zubayer924,CwHD6Fg-Mjs,1
@ธนากรสมัครใชัย-ศ3ต,CwHD6Fg-Mjs,1
@พัธชาร์ฟ-ป8จ,CwHD6Fg-Mjs,1
@อัฟนันมะดาโอ๊ะ-ป9ฮ,CwHD6Fg-Mjs,1
@-nishizumisan-,DLP9CagE3dU,1
@AlexanderGambaryan,DLP9CagE3dU,1
@Am5lu,DLP9CagE3dU,1
@Anting17,DLP9CagE3dU,1
@Apollo101A,DLP9CagE3dU,1
@Bradgilliswhammyman,DLP9CagE3dU,2
@Captainspamo,DLP9CagE3dU,1
@ChibuikeMaduabuchi,DLP9CagE3dU,1
@CowboyMatty-m33,DLP9CagE3dU,1
@GatoBombastic-o7o,DLP9CagE3dU,1
@Gift3d_Hands,DLP9CagE3dU,1
@JamesJohnson-q9m,DLP9CagE3dU,1
@JamesMansell,DLP9CagE3dU,1
@JoshuaCherwinski,DLP9CagE3dU,1
@MamadiDiawara-d2d,DLP9CagE3dU,1
@Markoss007,DLP9CagE3dU,1
@MocniSkopac,DLP9CagE3dU,1
@MrErick1160,DLP9CagE3dU,1
@NFSCsapat,DLP9CagE3dU,1
@PraneyBehl,DLP9CagE3dU,1
@RareTechniques,DLP9CagE3dU,1
@Ryvish,DLP9CagE3dU,1
@ShaneHolloman,DLP9CagE3dU,1
@ShoupDogg225,DLP9CagE3dU,1
@SideQuestSideQuest,DLP9CagE3dU,2
@SigmaShakeInc,DLP9CagE3dU,1
@SvensonGermany,DLP9CagE3dU,1
@TheTorchBearer-hk8ou,DLP9CagE3dU,2
@ThomasSandbag,DLP9CagE3dU,1
@WonBeenLee,DLP9CagE3dU,3
@Zargamox,DLP9CagE3dU,1
@a---------------,DLP9CagE3dU,1
@ahmadhaidirmusana,DLP9CagE3dU,1
@akademi1215,DLP9CagE3dU,1
@anthonycox4860,DLP9CagE3dU,1
@ashh3051,DLP9CagE3dU,1
@ashleigh3021,DLP9CagE3dU,1
@ashu1461,DLP9CagE3dU,1
@ateesdalejr,DLP9CagE3dU,1
@attila.szelei,DLP9CagE3dU,1
@ayushmanmukherjee6500,DLP9CagE3dU,1
@benjaminm.4044,DLP9CagE3dU,1
@bgtyhnmju7,DLP9CagE3dU,1
@bounaniang,DLP9CagE3dU,1
@brunocordista,DLP9CagE3dU,1
@byrnemeister2008,DLP9CagE3dU,3
@chidorirasenganz,DLP9CagE3dU,2
@comedy-v3d9u,DLP9CagE3dU,1
@comradejones,DLP9CagE3dU,3
@costel13112002,DLP9CagE3dU,1
@crinklyink,DLP9CagE3dU,4
@dalec2274,DLP9CagE3dU,1
@daveinpublic,DLP9CagE3dU,1
@davidrichardson3573,DLP9CagE3dU,3
@foabodo,DLP9CagE3dU,1
@francisco444,DLP9CagE3dU,2
@frankhuang7788,DLP9CagE3dU,1
@gwigiefqefjugb,DLP9CagE3dU,1
@hugohickman7694,DLP9CagE3dU,2
@jbond5834,DLP9CagE3dU,1
@kenshiman90,DLP9CagE3dU,1
@kraz007,DLP9CagE3dU,1
@lairny,DLP9CagE3dU,1
@lopa-wt7eg,DLP9CagE3dU,1
@lost7720,DLP9CagE3dU,1
@ludolfklenke638,DLP9CagE3dU,1
@makinganoise6028,DLP9CagE3dU,2
@mhnoni,DLP9CagE3dU,1
@micbab-vg2mu,DLP9CagE3dU,1
@nelsonndahiro6115,DLP9CagE3dU,1
@nibtreak5308,DLP9CagE3dU,1
@ninot2323,DLP9CagE3dU,1
@quantumduskecho,DLP9CagE3dU,1
@ritikkarma1405,DLP9CagE3dU,1
@rsbluesky,DLP9CagE3dU,1
@rudejudas0,DLP9CagE3dU,1
@sebuzdugan,DLP9CagE3dU,1
@strawberriesandcum,DLP9CagE3dU,1
@thungo185,DLP9CagE3dU,1
@usivaguru9150,DLP9CagE3dU,1
@wisetour4ever,DLP9CagE3dU,1
@zedmouse,DLP9CagE3dU,1
@2318291,D_FCYsshMI4,2
@A-R-V,D_FCYsshMI4,1
@AdamSmaka-o8p,D_FCYsshMI4,1
@AlphaTechFinance,D_FCYsshMI4,1
@AmanpreetSinghCHD,D_FCYsshMI4,1
@ArtificialWinter-q3q,D_FCYsshMI4,1
@Brando-SHOT-Marketing,D_FCYsshMI4,1
@CErixsson,D_FCYsshMI4,1
@CNBARC24,D_FCYsshMI4,1
@CasualTortoise,D_FCYsshMI4,1
@Chris-se3nc,D_FCYsshMI4,1
@Cr7pt0r,D_FCYsshMI4,1
@Credit4u,D_FCYsshMI4,1
@CyberIntent,D_FCYsshMI4,2
@DG-uv3zw,D_FCYsshMI4,1
@Daniel-y5m1l,D_FCYsshMI4,1
@Dasindance,D_FCYsshMI4,2
@DavidHeinze-e7l,D_FCYsshMI4,1
@Devrue,D_FCYsshMI4,1
@DouglasThompson_Profile,D_FCYsshMI4,1
@DownTheBarrelOfaGun,D_FCYsshMI4,1
@Earzone63,D_FCYsshMI4,1
@Frexuz,D_FCYsshMI4,1
@FutureStatesWithIkem,D_FCYsshMI4,1
@GHOSTGRAVES1,D_FCYsshMI4,1
@Hitaka_,D_FCYsshMI4,1
@HpNoTiZd,D_FCYsshMI4,1
@IanJoseph-t3m,D_FCYsshMI4,1
@ImOnAGoat91,D_FCYsshMI4,1
@JackPan-w1j8e,D_FCYsshMI4,1
@JohnSmith762A11B,D_FCYsshMI4,1
@JoshuaDMugayi,D_FCYsshMI4,1
@JulianFernandez,D_FCYsshMI4,1
@KageBlink,D_FCYsshMI4,1
@Kvx97,D_FCYsshMI4,1
@KyivanSovereign,D_FCYsshMI4,1
@LaughLogicTV,D_FCYsshMI4,1
@LeSchurke,D_FCYsshMI4,1
@LeesLab-l2d,D_FCYsshMI4,1
@Lightwalker97,D_FCYsshMI4,1
@MaheshPatil-lr7wv,D_FCYsshMI4,1
@Malestani24,D_FCYsshMI4,1
@Marconi.Estates-m5j,D_FCYsshMI4,1
@MaxDontStack,D_FCYsshMI4,1
@Merkin63e,D_FCYsshMI4,1
@MichaelBriggs3,D_FCYsshMI4,1
@MisterK-YT,D_FCYsshMI4,2
@Mlandi-y3i,D_FCYsshMI4,1
@Mr.MuhammedQassim,D_FCYsshMI4,1
@MrErick1160,D_FCYsshMI4,1
@MrSinghExperience,D_FCYsshMI4,1
@Mrtom40,D_FCYsshMI4,1
@Mwesigebenjaminkabuye,D_FCYsshMI4,1
@NTXGab,D_FCYsshMI4,1
@NeuroDailyGo,D_FCYsshMI4,1
@Nifty-Stuff,D_FCYsshMI4,1
@NncFactsss,D_FCYsshMI4,5
@ODEI_ai,D_FCYsshMI4,1
@OlegShulyakov,D_FCYsshMI4,1
@OleksiiGVS,D_FCYsshMI4,1
@PhiRectangle,D_FCYsshMI4,1
@PuffingOnClouds,D_FCYsshMI4,1
@QuantumlyImmortal,D_FCYsshMI4,1
@RiteshMahatme-f9u,D_FCYsshMI4,1
@RobooHood,D_FCYsshMI4,1
@SamuelAdjabeng-j3v,D_FCYsshMI4,2
@SauravTiru,D_FCYsshMI4,1
@Screenload,D_FCYsshMI4,1
@ShaunRoselt,D_FCYsshMI4,1
@SimonSzxcv,D_FCYsshMI4,1
@SolutionsUnboxed,D_FCYsshMI4,1
@SonicRealmGaming,D_FCYsshMI4,2
@SpeakTruth318,D_FCYsshMI4,1
@StijnGrol,D_FCYsshMI4,1
@TeusãoeMotivação,D_FCYsshMI4,1
@TheGuillotineKing,D_FCYsshMI4,1
@TorStation-c8z,D_FCYsshMI4,1
@Under5Tech,D_FCYsshMI4,1
@Vamusic702,D_FCYsshMI4,1
@WKeepit100,D_FCYsshMI4,1
@YeneSpace,D_FCYsshMI4,1
@YükselToprak-r9y,D_FCYsshMI4,1
@ZachFogg,D_FCYsshMI4,1
@adrianfam8098,D_FCYsshMI4,1
@ahmadhaidirmusana,D_FCYsshMI4,1
@alexanderj4545,D_FCYsshMI4,1
@alfredthemagician3528,D_FCYsshMI4,1
@alignedweb,D_FCYsshMI4,1
@amjhedd,D_FCYsshMI4,1
@andreaskrbyravn855,D_FCYsshMI4,1
@aryanharitsa3068,D_FCYsshMI4,2
@askingwhy123,D_FCYsshMI4,1
@astromikael,D_FCYsshMI4,1
@azeem_desu,D_FCYsshMI4,1
@azouzi8968,D_FCYsshMI4,2
@brainfragrances,D_FCYsshMI4,1
@cefran-cq6ro,D_FCYsshMI4,1
@coomer96,D_FCYsshMI4,1
@courtmanr,D_FCYsshMI4,1
@cucciolo182,D_FCYsshMI4,1
@d3stroyah,D_FCYsshMI4,1
@danielelkadi3499,D_FCYsshMI4,1
@danielpgreen,D_FCYsshMI4,1
@danjelqose,D_FCYsshMI4,1
@davidpicknell7470,D_FCYsshMI4,1
@deadlypalms,D_FCYsshMI4,1
@dennislindstrom8155,D_FCYsshMI4,1
@dirtpixel5777,D_FCYsshMI4,1
@doganddev_funs,D_FCYsshMI4,1
@duytdl,D_FCYsshMI4,1
@egezonbaruti,D_FCYsshMI4,1
@existentialnuance-wp7lt,D_FCYsshMI4,1
@eyesofatiger1,D_FCYsshMI4,1
@finalfan321,D_FCYsshMI4,1
@fireispure,D_FCYsshMI4,1
@florsheimestablished2796,D_FCYsshMI4,1
@frankywright,D_FCYsshMI4,1
@gamlehaugan,D_FCYsshMI4,1
@gerrylistudio,D_FCYsshMI4,1
@gibblsworthiscool,D_FCYsshMI4,1
@gpligor,D_FCYsshMI4,1
@happiness-outdoors,D_FCYsshMI4,1
@hermanninpelle,D_FCYsshMI4,1
@ht1238,D_FCYsshMI4,1
@iandrake4683,D_FCYsshMI4,1
@iks8622,D_FCYsshMI4,1
@isaacmujuni5196,D_FCYsshMI4,1
@itssathyatalks3996,D_FCYsshMI4,1
@jacksonperry6788,D_FCYsshMI4,1
@jbond5834,D_FCYsshMI4,1
@justachannelforwatching,D_FCYsshMI4,1
@kajsing,D_FCYsshMI4,1
@kckprens,D_FCYsshMI4,1
@kevinhalle5017,D_FCYsshMI4,1
@kivatinos,D_FCYsshMI4,1
@l33tmagepk6,D_FCYsshMI4,1
@lavericklavericklave,D_FCYsshMI4,2
@leonif1,D_FCYsshMI4,1
@linowirag8494,D_FCYsshMI4,1
@luffytaro-tg1gm,D_FCYsshMI4,1
@marco6993,D_FCYsshMI4,1
@marcpanther8515,D_FCYsshMI4,1
@michaelbuddy,D_FCYsshMI4,1
@mingxiu-ee6px,D_FCYsshMI4,1
@mohsine87,D_FCYsshMI4,1
@monmo4529,D_FCYsshMI4,1
@movi91,D_FCYsshMI4,1
@nguyenan8302,D_FCYsshMI4,1
@nicomusk695,D_FCYsshMI4,1
@nobodi123,D_FCYsshMI4,1
@nonameman2006,D_FCYsshMI4,1
@ogshotcallerz,D_FCYsshMI4,1
@orangehatmusic225,D_FCYsshMI4,1
@otuken79,D_FCYsshMI4,1
@parzival123,D_FCYsshMI4,1
@peterweilant6600,D_FCYsshMI4,1
@phpn99,D_FCYsshMI4,2
@piemasta93,D_FCYsshMI4,1
@piorewrzece,D_FCYsshMI4,1
@rachelnocode,D_FCYsshMI4,1
@rajbose148,D_FCYsshMI4,1
@randomcontrol,D_FCYsshMI4,1
@rbr951,D_FCYsshMI4,1
@reubenroy,D_FCYsshMI4,1
@riccardomusmeci4565,D_FCYsshMI4,1
@rish8917,D_FCYsshMI4,1
@robertoventura7974,D_FCYsshMI4,1
@rubensepulveda8830,D_FCYsshMI4,1
@rudejudas0,D_FCYsshMI4,1
@sanatani_bengaliGuy,D_FCYsshMI4,1
@satriasuria877,D_FCYsshMI4,1
@silsigan,D_FCYsshMI4,1
@smealson1919,D_FCYsshMI4,1
@sorapala,D_FCYsshMI4,1
@soulspirit86,D_FCYsshMI4,1
@starverzdesign2632,D_FCYsshMI4,1
@stefanhansen5882,D_FCYsshMI4,1
@sujaan.,D_FCYsshMI4,1
@sweetmoment8196,D_FCYsshMI4,1
@theTeslak,D_FCYsshMI4,1
@tokkyor,D_FCYsshMI4,1
@tomeller22,D_FCYsshMI4,1
@urkururear,D_FCYsshMI4,1
@usivaguru9150,D_FCYsshMI4,1
@valuemastery,D_FCYsshMI4,1
@w9ca,D_FCYsshMI4,1
@wffff2,D_FCYsshMI4,1
@wildwoodweddingfilms,D_FCYsshMI4,1
@williamscott-x2l,D_FCYsshMI4,1
@willywalter6366,D_FCYsshMI4,1
@wormjuice7772,D_FCYsshMI4,1
@xKarmaYT,D_FCYsshMI4,1
@xdamos,D_FCYsshMI4,1
@yoavgoldenberg8543,D_FCYsshMI4,1
@yueyu1338,D_FCYsshMI4,1
@ДмитрийДобудько-ь9й,D_FCYsshMI4,1
@제로콜라-d6y,D_FCYsshMI4,1
@1ireneaustin,EH5jx5qPabU,2
@AIsmarttech2026,EH5jx5qPabU,1
@AKINYILMAZOKYANUSI,EH5jx5qPabU,1
@ALERTGAMING420,EH5jx5qPabU,1
@AS-gp1zs,EH5jx5qPabU,1
@AbdiBooye,EH5jx5qPabU,1
@AblexDad,EH5jx5qPabU,1
@Aitechbro45,EH5jx5qPabU,1
@AliEskandari-n2v9n,EH5jx5qPabU,1
@AllinOneAPIBelowOfficialPrices,EH5jx5qPabU,1
@AlokKumar-q9l6q,EH5jx5qPabU,1
@AlwaniAkber,EH5jx5qPabU,1
@AnilSharma-sg4qw,EH5jx5qPabU,1
@AnuragChoudhary-n6t,EH5jx5qPabU,1
@AschenkdamtieAlayu,EH5jx5qPabU,1
@AuroraGazer,EH5jx5qPabU,1
@B58FAST,EH5jx5qPabU,1
@BTCOutlaw,EH5jx5qPabU,1
@Bana-ie2eg,EH5jx5qPabU,1
@BerthinMbola,EH5jx5qPabU,1
@CC-jy4gr,EH5jx5qPabU,1
@COLORPAPER,EH5jx5qPabU,1
@CRMInfusion,EH5jx5qPabU,1
@CenterinChrist,EH5jx5qPabU,3
@Chemvision-rl1yh,EH5jx5qPabU,1
@ChristianVMN,EH5jx5qPabU,1
@Coodiasha,EH5jx5qPabU,1
@DEB-x4f5d,EH5jx5qPabU,1
@DK_TheRed,EH5jx5qPabU,1
@DaoTau,EH5jx5qPabU,1
@DavvagTechTalks,EH5jx5qPabU,1
@DevanshAhuja-x7y4q,EH5jx5qPabU,1
@Dipanshu_Phougat123,EH5jx5qPabU,1
@Donhector1982,EH5jx5qPabU,1
@EleryDavid,EH5jx5qPabU,1
@Entrext-i1b,EH5jx5qPabU,2
@EvoPortal,EH5jx5qPabU,1
@FalanaDhukanaplasticsim,EH5jx5qPabU,1
@FinancialFuel7,EH5jx5qPabU,1
@FlashBureau,EH5jx5qPabU,1
@GajjarVishal-x3c,EH5jx5qPabU,1
@George-xh1ti,EH5jx5qPabU,1
@Gkoodle,EH5jx5qPabU,1
@GovindPaswan1,EH5jx5qPabU,1
@GuilhermeBrumDutra,EH5jx5qPabU,1
@Halosniper9895,EH5jx5qPabU,1
@Hasratzahra-x4t,EH5jx5qPabU,1
@Heatseaker2011,EH5jx5qPabU,1
@HitokiriJorvis,EH5jx5qPabU,1
@IndianaDoug,EH5jx5qPabU,1
@Its_milkchocholatepeanut,EH5jx5qPabU,1
@J3wlz24,EH5jx5qPabU,1
@Jae-x6j,EH5jx5qPabU,1
@JaneHarrison-l3x,EH5jx5qPabU,1
@JinaneKarhaniRawda,EH5jx5qPabU,1
@JocelynPilapil-r7p,EH5jx5qPabU,1
@JohannesLopes-c8j,EH5jx5qPabU,1
@JohnRestrepo-bo9lf,EH5jx5qPabU,1
@JoshuaSofoluwe,EH5jx5qPabU,1
@Juan_Nighty,EH5jx5qPabU,1
@KediboneMolehabangwe,EH5jx5qPabU,1
@KisameSempai,EH5jx5qPabU,1
@Lail1Lail1-o7f,EH5jx5qPabU,1
@LonelySwartz,EH5jx5qPabU,1
@LynneBrown-j8i5i,EH5jx5qPabU,1
@MHLee168,EH5jx5qPabU,1
@MachinedInWood,EH5jx5qPabU,1
@ManishKumar-vm4zq,EH5jx5qPabU,1
@MarttinCrypto,EH5jx5qPabU,1
@MartyJNW3.14,EH5jx5qPabU,1
@MdRijwanAnsari-pq3uq,EH5jx5qPabU,1
@MoheesBany,EH5jx5qPabU,1
@MoneysmartREAL,EH5jx5qPabU,1
@MrPremsir,EH5jx5qPabU,1
@MrWhiteKeys1,EH5jx5qPabU,1
@NaijaTransformHub,EH5jx5qPabU,1
@NatukundaSusan-y8j,EH5jx5qPabU,1
@NatureGate-f6d3h,EH5jx5qPabU,1
@Neeshkarall,EH5jx5qPabU,1
@NikB20,EH5jx5qPabU,1
@Omidism1,EH5jx5qPabU,1
@Ozzio18753,EH5jx5qPabU,1
@PantelisKokkalis,EH5jx5qPabU,1
@QuranicGuidance-571,EH5jx5qPabU,1
@RONY-PRINCE,EH5jx5qPabU,1
@Rahulnayaka566,EH5jx5qPabU,1
@Ricouncharted,EH5jx5qPabU,1
@RideLow,EH5jx5qPabU,1
@SPISheste,EH5jx5qPabU,1
@STEPPESTEP,EH5jx5qPabU,1
@Salmanebentmouchi,EH5jx5qPabU,1
@Sankit-n8t,EH5jx5qPabU,1
@Secret4us,EH5jx5qPabU,1
@ShadoPantherOfficial,EH5jx5qPabU,1
@SilvioCrnički,EH5jx5qPabU,1
@SmartEdge_Circle,EH5jx5qPabU,1
@Sofiehuii,EH5jx5qPabU,1
@Sozy88-h3x,EH5jx5qPabU,1
@StewartGartland,EH5jx5qPabU,1
@TahirTravels,EH5jx5qPabU,1
@TheIcecoldorange,EH5jx5qPabU,1
@Thedavidk,EH5jx5qPabU,1
@TomShelby-x8j,EH5jx5qPabU,1
@TyronGyde,EH5jx5qPabU,1
@Uknowuknowtt,EH5jx5qPabU,1
@UmarBagwan-p9d,EH5jx5qPabU,1
@UzierAbbasi-m1x,EH5jx5qPabU,1
@Vantage-Phantom,EH5jx5qPabU,1
@VikramVasava-y9s,EH5jx5qPabU,1
@Vucicmlohavagnjidaizdajnicka,EH5jx5qPabU,1
@Whitecriminalgamer,EH5jx5qPabU,1
@YourHappiness-v8f4e,EH5jx5qPabU,1
@a.w.i3138,EH5jx5qPabU,1
@agurciajack,EH5jx5qPabU,1
@ahmadaaa-xf7eh,EH5jx5qPabU,1
@aiorbitlab-d5u,EH5jx5qPabU,1
@alanbsmollett,EH5jx5qPabU,1
@anonymousonez,EH5jx5qPabU,1
@anzeplantan5216,EH5jx5qPabU,1
@athar786100,EH5jx5qPabU,1
@awesomenesswuhu,EH5jx5qPabU,1
@benvel2302,EH5jx5qPabU,1
@bettyberabose9771,EH5jx5qPabU,1
@bhabenpathak1111,EH5jx5qPabU,1
@bharadwajabhijit,EH5jx5qPabU,1
@bigbthesoulcrackerband1614,EH5jx5qPabU,1
@boochy_glamour,EH5jx5qPabU,1
@brade7951,EH5jx5qPabU,1
@camilogyllback7193,EH5jx5qPabU,1
@carolinadauria3384,EH5jx5qPabU,1
@chrisvanart,EH5jx5qPabU,1
@ciro9951,EH5jx5qPabU,1
@commiezombie2477,EH5jx5qPabU,1
@danbrymo9,EH5jx5qPabU,1
@daniel84fcporto,EH5jx5qPabU,1
@darthychannel,EH5jx5qPabU,1
@decodinglife,EH5jx5qPabU,1
@dpeezy615_Derrick,EH5jx5qPabU,1
@eXplodeYourRealEstateCareer,EH5jx5qPabU,1
@edkaempf906,EH5jx5qPabU,1
@ethanmartin1481,EH5jx5qPabU,1
@felixong,EH5jx5qPabU,1
@fieldjx,EH5jx5qPabU,1
@frankem-q4k,EH5jx5qPabU,1
@futurepedia_io,EH5jx5qPabU,1
@gauthaP,EH5jx5qPabU,1
@gdahlman,EH5jx5qPabU,1
@helmshardover,EH5jx5qPabU,2
@howcomeitnotcome,EH5jx5qPabU,1
@ibellaciao,EH5jx5qPabU,1
@inlukeslens,EH5jx5qPabU,1
@ismyalak1419,EH5jx5qPabU,1
@jairmarin,EH5jx5qPabU,1
@janessa6761,EH5jx5qPabU,1
@jelcroospockt,EH5jx5qPabU,1
@joytekb,EH5jx5qPabU,1
@justprogrammer123,EH5jx5qPabU,1
@karimportfolio3137,EH5jx5qPabU,1
@kennethbattaglia2994,EH5jx5qPabU,1
@kreeyadesignofficial,EH5jx5qPabU,1
@kristala-k8e,EH5jx5qPabU,1
@ladyjeynd8166,EH5jx5qPabU,1
@limacom,EH5jx5qPabU,1
@lioruzan2048,EH5jx5qPabU,1
@lorenzobenjamin6579,EH5jx5qPabU,1
@magendavid7,EH5jx5qPabU,1
@malikgatdula18,EH5jx5qPabU,1
@manamimran-m5i,EH5jx5qPabU,1
@mashmash80,EH5jx5qPabU,1
@mazobakry,EH5jx5qPabU,1
@mensb1936,EH5jx5qPabU,1
@messengerministries2253,EH5jx5qPabU,1
@mindslabtv8,EH5jx5qPabU,1
@mr_fitswell,EH5jx5qPabU,1
@mytauruslifestyle,EH5jx5qPabU,1
@naeemulhasan1817,EH5jx5qPabU,1
@nagendra1818,EH5jx5qPabU,1
@nicoVH5150,EH5jx5qPabU,1
@notorioustofu,EH5jx5qPabU,1
@oblivionsmoke,EH5jx5qPabU,1
@okothdavid6403,EH5jx5qPabU,1
@oldtjikko789,EH5jx5qPabU,1
@paparaoveeragandham284,EH5jx5qPabU,1
@patriciacornejo9668,EH5jx5qPabU,1
@qwesigeezy696,EH5jx5qPabU,1
@rajkumar-v7q4f,EH5jx5qPabU,1
@rathodsanjay1929,EH5jx5qPabU,1
@realJohnJohn,EH5jx5qPabU,1
@realrishal,EH5jx5qPabU,1
@rickyhawkins,EH5jx5qPabU,1
@rock4115,EH5jx5qPabU,1
@romanticlovely8904,EH5jx5qPabU,1
@saheedazeez4483,EH5jx5qPabU,1
@salimren169,EH5jx5qPabU,1
@sandeepkota4185,EH5jx5qPabU,1
@scaresandsparks,EH5jx5qPabU,1
@schoggi-k,EH5jx5qPabU,1
@shahilparmar08,EH5jx5qPabU,1
@sosaismary,EH5jx5qPabU,1
@swarnadyutisarkar7614,EH5jx5qPabU,1
@t.stories.daynnight,EH5jx5qPabU,1
@tanishkff1,EH5jx5qPabU,1
@tapandey938,EH5jx5qPabU,1
@tarakolawole6409,EH5jx5qPabU,1
@td8269,EH5jx5qPabU,1
@terencehernandez9646,EH5jx5qPabU,1
@thelouismai,EH5jx5qPabU,1
@tonybodlovic5825,EH5jx5qPabU,1
@valentinavalentine8188,EH5jx5qPabU,1
@weinerblut6869,EH5jx5qPabU,1
@yalmazaseel6681,EH5jx5qPabU,1
@ناصرجرادات-ق6د,EH5jx5qPabU,1
@Brice21,EJX9Ckqt0YU,1
@Jashnaldo155,EJX9Ckqt0YU,2
@Kirizan,EJX9Ckqt0YU,1
@Kris-to7vh,EJX9Ckqt0YU,2
@Nick-sz7fs,EJX9Ckqt0YU,1
@Philicr235,EJX9Ckqt0YU,1
@TheSaddlePaddle,EJX9Ckqt0YU,1
@YourAverageTechBro,EJX9Ckqt0YU,3
@asit108,EJX9Ckqt0YU,1
@bhomikpilkhwal,EJX9Ckqt0YU,1
@buildsNbytes,EJX9Ckqt0YU,1
@bysahana,EJX9Ckqt0YU,1
@charliebholtz,EJX9Ckqt0YU,2
@divyanshudn,EJX9Ckqt0YU,1
@illia_user,EJX9Ckqt0YU,1
@jacktabomb,EJX9Ckqt0YU,1
@nandans2506,EJX9Ckqt0YU,1
@nmead33,EJX9Ckqt0YU,1
@pablo-1139,EJX9Ckqt0YU,1
@randomshortsxd-l5h,EJX9Ckqt0YU,1
@thepixelworld3025,EJX9Ckqt0YU,1
@victorboittiaux4990,EJX9Ckqt0YU,1
@Ev3ryBodyGets1-o4o,ElYxdpYi4U0,1
@GeobotPY,ElYxdpYi4U0,1
@PrivacyProfessionalTraining,ElYxdpYi4U0,1
@ThePatriotPirate,ElYxdpYi4U0,1
@Zolem-i7o,ElYxdpYi4U0,1
@claytonhinkle5468,ElYxdpYi4U0,3
@elpepelucho,ElYxdpYi4U0,1
@leondbleondb,ElYxdpYi4U0,1
@maximillian000,ElYxdpYi4U0,1
@nerios.v,ElYxdpYi4U0,1
@nwokobia,ElYxdpYi4U0,1
@obada_al-hamwi,ElYxdpYi4U0,1
@priitraag,ElYxdpYi4U0,1
@ricardoasueiras,ElYxdpYi4U0,1
@sofianlak,ElYxdpYi4U0,1
@zenvanriel,ElYxdpYi4U0,6
@ислям-з7б,ElYxdpYi4U0,1
@222CP,EwVs3O2Zm6I,1
@ClainPlays,EwVs3O2Zm6I,1
@DarrellParkhouse-i2u,EwVs3O2Zm6I,1
@Gavin_1992,EwVs3O2Zm6I,1
@LorenzoDecaria,EwVs3O2Zm6I,1
@ManaratAl3ilm,EwVs3O2Zm6I,1
@ShouGanaiShouGanai,EwVs3O2Zm6I,1
@TonimusicEstúdio,EwVs3O2Zm6I,1
@ahmedkasmi7194,EwVs3O2Zm6I,1
@atc12138,EwVs3O2Zm6I,1
@attribute-4677,EwVs3O2Zm6I,2
@avonzo,EwVs3O2Zm6I,1
@b_online_916,EwVs3O2Zm6I,1
@baqirnekfar-tm8iw,EwVs3O2Zm6I,1
@beingmyself3706,EwVs3O2Zm6I,1
@bouamarelouahhabi9525,EwVs3O2Zm6I,1
@chavier09,EwVs3O2Zm6I,1
@darkwzrd00,EwVs3O2Zm6I,1
@demdimi9316,EwVs3O2Zm6I,1
@enriquevelezbravo9791,EwVs3O2Zm6I,1
@ginocarosela6463,EwVs3O2Zm6I,1
@imjoeybone1156,EwVs3O2Zm6I,1
@josejavier19,EwVs3O2Zm6I,1
@kazakx,EwVs3O2Zm6I,1
@krumjahn,EwVs3O2Zm6I,5
@kyletran25,EwVs3O2Zm6I,1
@luziela.dugart6987,EwVs3O2Zm6I,1
@madagascarchronicles,EwVs3O2Zm6I,1
@meirgoldenberg5638,EwVs3O2Zm6I,2
@monika1las,EwVs3O2Zm6I,1
@rajusri1896,EwVs3O2Zm6I,1
@richard2845,EwVs3O2Zm6I,1
@sergioduque94,EwVs3O2Zm6I,1
@sigaar-dev,EwVs3O2Zm6I,1
@slowtyper95,EwVs3O2Zm6I,1
@softwarephil1709,EwVs3O2Zm6I,1
@somestay07,EwVs3O2Zm6I,1
@stephenc1911,EwVs3O2Zm6I,1
@user20923,EwVs3O2Zm6I,1
@weltbestevideos,EwVs3O2Zm6I,4
@zviriko6850,EwVs3O2Zm6I,1
@1mindclips,FwOTs4UxQS4,1
@808chevykev,FwOTs4UxQS4,1
@ACPLQLE,FwOTs4UxQS4,1
@ADAMOLOGY,FwOTs4UxQS4,1
@AIArchitect95,FwOTs4UxQS4,1
@AIMasterClassPro-z2q,FwOTs4UxQS4,1
@AINutsAndBerries,FwOTs4UxQS4,1
@Aadhya_feats,FwOTs4UxQS4,1
@AblexDad,FwOTs4UxQS4,1
@AdrianPraljak,FwOTs4UxQS4,1
@Agentic-Movers,FwOTs4UxQS4,1
@AhmedAbdulsalam-q2n,FwOTs4UxQS4,1
@AtomDotMe,FwOTs4UxQS4,1
@AustinJames-u4k,FwOTs4UxQS4,1
@BexposGsqueak,FwOTs4UxQS4,1
@BigRedShooter,FwOTs4UxQS4,1
@BillyLarryDojo,FwOTs4UxQS4,1
@BogoshJeni,FwOTs4UxQS4,1
@CC-jy4gr,FwOTs4UxQS4,1
@Coachfaithtransforms,FwOTs4UxQS4,1
@Cristishor201,FwOTs4UxQS4,1
@DKBLive,FwOTs4UxQS4,1
@Davesivak,FwOTs4UxQS4,1
@David-f6p6d,FwOTs4UxQS4,1
@David-jr9gx,FwOTs4UxQS4,1
@DavidC-adviceontheway,FwOTs4UxQS4,2
@DavidChester-u6q,FwOTs4UxQS4,1
@DavvagTechTalks,FwOTs4UxQS4,2
@DianaRM-i1w5f,FwOTs4UxQS4,1
@Dominus_Potatus,FwOTs4UxQS4,1
@DorcasButler-s6g,FwOTs4UxQS4,1
@DragosMatei-t2g,FwOTs4UxQS4,1
@DrewNotAndrew2,FwOTs4UxQS4,1
@DuyênPhan-r9k,FwOTs4UxQS4,1
@EntreConvrsas,FwOTs4UxQS4,1
@FaithFinanceMath2,FwOTs4UxQS4,1
@FilipinaExecutiveAssistant,FwOTs4UxQS4,1
@GeminiAir,FwOTs4UxQS4,1
@Goose1594,FwOTs4UxQS4,1
@GrowingThroughWithJodey,FwOTs4UxQS4,1
@Gundamandwa3hammercrazyfan,FwOTs4UxQS4,1
@Halosniper9895,FwOTs4UxQS4,1
@Hasan-po6ud,FwOTs4UxQS4,1
@Irshadba99,FwOTs4UxQS4,1
@Isaac_aviles,FwOTs4UxQS4,1
@Itanshi-e5s,FwOTs4UxQS4,13
@JKCOfficial08,FwOTs4UxQS4,1
@Jacqueline_Schklar,FwOTs4UxQS4,2
@JeffSu,FwOTs4UxQS4,64
@JerilNadar-ey3sj,FwOTs4UxQS4,1
@JordanDawbe,FwOTs4UxQS4,1
@JoyJitu-vv6kv,FwOTs4UxQS4,1
@KVKAutomates,FwOTs4UxQS4,1
@Kelly-CH39,FwOTs4UxQS4,1
@Ken1912-w1y,FwOTs4UxQS4,1
@KerenSolomon,FwOTs4UxQS4,1
@Kirstel,FwOTs4UxQS4,1
@LearnAboutBit,FwOTs4UxQS4,1
@LearnWithSaiEnglish,FwOTs4UxQS4,1
@LifeInspirations197,FwOTs4UxQS4,1
@MHLee168,FwOTs4UxQS4,1
@MJLeeee,FwOTs4UxQS4,1
@MariuszAdach,FwOTs4UxQS4,1
@Matoflow23,FwOTs4UxQS4,1
@MrHaridev,FwOTs4UxQS4,1
@NeilKohli,FwOTs4UxQS4,1
@NeoDon1,FwOTs4UxQS4,1
@NiceSaRose,FwOTs4UxQS4,1
@Nugan4d,FwOTs4UxQS4,1
@Olexandr____,FwOTs4UxQS4,1
@OrjiEmmanuel-g5q,FwOTs4UxQS4,1
@PauliinaSvanholm,FwOTs4UxQS4,1
@PlaylistNumero1,FwOTs4UxQS4,1
@RalucaMMihai,FwOTs4UxQS4,1
@RamaniSingh-l6p,FwOTs4UxQS4,2
@RealOperatorLab,FwOTs4UxQS4,1
@RobertoMartinez-c7s,FwOTs4UxQS4,1
@RockyT4114,FwOTs4UxQS4,1
@STripps,FwOTs4UxQS4,1
@Scoop-Analytics,FwOTs4UxQS4,1
@ShalomSho,FwOTs4UxQS4,1
@Sheidraam,FwOTs4UxQS4,1
@ShivaniRaje-t3x,FwOTs4UxQS4,1
@SikinaWalia,FwOTs4UxQS4,1
@Slaptile,FwOTs4UxQS4,1
@Speech2_Text,FwOTs4UxQS4,1
@SpinDriftTheory,FwOTs4UxQS4,2
@SteffanDalsgaard,FwOTs4UxQS4,1
@StreetSmartBusiness,FwOTs4UxQS4,1
@Suzyswizy,FwOTs4UxQS4,1
@TET2005,FwOTs4UxQS4,1
@The4thofDiamonds,FwOTs4UxQS4,1
@TheAIEdge-n9j,FwOTs4UxQS4,1
@TheMrdhyde,FwOTs4UxQS4,1
@TheWiderLedger,FwOTs4UxQS4,1
@ThesisAI,FwOTs4UxQS4,1
@ThiBinhTran-s9u,FwOTs4UxQS4,1
@Tony-w6n3q,FwOTs4UxQS4,1
@TristanAnderson-g1g,FwOTs4UxQS4,1
@UmarRashid-l9f,FwOTs4UxQS4,1
@UnchainedSky,FwOTs4UxQS4,1
@UnicornFigurine,FwOTs4UxQS4,1
@VeronicaSamuel-l8h,FwOTs4UxQS4,1
@VerseEz,FwOTs4UxQS4,1
@Vorg-n5z,FwOTs4UxQS4,1
@WarOrdersAndKittens444,FwOTs4UxQS4,1
@WażneRzeczy,FwOTs4UxQS4,2
@YOURBoiAlex123,FwOTs4UxQS4,1
@Yaraa_AI,FwOTs4UxQS4,2
@a2zin125,FwOTs4UxQS4,1
@abh-sc,FwOTs4UxQS4,1
@activex7327,FwOTs4UxQS4,1
@adammorocz1975,FwOTs4UxQS4,1
@aguilarvarsovian,FwOTs4UxQS4,1
@ahoh3214,FwOTs4UxQS4,1
@aishwaryarao7462,FwOTs4UxQS4,1
@akashgillella,FwOTs4UxQS4,1
@alexanderrehmer9891,FwOTs4UxQS4,1
@aliensamongus9092,FwOTs4UxQS4,1
@amills5555,FwOTs4UxQS4,1
@amruthamy8879,FwOTs4UxQS4,1
@anadaliachadel6992,FwOTs4UxQS4,1
@andrewcaldin3322,FwOTs4UxQS4,1
@aninditasaha3113,FwOTs4UxQS4,1
@anonymous-user-2024,FwOTs4UxQS4,1
@apostleofzion,FwOTs4UxQS4,1
@arifshuja7777,FwOTs4UxQS4,1
@benjiunfiltered,FwOTs4UxQS4,1
@bradborrows8784,FwOTs4UxQS4,1
@bradleyminshall7570,FwOTs4UxQS4,1
@brandrange2288,FwOTs4UxQS4,1
@carlossilva2891,FwOTs4UxQS4,1
@centralopsai,FwOTs4UxQS4,1
@chefboyali-1,FwOTs4UxQS4,1
@chicomo58,FwOTs4UxQS4,1
@chienn77,FwOTs4UxQS4,1
@choi-c5g,FwOTs4UxQS4,1
@chrisgarty,FwOTs4UxQS4,1
@chrishansen1719,FwOTs4UxQS4,1
@damithelight,FwOTs4UxQS4,1
@danhnguyen-mm2ue,FwOTs4UxQS4,1
@davidj1395,FwOTs4UxQS4,1
@designersprespective,FwOTs4UxQS4,1
@dichebach,FwOTs4UxQS4,1
@doesoffaxxxx,FwOTs4UxQS4,1
@dookula,FwOTs4UxQS4,1
@drjones762,FwOTs4UxQS4,1
@eLLokoSauron,FwOTs4UxQS4,1
@eagelefly,FwOTs4UxQS4,1
@eduardonajarrojr,FwOTs4UxQS4,1
@ekot0419,FwOTs4UxQS4,1
@elmouad01,FwOTs4UxQS4,1
@emekejike,FwOTs4UxQS4,1
@entropy-l2v,FwOTs4UxQS4,1
@ethannky,FwOTs4UxQS4,1
@fallingscalesmedia,FwOTs4UxQS4,1
@folksongpreacher2255,FwOTs4UxQS4,1
@frostyfitzx,FwOTs4UxQS4,1
@fundifferent1,FwOTs4UxQS4,1
@gmansi,FwOTs4UxQS4,1
@gmvir4190,FwOTs4UxQS4,1
@gregtuve1109,FwOTs4UxQS4,1
@grit_on,FwOTs4UxQS4,1
@haydenmacfarlane7194,FwOTs4UxQS4,1
@hbzain1,FwOTs4UxQS4,1
@hessulipoika13,FwOTs4UxQS4,1
@hexicjbl,FwOTs4UxQS4,1
@homesageaiYT,FwOTs4UxQS4,1
@honestabe1940,FwOTs4UxQS4,1
@ibrahimaltunnn3431,FwOTs4UxQS4,1
@invest_kaki,FwOTs4UxQS4,1
@ionutc-donighian6678,FwOTs4UxQS4,1
@iqrasajjad-s8r,FwOTs4UxQS4,1
@itsmejustemail3143,FwOTs4UxQS4,1
@jamesguy6473,FwOTs4UxQS4,1
@jayaprakashb598,FwOTs4UxQS4,1
@jelletimmerman3970,FwOTs4UxQS4,1
@jianmarcoyt,FwOTs4UxQS4,1
@jimijank,FwOTs4UxQS4,1
@jlb8696,FwOTs4UxQS4,1
@joyashiedu,FwOTs4UxQS4,1
@juliegeorge6227,FwOTs4UxQS4,1
@juliofernandez8179,FwOTs4UxQS4,1
@junkname9983,FwOTs4UxQS4,1
@keithgriffiths4643,FwOTs4UxQS4,1
@kenkenson,FwOTs4UxQS4,1
@kmwrites7456,FwOTs4UxQS4,2
@lamsung9578,FwOTs4UxQS4,1
@larsmeekel6168,FwOTs4UxQS4,1
@leiwang-gl8ds,FwOTs4UxQS4,1
@letstalkaboutmoney2866,FwOTs4UxQS4,1
@lorenzolietti8864,FwOTs4UxQS4,1
@mai-v9t1e,FwOTs4UxQS4,1
@manamimran-m5i,FwOTs4UxQS4,1
@manuellssnsalzk5673,FwOTs4UxQS4,1
@marcm3000,FwOTs4UxQS4,1
@mathieupicard2363,FwOTs4UxQS4,1
@mechanicaltypewriteroperat9885,FwOTs4UxQS4,1
@melenalopez0531,FwOTs4UxQS4,1
@michaeljones8942,FwOTs4UxQS4,1
@mikeayersrealtor,FwOTs4UxQS4,1
@mindspott,FwOTs4UxQS4,1
@mmaverick2010,FwOTs4UxQS4,1
@mohitporwal1298,FwOTs4UxQS4,1
@mustaphaidris2287,FwOTs4UxQS4,1
@myiesha2940,FwOTs4UxQS4,1
@natalijas1,FwOTs4UxQS4,1
@nikkilong-y6d,FwOTs4UxQS4,1
@norbertt.t6444,FwOTs4UxQS4,1
@oliverbo3,FwOTs4UxQS4,1
@oliviermoreau8548,FwOTs4UxQS4,1
@panan7777,FwOTs4UxQS4,1
@prodifAI-2.0,FwOTs4UxQS4,1
@q1g7tain-q1g7t,FwOTs4UxQS4,1
@randykatesATL,FwOTs4UxQS4,1
@raoul-thomascampian1726,FwOTs4UxQS4,1
@rezaraki4112,FwOTs4UxQS4,1
@robdawson6014,FwOTs4UxQS4,1
@robertfuller2196,FwOTs4UxQS4,1
@roeljonk9685,FwOTs4UxQS4,3
@rosyalarcon5064,FwOTs4UxQS4,1
@ruix-c6g,FwOTs4UxQS4,1
@s.p.n741,FwOTs4UxQS4,1
@samanmparsi,FwOTs4UxQS4,2
@samvan7787,FwOTs4UxQS4,1
@scottydo0081,FwOTs4UxQS4,1
@shafiulazam5953,FwOTs4UxQS4,1
@sharkz-m,FwOTs4UxQS4,1
@sharmeenrizvi8145,FwOTs4UxQS4,1
@shubham_srt,FwOTs4UxQS4,1
@silentc1015,FwOTs4UxQS4,1
@simil252,FwOTs4UxQS4,1
@skyxsqueen,FwOTs4UxQS4,1
@smsalvador,FwOTs4UxQS4,1
@snex07z,FwOTs4UxQS4,1
@softashutube,FwOTs4UxQS4,1
@sonabg,FwOTs4UxQS4,1
@sudhakarprabhu,FwOTs4UxQS4,1
@systemwiseofficial,FwOTs4UxQS4,1
@tarabrooks9416,FwOTs4UxQS4,1
@techgropse,FwOTs4UxQS4,1
@thatchangedthings,FwOTs4UxQS4,1
@tonyaexplains,FwOTs4UxQS4,1
@tonysokaleoralvich2640,FwOTs4UxQS4,1
@treplay8846,FwOTs4UxQS4,1
@tuannguyenanh175,FwOTs4UxQS4,1
@twenty3_cheng,FwOTs4UxQS4,1
@vasugarg4368,FwOTs4UxQS4,1
@vens-love-diary-updates,FwOTs4UxQS4,1
@vladKoRny,FwOTs4UxQS4,1
@walidbouchibaa,FwOTs4UxQS4,1
@warum10,FwOTs4UxQS4,1
@williamcurry7659,FwOTs4UxQS4,1
@yarnbear19,FwOTs4UxQS4,1
@yoga-denitsa,FwOTs4UxQS4,1
@خالدالردادي-ر7ل,FwOTs4UxQS4,1
@AhmedIbrahimKhallaf,G1O6TJEXfgE,1
@Bot7866-h7o,G1O6TJEXfgE,1
@BrennRommelMarcelo,G1O6TJEXfgE,1
@DevineMuhoza,G1O6TJEXfgE,1
@GyanDarshan108,G1O6TJEXfgE,1
@INDClashers,G1O6TJEXfgE,1
@Krucezam,G1O6TJEXfgE,1
@KuvisoAW,G1O6TJEXfgE,2
@LordVodka313,G1O6TJEXfgE,1
@Narendra-r2e1y,G1O6TJEXfgE,1
@PRE5S,G1O6TJEXfgE,1
@Raja-Chib,G1O6TJEXfgE,1
@RajeshR-bz3nj,G1O6TJEXfgE,1
@Shubham1220.pandey,G1O6TJEXfgE,1
@SurMat-s6g,G1O6TJEXfgE,1
@The_WK,G1O6TJEXfgE,1
@Worldofideas-q6n,G1O6TJEXfgE,1
@Zayne1706,G1O6TJEXfgE,1
@abdullahshahid4297,G1O6TJEXfgE,1
@adithyasivakumar2338,G1O6TJEXfgE,1
@adityamandhare5117,G1O6TJEXfgE,1
@arunsector,G1O6TJEXfgE,1
@ayushh_io,G1O6TJEXfgE,13
@bhuvan6926,G1O6TJEXfgE,3
@buddiesbaba6725,G1O6TJEXfgE,1
@danikimastia4346,G1O6TJEXfgE,1
@firogate,G1O6TJEXfgE,1
@gouthamvishal007,G1O6TJEXfgE,2
@ihsanpro9406,G1O6TJEXfgE,1
@joecok,G1O6TJEXfgE,1
@kuchbhi-to2ru,G1O6TJEXfgE,1
@l2ob1222,G1O6TJEXfgE,1
@life_in_their_shoes_1,G1O6TJEXfgE,1
@lumbee1986,G1O6TJEXfgE,1
@lyrics_status_04,G1O6TJEXfgE,2
@mriduljaiman3063,G1O6TJEXfgE,1
@piie1996,G1O6TJEXfgE,2
@rmcf3972,G1O6TJEXfgE,1
@rpesc7918,G1O6TJEXfgE,1
@scalerapakaanu,G1O6TJEXfgE,1
@shipnotes,G1O6TJEXfgE,1
@silversurferablaze1,G1O6TJEXfgE,1
@skrat1001,G1O6TJEXfgE,1
@sobanthegreat1099,G1O6TJEXfgE,1
@souvikkar7402,G1O6TJEXfgE,1
@theWorldOfSharma,G1O6TJEXfgE,1
@web_wing,G1O6TJEXfgE,1
@yourbuddyme97,G1O6TJEXfgE,1
@ジャーソン1432,G1O6TJEXfgE,1
@1conscience0dimension,H3M95i4iS5c,1
@2upload2utube,H3M95i4iS5c,1
@3litepker,H3M95i4iS5c,1
@Ayon-Karmakar,H3M95i4iS5c,1
@Beloved_Digital,H3M95i4iS5c,1
@Cagi96,H3M95i4iS5c,1
@D4MAGEINC,H3M95i4iS5c,1
@DGallowaytheGrumbus,H3M95i4iS5c,1
@DavidSegura99,H3M95i4iS5c,3
@DukeJon1969,H3M95i4iS5c,1
@FilippoGianburrasca,H3M95i4iS5c,1
@Gabriel-iq6ug,H3M95i4iS5c,1
@GustavoGyotoku,H3M95i4iS5c,1
@IOSADMDENIM,H3M95i4iS5c,1
@JaimeBIDtravel,H3M95i4iS5c,1
@Jbustosalazar,H3M95i4iS5c,2
@MathiasElle-i1q,H3M95i4iS5c,1
@MdDalworHossain-w7s,H3M95i4iS5c,1
@NEP713,H3M95i4iS5c,1
@PatrickRobinsonZA,H3M95i4iS5c,2
@PaulFrischknecht,H3M95i4iS5c,1
@PeterStan-ko4lk,H3M95i4iS5c,1
@RickyMcevoy-d7s,H3M95i4iS5c,1
@ScorchedEarthRevenge,H3M95i4iS5c,1
@SibTiger33,H3M95i4iS5c,1
@SonicEcho1,H3M95i4iS5c,1
@Submarinatx,H3M95i4iS5c,1
@Vecktor_Dalton,H3M95i4iS5c,1
@adityacholkar1421,H3M95i4iS5c,1
@adrielomalley,H3M95i4iS5c,2
@ai-acel,H3M95i4iS5c,1
@akshay_doozie,H3M95i4iS5c,1
@alexreich8711,H3M95i4iS5c,1
@allengozo,H3M95i4iS5c,1
@anatoliistasiukevych4979,H3M95i4iS5c,1
@anilkumar_6_7,H3M95i4iS5c,1
@anotherelvis,H3M95i4iS5c,1
@apaksoy,H3M95i4iS5c,1
@bowenwang,H3M95i4iS5c,1
@camilotello3296,H3M95i4iS5c,1
@case_tips,H3M95i4iS5c,1
@chadgrant8870,H3M95i4iS5c,1
@chanep1,H3M95i4iS5c,1
@choond,H3M95i4iS5c,1
@code,H3M95i4iS5c,9
@coolworx,H3M95i4iS5c,1
@cwest8863,H3M95i4iS5c,1
@dimitarboykovboychev,H3M95i4iS5c,1
@ericjohnson2038,H3M95i4iS5c,1
@gjkuehn,H3M95i4iS5c,1
@goldennyirenda1629,H3M95i4iS5c,1
@goofballbiscuits3647,H3M95i4iS5c,1
@harryjohnson615,H3M95i4iS5c,1
@himadrithaker4857,H3M95i4iS5c,1
@ilove2learn783,H3M95i4iS5c,1
@jilmerjohncariaso6825,H3M95i4iS5c,1
@jodyaryono1345,H3M95i4iS5c,1
@jonasex3001,H3M95i4iS5c,1
@jonathanhill7829,H3M95i4iS5c,1
@jrgalyen,H3M95i4iS5c,2
@kameshp9995,H3M95i4iS5c,1
@kevo777ez,H3M95i4iS5c,1
@knightofmathematics,H3M95i4iS5c,1
@lararawf6100,H3M95i4iS5c,1
@lotfich5573,H3M95i4iS5c,1
@maasaigeordie,H3M95i4iS5c,1
@matberta706,H3M95i4iS5c,1
@mathembamagwentshu201,H3M95i4iS5c,1
@mind6861,H3M95i4iS5c,1
@mitchhoneysett7674,H3M95i4iS5c,1
@mjpthetrucker9485,H3M95i4iS5c,1
@mmeuwese,H3M95i4iS5c,1
@mohammadhosaintafteh,H3M95i4iS5c,1
@mrohailiqbal,H3M95i4iS5c,1
@mukhtartanimugarba9527,H3M95i4iS5c,1
@mymobile5014,H3M95i4iS5c,1
@nireshshao7767,H3M95i4iS5c,1
@nuclearducks7387,H3M95i4iS5c,1
@petecapecod,H3M95i4iS5c,2
@phillachmann4840,H3M95i4iS5c,1
@premjeetprasad8676,H3M95i4iS5c,1
@raymobula,H3M95i4iS5c,1
@razorbackroar,H3M95i4iS5c,1
@rebeccabarker7226,H3M95i4iS5c,1
@rebelkeir,H3M95i4iS5c,1
@robertf57,H3M95i4iS5c,1
@rpm7203,H3M95i4iS5c,1
@salexsurya,H3M95i4iS5c,1
@scottfrost317,H3M95i4iS5c,1
@scottstormcarter9603,H3M95i4iS5c,1
@serdar_1978,H3M95i4iS5c,1
@smiththomas64,H3M95i4iS5c,1
@tbalci,H3M95i4iS5c,1
@thelinkofperfectioncharity9469,H3M95i4iS5c,1
@theooliveira,H3M95i4iS5c,1
@thinhlpg,H3M95i4iS5c,1
@tilkesh,H3M95i4iS5c,1
@timstevens3361,H3M95i4iS5c,1
@tonyedgal,H3M95i4iS5c,1
@um_jotas,H3M95i4iS5c,1
@user-vz8zk7qo8f,H3M95i4iS5c,1
@vadster,H3M95i4iS5c,1
@xerces8,H3M95i4iS5c,1
@xxd3030,H3M95i4iS5c,1
@zapy422,H3M95i4iS5c,1
@zezeandjr4110,H3M95i4iS5c,1
@जयमहाराष्ट्र24,H3M95i4iS5c,1
@骆小盼,H3M95i4iS5c,1
@AlaaBoughdadi,HDEGFNAUkX8,1
@AshadulSadu,HDEGFNAUkX8,1
@Bgmi_with_ved,HDEGFNAUkX8,1
@CDEA_1,HDEGFNAUkX8,1
@CrazyFacts-g-h,HDEGFNAUkX8,1
@FaithFusion70,HDEGFNAUkX8,1
@Fhula,HDEGFNAUkX8,1
@GEAKKI,HDEGFNAUkX8,1
@Hoctap,HDEGFNAUkX8,1
@ISLAMIC_POST-Haq,HDEGFNAUkX8,1
@IstiakAhmedFemous,HDEGFNAUkX8,1
@KIDSTV4536-t5v,HDEGFNAUkX8,1
@Life.in.Facts.911,HDEGFNAUkX8,1
@LordBORUTO121,HDEGFNAUkX8,1
@MDMAJHI934,HDEGFNAUkX8,1
@Mausam-Deepak,HDEGFNAUkX8,1
@Noor-Xrex,HDEGFNAUkX8,1
@Onlygirl004,HDEGFNAUkX8,1
@PriyankaSingh-ii7pw,HDEGFNAUkX8,1
@Ramusicofficial34321,HDEGFNAUkX8,1
@RatulTamim-u7d,HDEGFNAUkX8,1
@Ridelit-m4z,HDEGFNAUkX8,1
@SAHILVOICELIVE,HDEGFNAUkX8,1
@SHERYBAHI56,HDEGFNAUkX8,1
@SamiraSamira-n1v,HDEGFNAUkX8,1
@Shahidkhan.234,HDEGFNAUkX8,1
@Tebou-k2,HDEGFNAUkX8,1
@ThatOnePlayer909,HDEGFNAUkX8,1
@UniqueChhetri729,HDEGFNAUkX8,1
@Vinayshort.93,HDEGFNAUkX8,1
@abhinavsinghal5486,HDEGFNAUkX8,1
@achalsinghyaduvanshi7562,HDEGFNAUkX8,1
@actressm,HDEGFNAUkX8,1
@chandanimishra9798,HDEGFNAUkX8,1
@cricket9998-x,HDEGFNAUkX8,1
@darren780,HDEGFNAUkX8,1
@djelloulmarga22,HDEGFNAUkX8,1
@ernsttech5255,HDEGFNAUkX8,1
@kalebadane1,HDEGFNAUkX8,1
@lilibeth6278,HDEGFNAUkX8,1
@me_codeblazy,HDEGFNAUkX8,1
@mohitkumar-u1l4z,HDEGFNAUkX8,1
@moizplayss,HDEGFNAUkX8,1
@nguyenvantai9093,HDEGFNAUkX8,1
@obbymaster-c2c,HDEGFNAUkX8,1
@pixzuxo,HDEGFNAUkX8,1
@rahengmeng1215,HDEGFNAUkX8,1
@rex25k,HDEGFNAUkX8,1
@scottish_folds_are_evil,HDEGFNAUkX8,1
@0xBADABA55,HFM3se4lNiw,1
@33GamingHalwa-w3u,HFM3se4lNiw,1
@AC-cg6mf,HFM3se4lNiw,1
@AamirShahzad-t1w,HFM3se4lNiw,1
@Abdennour_Ab,HFM3se4lNiw,1
@Anathole24,HFM3se4lNiw,1
@Andyandrwew144,HFM3se4lNiw,1
@AzaB2C,HFM3se4lNiw,1
@BhargavThakor-b4n,HFM3se4lNiw,1
@BlackGoku_Editz007,HFM3se4lNiw,1
@BnSz55,HFM3se4lNiw,1
@BrandonMartinez-td5xx,HFM3se4lNiw,1
@ButterNut-v3u,HFM3se4lNiw,1
@Charli-l7c,HFM3se4lNiw,1
@Consciousnessv2.0,HFM3se4lNiw,1
@Danniabehera,HFM3se4lNiw,1
@Dead4Ever,HFM3se4lNiw,1
@DediPurwanto-yw9ce,HFM3se4lNiw,1
@DefElDean,HFM3se4lNiw,1
@DeltaPinus,HFM3se4lNiw,1
@Dex4Sure,HFM3se4lNiw,1
@EwertonDutra,HFM3se4lNiw,2
@FaintApp,HFM3se4lNiw,2
@Fleckon,HFM3se4lNiw,1
@FortuneGodstar,HFM3se4lNiw,1
@FraggerGaming-oz2sf,HFM3se4lNiw,1
@GEF6560AI,HFM3se4lNiw,1
@Graciele26,HFM3se4lNiw,1
@GrowthInvestingMastery,HFM3se4lNiw,1
@Harmansingh-bb9bs,HFM3se4lNiw,1
@HassanAlsloum,HFM3se4lNiw,1
@HemalxEditz,HFM3se4lNiw,1
@IanHollis,HFM3se4lNiw,1
@Ivan-wp1ne1,HFM3se4lNiw,1
@IvoPavlik,HFM3se4lNiw,2
@JB-dv7ew,HFM3se4lNiw,1
@Jaeforex41,HFM3se4lNiw,1
@Jamwedituron,HFM3se4lNiw,1
@JstTrvllg,HFM3se4lNiw,1
@Justice4x,HFM3se4lNiw,1
@KidistMerge,HFM3se4lNiw,1
@KittyCat-hd5hi,HFM3se4lNiw,1
@KonstantinosTsatsarounos,HFM3se4lNiw,1
@Larry321ness,HFM3se4lNiw,1
@Leonalayja,HFM3se4lNiw,1
@LeonardoLee3396,HFM3se4lNiw,1
@LittleAsterion,HFM3se4lNiw,1
@Lucifer-q1i6g,HFM3se4lNiw,1
@MANGALkushwaha-e5w,HFM3se4lNiw,1
@MP-hl8ty,HFM3se4lNiw,1
@MonsterCreations662,HFM3se4lNiw,1
@MorganTylerBeatrice,HFM3se4lNiw,1
@MuxtAbdul,HFM3se4lNiw,1
@NailaArshad-c2j,HFM3se4lNiw,1
@NewtonNewton-k7b,HFM3se4lNiw,1
@NiaPD,HFM3se4lNiw,1
@NielBhuyan-i7x,HFM3se4lNiw,1
@Noah-357,HFM3se4lNiw,1
@Phai.Studio,HFM3se4lNiw,1
@PrakharMishra150290,HFM3se4lNiw,1
@Quarcode14,HFM3se4lNiw,1
@QueenElizabeth1sth,HFM3se4lNiw,2
@R2D2M2,HFM3se4lNiw,1
@R3ALTALK-music,HFM3se4lNiw,1
@RaceCarLogic,HFM3se4lNiw,1
@Rahu-q3s,HFM3se4lNiw,1
@RandallPuterbaugh,HFM3se4lNiw,1
@RimaSamanta-c6n,HFM3se4lNiw,1
@RoaaMudathir,HFM3se4lNiw,1
@RockySurf,HFM3se4lNiw,1
@Rohan-444FF,HFM3se4lNiw,1
@RollingcoleW,HFM3se4lNiw,1
@RudyM_EvelynAI,HFM3se4lNiw,1
@SabariSabari-z6k,HFM3se4lNiw,1
@SajalKatiyar-e1v,HFM3se4lNiw,1
@ShighetariVlogs,HFM3se4lNiw,1
@ShinesanaaAmarsanaa,HFM3se4lNiw,1
@Smilesforeva,HFM3se4lNiw,1
@StLo_easy.new_done,HFM3se4lNiw,1
@TdhanikaTdhanika,HFM3se4lNiw,1
@The999konrad1,HFM3se4lNiw,1
@Tubekonto9,HFM3se4lNiw,1
@USpols,HFM3se4lNiw,1
@UnrealSL,HFM3se4lNiw,1
@WifeWantsAWizard,HFM3se4lNiw,1
@YaredTesfaye-d9f,HFM3se4lNiw,1
@YosefAldamen-i2y,HFM3se4lNiw,1
@YuriMaya1,HFM3se4lNiw,1
@ahmadfaris592,HFM3se4lNiw,1
@ahmed-mujtaba,HFM3se4lNiw,1
@amirtorhan2762,HFM3se4lNiw,1
@amk-j2t,HFM3se4lNiw,1
@anasobyd-sq3yp,HFM3se4lNiw,1
@anonbcithinkimfamous,HFM3se4lNiw,1
@antsplantsnature,HFM3se4lNiw,1
@arianhoorn,HFM3se4lNiw,1
@arielzwolinski,HFM3se4lNiw,1
@ashishkumar-if4io,HFM3se4lNiw,1
@asishkumarsatapathy3466,HFM3se4lNiw,1
@backtofuture2040,HFM3se4lNiw,1
@backupwatsapp1872,HFM3se4lNiw,1
@barronzemo4659,HFM3se4lNiw,1
@bbfabien,HFM3se4lNiw,1
@belfort777,HFM3se4lNiw,1
@camburley9723,HFM3se4lNiw,1
@celas855,HFM3se4lNiw,1
@cheese-power,HFM3se4lNiw,1
@corruptedknight0,HFM3se4lNiw,1
@csonic,HFM3se4lNiw,1
@dannystaten5701,HFM3se4lNiw,1
@darbaharezibatade398,HFM3se4lNiw,1
@davefellows,HFM3se4lNiw,1
@dcruz742,HFM3se4lNiw,1
@dev-vibes02,HFM3se4lNiw,1
@djole02,HFM3se4lNiw,1
@djthefreeway,HFM3se4lNiw,1
@dom2326,HFM3se4lNiw,2
@eRiiiiiCc,HFM3se4lNiw,1
@eeeeeparker,HFM3se4lNiw,1
@el_larva,HFM3se4lNiw,1
@enzorodrigoalvarez,HFM3se4lNiw,1
@estrellametal1,HFM3se4lNiw,1
@fareloz,HFM3se4lNiw,1
@homewardboundphotos,HFM3se4lNiw,1
@itlabzagreb,HFM3se4lNiw,1
@jakobrosenberg2008,HFM3se4lNiw,1
@jean-ve7rn,HFM3se4lNiw,1
@joe_daza_rs3,HFM3se4lNiw,1
@jokerbanny,HFM3se4lNiw,1
@jolumoraes,HFM3se4lNiw,1
@justindrp,HFM3se4lNiw,1
@jyotiprajapati2500,HFM3se4lNiw,1
@kapiqu2709,HFM3se4lNiw,1
@karlisgertmanis,HFM3se4lNiw,1
@kovurudamodarreddy3454,HFM3se4lNiw,1
@krishnakanan-w4w,HFM3se4lNiw,1
@ktm390x,HFM3se4lNiw,1
@laithzayoud,HFM3se4lNiw,1
@lylebraybrook275,HFM3se4lNiw,1
@majidsaid1698,HFM3se4lNiw,1
@mayrose75-r1c,HFM3se4lNiw,1
@miloow,HFM3se4lNiw,1
@miv-6031,HFM3se4lNiw,1
@mko-ai,HFM3se4lNiw,1
@moeinsadraei6605,HFM3se4lNiw,1
@mohdfazliab5627,HFM3se4lNiw,1
@morrisalanisette9067,HFM3se4lNiw,1
@mtoctrz9360,HFM3se4lNiw,1
@murunbuch,HFM3se4lNiw,1
@myentertainment55,HFM3se4lNiw,1
@nahumlider5453,HFM3se4lNiw,1
@nathanbecker327,HFM3se4lNiw,1
@navturn,HFM3se4lNiw,1
@newisgood6353,HFM3se4lNiw,1
@nomadic.singularity,HFM3se4lNiw,1
@oneil3673,HFM3se4lNiw,1
@oudomkeo,HFM3se4lNiw,1
@pantanom18,HFM3se4lNiw,1
@peachfairy1569,HFM3se4lNiw,1
@pwn1,HFM3se4lNiw,1
@raeesshaik1516,HFM3se4lNiw,1
@rakshitgupta605,HFM3se4lNiw,1
@rasbro87,HFM3se4lNiw,1
@raspberrynode8802,HFM3se4lNiw,1
@ravikanth8695,HFM3se4lNiw,1
@risingphoenix1484,HFM3se4lNiw,1
@rodmoura82,HFM3se4lNiw,1
@sahurgaming007,HFM3se4lNiw,1
@samueldavidgomezramos7880,HFM3se4lNiw,1
@seanmikejaffer423,HFM3se4lNiw,1
@segretoesconociuto,HFM3se4lNiw,1
@shaihazher,HFM3se4lNiw,1
@sharpsticksnz4112,HFM3se4lNiw,1
@souravdey9239,HFM3se4lNiw,1
@srx1245,HFM3se4lNiw,1
@sslainn,HFM3se4lNiw,1
@staan.b,HFM3se4lNiw,1
@stepanturchenko,HFM3se4lNiw,1
@steveybarclay,HFM3se4lNiw,1
@sudebkumarmandal1079,HFM3se4lNiw,1
@sunilgurjar-xk1ic,HFM3se4lNiw,1
@supercompooper,HFM3se4lNiw,1
@supergoobergirlable,HFM3se4lNiw,1
@supersonic6734,HFM3se4lNiw,1
@technicaltalha1242,HFM3se4lNiw,1
@teddyperera8531,HFM3se4lNiw,1
@tenxdevv,HFM3se4lNiw,1
@test18fort,HFM3se4lNiw,1
@thilinachaturanga6274,HFM3se4lNiw,1
@tiltedchess,HFM3se4lNiw,1
@tobymoby8524,HFM3se4lNiw,1
@tommymalm,HFM3se4lNiw,1
@twoandhalfbengals,HFM3se4lNiw,1
@ujalaupadhyay8555,HFM3se4lNiw,1
@unrealsolutions-us,HFM3se4lNiw,1
@user-tf4bb6ch6m,HFM3se4lNiw,1
@utilisateurlf,HFM3se4lNiw,1
@vasylms2459,HFM3se4lNiw,1
@vibes24,HFM3se4lNiw,1
@vinodmathew3036,HFM3se4lNiw,1
@vipse1984,HFM3se4lNiw,1
@winsomehertz2751,HFM3se4lNiw,1
@ريمرحموني,HFM3se4lNiw,1
@베시어스,HFM3se4lNiw,1
@AI_MI_guy,HIHxDqGauJU,1
@AUGMENtyzer-Industries,HIHxDqGauJU,1
@AdventMoxy,HIHxDqGauJU,1
@Apex-shares,HIHxDqGauJU,1
@Belizianboi13,HIHxDqGauJU,1
@Chris1234-n2z,HIHxDqGauJU,2
@Deltamegrez,HIHxDqGauJU,1
@Dififigneisiaixjv,HIHxDqGauJU,1
@Dokuzu,HIHxDqGauJU,1
@FAISALMADLAWI,HIHxDqGauJU,1
@FactChecked24,HIHxDqGauJU,6
@GoodBaleadaMusic,HIHxDqGauJU,3
@HollowReacts1,HIHxDqGauJU,2
@Hrbatanu,HIHxDqGauJU,1
@Imran-M-,HIHxDqGauJU,1
@JG-vn7ys,HIHxDqGauJU,1
@Jdinrbfidndifofkdndjoflfndjdk,HIHxDqGauJU,2
@KaffeeJankie,HIHxDqGauJU,1
@KelvinA.Cuellar,HIHxDqGauJU,1
@Mang334,HIHxDqGauJU,1
@MrFaiqueShakil,HIHxDqGauJU,1
@NaveedAli-n5g,HIHxDqGauJU,2
@NoahSpurrier,HIHxDqGauJU,1
@OshadaAdithya-bs3up,HIHxDqGauJU,1
@OurGao,HIHxDqGauJU,1
@PlugEdits-yg7ew,HIHxDqGauJU,1
@Rami_Zaki-k2b,HIHxDqGauJU,2
@RichKuo7,HIHxDqGauJU,91
@SPCPerez19Delta,HIHxDqGauJU,1
@SuperDeluxe80,HIHxDqGauJU,1
@TheOnecrazyrunner,HIHxDqGauJU,1
@Tips-r-us,HIHxDqGauJU,1
@Visual_Economics,HIHxDqGauJU,1
@WaldirArruda,HIHxDqGauJU,1
@akashgill870,HIHxDqGauJU,1
@anandbens6358,HIHxDqGauJU,2
@andrewabogado,HIHxDqGauJU,2
@aqibmajeed6181,HIHxDqGauJU,1
@arontvs,HIHxDqGauJU,1
@avedenmadriaga6234,HIHxDqGauJU,1
@awinterarsenal,HIHxDqGauJU,1
@baionikku,HIHxDqGauJU,1
@batuhanartan,HIHxDqGauJU,1
@blarvinius,HIHxDqGauJU,1
@bonamin,HIHxDqGauJU,1
@booksdulce1383,HIHxDqGauJU,1
@brianmaingi3190,HIHxDqGauJU,1
@colbyryan6884,HIHxDqGauJU,1
@d-omrani,HIHxDqGauJU,2
@davidc3268,HIHxDqGauJU,1
@echabbewal,HIHxDqGauJU,2
@ernestomendoza4225,HIHxDqGauJU,1
@forhao,HIHxDqGauJU,1
@greg7371,HIHxDqGauJU,1
@guyeshel9316,HIHxDqGauJU,2
@jacob9340,HIHxDqGauJU,1
@kim-me-so,HIHxDqGauJU,2
@lassiecoder,HIHxDqGauJU,1
@lzcats7431,HIHxDqGauJU,1
@marcosferreira8463,HIHxDqGauJU,1
@melindajunata,HIHxDqGauJU,1
@mjcodesdaily,HIHxDqGauJU,1
@nidhalchelhi,HIHxDqGauJU,1
@outsidethebox262,HIHxDqGauJU,1
@rawebtech,HIHxDqGauJU,1
@rustyd-s9f,HIHxDqGauJU,1
@rutger_ai,HIHxDqGauJU,1
@sboshnello9767,HIHxDqGauJU,1
@shahidullahmuffakir668,HIHxDqGauJU,1
@simmzzzz,HIHxDqGauJU,1
@stackit_5417,HIHxDqGauJU,1
@stoaio,HIHxDqGauJU,1
@thesaxwarrior,HIHxDqGauJU,2
@unboundace786,HIHxDqGauJU,1
@uncleswag90,HIHxDqGauJU,1
@wifitrapper,HIHxDqGauJU,1
@魔巨,HIHxDqGauJU,1
@ANIMESIGMA4,HIp8sFB2GGw,1
@ASMRLEO007,HIp8sFB2GGw,1
@AbdishakurisseAli-b3i,HIp8sFB2GGw,1
@AbdulRasheed279-s8n,HIp8sFB2GGw,1
@Aboulegrandaboulegrand484,HIp8sFB2GGw,1
@ActiveAnanta,HIp8sFB2GGw,1
@AlishbaKhan-pb9ui,HIp8sFB2GGw,1
@AmarPatel-d3h,HIp8sFB2GGw,1
@Amazonproducts225,HIp8sFB2GGw,1
@Angelina._.I22,HIp8sFB2GGw,1
@AnilKumar-x6o1e,HIp8sFB2GGw,1
@AqeelAhmad-xp8ke,HIp8sFB2GGw,1
@ArslanWattoo-b3q,HIp8sFB2GGw,1
@Art_ist_Akshay,HIp8sFB2GGw,1
@ArunaKumar-ed5eb,HIp8sFB2GGw,1
@AsmitaSarkar-z1y,HIp8sFB2GGw,1
@B2k____gaming____101,HIp8sFB2GGw,1
@BalramSaini-r6c,HIp8sFB2GGw,1
@Bhai.9,HIp8sFB2GGw,1
@Bhojpuriofficial5432,HIp8sFB2GGw,1
@Black-gaming230,HIp8sFB2GGw,1
@BooksReview-rz9gv,HIp8sFB2GGw,1
@Brandon-youtube,HIp8sFB2GGw,1
@BunnyLover-ns6gd,HIp8sFB2GGw,1
@CANALABANDONADO71,HIp8sFB2GGw,1
@CHUCKYCHUCKYBOBUCY,HIp8sFB2GGw,1
@CartoonsTV1-gu9hv,HIp8sFB2GGw,1
@ChHamza-mv3gh,HIp8sFB2GGw,1
@ColaxGamer-x6m,HIp8sFB2GGw,1
@DaAd-v5f,HIp8sFB2GGw,1
@DancingDragonsLive,HIp8sFB2GGw,1
@DanielMukwakwa,HIp8sFB2GGw,1
@Dansnazah,HIp8sFB2GGw,1
@Dckulhareofficial,HIp8sFB2GGw,1
@Dil2006-o7b,HIp8sFB2GGw,1
@Donnirononon,HIp8sFB2GGw,1
@Fireship,HIp8sFB2GGw,1
@Fitnestvk,HIp8sFB2GGw,1
@FunnyMoment-i3r,HIp8sFB2GGw,1
@Funnyfilmshorts-d7d,HIp8sFB2GGw,1
@GamalAl-Esayi,HIp8sFB2GGw,1
@Gaming-With-RocKstaR-fm1xr,HIp8sFB2GGw,1
@GauravKaranwal007,HIp8sFB2GGw,1
@GiaBảoYT,HIp8sFB2GGw,1
@GregWoch,HIp8sFB2GGw,1
@GunTech,HIp8sFB2GGw,1
@GupatVetti-x5w,HIp8sFB2GGw,1
@HUNTERplayallgamesurvivew,HIp8sFB2GGw,1
@HaseenKhan-nw3qg,HIp8sFB2GGw,1
@HassanTechIsla,HIp8sFB2GGw,1
@Heyzeynep222,HIp8sFB2GGw,1
@Hiphophype65,HIp8sFB2GGw,1
@Hpgaming-0072,HIp8sFB2GGw,1
@INDIABHOPURISONG10MViews,HIp8sFB2GGw,1
@InterLinkNetwork07,HIp8sFB2GGw,1
@JASMEETSINGHVLOGS-21,HIp8sFB2GGw,1
@JJeelani,HIp8sFB2GGw,1
@JeapBayidikilamio-m5v,HIp8sFB2GGw,1
@KaaluFF..992,HIp8sFB2GGw,1
@KeshavBansal-u3z,HIp8sFB2GGw,1
@KidsFunLearnUniverse,HIp8sFB2GGw,1
@KidsRhymesFactory,HIp8sFB2GGw,1
@King86810k,HIp8sFB2GGw,1
@LeoMessiFanWorld,HIp8sFB2GGw,1
@Linu_Tripathy,HIp8sFB2GGw,1
@MDNayem-fb5tp,HIp8sFB2GGw,1
@MRTamim2.0-p2e,HIp8sFB2GGw,1
@Magnetbhut01-v7k,HIp8sFB2GGw,1
@Manishapandey494,HIp8sFB2GGw,1
@MariaMesa-k8k,HIp8sFB2GGw,1
@Mayank-t5b2s,HIp8sFB2GGw,1
@MdMahadi-dx8ji,HIp8sFB2GGw,1
@MdShakil-nv2uh,HIp8sFB2GGw,1
@Mdalamind11,HIp8sFB2GGw,1
@Minh36vlog,HIp8sFB2GGw,1
@MohamedAli-g1k2y,HIp8sFB2GGw,1
@MohitTambekar,HIp8sFB2GGw,1
@MohitpreetSingh-cy2gm,HIp8sFB2GGw,1
@MonuranjanKalita-jv5vi,HIp8sFB2GGw,1
@Motionkeys-321,HIp8sFB2GGw,1
@Motivationallife-y6v,HIp8sFB2GGw,1
@MouradSerghini,HIp8sFB2GGw,1
@Mr.manga.S,HIp8sFB2GGw,1
@Muawia-2005,HIp8sFB2GGw,1
@MunasarHasan-j3u,HIp8sFB2GGw,1
@NKfromS,HIp8sFB2GGw,1
@NOPOSTERDAILY,HIp8sFB2GGw,1
@NabinTmg-v4l2o,HIp8sFB2GGw,1
@NaturesBueaty,HIp8sFB2GGw,1
@Negatif34,HIp8sFB2GGw,1
@Noor-Xrex,HIp8sFB2GGw,1
@Nothing-q5j3d-2,HIp8sFB2GGw,1
@Olaf-y5v,HIp8sFB2GGw,1
@Onlyshort470,HIp8sFB2GGw,1
@OriginBullet,HIp8sFB2GGw,1
@P2PIRATE1k,HIp8sFB2GGw,1
@PARLO444,HIp8sFB2GGw,1
@Pandaplayer,HIp8sFB2GGw,1
@Pisethkonkhmer-v1t,HIp8sFB2GGw,1
@PoetrywithManoj2404,HIp8sFB2GGw,1
@PreetiSetia-o6v,HIp8sFB2GGw,1
@ProgrammerLanguage-w9v,HIp8sFB2GGw,1
@QuestVortexxxx,HIp8sFB2GGw,1
@RafaelNascimento-qo1jp,HIp8sFB2GGw,1
@RajanBhai416-r8j,HIp8sFB2GGw,1
@RamKumar-g3d1c,HIp8sFB2GGw,1
@Rudra_ki_kalaa,HIp8sFB2GGw,1
@SHERYBAHI56,HIp8sFB2GGw,1
@SKGamer-1137,HIp8sFB2GGw,1
@SachinGaming___8263,HIp8sFB2GGw,1
@Sahir_Sarbazi,HIp8sFB2GGw,1
@Salambakag3i,HIp8sFB2GGw,1
@Shivshorts-n3j,HIp8sFB2GGw,1
@Shoxnur_oke,HIp8sFB2GGw,1
@SohamKumar-lq6rf,HIp8sFB2GGw,1
@SonaGangwar-u7c,HIp8sFB2GGw,1
@SukritiGupta-xs2ic,HIp8sFB2GGw,1
@Sultanbhai9681,HIp8sFB2GGw,1
@Sunilpardhan-f2o,HIp8sFB2GGw,1
@SusannaVilho,HIp8sFB2GGw,1
@TanzanienmrlaVie,HIp8sFB2GGw,1
@Technicalguru-44,HIp8sFB2GGw,1
@TechnoGamerzpar2,HIp8sFB2GGw,1
@UR.Cristioano_07,HIp8sFB2GGw,1
@USTADNFAKLFANCLUB,HIp8sFB2GGw,1
@UniqueChhetri729,HIp8sFB2GGw,1
@VaibhavSontakke-qt8ne,HIp8sFB2GGw,1
@VirShukla-i6o,HIp8sFB2GGw,1
@WealthWisdom-s7w,HIp8sFB2GGw,1
@YasirGaming-y,HIp8sFB2GGw,1
@YazanMohammed-z9o,HIp8sFB2GGw,1
@YoTele-c2o,HIp8sFB2GGw,1
@ZakiBooba,HIp8sFB2GGw,1
@ahmedsaid-s4t,HIp8sFB2GGw,1
@aravinth6728,HIp8sFB2GGw,1
@ariyanarman2498,HIp8sFB2GGw,1
@arrrghh,HIp8sFB2GGw,1
@aspiyajunaith1362,HIp8sFB2GGw,1
@asstudioofficial-d9e,HIp8sFB2GGw,1
@baklulu7392,HIp8sFB2GGw,1
@bishtop09,HIp8sFB2GGw,1
@chessy_i,HIp8sFB2GGw,1
@comedy-01-SRK,HIp8sFB2GGw,1
@concurrentsuchness,HIp8sFB2GGw,1
@danielavergaracastro5418,HIp8sFB2GGw,1
@darianaaponte6077,HIp8sFB2GGw,1
@davidstuart5634,HIp8sFB2GGw,1
@devkaran0123,HIp8sFB2GGw,1
@dinajpurlive3304,HIp8sFB2GGw,1
@dndjxnskdbajd4561,HIp8sFB2GGw,1
@erlandvideo,HIp8sFB2GGw,1
@finnnesemax,HIp8sFB2GGw,1
@hakanakdag46,HIp8sFB2GGw,1
@hanifsanghi1007,HIp8sFB2GGw,1
@hassanahlove,HIp8sFB2GGw,1
@hayden-james,HIp8sFB2GGw,1
@hdmovies-v6l,HIp8sFB2GGw,1
@heavenglorytv5790,HIp8sFB2GGw,1
@judyhmingthansiami1996,HIp8sFB2GGw,1
@kaatlaagroup,HIp8sFB2GGw,1
@kaifibnemanzar,HIp8sFB2GGw,1
@kitsune20938,HIp8sFB2GGw,1
@krishnajangid6882,HIp8sFB2GGw,1
@maciff1,HIp8sFB2GGw,1
@manish_moga,HIp8sFB2GGw,1
@marcelsafin6675,HIp8sFB2GGw,1
@mdmishbaulislam-b8n,HIp8sFB2GGw,1
@michaelmatos3200,HIp8sFB2GGw,1
@miloshayk1724,HIp8sFB2GGw,1
@modo_modo_x,HIp8sFB2GGw,1
@moiseszx_,HIp8sFB2GGw,1
@mokuy-n4t,HIp8sFB2GGw,1
@mr-Ps9,HIp8sFB2GGw,1
@na_bhai03,HIp8sFB2GGw,1
@nourelhayah642,HIp8sFB2GGw,1
@nvmPratyush,HIp8sFB2GGw,1
@obbymaster-c2c,HIp8sFB2GGw,1
@okoro_abia,HIp8sFB2GGw,1
@osamagaffar,HIp8sFB2GGw,1
@papawei,HIp8sFB2GGw,1
@pggaming9090,HIp8sFB2GGw,1
@phonk_elite,HIp8sFB2GGw,1
@pio-y7h,HIp8sFB2GGw,1
@princessZaraKhan,HIp8sFB2GGw,1
@pygeek12,HIp8sFB2GGw,1
@riadskandinafe7044,HIp8sFB2GGw,1
@rs18live,HIp8sFB2GGw,1
@rubelshifa89gmail.,HIp8sFB2GGw,1
@sajanhussain1987,HIp8sFB2GGw,1
@santoputratunggal6401,HIp8sFB2GGw,1
@sappireflames0009,HIp8sFB2GGw,1
@shizashkh7832,HIp8sFB2GGw,1
@shyamsanchar2028K,HIp8sFB2GGw,1
@silicalove-g9y,HIp8sFB2GGw,1
@simmy_queen,HIp8sFB2GGw,1
@slaizen,HIp8sFB2GGw,1
@tom_angelacat,HIp8sFB2GGw,1
@travelwithbussimulator,HIp8sFB2GGw,1
@troissyllabesofficiel,HIp8sFB2GGw,1
@welcometofoodieskitchen5315,HIp8sFB2GGw,1
@wipadyt,HIp8sFB2GGw,1
@yetundeolofinyokun,HIp8sFB2GGw,1
@zes7215,HIp8sFB2GGw,1
@Маг.отккултисть,HIp8sFB2GGw,1
@رافتصلاحالوهيبي-د8غ,HIp8sFB2GGw,1
@1836-,IuyVVtr1uhY,1
@A.K_1998,IuyVVtr1uhY,1
@AI-influencer012,IuyVVtr1uhY,1
@Abdullah_Cph,IuyVVtr1uhY,1
@AbubakarDirisu,IuyVVtr1uhY,1
@Aghamirzayev,IuyVVtr1uhY,1
@AllahomAnsorGaza,IuyVVtr1uhY,1
@AlomShah-79,IuyVVtr1uhY,1
@AluyaTV,IuyVVtr1uhY,1
@AndyAIGA,IuyVVtr1uhY,1
@AtiLLa989,IuyVVtr1uhY,1
@AvinashSingh-tr5vt,IuyVVtr1uhY,1
@BoosterShot1010,IuyVVtr1uhY,1
@Bruce-2636,IuyVVtr1uhY,1
@COOLAKYU,IuyVVtr1uhY,1
@CapuWriting,IuyVVtr1uhY,1
@CodeAIWalaX,IuyVVtr1uhY,1
@CodeWithAmeen-s7y,IuyVVtr1uhY,1
@Cur10usly,IuyVVtr1uhY,2
@Curiositycorner-g6v,IuyVVtr1uhY,2
@DH-jw4iy,IuyVVtr1uhY,1
@DK-ox7ze,IuyVVtr1uhY,1
@DavidKohout,IuyVVtr1uhY,1
@DebobrataPaul-n2t,IuyVVtr1uhY,1
@Dele-Oke,IuyVVtr1uhY,1
@EX1L3D_L3G3ND,IuyVVtr1uhY,1
@EmmanuelFatuase,IuyVVtr1uhY,4
@EmpowerHerUG,IuyVVtr1uhY,1
@EnamNotes,IuyVVtr1uhY,1
@Erekle-d1g,IuyVVtr1uhY,3
@Ezra-j2l3x,IuyVVtr1uhY,1
@FaithInsight-d,IuyVVtr1uhY,1
@FaithInsight-s6l,IuyVVtr1uhY,1
@FatimaAltaf-u3m,IuyVVtr1uhY,1
@GGouthamReddy,IuyVVtr1uhY,1
@GeminiAfroMusic,IuyVVtr1uhY,1
@GuugguguyfDgdgddf,IuyVVtr1uhY,1
@H4NARKY,IuyVVtr1uhY,1
@HarisKhan-bh6uj,IuyVVtr1uhY,1
@HaroonCodes66,IuyVVtr1uhY,1
@Isholahassanop4js,IuyVVtr1uhY,1
@JEHANGIR-pt6pf,IuyVVtr1uhY,1
@JSRJS,IuyVVtr1uhY,2
@JeanPierreCasanovaFuentes,IuyVVtr1uhY,1
@KAADSO,IuyVVtr1uhY,1
@KanofiAdmassu,IuyVVtr1uhY,1
@KennTechie-z1s,IuyVVtr1uhY,1
@KevL-t9r,IuyVVtr1uhY,1
@LokeshKumar-tk7ri,IuyVVtr1uhY,1
@MichaelThomasOFlaherty,IuyVVtr1uhY,3
@MidnightWitness-j,IuyVVtr1uhY,1
@MrMohsin1978,IuyVVtr1uhY,1
@MrSedorf,IuyVVtr1uhY,1
@MunibDanish-cs9nd,IuyVVtr1uhY,3
@NeverCodeAlone,IuyVVtr1uhY,4
@NəzrinŞamilova-s1o,IuyVVtr1uhY,1
@OpenSourceSpotlight,IuyVVtr1uhY,6
@RajaFarrar,IuyVVtr1uhY,1
@RealAfricaGuide,IuyVVtr1uhY,1
@RickGtr271,IuyVVtr1uhY,1
@RobertoOrtis,IuyVVtr1uhY,1
@RomuloMagalhaesAutoTOPO,IuyVVtr1uhY,1
@RoyElias1977,IuyVVtr1uhY,1
@SRI-j5r,IuyVVtr1uhY,1
@SachinChauhan-ch6el,IuyVVtr1uhY,1
@Sandesh-g3k,IuyVVtr1uhY,2
@SayWhaaaaaaaaaaaaaaaaaaaaaaat,IuyVVtr1uhY,1
@Sohel2G,IuyVVtr1uhY,1
@StoryBuddies1515,IuyVVtr1uhY,4
@SuperChargeAI1234,IuyVVtr1uhY,1
@TheRealCosmicOne,IuyVVtr1uhY,1
@UsmanTheDev,IuyVVtr1uhY,1
@UwayoSamuel-p1y,IuyVVtr1uhY,1
@VIKASHMADHUKAR,IuyVVtr1uhY,1
@VamasivanMayurathan,IuyVVtr1uhY,1
@Vellan.,IuyVVtr1uhY,1
@VishalBairagi-s7l,IuyVVtr1uhY,1
@Vrickz123,IuyVVtr1uhY,1
@__Abu_Ali__,IuyVVtr1uhY,2
@aYn_5Y,IuyVVtr1uhY,1
@aakashSharma-is9bk,IuyVVtr1uhY,1
@abdelalikabou9197,IuyVVtr1uhY,1
@abdisamadjoe,IuyVVtr1uhY,1
@ademineshat,IuyVVtr1uhY,3
@ahmetozdemir2207,IuyVVtr1uhY,1
@ajitnandakumar,IuyVVtr1uhY,1
@akhzarnazir,IuyVVtr1uhY,1
@alenashmelkova777,IuyVVtr1uhY,1
@ali6580-t9f,IuyVVtr1uhY,1
@andersr666,IuyVVtr1uhY,1
@andymiller0324,IuyVVtr1uhY,1
@aomo5293,IuyVVtr1uhY,1
@asifrahman3489,IuyVVtr1uhY,1
@brianwakhutu2554,IuyVVtr1uhY,1
@bronkoku,IuyVVtr1uhY,1
@build-4rm-nothing,IuyVVtr1uhY,1
@carpenter083,IuyVVtr1uhY,1
@chadsmith71,IuyVVtr1uhY,1
@chetan7600,IuyVVtr1uhY,1
@chukwumaozoemene1384,IuyVVtr1uhY,1
@cindioglusolutions5212,IuyVVtr1uhY,1
@claritynz,IuyVVtr1uhY,1
@crackedricky-KE,IuyVVtr1uhY,1
@davedbaveda,IuyVVtr1uhY,1
@davidmercado2329,IuyVVtr1uhY,1
@davidzais,IuyVVtr1uhY,1
@dimitriospavlis9977,IuyVVtr1uhY,1
@din-Ish5771,IuyVVtr1uhY,1
@dreamkid420,IuyVVtr1uhY,1
@emmybest5831,IuyVVtr1uhY,1
@fazlulmohideen8783,IuyVVtr1uhY,1
@fmitsinc9146,IuyVVtr1uhY,1
@frankru7284,IuyVVtr1uhY,1
@ghulamashraf2880,IuyVVtr1uhY,1
@gokul.raj.ravikumar,IuyVVtr1uhY,1
@golodiassaid4879,IuyVVtr1uhY,1
@goyalsachin22,IuyVVtr1uhY,1
@guffy1267,IuyVVtr1uhY,1
@gundamaiahannamaina9273,IuyVVtr1uhY,1
@guyincognito1983,IuyVVtr1uhY,5
@haaa_ron,IuyVVtr1uhY,1
@hafizbaharuddin9358,IuyVVtr1uhY,1
@hansmagix,IuyVVtr1uhY,1
@hanyhassan9483,IuyVVtr1uhY,1
@hasangunes.w,IuyVVtr1uhY,1
@hashtagnerdz6745,IuyVVtr1uhY,1
@heytayyab,IuyVVtr1uhY,1
@iffalcontcl6738,IuyVVtr1uhY,1
@itsMeTheCoder,IuyVVtr1uhY,1
@iviidev,IuyVVtr1uhY,1
@jammaj5,IuyVVtr1uhY,1
@jaunt3603,IuyVVtr1uhY,1
@jennisadozai828,IuyVVtr1uhY,1
@johnaart,IuyVVtr1uhY,1
@johnne86sd,IuyVVtr1uhY,1
@junnuravikumar,IuyVVtr1uhY,1
@k303k,IuyVVtr1uhY,1
@kakiereh4545,IuyVVtr1uhY,1
@kamalpanhwar3778,IuyVVtr1uhY,1
@kayodefadoju5424,IuyVVtr1uhY,1
@kishanmahadevwala4571,IuyVVtr1uhY,1
@luq0T0_403,IuyVVtr1uhY,1
@lêxuâncường-f7sC,IuyVVtr1uhY,1
@manimaran9949,IuyVVtr1uhY,1
@mansaraicha8301,IuyVVtr1uhY,1
@mehranrasheedgoraya4891,IuyVVtr1uhY,1
@melancam,IuyVVtr1uhY,1
@michael_azzer,IuyVVtr1uhY,1
@mk553,IuyVVtr1uhY,1
@mockinghyena960,IuyVVtr1uhY,1
@modernvibecoding,IuyVVtr1uhY,1
@mohammedsuhail168,IuyVVtr1uhY,1
@mohdkhaleeq7468,IuyVVtr1uhY,1
@mridulgupta5705,IuyVVtr1uhY,1
@mrityunjoysen10,IuyVVtr1uhY,1
@mroscoo,IuyVVtr1uhY,1
@muhammadalihaider2069,IuyVVtr1uhY,1
@muhammadnaveed7953,IuyVVtr1uhY,1
@mumbakayoba3082,IuyVVtr1uhY,2
@muzamilabdallah6768,IuyVVtr1uhY,1
@myJapanTV013,IuyVVtr1uhY,1
@nasimshekh3280,IuyVVtr1uhY,1
@niaz-ulhaque6575,IuyVVtr1uhY,1
@niwazukihon,IuyVVtr1uhY,1
@noohaliahmed3978,IuyVVtr1uhY,2
@osasomos-y2x,IuyVVtr1uhY,1
@papoteur8635,IuyVVtr1uhY,1
@paulhenricksen5728,IuyVVtr1uhY,1
@paulink.3196,IuyVVtr1uhY,1
@pazdydev,IuyVVtr1uhY,1
@pedrogrillomorales7494,IuyVVtr1uhY,1
@prabhuelec,IuyVVtr1uhY,1
@programmingwithmosh,IuyVVtr1uhY,7
@qurashiakeel,IuyVVtr1uhY,2
@rana2hin,IuyVVtr1uhY,1
@raoumar9110,IuyVVtr1uhY,2
@rasifrana,IuyVVtr1uhY,1
@realrelaxingsounds,IuyVVtr1uhY,1
@reyanrahman,IuyVVtr1uhY,1
@riyadislam97,IuyVVtr1uhY,1
@robot.visions,IuyVVtr1uhY,1
@ronniedreamz107,IuyVVtr1uhY,1
@saadsalam,IuyVVtr1uhY,1
@saahiltamboli206,IuyVVtr1uhY,1
@sabbirsheikhss,IuyVVtr1uhY,1
@samirnigam5921,IuyVVtr1uhY,1
@san1799,IuyVVtr1uhY,1
@satvikkapoor23859,IuyVVtr1uhY,1
@satyam4cs,IuyVVtr1uhY,1
@seinkseiya,IuyVVtr1uhY,1
@shivamshekhar5184,IuyVVtr1uhY,1
@smaragd_,IuyVVtr1uhY,1
@snehapokharel5434,IuyVVtr1uhY,1
@sohailnaseer7251,IuyVVtr1uhY,1
@sonybajracharya,IuyVVtr1uhY,1
@suvratrai,IuyVVtr1uhY,1
@techienomadiso8970,IuyVVtr1uhY,1
@thankGodbissong,IuyVVtr1uhY,1
@theanomaly340,IuyVVtr1uhY,1
@townnine,IuyVVtr1uhY,1
@tulanijones7865,IuyVVtr1uhY,1
@tyclips57,IuyVVtr1uhY,1
@unclelukendiba,IuyVVtr1uhY,1
@urlocalcoder,IuyVVtr1uhY,1
@variousplaces,IuyVVtr1uhY,1
@vausmusic,IuyVVtr1uhY,1
@walayat_khan,IuyVVtr1uhY,1
@wandervibeswithmujeeb,IuyVVtr1uhY,1
@wensen-u2m1f,IuyVVtr1uhY,1
@yahayaoyinkansola8258,IuyVVtr1uhY,1
@zarif-automates,IuyVVtr1uhY,1
@יצחקי-צ6ח,IuyVVtr1uhY,2
@张小鱼-i4u,IuyVVtr1uhY,1
@AkbarNurPribadi,JSuS-zXMVwE,1
@AnkushJainbl,JSuS-zXMVwE,1
@ArchitecturalAesthetics2046,JSuS-zXMVwE,1
@AyanRaza612,JSuS-zXMVwE,1
@BigHarryNuts2.0,JSuS-zXMVwE,1
@Blizzpoint,JSuS-zXMVwE,1
@BobbyBrixx,JSuS-zXMVwE,1
@Buddhist_Mnk,JSuS-zXMVwE,1
@CGAR_420,JSuS-zXMVwE,1
@CodexTuber,JSuS-zXMVwE,1
@DEM1GOD7,JSuS-zXMVwE,1
@DREAMWORKERSKY,JSuS-zXMVwE,1
@DionSiluch,JSuS-zXMVwE,1
@DistortedV12,JSuS-zXMVwE,1
@Elliot_zaz,JSuS-zXMVwE,1
@Grizowes,JSuS-zXMVwE,1
@H.N7,JSuS-zXMVwE,1
@ItsAllGoodGames,JSuS-zXMVwE,1
@IvanGalayko,JSuS-zXMVwE,1
@JackLondon-m5s,JSuS-zXMVwE,1
@JayMarksDaSpot,JSuS-zXMVwE,1
@Jimmy_R2007,JSuS-zXMVwE,1
@Jordan-er9bx,JSuS-zXMVwE,1
@JustMaiyak,JSuS-zXMVwE,1
@Kaiser_717,JSuS-zXMVwE,1
@LilMartyFarty,JSuS-zXMVwE,1
@MahshooqZubair-e9v,JSuS-zXMVwE,1
@MasonJarMassey,JSuS-zXMVwE,2
@MordorAndBeyond,JSuS-zXMVwE,1
@MrDejvidkit,JSuS-zXMVwE,1
@MrMudbill,JSuS-zXMVwE,1
@MrOdoric,JSuS-zXMVwE,1
@MyTravelOdyssey,JSuS-zXMVwE,1
@NullHypothesisTech,JSuS-zXMVwE,1
@Ojet-u5e,JSuS-zXMVwE,1
@Olaf-y5v,JSuS-zXMVwE,1
@Olyrous,JSuS-zXMVwE,1
@P0RT_FC,JSuS-zXMVwE,1
@RanjeethDevaiah,JSuS-zXMVwE,1
@RealRameshBabu,JSuS-zXMVwE,1
@ReyRandom-l2o,JSuS-zXMVwE,1
@RodrigoAlvesMesquita5,JSuS-zXMVwE,1
@RogueRadar-x,JSuS-zXMVwE,1
@SPCPerez19Delta,JSuS-zXMVwE,1
@SXsoft99,JSuS-zXMVwE,1
@ShaferHart,JSuS-zXMVwE,1
@ShibasisPatnaik,JSuS-zXMVwE,1
@SirBilby,JSuS-zXMVwE,1
@THEPRK,JSuS-zXMVwE,1
@TSaqo,JSuS-zXMVwE,1
@TheEbencarljo,JSuS-zXMVwE,1
@TheFreckCo,JSuS-zXMVwE,1
@TheLummen.,JSuS-zXMVwE,1
@TheSkyRuler,JSuS-zXMVwE,1
@TheVirtualArena24,JSuS-zXMVwE,1
@TheworldOfDevil,JSuS-zXMVwE,1
@TileBitan,JSuS-zXMVwE,1
@Tony-dp1rl,JSuS-zXMVwE,1
@TottoroOkarin,JSuS-zXMVwE,1
@Zero-_-...,JSuS-zXMVwE,1
@ZeroSignalZen,JSuS-zXMVwE,1
@abba_m_,JSuS-zXMVwE,1
@abhisheksingh-rd2ur,JSuS-zXMVwE,1
@abhyas_k_29,JSuS-zXMVwE,1
@africadeclassified,JSuS-zXMVwE,1
@afriend8961,JSuS-zXMVwE,1
@ahmadhabib6568,JSuS-zXMVwE,1
@aidevyt,JSuS-zXMVwE,1
@ainewsly1,JSuS-zXMVwE,1
@akbarsha03,JSuS-zXMVwE,1
@alexgrozav2736,JSuS-zXMVwE,1
@amarug,JSuS-zXMVwE,1
@andreaslassak2111,JSuS-zXMVwE,1
@andyrozario7,JSuS-zXMVwE,1
@anyhow-x3v,JSuS-zXMVwE,1
@arcaneminded,JSuS-zXMVwE,1
@arpyan,JSuS-zXMVwE,1
@asatorftw,JSuS-zXMVwE,1
@asgpmax1102,JSuS-zXMVwE,1
@asronome,JSuS-zXMVwE,1
@atleta_hu,JSuS-zXMVwE,1
@babaganaabba785,JSuS-zXMVwE,1
@bingobongo1615,JSuS-zXMVwE,1
@bitman_agent67,JSuS-zXMVwE,1
@bloognoo,JSuS-zXMVwE,1
@bowlingguy7755,JSuS-zXMVwE,1
@bronzekoala9141,JSuS-zXMVwE,1
@broor,JSuS-zXMVwE,1
@canttalkanymore,JSuS-zXMVwE,1
@carrycat876,JSuS-zXMVwE,2
@cheesebusiness,JSuS-zXMVwE,1
@chrisjohns8622,JSuS-zXMVwE,1
@codingandchillin,JSuS-zXMVwE,1
@codrincod424,JSuS-zXMVwE,1
@collinc-00,JSuS-zXMVwE,1
@connorup420,JSuS-zXMVwE,1
@constantinegeist1854,JSuS-zXMVwE,1
@cyb3rk1d71,JSuS-zXMVwE,1
@cykablyat867,JSuS-zXMVwE,1
@danielarista1352,JSuS-zXMVwE,1
@danielsoto9876,JSuS-zXMVwE,1
@danrussell_official,JSuS-zXMVwE,1
@darkfeign,JSuS-zXMVwE,1
@darrelvanonselen7486,JSuS-zXMVwE,1
@derrick8491,JSuS-zXMVwE,1
@drstrangebudgie4052,JSuS-zXMVwE,1
@electronicheartbreak.,JSuS-zXMVwE,1
@ericmackrodt9441,JSuS-zXMVwE,1
@erikslorenz,JSuS-zXMVwE,1
@ethanbrehin220,JSuS-zXMVwE,1
@gamingthunderbolt1621,JSuS-zXMVwE,1
@gklogamer,JSuS-zXMVwE,1
@gl4_manu,JSuS-zXMVwE,1
@greenberetg.b6793,JSuS-zXMVwE,1
@harshitsingh5979,JSuS-zXMVwE,1
@hasiiabbasi,JSuS-zXMVwE,1
@hieyeque1,JSuS-zXMVwE,1
@hoxtonfilmworks,JSuS-zXMVwE,1
@ibendover4817,JSuS-zXMVwE,1
@idanatsmon5760,JSuS-zXMVwE,1
@iite845,JSuS-zXMVwE,1
@imraan_alam,JSuS-zXMVwE,1
@inteist,JSuS-zXMVwE,1
@javiehyt,JSuS-zXMVwE,1
@jpawlowski,JSuS-zXMVwE,1
@justin3811,JSuS-zXMVwE,1
@kbrac9905,JSuS-zXMVwE,1
@kdewanik,JSuS-zXMVwE,1
@keoryinstagib,JSuS-zXMVwE,1
@kotzblitz7716,JSuS-zXMVwE,1
@kovulduncom,JSuS-zXMVwE,1
@kvickart,JSuS-zXMVwE,1
@lelkasa361,JSuS-zXMVwE,1
@litrlyanything,JSuS-zXMVwE,1
@livinlicious,JSuS-zXMVwE,1
@llmcoder,JSuS-zXMVwE,1
@lockin222,JSuS-zXMVwE,1
@lpeabody,JSuS-zXMVwE,1
@lukaszkulasek,JSuS-zXMVwE,1
@magicmulder,JSuS-zXMVwE,1
@magnusstahljacobsen9251,JSuS-zXMVwE,1
@majky358,JSuS-zXMVwE,2
@marleymomo9582,JSuS-zXMVwE,1
@mashermack,JSuS-zXMVwE,1
@may_strong_for_me,JSuS-zXMVwE,1
@mbc-3991,JSuS-zXMVwE,1
@mgrycz,JSuS-zXMVwE,1
@michaellerch,JSuS-zXMVwE,1
@miervaldis42,JSuS-zXMVwE,1
@mifud3,JSuS-zXMVwE,1
@mohammadeunus7087,JSuS-zXMVwE,1
@monkeymike_official,JSuS-zXMVwE,1
@moolipit,JSuS-zXMVwE,1
@motbus3,JSuS-zXMVwE,1
@msahu2595,JSuS-zXMVwE,1
@msalih,JSuS-zXMVwE,1
@muriu,JSuS-zXMVwE,1
@neocanadian6307,JSuS-zXMVwE,1
@nero1375,JSuS-zXMVwE,1
@nike5428,JSuS-zXMVwE,1
@nonono9700,JSuS-zXMVwE,1
@nurmuhammadluthfi5407,JSuS-zXMVwE,1
@omee_y,JSuS-zXMVwE,1
@owlowltothemoon,JSuS-zXMVwE,2
@pancakeman41597,JSuS-zXMVwE,1
@paulsaulpaul,JSuS-zXMVwE,1
@paveltravvel,JSuS-zXMVwE,1
@plainprince,JSuS-zXMVwE,2
@pranavsharma7479,JSuS-zXMVwE,1
@pushingpandas6479,JSuS-zXMVwE,1
@rageitalic-t3c,JSuS-zXMVwE,1
@rasmuslinnemann13,JSuS-zXMVwE,1
@ricardocnn,JSuS-zXMVwE,1
@robovirtuoso1354,JSuS-zXMVwE,1
@saithejapamarty,JSuS-zXMVwE,1
@scarlett6761,JSuS-zXMVwE,1
@shaddow11ro,JSuS-zXMVwE,1
@shashikantsingh4117,JSuS-zXMVwE,1
@some_one_on_YouTube,JSuS-zXMVwE,1
@ssssssssssama,JSuS-zXMVwE,1
@stickpilled,JSuS-zXMVwE,4
@superbuilderhq,JSuS-zXMVwE,1
@sushisoup6840,JSuS-zXMVwE,1
@swisox,JSuS-zXMVwE,1
@tbg6nb,JSuS-zXMVwE,1
@tejask4163,JSuS-zXMVwE,1
@tensing89,JSuS-zXMVwE,1
@theOrion42,JSuS-zXMVwE,1
@thelonedev,JSuS-zXMVwE,1
@tireofthisshityeah,JSuS-zXMVwE,1
@tizio5103,JSuS-zXMVwE,1
@typingsomewords,JSuS-zXMVwE,1
@upneer,JSuS-zXMVwE,1
@v2ike6udik,JSuS-zXMVwE,1
@vibesurfer37,JSuS-zXMVwE,1
@vividnightmare_,JSuS-zXMVwE,1
@wenterinfaer7868,JSuS-zXMVwE,1
@wholelottatxrun,JSuS-zXMVwE,1
@xxxq226,JSuS-zXMVwE,1
@yellowman617,JSuS-zXMVwE,1
@ANirajKumar,JW5KBivWl_0,1
@Aadi-d3s,JW5KBivWl_0,1
@AadityaSamani-t5z,JW5KBivWl_0,1
@Aff2324,JW5KBivWl_0,1
@Alex-Experiences,JW5KBivWl_0,1
@AnnaDisco-t4r,JW5KBivWl_0,1
@Arhan-d8s,JW5KBivWl_0,1
@Arvindvincentz,JW5KBivWl_0,2
@AtishyaJain-hh7bp,JW5KBivWl_0,2
@BalajiAkubattini4,JW5KBivWl_0,1
@CEO_Founder_of_Bugshooter,JW5KBivWl_0,1
@DEVRAJ-vv8jc,JW5KBivWl_0,1
@DeepThinkKashish,JW5KBivWl_0,1
@FactswithShreyash,JW5KBivWl_0,1
@FawziaRahman-s7h,JW5KBivWl_0,1
@Feroxiss,JW5KBivWl_0,1
@Hammadi-t1g,JW5KBivWl_0,1
@Hixen-1W9,JW5KBivWl_0,1
@ITHASA-015,JW5KBivWl_0,1
@JamesBond-pn3nv,JW5KBivWl_0,1
@KK-4ever,JW5KBivWl_0,1
@Karan9897-p,JW5KBivWl_0,1
@Kattimanipremkumar,JW5KBivWl_0,1
@KaushalkishoreMishra-n3x,JW5KBivWl_0,1
@KiranDas-ln2jo,JW5KBivWl_0,1
@Learnwithnagendra,JW5KBivWl_0,1
@Likhith-o9q,JW5KBivWl_0,1
@LokeshGupta-z2i9g,JW5KBivWl_0,1
@ManoharTheClarityArchitect,JW5KBivWl_0,1
@MdNeyamet,JW5KBivWl_0,1
@MuhammadHasan.786,JW5KBivWl_0,1
@Muneer398,JW5KBivWl_0,1
@PaionoRr,JW5KBivWl_0,1
@Poweredbydj,JW5KBivWl_0,1
@PravinSingh-i3y,JW5KBivWl_0,1
@Purpose_of_Life_07,JW5KBivWl_0,1
@Raistar_13-x5e,JW5KBivWl_0,1
@Ram01Rawat,JW5KBivWl_0,1
@RidimaJain-w2v,JW5KBivWl_0,1
@SajalKatiyar-e1v,JW5KBivWl_0,1
@Shahbazalii_,JW5KBivWl_0,5
@ShivamVermaokdone,JW5KBivWl_0,1
@Siaccghdxzcvhgzzz,JW5KBivWl_0,2
@SidMalipatil,JW5KBivWl_0,1
@Suresh-k9l1q,JW5KBivWl_0,1
@TaxSmooth,JW5KBivWl_0,1
@Tazeem4Study,JW5KBivWl_0,1
@TheMrUndestructable,JW5KBivWl_0,1
@Viraltrend3630,JW5KBivWl_0,1
@WealthAIWebApp,JW5KBivWl_0,1
@XViewer-k9x,JW5KBivWl_0,1
@aakaashwani,JW5KBivWl_0,1
@airwaycentrelucknow,JW5KBivWl_0,2
@angshurpitaganguly833,JW5KBivWl_0,1
@anilsupraj,JW5KBivWl_0,1
@anirvanlahiri8743,JW5KBivWl_0,1
@anishVerma-j4r,JW5KBivWl_0,1
@anthonputra-f2v,JW5KBivWl_0,1
@arunrko2922,JW5KBivWl_0,1
@ashenonesol,JW5KBivWl_0,1
@bpashupalak,JW5KBivWl_0,1
@buddingtech,JW5KBivWl_0,1
@chessonline4646guru,JW5KBivWl_0,1
@currentaffairsWithfun,JW5KBivWl_0,1
@danielcortez3835,JW5KBivWl_0,1
@dhiraj-y3o,JW5KBivWl_0,1
@faizanchoudhry3242,JW5KBivWl_0,1
@gireeshbhat4158,JW5KBivWl_0,2
@green4636,JW5KBivWl_0,1
@gyansagarmovie,JW5KBivWl_0,1
@harishchand90,JW5KBivWl_0,1
@harshsmor,JW5KBivWl_0,1
@ishowfab-o8u,JW5KBivWl_0,1
@jatinkumar099,JW5KBivWl_0,1
@jayajaythrive,JW5KBivWl_0,3
@kabitayesmin6826,JW5KBivWl_0,1
@kanakgfgaming,JW5KBivWl_0,3
@kingofshop5949,JW5KBivWl_0,1
@laura07-pw4bn,JW5KBivWl_0,1
@maazayaz1769,JW5KBivWl_0,1
@mazaheruddin209,JW5KBivWl_0,1
@moshiurkazi,JW5KBivWl_0,1
@naivegaming2663,JW5KBivWl_0,1
@nasird9119,JW5KBivWl_0,1
@navdissenyo,JW5KBivWl_0,1
@ndb14421432,JW5KBivWl_0,1
@nikunjaggarwal3772,JW5KBivWl_0,1
@ogxyn,JW5KBivWl_0,1
@pinkman4946,JW5KBivWl_0,1
@plusultra7258,JW5KBivWl_0,1
@pranshujaiswal4760,JW5KBivWl_0,2
@prasannamalviya3923,JW5KBivWl_0,1
@princehearted3994,JW5KBivWl_0,2
@prolongtrader7874,JW5KBivWl_0,1
@rarexyt,JW5KBivWl_0,1
@ravisekharveenam3587,JW5KBivWl_0,1
@renorushtv,JW5KBivWl_0,1
@sameera1995,JW5KBivWl_0,1
@satyaprakashpandey4040,JW5KBivWl_0,1
@sd-yt-6,JW5KBivWl_0,1
@sharadrai6138,JW5KBivWl_0,2
@siddiquedeshmukh4554,JW5KBivWl_0,1
@soap1645,JW5KBivWl_0,1
@squibby.com-k4b,JW5KBivWl_0,1
@sreekanthdevireddy,JW5KBivWl_0,1
@sripriya029,JW5KBivWl_0,1
@sudeepka3,JW5KBivWl_0,1
@sujaybhoi27,JW5KBivWl_0,1
@sujaybodas,JW5KBivWl_0,1
@sundaragandhi2261,JW5KBivWl_0,1
@sunilkumarkomari7906,JW5KBivWl_0,1
@tanujkhandelwal5487,JW5KBivWl_0,1
@thekidsstoryteller-nene,JW5KBivWl_0,1
@thethor32,JW5KBivWl_0,1
@vaibhavk9291,JW5KBivWl_0,1
@vickyvirat5166,JW5KBivWl_0,1
@vinodkumar_1807,JW5KBivWl_0,1
@vipin_sb,JW5KBivWl_0,2
@viralchronicleshub,JW5KBivWl_0,1
@vmthugmemes2373,JW5KBivWl_0,1
@wolverine7151,JW5KBivWl_0,1
@yogeshjoon,JW5KBivWl_0,1
@محمدادريس-ص8د,JW5KBivWl_0,1
@50_cent33,KF-JVTDftN4,1
@AIbyNerd,KF-JVTDftN4,1
@Amaan_789,KF-JVTDftN4,1
@AntoineDennison,KF-JVTDftN4,1
@ArchaicVirusStudios,KF-JVTDftN4,1
@As-tv-cartoon,KF-JVTDftN4,1
@AshynthaDyzar,KF-JVTDftN4,1
@Boxing_Gamer,KF-JVTDftN4,2
@CarpenterRobert,KF-JVTDftN4,1
@CsekmeKrisztianHUN,KF-JVTDftN4,1
@Eaglessoft,KF-JVTDftN4,1
@FNAIGUY,KF-JVTDftN4,2
@Fabuliosorus,KF-JVTDftN4,1
@Fantasmagorikus,KF-JVTDftN4,1
@Groundhog-t7l,KF-JVTDftN4,1
@Hacsukh,KF-JVTDftN4,1
@JaniceCarter-ws7lu,KF-JVTDftN4,1
@KENYAFLIX-mf4lu,KF-JVTDftN4,1
@LegionInfanterie,KF-JVTDftN4,1
@LouisDuran,KF-JVTDftN4,1
@MalikRobot333,KF-JVTDftN4,1
@MoeLueker,KF-JVTDftN4,1
@MrDomiko,KF-JVTDftN4,1
@PRMEA1NZ,KF-JVTDftN4,1
@PrensCin,KF-JVTDftN4,1
@PriyaManas-y6f,KF-JVTDftN4,1
@RikayuWilzam,KF-JVTDftN4,1
@Riskiiiiiiiiii,KF-JVTDftN4,1
@RobloxTherapy-YT,KF-JVTDftN4,1
@Royal76679,KF-JVTDftN4,1
@Samyamneupane-k2s,KF-JVTDftN4,1
@Sci-Fill-l-l,KF-JVTDftN4,2
@SenseiReza,KF-JVTDftN4,1
@Someone-ly7um,KF-JVTDftN4,1
@Spl1ntMan,KF-JVTDftN4,1
@StevenRotelli,KF-JVTDftN4,1
@SuryaKarigar,KF-JVTDftN4,1
@TKSaras,KF-JVTDftN4,1
@TheViperniz1,KF-JVTDftN4,1
@Thyme.Keeper,KF-JVTDftN4,1
@VjwefyxcsBfignksvycahb,KF-JVTDftN4,1
@Wahinies,KF-JVTDftN4,3
@Willoww_4life,KF-JVTDftN4,1
@abdellahb1398,KF-JVTDftN4,1
@abdulsuluman1417,KF-JVTDftN4,1
@adrianfam8098,KF-JVTDftN4,1
@aeonsleo2,KF-JVTDftN4,1
@agastyajindal,KF-JVTDftN4,1
@ahmedselima2544,KF-JVTDftN4,1
@alexpigeon,KF-JVTDftN4,1
@amankumarjha8155,KF-JVTDftN4,1
@awakenyoursenses915,KF-JVTDftN4,1
@bambinoesu,KF-JVTDftN4,1
@baricada.,KF-JVTDftN4,1
@buildlackey,KF-JVTDftN4,2
@catDrama786,KF-JVTDftN4,1
@claudiusarnellius2465,KF-JVTDftN4,1
@degisner,KF-JVTDftN4,1
@desiboi926,KF-JVTDftN4,1
@dharmrajkeer4511,KF-JVTDftN4,1
@eladbari,KF-JVTDftN4,1
@froogleislive,KF-JVTDftN4,1
@gamershd6225,KF-JVTDftN4,1
@greenaware8580,KF-JVTDftN4,1
@hahtbites,KF-JVTDftN4,1
@jameskim2007,KF-JVTDftN4,1
@jeno.javori_music,KF-JVTDftN4,2
@johnrambo7147,KF-JVTDftN4,1
@karan-n3g2e,KF-JVTDftN4,1
@kittengray9232,KF-JVTDftN4,1
@krishnaarigela-on8gc,KF-JVTDftN4,1
@leonelvega7239,KF-JVTDftN4,2
@madhu4285,KF-JVTDftN4,1
@markwilliamsbrown9889,KF-JVTDftN4,1
@matouskavalik,KF-JVTDftN4,1
@maxusers,KF-JVTDftN4,1
@megakilllll,KF-JVTDftN4,1
@metaversenft,KF-JVTDftN4,1
@mmhhh8833,KF-JVTDftN4,1
@mono24,KF-JVTDftN4,1
@nateLegakis,KF-JVTDftN4,1
@pablofernandez6051,KF-JVTDftN4,1
@parthapal333,KF-JVTDftN4,1
@remy8587,KF-JVTDftN4,1
@richardzhang3245,KF-JVTDftN4,1
@roberthiemstra8726,KF-JVTDftN4,1
@s1eepr709,KF-JVTDftN4,1
@salmanraza7083,KF-JVTDftN4,1
@shawnchaudry2126,KF-JVTDftN4,1
@sheditingofficial1437,KF-JVTDftN4,1
@siomokof3425,KF-JVTDftN4,1
@sirotkindavid,KF-JVTDftN4,2
@springi1337,KF-JVTDftN4,1
@thecodexarchitect,KF-JVTDftN4,1
@theindubitable,KF-JVTDftN4,1
@user-qy2wf2lt6v,KF-JVTDftN4,1
@victorespinoza355,KF-JVTDftN4,1
@williamk6605,KF-JVTDftN4,1
@wizzywipwopwoo,KF-JVTDftN4,1
@xpointer483,KF-JVTDftN4,1
@zyklos229,KF-JVTDftN4,1
@StolenPw,KO_GzPZtNV4,1
@sabrina_ramonov,KO_GzPZtNV4,1
@4l3dx-c3c,KXIdYEdOPys,1
@AdamTabiev,KXIdYEdOPys,1
@AjitRaina-y8w,KXIdYEdOPys,2
@BruteForm_07,KXIdYEdOPys,4
@CitAllHearItAll,KXIdYEdOPys,2
@CronicasBunker,KXIdYEdOPys,1
@CuratedEvenings,KXIdYEdOPys,1
@CynthiaHoward-gy1zt,KXIdYEdOPys,1
@DeanEarls,KXIdYEdOPys,1
@ER-yb1pu,KXIdYEdOPys,1
@Elektrataloon,KXIdYEdOPys,2
@ElliyahuRosha,KXIdYEdOPys,1
@FRANK-u2u5s,KXIdYEdOPys,1
@Flippergob,KXIdYEdOPys,1
@GharacDurac,KXIdYEdOPys,1
@JamalNichols,KXIdYEdOPys,1
@JaredJacobsonLaw,KXIdYEdOPys,2
@JarredJeffBandongTaedo,KXIdYEdOPys,1
@Jascensionvoid,KXIdYEdOPys,1
@Jason-mz8xw,KXIdYEdOPys,1
@JoeyTheLovable,KXIdYEdOPys,1
@Jzguan,KXIdYEdOPys,1
@KVKAutomates,KXIdYEdOPys,1
@Kawmikawzee,KXIdYEdOPys,1
@Krasig4605,KXIdYEdOPys,1
@Lannd84,KXIdYEdOPys,1
@LoCoMoTioNXs,KXIdYEdOPys,1
@LorenzoOradia,KXIdYEdOPys,1
@LucasTsai-q7r,KXIdYEdOPys,1
@MaximilianFeichtinger,KXIdYEdOPys,2
@MichalBrighton,KXIdYEdOPys,1
@MickaelCoulibalyter,KXIdYEdOPys,1
@NazmulIslam-d4k,KXIdYEdOPys,1
@NewMuslimVoice,KXIdYEdOPys,1
@Nohandleqwert,KXIdYEdOPys,1
@RaceKaiser-e6j,KXIdYEdOPys,1
@ReinFreak,KXIdYEdOPys,1
@RickyLipe,KXIdYEdOPys,2
@RobertVirona,KXIdYEdOPys,1
@RomanBotan47,KXIdYEdOPys,1
@SOPHDAYS-gl1rr,KXIdYEdOPys,1
@ShouwangZhe-g9v,KXIdYEdOPys,1
@Sinoeth,KXIdYEdOPys,1
@SmalltimR,KXIdYEdOPys,1
@StefaRobinsonAINews,KXIdYEdOPys,1
@SteveHensley2,KXIdYEdOPys,1
@TiredDadTech,KXIdYEdOPys,1
@Tomxxadam,KXIdYEdOPys,1
@TrevorAllenPhotography,KXIdYEdOPys,1
@Vakabon112,KXIdYEdOPys,1
@Vanaheimxx,KXIdYEdOPys,1
@Yossi_ehrenfeldyt,KXIdYEdOPys,1
@aboutdamntime,KXIdYEdOPys,1
@acimdotnet,KXIdYEdOPys,1
@aitoolswithpark,KXIdYEdOPys,1
@alrightletstalkhockey,KXIdYEdOPys,1
@amazinglife575,KXIdYEdOPys,1
@anassabah-p3x,KXIdYEdOPys,1
@angelovestieri9013,KXIdYEdOPys,1
@anhkind,KXIdYEdOPys,1
@apdurden,KXIdYEdOPys,1
@asi-system,KXIdYEdOPys,1
@automatewithmarcus,KXIdYEdOPys,1
@badcali_kid,KXIdYEdOPys,2
@baron523,KXIdYEdOPys,1
@bendelladj100B-T,KXIdYEdOPys,1
@benjaminlewis885,KXIdYEdOPys,1
@bestmomentsranked,KXIdYEdOPys,1
@blackneelix,KXIdYEdOPys,1
@boofmaloof147,KXIdYEdOPys,1
@charlieespeleta5616,KXIdYEdOPys,1
@clouds2593,KXIdYEdOPys,1
@cyla4828,KXIdYEdOPys,1
@daltondifferent8574,KXIdYEdOPys,1
@davidgual93,KXIdYEdOPys,2
@dericksozo1135,KXIdYEdOPys,1
@dxrksidius1637,KXIdYEdOPys,1
@edh3268,KXIdYEdOPys,1
@eliasetl7945,KXIdYEdOPys,1
@elissiahardy699,KXIdYEdOPys,1
@ericxie1661,KXIdYEdOPys,1
@existentialrap521,KXIdYEdOPys,1
@fatihcambek6609,KXIdYEdOPys,2
@frankiewong2215,KXIdYEdOPys,1
@gauravsbuilding,KXIdYEdOPys,1
@goodforyouyou,KXIdYEdOPys,1
@guledomar1,KXIdYEdOPys,1
@haminmars,KXIdYEdOPys,1
@iNTERnazionaleNotizia589,KXIdYEdOPys,2
@ianPedlar,KXIdYEdOPys,1
@jincanliu7124,KXIdYEdOPys,1
@jlandz,KXIdYEdOPys,1
@johnwicked882,KXIdYEdOPys,1
@joshuagoh6324,KXIdYEdOPys,1
@just.elson.erick.20,KXIdYEdOPys,1
@kevinpluton,KXIdYEdOPys,2
@kidfresh07,KXIdYEdOPys,1
@kinghuynhbao3954,KXIdYEdOPys,1
@luisklepa,KXIdYEdOPys,1
@luqkiiim,KXIdYEdOPys,1
@marukami6626,KXIdYEdOPys,1
@mdumiseni_mnguni,KXIdYEdOPys,1
@midori_to_ringo,KXIdYEdOPys,2
@mostafaelgamel6415,KXIdYEdOPys,1
@nick_stelmakh,KXIdYEdOPys,1
@nicky_rads,KXIdYEdOPys,1
@niclas.lindstrom,KXIdYEdOPys,1
@no_filter_87,KXIdYEdOPys,1
@nowlyt,KXIdYEdOPys,1
@ntf81,KXIdYEdOPys,1
@patriekalbers,KXIdYEdOPys,1
@pauleasther,KXIdYEdOPys,1
@pxbroccoli,KXIdYEdOPys,1
@ralphmoreau2768,KXIdYEdOPys,1
@renzhutayko360,KXIdYEdOPys,1
@rileybrownai,KXIdYEdOPys,8
@rudolfburggraaf,KXIdYEdOPys,1
@scotthancock5994,KXIdYEdOPys,2
@sergeleinweber9147,KXIdYEdOPys,2
@spiotrowicz33,KXIdYEdOPys,1
@sprucespaner,KXIdYEdOPys,1
@sreekartammana,KXIdYEdOPys,1
@stevereid636,KXIdYEdOPys,2
@tbuck571,KXIdYEdOPys,1
@thepinkrabite9989,KXIdYEdOPys,1
@thevaultdoor,KXIdYEdOPys,1
@toptengoat,KXIdYEdOPys,1
@treskwilosz837,KXIdYEdOPys,1
@treyjenkins5672,KXIdYEdOPys,1
@trinavoell8013,KXIdYEdOPys,1
@tylervlive,KXIdYEdOPys,1
@wf6759,KXIdYEdOPys,2
@yeshnow,KXIdYEdOPys,1
@yursonfinance,KXIdYEdOPys,1
@ywueeee,KXIdYEdOPys,1
@zdrux,KXIdYEdOPys,2
@zscoder,KXIdYEdOPys,1
@吴石-s2g,KXIdYEdOPys,1
@ABB-y1b,Kd0QGZMy_tA,1
@Ajmaleeee,Kd0QGZMy_tA,1
@Boxing_Gamer,Kd0QGZMy_tA,1
@Brandon-ob9rg,Kd0QGZMy_tA,1
@Carl-tz7zj,Kd0QGZMy_tA,1
@CheeseStickzZ,Kd0QGZMy_tA,1
@DavidBrown30,Kd0QGZMy_tA,1
@DevelopersDigest,Kd0QGZMy_tA,4
@ESSOR.france,Kd0QGZMy_tA,1
@FlavioGraf,Kd0QGZMy_tA,1
@FunWithBits,Kd0QGZMy_tA,1
@GamingAmbienceLive,Kd0QGZMy_tA,1
@JohnSmith762A11B,Kd0QGZMy_tA,1
@MeixiaJiang-v7m,Kd0QGZMy_tA,1
@N7__7,Kd0QGZMy_tA,1
@TrollAndPlay,Kd0QGZMy_tA,1
@Winters11,Kd0QGZMy_tA,1
@Zhuyu2024,Kd0QGZMy_tA,1
@andrewp-m2o,Kd0QGZMy_tA,1
@chrishutchinson3827,Kd0QGZMy_tA,1
@deogratiusvalerin3750,Kd0QGZMy_tA,1
@desiboi926,Kd0QGZMy_tA,1
@drewdavis597,Kd0QGZMy_tA,1
@ducpham1920,Kd0QGZMy_tA,2
@elbokick4ss100,Kd0QGZMy_tA,1
@ernsttech5255,Kd0QGZMy_tA,1
@galanoth17,Kd0QGZMy_tA,1
@gavinfuckinbelson,Kd0QGZMy_tA,1
@hypervanse,Kd0QGZMy_tA,2
@idealdata-wr9fp,Kd0QGZMy_tA,1
@imkazimahmed,Kd0QGZMy_tA,1
@jewlouds,Kd0QGZMy_tA,1
@just_a_curious_coder,Kd0QGZMy_tA,1
@lambdalearner7670,Kd0QGZMy_tA,1
@m.x.,Kd0QGZMy_tA,1
@maxaquilino7264,Kd0QGZMy_tA,1
@nitishchauhan8113,Kd0QGZMy_tA,1
@noadsensehere9195,Kd0QGZMy_tA,1
@nufh,Kd0QGZMy_tA,1
@plegkody,Kd0QGZMy_tA,1
@poisonza,Kd0QGZMy_tA,1
@pradeeprao822,Kd0QGZMy_tA,1
@prakhar.bhardwaj,Kd0QGZMy_tA,2
@proflead,Kd0QGZMy_tA,1
@rstell589,Kd0QGZMy_tA,1
@rubberuk,Kd0QGZMy_tA,1
@shivahaze9014,Kd0QGZMy_tA,1
@velious2121,Kd0QGZMy_tA,1
@周游星,Kd0QGZMy_tA,1
@AlexMAMPISAINA,LR04bU_yV5k,1
@BoStevens-h3l,LR04bU_yV5k,1
@DrSleepless,LR04bU_yV5k,1
@Dygit,LR04bU_yV5k,3
@GMUStudentDesign,LR04bU_yV5k,1
@MikeBurnsDev,LR04bU_yV5k,1
@MoPaTography,LR04bU_yV5k,2
@NoVamp3499,LR04bU_yV5k,1
@Olaf-y5v,LR04bU_yV5k,1
@OldManWithaDrone,LR04bU_yV5k,1
@Pinkishmaggit,LR04bU_yV5k,1
@R.G.Vitanov,LR04bU_yV5k,1
@Rockyzach88,LR04bU_yV5k,1
@Sancarn,LR04bU_yV5k,1
@ToddVance,LR04bU_yV5k,1
@amerikuntz,LR04bU_yV5k,1
@bobbychungus,LR04bU_yV5k,1
@captainmcface9393,LR04bU_yV5k,1
@chizzlemo3094,LR04bU_yV5k,1
@clintonkeith5333,LR04bU_yV5k,1
@danielvega646,LR04bU_yV5k,1
@daveweatherall7523,LR04bU_yV5k,1
@eSeekapp,LR04bU_yV5k,1
@foobarbecue,LR04bU_yV5k,1
@fossware24,LR04bU_yV5k,1
@gregcode,LR04bU_yV5k,9
@hf7219,LR04bU_yV5k,1
@jackbonomo3897,LR04bU_yV5k,1
@korniszon68,LR04bU_yV5k,1
@lsanchezcastellanos,LR04bU_yV5k,1
@lukehebert6207,LR04bU_yV5k,1
@magendavid7,LR04bU_yV5k,1
@mcbeeeg,LR04bU_yV5k,1
@mdTarek-w5n8u,LR04bU_yV5k,2
@megastonkstrading,LR04bU_yV5k,1
@mizatt,LR04bU_yV5k,1
@mohammedcherkaoui9292,LR04bU_yV5k,1
@mrtango5003,LR04bU_yV5k,1
@ruwette,LR04bU_yV5k,1
@setop123,LR04bU_yV5k,1
@sillystuff6247,LR04bU_yV5k,1
@stanislavhristakiev1881,LR04bU_yV5k,1
@zaitech3991,LR04bU_yV5k,1
@AIwithsufi-s3s,LV-Uu7GvpUo,1
@Abby_Connect,LV-Uu7GvpUo,1
@AgnarHalldorsson,LV-Uu7GvpUo,1
@AiBlipai,LV-Uu7GvpUo,1
@Alvaro-tq7my,LV-Uu7GvpUo,1
@Alwaysremember-j9c,LV-Uu7GvpUo,1
@Anthony31416,LV-Uu7GvpUo,1
@Baronverse,LV-Uu7GvpUo,1
@BharatVakya,LV-Uu7GvpUo,1
@BombonShoper,LV-Uu7GvpUo,1
@BramYuda-d8w,LV-Uu7GvpUo,1
@BrianScottDigital,LV-Uu7GvpUo,1
@CalmColorado,LV-Uu7GvpUo,1
@ChildressCreekKennels,LV-Uu7GvpUo,1
@ChristIsRisen7777,LV-Uu7GvpUo,1
@CodingDrills,LV-Uu7GvpUo,1
@DIP4K,LV-Uu7GvpUo,1
@DailyStalkerUpdate,LV-Uu7GvpUo,2
@DarligLeo,LV-Uu7GvpUo,1
@DataLog,LV-Uu7GvpUo,1
@DevBlogger-h8g,LV-Uu7GvpUo,1
@DiegoLinux-b4u,LV-Uu7GvpUo,1
@EdgarDerby1988,LV-Uu7GvpUo,1
@ElectroHobbyist,LV-Uu7GvpUo,1
@EricSteward-k4n,LV-Uu7GvpUo,1
@FRanger92,LV-Uu7GvpUo,1
@ForgeFitnessEquipment,LV-Uu7GvpUo,1
@GSuii,LV-Uu7GvpUo,1
@HansMondoa,LV-Uu7GvpUo,1
@HeadStronger-HS,LV-Uu7GvpUo,1
@Invincible-vp1zt,LV-Uu7GvpUo,1
@JSnake-t9o,LV-Uu7GvpUo,1
@Jas_01101,LV-Uu7GvpUo,1
@JohnMartin-pjasca,LV-Uu7GvpUo,1
@KT34462,LV-Uu7GvpUo,1
@Kingzman_808,LV-Uu7GvpUo,1
@Klab2222,LV-Uu7GvpUo,1
@LikeNigina,LV-Uu7GvpUo,1
@LuckyDuckyGamesTWW,LV-Uu7GvpUo,1
@MJ-cf9nl,LV-Uu7GvpUo,1
@McGrambo2,LV-Uu7GvpUo,1
@MenWhoPaint,LV-Uu7GvpUo,1
@MetaStacker,LV-Uu7GvpUo,1
@MichaelGlendinning,LV-Uu7GvpUo,1
@Mimi25291,LV-Uu7GvpUo,1
@MuhammadSanihudu-g8v,LV-Uu7GvpUo,1
@NataliaGems-p5o,LV-Uu7GvpUo,1
@NatisBelicere,LV-Uu7GvpUo,1
@NeoStarImpact,LV-Uu7GvpUo,1
@NothingComment,LV-Uu7GvpUo,1
@Ourinterestingplanet,LV-Uu7GvpUo,1
@PoppyAIHacks,LV-Uu7GvpUo,1
@Pristaire,LV-Uu7GvpUo,1
@Raune7,LV-Uu7GvpUo,1
@Repp388,LV-Uu7GvpUo,1
@RickyBobby-l5q,LV-Uu7GvpUo,1
@RicoRicks-m9o,LV-Uu7GvpUo,1
@Rtdnb-r7z,LV-Uu7GvpUo,1
@Sebastian198910,LV-Uu7GvpUo,1
@Sigismund_Hu,LV-Uu7GvpUo,1
@SkarletWanda,LV-Uu7GvpUo,1
@SomosExperiencia,LV-Uu7GvpUo,1
@Soup-yumyum,LV-Uu7GvpUo,1
@Stuartsugden-i5s,LV-Uu7GvpUo,1
@SuicideClique,LV-Uu7GvpUo,1
@SuperMichielv,LV-Uu7GvpUo,1
@SwedishGuy42,LV-Uu7GvpUo,1
@TecToss,LV-Uu7GvpUo,1
@TheBikeChallenge,LV-Uu7GvpUo,1
@TheHomieTre,LV-Uu7GvpUo,1
@TmanX1991,LV-Uu7GvpUo,1
@TomHarrison-x8v,LV-Uu7GvpUo,1
@ToyotaUnleashed,LV-Uu7GvpUo,1
@TrueGrowthTV,LV-Uu7GvpUo,1
@Truesoul5191,LV-Uu7GvpUo,1
@US-Air-Forces,LV-Uu7GvpUo,1
@Viking444-y2m,LV-Uu7GvpUo,1
@Vononyoutube,LV-Uu7GvpUo,1
@Xzeneth,LV-Uu7GvpUo,1
@Zeccomicco,LV-Uu7GvpUo,1
@Zenzfu,LV-Uu7GvpUo,1
@abc-yb6qv,LV-Uu7GvpUo,1
@aboutDawntoday,LV-Uu7GvpUo,1
@adamtki,LV-Uu7GvpUo,1
@adamwoolf9993,LV-Uu7GvpUo,1
@alfonsonavison2508,LV-Uu7GvpUo,1
@annapavelova9584,LV-Uu7GvpUo,1
@anonymous-mt9bp,LV-Uu7GvpUo,1
@ashcraftworkshop,LV-Uu7GvpUo,1
@atifworld,LV-Uu7GvpUo,1
@austineban4811,LV-Uu7GvpUo,1
@awooo56709,LV-Uu7GvpUo,2
@backupwatsapp1872,LV-Uu7GvpUo,1
@balloonwind2863,LV-Uu7GvpUo,1
@bignass04,LV-Uu7GvpUo,1
@blue-ghost-rider,LV-Uu7GvpUo,1
@blueberryyyyyyyyyys,LV-Uu7GvpUo,1
@brendancarroll4624,LV-Uu7GvpUo,1
@camlinhall1363,LV-Uu7GvpUo,1
@cannachrissd,LV-Uu7GvpUo,1
@clementfauchere3528,LV-Uu7GvpUo,1
@colinnitros2433,LV-Uu7GvpUo,1
@derkmat55,LV-Uu7GvpUo,1
@desecrator8979,LV-Uu7GvpUo,1
@devxii-b5695,LV-Uu7GvpUo,1
@dgtg9611,LV-Uu7GvpUo,1
@dimitristripakis7364,LV-Uu7GvpUo,1
@dominicwood3750,LV-Uu7GvpUo,1
@dq303,LV-Uu7GvpUo,2
@dragonballsuper1519,LV-Uu7GvpUo,1
@dwine6464,LV-Uu7GvpUo,1
@ericrue7670,LV-Uu7GvpUo,1
@expletive2,LV-Uu7GvpUo,3
@fadaela,LV-Uu7GvpUo,1
@famguy218,LV-Uu7GvpUo,1
@frstchan,LV-Uu7GvpUo,1
@furqantarique3484,LV-Uu7GvpUo,1
@guest-l1n,LV-Uu7GvpUo,1
@h12w__xz,LV-Uu7GvpUo,1
@hamishmccreight6639,LV-Uu7GvpUo,1
@herasucks,LV-Uu7GvpUo,1
@imhungry2387,LV-Uu7GvpUo,1
@inconvenientfacts58,LV-Uu7GvpUo,1
@iwalkenquicksand,LV-Uu7GvpUo,1
@jazandriz,LV-Uu7GvpUo,1
@joerogers4860,LV-Uu7GvpUo,1
@joffbuilds,LV-Uu7GvpUo,1
@johngammon963,LV-Uu7GvpUo,1
@johnutah293,LV-Uu7GvpUo,1
@jovid7,LV-Uu7GvpUo,1
@jric81argen,LV-Uu7GvpUo,2
@juandabe,LV-Uu7GvpUo,1
@kaleb.00000,LV-Uu7GvpUo,1
@kodymorrison2662,LV-Uu7GvpUo,1
@krisb9838,LV-Uu7GvpUo,1
@kylepurcell744,LV-Uu7GvpUo,1
@ladymallowdrafts,LV-Uu7GvpUo,1
@leo-an0zu,LV-Uu7GvpUo,1
@leongrinberg8758,LV-Uu7GvpUo,1
@leroyjenkins6347,LV-Uu7GvpUo,1
@letslearnspanishtv,LV-Uu7GvpUo,1
@limitlabco,LV-Uu7GvpUo,1
@loadblock4995,LV-Uu7GvpUo,1
@mack2233,LV-Uu7GvpUo,1
@macthemighty,LV-Uu7GvpUo,1
@marcusbeldon9219,LV-Uu7GvpUo,1
@mechanicaltypewriteroperat9885,LV-Uu7GvpUo,1
@michaelross3061,LV-Uu7GvpUo,1
@misterkanister87,LV-Uu7GvpUo,1
@nicolascuor2378,LV-Uu7GvpUo,1
@nikoszervo,LV-Uu7GvpUo,1
@noctuss86,LV-Uu7GvpUo,1
@nohome12,LV-Uu7GvpUo,1
@norbs993,LV-Uu7GvpUo,1
@noxnox2172,LV-Uu7GvpUo,1
@oliverread1060,LV-Uu7GvpUo,1
@patolzon9330,LV-Uu7GvpUo,1
@perseus5644,LV-Uu7GvpUo,1
@personofnote1571,LV-Uu7GvpUo,1
@pervertricojoe8970,LV-Uu7GvpUo,1
@peterk3556,LV-Uu7GvpUo,1
@phils1773,LV-Uu7GvpUo,1
@planktonus,LV-Uu7GvpUo,1
@popeyedoyle6360,LV-Uu7GvpUo,1
@pradeepr2044,LV-Uu7GvpUo,1
@qazyhn94,LV-Uu7GvpUo,1
@quartytypo,LV-Uu7GvpUo,1
@ramenhen5577,LV-Uu7GvpUo,1
@rcruz003,LV-Uu7GvpUo,1
@recommendmoviesseries8399,LV-Uu7GvpUo,1
@rerawho,LV-Uu7GvpUo,1
@reznor1718,LV-Uu7GvpUo,1
@rumaadhikary185,LV-Uu7GvpUo,1
@schh0,LV-Uu7GvpUo,1
@scottfranco1962,LV-Uu7GvpUo,1
@seyionutube,LV-Uu7GvpUo,1
@sharanr2667,LV-Uu7GvpUo,1
@shashankbajpai60,LV-Uu7GvpUo,1
@skywalker7589,LV-Uu7GvpUo,1
@stephenj8576,LV-Uu7GvpUo,1
@stk2905,LV-Uu7GvpUo,1
@talhaseemab8064,LV-Uu7GvpUo,1
@tedreynolds3338,LV-Uu7GvpUo,2
@thanhmai5863,LV-Uu7GvpUo,1
@thelammas8283,LV-Uu7GvpUo,2
@tobysurmann1936,LV-Uu7GvpUo,1
@tomlloyd9364,LV-Uu7GvpUo,1
@topcore77,LV-Uu7GvpUo,1
@veerjat6210,LV-Uu7GvpUo,1
@vishalsubburaman8487,LV-Uu7GvpUo,1
@vpiele9631,LV-Uu7GvpUo,1
@walimorris2406,LV-Uu7GvpUo,1
@willievasilli,LV-Uu7GvpUo,1
@wojciechfornal3335,LV-Uu7GvpUo,1
@yourmomisgayaf,LV-Uu7GvpUo,1
@zyxrhythm,LV-Uu7GvpUo,1
@2843skxkc3,Ll1UyM8kBNc,1
@A--_--M,Ll1UyM8kBNc,1
@AK-jt7ug,Ll1UyM8kBNc,1
@AdhyapnanewJourney,Ll1UyM8kBNc,1
@AmarPatel-d3h,Ll1UyM8kBNc,1
@AndyJMacLeod,Ll1UyM8kBNc,1
@AtmFatt,Ll1UyM8kBNc,1
@BLACKXPANAL_YT,Ll1UyM8kBNc,1
@Blood422,Ll1UyM8kBNc,1
@BunsDev,Ll1UyM8kBNc,1
@Clutch_McGowan,Ll1UyM8kBNc,1
@ConservativeWatchParty,Ll1UyM8kBNc,5
@DonaldMurf,Ll1UyM8kBNc,1
@Dralfiyaai,Ll1UyM8kBNc,1
@ErrorBorn,Ll1UyM8kBNc,1
@FLAXx_G,Ll1UyM8kBNc,1
@GT90GT0,Ll1UyM8kBNc,1
@Gabriel-rg7cy,Ll1UyM8kBNc,1
@GameFiai,Ll1UyM8kBNc,1
@Goziefrankhub,Ll1UyM8kBNc,1
@H4KnSL4K,Ll1UyM8kBNc,1
@Harshaivibes,Ll1UyM8kBNc,2
@Hekkam_747,Ll1UyM8kBNc,2
@Ibbu1,Ll1UyM8kBNc,1
@Infopediacom,Ll1UyM8kBNc,1
@Itsamy_10,Ll1UyM8kBNc,1
@KVKAutomates,Ll1UyM8kBNc,1
@KeaKou,Ll1UyM8kBNc,1
@KovanWS,Ll1UyM8kBNc,1
@LoveYaJSR,Ll1UyM8kBNc,1
@M23Trades,Ll1UyM8kBNc,1
@MGILL02,Ll1UyM8kBNc,1
@McxgamecasterYT,Ll1UyM8kBNc,1
@MisterJoeMock,Ll1UyM8kBNc,1
@MoElwaan,Ll1UyM8kBNc,3
@Mreti_Zanave,Ll1UyM8kBNc,1
@MuhahiZ,Ll1UyM8kBNc,1
@NathanielKrefman,Ll1UyM8kBNc,1
@NatureSeeker-37,Ll1UyM8kBNc,2
@NaveenKumar-fo4kz,Ll1UyM8kBNc,1
@NchMatrix,Ll1UyM8kBNc,1
@Nested23,Ll1UyM8kBNc,1
@Noziu6,Ll1UyM8kBNc,1
@Oarxis,Ll1UyM8kBNc,1
@PDFF-2004,Ll1UyM8kBNc,1
@PS07YouTubeper,Ll1UyM8kBNc,1
@PavandeepBandesha,Ll1UyM8kBNc,1
@Phenomenalpeincleas,Ll1UyM8kBNc,1
@Qefx,Ll1UyM8kBNc,1
@Rami_Zaki-k2b,Ll1UyM8kBNc,1
@RemindMe12,Ll1UyM8kBNc,1
@RobertoOrtis,Ll1UyM8kBNc,1
@RobiyalHoque-yk5yo,Ll1UyM8kBNc,1
@RohitBabriya-n8p,Ll1UyM8kBNc,1
@RuslanMSA,Ll1UyM8kBNc,1
@SahebBhai-pp9es,Ll1UyM8kBNc,1
@Saim.NMusic,Ll1UyM8kBNc,1
@ShyamnathSankar-b5v,Ll1UyM8kBNc,1
@SpaghettiRealm,Ll1UyM8kBNc,1
@SprakanaKerum,Ll1UyM8kBNc,1
@Squiel91,Ll1UyM8kBNc,1
@SuperRiozaki,Ll1UyM8kBNc,1
@TheLegendaryMPG,Ll1UyM8kBNc,1
@TheMatop,Ll1UyM8kBNc,2
@TheTrainstation,Ll1UyM8kBNc,1
@The_Order_Of_William_Marshal,Ll1UyM8kBNc,1
@Thyme.Keeper,Ll1UyM8kBNc,3
@Tony-dp1rl,Ll1UyM8kBNc,1
@TruckingEntrepreneurshipFamily,Ll1UyM8kBNc,1
@UmakantaRout-p6j,Ll1UyM8kBNc,1
@Vasault,Ll1UyM8kBNc,1
@Wahinies,Ll1UyM8kBNc,2
@XdekHckr,Ll1UyM8kBNc,6
@Zayne1706,Ll1UyM8kBNc,1
@aaaanderrrr,Ll1UyM8kBNc,1
@aakashSharma-is9bk,Ll1UyM8kBNc,1
@abdalla2093,Ll1UyM8kBNc,1
@abdellahb1398,Ll1UyM8kBNc,4
@abraao2213,Ll1UyM8kBNc,2
@addy-h8u,Ll1UyM8kBNc,1
@akiru300,Ll1UyM8kBNc,4
@alleycat19897,Ll1UyM8kBNc,1
@andreymokko,Ll1UyM8kBNc,1
@anonimnp52,Ll1UyM8kBNc,1
@anteloio,Ll1UyM8kBNc,1
@artificiyal,Ll1UyM8kBNc,1
@bambinoesu,Ll1UyM8kBNc,2
@beneditofredericocongolojr1567,Ll1UyM8kBNc,1
@bernardb2348,Ll1UyM8kBNc,1
@bikgrow,Ll1UyM8kBNc,1
@bragancx,Ll1UyM8kBNc,1
@brendon205,Ll1UyM8kBNc,1
@brightlyvirya7500,Ll1UyM8kBNc,1
@champ_finance,Ll1UyM8kBNc,1
@constantinosbou,Ll1UyM8kBNc,1
@cristichitz99,Ll1UyM8kBNc,1
@dance_vibe-h9i,Ll1UyM8kBNc,1
@dannyfcabrera,Ll1UyM8kBNc,1
@darkman8939,Ll1UyM8kBNc,1
@davidzita1404,Ll1UyM8kBNc,1
@dennyloevlie768,Ll1UyM8kBNc,1
@derivedx,Ll1UyM8kBNc,1
@dev_ajay_ai,Ll1UyM8kBNc,1
@dococo___sksh,Ll1UyM8kBNc,1
@drp_bear,Ll1UyM8kBNc,1
@egezonbaruti,Ll1UyM8kBNc,1
@eliteeeiya,Ll1UyM8kBNc,1
@eminberkay,Ll1UyM8kBNc,1
@entropy696,Ll1UyM8kBNc,1
@entryfileshorts2989,Ll1UyM8kBNc,1
@eusouona,Ll1UyM8kBNc,1
@fayenotfaye,Ll1UyM8kBNc,1
@feelipeson,Ll1UyM8kBNc,1
@francisco.segura,Ll1UyM8kBNc,1
@frankheelz,Ll1UyM8kBNc,1
@gildrb,Ll1UyM8kBNc,1
@grine2874,Ll1UyM8kBNc,1
@gtamy5544,Ll1UyM8kBNc,1
@hhm2134,Ll1UyM8kBNc,1
@ijutsu2438,Ll1UyM8kBNc,1
@imgravitasrants,Ll1UyM8kBNc,1
@isbafatima-g6g,Ll1UyM8kBNc,1
@jadeL1351,Ll1UyM8kBNc,1
@janwarokigali,Ll1UyM8kBNc,1
@jayalister8166,Ll1UyM8kBNc,1
@jdill3350,Ll1UyM8kBNc,1
@jesuslongqua,Ll1UyM8kBNc,1
@joaobsczip,Ll1UyM8kBNc,1
@johnsonkhoo1346,Ll1UyM8kBNc,1
@joshadams8761,Ll1UyM8kBNc,1
@juniordev4190,Ll1UyM8kBNc,1
@karimomrane7556,Ll1UyM8kBNc,1
@kikky7,Ll1UyM8kBNc,1
@kokeofficial1952,Ll1UyM8kBNc,1
@kurushimee,Ll1UyM8kBNc,1
@lassiecoder,Ll1UyM8kBNc,1
@learningwithaaron,Ll1UyM8kBNc,1
@learnwithfunquiz,Ll1UyM8kBNc,1
@lebesgue-integral,Ll1UyM8kBNc,1
@lewists9475,Ll1UyM8kBNc,1
@lordcat0-n4u,Ll1UyM8kBNc,1
@lordofpeace25,Ll1UyM8kBNc,1
@lucid-dreamz-z-z,Ll1UyM8kBNc,1
@lukaloehr,Ll1UyM8kBNc,2
@lukenysilva7425,Ll1UyM8kBNc,1
@maedz_fx_ff,Ll1UyM8kBNc,1
@mainaandminakhivlog5586,Ll1UyM8kBNc,1
@malika_in,Ll1UyM8kBNc,1
@markusfourie1170,Ll1UyM8kBNc,1
@mayurpipaliya1460,Ll1UyM8kBNc,1
@mbontoi,Ll1UyM8kBNc,1
@mianaliasjad,Ll1UyM8kBNc,1
@miguelsa2111,Ll1UyM8kBNc,1
@minhnhatnguyen8200,Ll1UyM8kBNc,1
@mirmohmmadluqman,Ll1UyM8kBNc,1
@mmmirzaeidev7737,Ll1UyM8kBNc,2
@mndevitmndevit,Ll1UyM8kBNc,3
@moxiu777,Ll1UyM8kBNc,1
@nerd-p7b,Ll1UyM8kBNc,1
@neruppuboy8630,Ll1UyM8kBNc,1
@nosvsanton,Ll1UyM8kBNc,1
@onemorespinbro,Ll1UyM8kBNc,1
@onjsdev,Ll1UyM8kBNc,5
@patchstep,Ll1UyM8kBNc,1
@pepa007,Ll1UyM8kBNc,1
@pio-y7h,Ll1UyM8kBNc,1
@quelaan,Ll1UyM8kBNc,1
@radityadito922,Ll1UyM8kBNc,1
@rafaelamendoim,Ll1UyM8kBNc,1
@rahul_lifts55,Ll1UyM8kBNc,1
@raphaelkieling6896,Ll1UyM8kBNc,1
@resultedcube,Ll1UyM8kBNc,1
@rosscads,Ll1UyM8kBNc,1
@saifsmailbox98,Ll1UyM8kBNc,1
@santiagopenaloza1190,Ll1UyM8kBNc,1
@sashogs,Ll1UyM8kBNc,1
@sebastiancasal8589,Ll1UyM8kBNc,4
@siegergeeklabs,Ll1UyM8kBNc,1
@snoozetown,Ll1UyM8kBNc,1
@sodiqayilara1519,Ll1UyM8kBNc,1
@spgaming9499-h1,Ll1UyM8kBNc,1
@sportskhel_7,Ll1UyM8kBNc,1
@suagnviki,Ll1UyM8kBNc,1
@symbol767,Ll1UyM8kBNc,1
@tamilarasan483,Ll1UyM8kBNc,1
@tangerineArc,Ll1UyM8kBNc,1
@tbz7992,Ll1UyM8kBNc,1
@tcgpoke7704,Ll1UyM8kBNc,1
@technicalrao6060,Ll1UyM8kBNc,1
@techwithflex,Ll1UyM8kBNc,1
@terranezey,Ll1UyM8kBNc,1
@theandroidtech01,Ll1UyM8kBNc,1
@thomastrips,Ll1UyM8kBNc,2
@tom19_06,Ll1UyM8kBNc,1
@trimagos,Ll1UyM8kBNc,1
@unofficialraiyenji,Ll1UyM8kBNc,2
@walkahh,Ll1UyM8kBNc,1
@wasaabbi,Ll1UyM8kBNc,1
@wcdcio,Ll1UyM8kBNc,1
@winandmachk,Ll1UyM8kBNc,1
@yvandorier5133,Ll1UyM8kBNc,2
@zanmlakar9803,Ll1UyM8kBNc,1
@Adityabakshi100,M-1uW4W8CgE,1
@DaivajnaSomanna,M-1uW4W8CgE,1
@DevIndia09,M-1uW4W8CgE,1
@FuturewithAi09-d2o,M-1uW4W8CgE,1
@Goal-oriented-01,M-1uW4W8CgE,1
@PawanKumar-xk5ny,M-1uW4W8CgE,1
@Protick1994,M-1uW4W8CgE,1
@Shrucraft7,M-1uW4W8CgE,1
@SohanChaturvedi-e4q,M-1uW4W8CgE,1
@adnan36609,M-1uW4W8CgE,1
@architchatterjee6614,M-1uW4W8CgE,1
@arunupadhyaya9165,M-1uW4W8CgE,1
@avinash66,M-1uW4W8CgE,1
@growwithvinx,M-1uW4W8CgE,1
@heyfaysalcse,M-1uW4W8CgE,1
@israrzaib4644,M-1uW4W8CgE,1
@its_sahilhans,M-1uW4W8CgE,1
@kashifahmed_1995,M-1uW4W8CgE,1
@lagranges7446,M-1uW4W8CgE,1
@mohitshrivas2750,M-1uW4W8CgE,1
@mrexpertvetted,M-1uW4W8CgE,1
@prashant2026-e3u,M-1uW4W8CgE,1
@ritikasachdeva5327,M-1uW4W8CgE,1
@rohitjadhav5010,M-1uW4W8CgE,1
@sharanr2667,M-1uW4W8CgE,1
@shivamagarwal5007,M-1uW4W8CgE,1
@tanbirpradhan,M-1uW4W8CgE,2
@-Kunalarya,M9iu-GLdPRk,1
@5croshanmarasini256,M9iu-GLdPRk,1
@9Lupe-8bit,M9iu-GLdPRk,1
@ADHIRAJ_24,M9iu-GLdPRk,1
@ADITYAKUMAR-ci2cv,M9iu-GLdPRk,1
@Aayushh-77,M9iu-GLdPRk,1
@AbhishekSubba-c1g,M9iu-GLdPRk,1
@Abinanthan_CG,M9iu-GLdPRk,1
@AkramKhan-ez9lr,M9iu-GLdPRk,1
@AlreadyGaming,M9iu-GLdPRk,1
@Amazingfacts1560,M9iu-GLdPRk,1
@AmitoshBiswas-jp4ii,M9iu-GLdPRk,1
@AmosLaurore,M9iu-GLdPRk,1
@Anmol-h8z,M9iu-GLdPRk,1
@AnujThakur-g3q,M9iu-GLdPRk,1
@Ari002-y2z,M9iu-GLdPRk,1
@BHANU-PRATAP,M9iu-GLdPRk,1
@BHARRAT_01,M9iu-GLdPRk,1
@BLAZEITDOWN,M9iu-GLdPRk,1
@BRXXUCHHIA,M9iu-GLdPRk,1
@CAJP21,M9iu-GLdPRk,1
@Codecraft-tube,M9iu-GLdPRk,1
@Connecta_services,M9iu-GLdPRk,1
@DeepakHembram-y6v,M9iu-GLdPRk,1
@DesignWithJaskaran,M9iu-GLdPRk,1
@DeySounavaEducation,M9iu-GLdPRk,1
@DivitMehta-i2s,M9iu-GLdPRk,1
@EaRnInG.c0m-o8y,M9iu-GLdPRk,1
@Ex-Muslim-sahil,M9iu-GLdPRk,1
@FaDi_k_memes,M9iu-GLdPRk,1
@FafCxa,M9iu-GLdPRk,1
@FreeTrial0315,M9iu-GLdPRk,1
@GT90GT0,M9iu-GLdPRk,1
@Godzilla96568,M9iu-GLdPRk,1
@Green.star-4567,M9iu-GLdPRk,1
@Heniilll,M9iu-GLdPRk,1
@Hex33_BR,M9iu-GLdPRk,1
@Innocentmone,M9iu-GLdPRk,1
@JagdishOnYT,M9iu-GLdPRk,1
@JaspreetGrover108,M9iu-GLdPRk,1
@Jayesh_Rajput_7,M9iu-GLdPRk,1
@JharkhandLocalfootballj7u,M9iu-GLdPRk,1
@JungleIQ,M9iu-GLdPRk,1
@KILONEWTONS,M9iu-GLdPRk,1
@KVKAutomates,M9iu-GLdPRk,1
@KaluLal-c7b,M9iu-GLdPRk,1
@Kamala-q2g,M9iu-GLdPRk,1
@KuldeepSingh-yj5no,M9iu-GLdPRk,1
@LightGod-z5z,M9iu-GLdPRk,1
@MaiHuSantra,M9iu-GLdPRk,1
@MayankM-zc3mv,M9iu-GLdPRk,1
@Medix4679,M9iu-GLdPRk,1
@MehulPahuja-bu6ue,M9iu-GLdPRk,1
@MemerVines,M9iu-GLdPRk,1
@Mk-007-G,M9iu-GLdPRk,1
@MotubarihaBariha,M9iu-GLdPRk,1
@Mr_Sandeep_Chaudhari,M9iu-GLdPRk,1
@Mrityu108,M9iu-GLdPRk,1
@Music-lr3nt,M9iu-GLdPRk,1
@MustajabAli-t5m,M9iu-GLdPRk,1
@NG.gaming5,M9iu-GLdPRk,1
@NIKESHKHATIWADA5G3,M9iu-GLdPRk,1
@NITRO_AI_10,M9iu-GLdPRk,1
@Nahidul_Islam1919,M9iu-GLdPRk,1
@NeelxUnfiltered,M9iu-GLdPRk,1
@NeenZa,M9iu-GLdPRk,1
@NewSciFye,M9iu-GLdPRk,1
@Nihalsre,M9iu-GLdPRk,1
@NiranjanKumarGupta-h7k,M9iu-GLdPRk,1
@Not-Yet-All,M9iu-GLdPRk,1
@OJASRANJAN-r6q,M9iu-GLdPRk,1
@OmkarJadhav3D,M9iu-GLdPRk,2
@Pankajkrm16,M9iu-GLdPRk,1
@PavanKumarNarbolikar,M9iu-GLdPRk,1
@PhunsukiIsDead,M9iu-GLdPRk,1
@Pratima_Historian,M9iu-GLdPRk,1
@Protocolmusic365,M9iu-GLdPRk,1
@RANJANJHA95,M9iu-GLdPRk,1
@RadharaniDutta-jl9hx,M9iu-GLdPRk,2
@Raghav_Kapoor_,M9iu-GLdPRk,2
@RashidAli-oc1sr,M9iu-GLdPRk,1
@Ravenbird0786,M9iu-GLdPRk,1
@RealResearchhub,M9iu-GLdPRk,1
@RudrapratapDawar,M9iu-GLdPRk,1
@S_M44Z,M9iu-GLdPRk,1
@SadikAnsari-o4t,M9iu-GLdPRk,1
@SagulalNetam-595,M9iu-GLdPRk,1
@SakshamSingh-k2c,M9iu-GLdPRk,1
@SanskariNobita,M9iu-GLdPRk,1
@ShortBoy-n1n,M9iu-GLdPRk,1
@Shortvibe-46s,M9iu-GLdPRk,1
@Stranger-jx4qd,M9iu-GLdPRk,1
@SuperheroKaif,M9iu-GLdPRk,1
@SwarajSahu,M9iu-GLdPRk,1
@THESUPERIORnakayamafesta-t5h,M9iu-GLdPRk,1
@THE_JDGAMING,M9iu-GLdPRk,1
@ThreadsofTawhid,M9iu-GLdPRk,1
@TuxikCE,M9iu-GLdPRk,2
@VaibhavGupta-k5q,M9iu-GLdPRk,1
@VaibhavSingh-v8e,M9iu-GLdPRk,1
@ValuecentAI,M9iu-GLdPRk,1
@ViciousPikachu,M9iu-GLdPRk,1
@WisdomTalks-9999,M9iu-GLdPRk,1
@YagamiXGod,M9iu-GLdPRk,1
@ZonicisAlive,M9iu-GLdPRk,1
@aayushsingh3360,M9iu-GLdPRk,1
@abcdefghijdurdh1235,M9iu-GLdPRk,1
@abdulmohsin5939,M9iu-GLdPRk,1
@abdulrehmanqureshi5243,M9iu-GLdPRk,1
@ai-myt,M9iu-GLdPRk,1
@aj_mamun_king,M9iu-GLdPRk,1
@ajiteshmishra0005,M9iu-GLdPRk,1
@akashanand5950,M9iu-GLdPRk,1
@akshaybokde6548,M9iu-GLdPRk,1
@amangadpale9284,M9iu-GLdPRk,1
@amanmalhotra8730,M9iu-GLdPRk,1
@amartyasinghnamra,M9iu-GLdPRk,1
@amarxkumar,M9iu-GLdPRk,1
@amexis67,M9iu-GLdPRk,1
@aniketpanchal9856,M9iu-GLdPRk,1
@anuraj_royy,M9iu-GLdPRk,1
@arnabchatterjee1601,M9iu-GLdPRk,1
@arnabparyali,M9iu-GLdPRk,1
@arshkumar3004,M9iu-GLdPRk,1
@arunavamukherjee497,M9iu-GLdPRk,2
@asifthebepotra,M9iu-GLdPRk,1
@aviralmishra3387,M9iu-GLdPRk,1
@bhavinprajapati2547,M9iu-GLdPRk,1
@birbalmuslim,M9iu-GLdPRk,1
@bkumar2386,M9iu-GLdPRk,1
@brainglitch,M9iu-GLdPRk,1
@coldx123,M9iu-GLdPRk,1
@colloidinterfaces,M9iu-GLdPRk,1
@cosmosci4345,M9iu-GLdPRk,1
@crickguy2003,M9iu-GLdPRk,1
@dailydosesofrandommoments,M9iu-GLdPRk,2
@dakshbhardwaj7481,M9iu-GLdPRk,1
@dastagirwajahat,M9iu-GLdPRk,1
@davisgeorge7926,M9iu-GLdPRk,1
@debdipchatterjee4046,M9iu-GLdPRk,1
@debiprasadjena1475,M9iu-GLdPRk,1
@devgoswami45,M9iu-GLdPRk,1
@devsarkar9004,M9iu-GLdPRk,1
@digitaltechnologychannel8135,M9iu-GLdPRk,1
@dipeshmallaT,M9iu-GLdPRk,1
@ekatiqul,M9iu-GLdPRk,1
@emlh1,M9iu-GLdPRk,1
@eramitjoc,M9iu-GLdPRk,1
@funtechshorts49,M9iu-GLdPRk,1
@gameexpeditionwithatharva4419,M9iu-GLdPRk,1
@ghost3981,M9iu-GLdPRk,1
@global-masla,M9iu-GLdPRk,1
@gopalsasda3155,M9iu-GLdPRk,2
@gprband1376,M9iu-GLdPRk,1
@gustyorzel6599,M9iu-GLdPRk,1
@harshdev2026,M9iu-GLdPRk,1
@harshdubey2447,M9iu-GLdPRk,1
@harshmer,M9iu-GLdPRk,1
@himanshuop84,M9iu-GLdPRk,1
@hopperspaniel,M9iu-GLdPRk,1
@iTechHarsh,M9iu-GLdPRk,1
@iamkayceee,M9iu-GLdPRk,1
@illusionslayer6173,M9iu-GLdPRk,1
@imranketamashay,M9iu-GLdPRk,1
@innovAIte-0,M9iu-GLdPRk,1
@irfanmcsd,M9iu-GLdPRk,1
@itstushartripathi,M9iu-GLdPRk,1
@japan8994,M9iu-GLdPRk,1
@karanpatil0095,M9iu-GLdPRk,1
@kgCode658,M9iu-GLdPRk,1
@khalidhusain4354,M9iu-GLdPRk,1
@kneehsus,M9iu-GLdPRk,1
@krrxsh,M9iu-GLdPRk,1
@lakshya404stc,M9iu-GLdPRk,1
@lifescience9474,M9iu-GLdPRk,1
@lokeshnegi5051,M9iu-GLdPRk,2
@maia-locus,M9iu-GLdPRk,1
@mandippatel3178,M9iu-GLdPRk,1
@mdsaifulislam3671,M9iu-GLdPRk,1
@minerunss,M9iu-GLdPRk,1
@mirzahasnatk,M9iu-GLdPRk,1
@mohitjadhav3791,M9iu-GLdPRk,1
@mr..tell.the.trust1,M9iu-GLdPRk,1
@mr.vindictive4974,M9iu-GLdPRk,1
@muhammadihaideri3330,M9iu-GLdPRk,1
@muhammadkashifaziz8609,M9iu-GLdPRk,1
@mujtahidabid392,M9iu-GLdPRk,1
@myliferocks6098,M9iu-GLdPRk,2
@mystyle453,M9iu-GLdPRk,1
@navjotarora9284,M9iu-GLdPRk,1
@nimokaze,M9iu-GLdPRk,1
@niteenbhende2239,M9iu-GLdPRk,1
@noedits5543,M9iu-GLdPRk,1
@novra-x,M9iu-GLdPRk,1
@ntseinfo3082,M9iu-GLdPRk,1
@oathanrex,M9iu-GLdPRk,1
@optimus_6prime,M9iu-GLdPRk,1
@parminderkahlon8017,M9iu-GLdPRk,1
@parthsgamingarena,M9iu-GLdPRk,1
@patrickrantsroblox,M9iu-GLdPRk,1
@plusultra7258,M9iu-GLdPRk,1
@pnvibes2,M9iu-GLdPRk,1
@powelldefee2133,M9iu-GLdPRk,1
@pradeepmajhi1270,M9iu-GLdPRk,1
@praveenkumarsingh1436,M9iu-GLdPRk,1
@pritam9873,M9iu-GLdPRk,1
@priyanshu-j4q,M9iu-GLdPRk,1
@prosongbox8332,M9iu-GLdPRk,1
@proudwadhwa,M9iu-GLdPRk,1
@raaghavchat2074,M9iu-GLdPRk,1
@raghavjuneha148,M9iu-GLdPRk,1
@rajivkumar5875,M9iu-GLdPRk,1
@rakholiyadevang,M9iu-GLdPRk,1
@rasindia4090,M9iu-GLdPRk,1
@rd6247,M9iu-GLdPRk,1
@realshahfahad,M9iu-GLdPRk,1
@ridhams4639,M9iu-GLdPRk,1
@ringtonestar83,M9iu-GLdPRk,1
@rishabhkumar-c8f4i,M9iu-GLdPRk,1
@rishinpandey9219,M9iu-GLdPRk,1
@rkrishnaharish1184,M9iu-GLdPRk,1
@rounakraj2534,M9iu-GLdPRk,1
@ru2979,M9iu-GLdPRk,2
@sagarmorakhia,M9iu-GLdPRk,1
@saralkhetitech,M9iu-GLdPRk,1
@saumay-z1,M9iu-GLdPRk,1
@shivanshukushwaha8989,M9iu-GLdPRk,1
@shopme1122,M9iu-GLdPRk,1
@skynet0811,M9iu-GLdPRk,1
@smitpatel-rl5jb,M9iu-GLdPRk,1
@smokeoutmax,M9iu-GLdPRk,1
@snapbobnors7732,M9iu-GLdPRk,1
@somenmaji7078,M9iu-GLdPRk,2
@soultyson,M9iu-GLdPRk,1
@subham_yt6159,M9iu-GLdPRk,1
@subhambiswas8374,M9iu-GLdPRk,1
@sudiptokumar986,M9iu-GLdPRk,1
@sujitkumarsingh3200,M9iu-GLdPRk,1
@summertime_sadness456,M9iu-GLdPRk,1
@sunnydhiman28,M9iu-GLdPRk,1
@sutharpavan1326,M9iu-GLdPRk,1
@the_incognito_008,M9iu-GLdPRk,1
@theclipper6433,M9iu-GLdPRk,1
@throughansh,M9iu-GLdPRk,1
@triquadgamer1904,M9iu-GLdPRk,1
@tusharprajapati2574,M9iu-GLdPRk,1
@ul_Frone,M9iu-GLdPRk,1
@umeshdhande8951,M9iu-GLdPRk,1
@unionofsoulwithgod,M9iu-GLdPRk,6
@utkarshkatiyar8383,M9iu-GLdPRk,1
@vanshtamta9448,M9iu-GLdPRk,1
@villsphere18,M9iu-GLdPRk,1
@yt_hendle,M9iu-GLdPRk,3
@кнк-ю3ш,M9iu-GLdPRk,2
@कॉमेडी-जंक्शन,M9iu-GLdPRk,1
@342crazy666,MjSUCg2NN4g,1
@8bitJoe,MjSUCg2NN4g,1
@AkdD-x5h,MjSUCg2NN4g,1
@Alanpoeta,MjSUCg2NN4g,5
@Alton-x3r5c,MjSUCg2NN4g,1
@Andy_Van,MjSUCg2NN4g,1
@Anno_Nymous,MjSUCg2NN4g,1
@AnonymousAnonymous-nr8su,MjSUCg2NN4g,1
@AtaluYT,MjSUCg2NN4g,2
@AymenYT,MjSUCg2NN4g,1
@Ballistah,MjSUCg2NN4g,1
@BurritoSupreme42,MjSUCg2NN4g,1
@CasperVanLaar,MjSUCg2NN4g,1
@CoolGirl-wf7nt,MjSUCg2NN4g,1
@Cryptic0013,MjSUCg2NN4g,1
@Daithi333Mac,MjSUCg2NN4g,1
@DazieArt,MjSUCg2NN4g,1
@DecayingWave,MjSUCg2NN4g,1
@Dkm337,MjSUCg2NN4g,1
@DrCody.,MjSUCg2NN4g,1
@EnglishAaron,MjSUCg2NN4g,1
@F0rkGray,MjSUCg2NN4g,1
@FallenTCG,MjSUCg2NN4g,1
@FinanceExperienceFree,MjSUCg2NN4g,1
@GamerKingPro2,MjSUCg2NN4g,1
@Golee1999,MjSUCg2NN4g,1
@HakobNIk,MjSUCg2NN4g,1
@HarryPujols,MjSUCg2NN4g,1
@HaseebHeaven,MjSUCg2NN4g,1
@Hithrae,MjSUCg2NN4g,1
@Hjoerleif,MjSUCg2NN4g,1
@Hk7762Tube,MjSUCg2NN4g,1
@Holphana,MjSUCg2NN4g,1
@HunterBradley-d2b,MjSUCg2NN4g,1
@Hunty49,MjSUCg2NN4g,1
@ISRAADVISUALS,MjSUCg2NN4g,1
@J0vile,MjSUCg2NN4g,1
@JanMan37,MjSUCg2NN4g,1
@JimGrOfficial,MjSUCg2NN4g,1
@JohnVanSickle-v3c,MjSUCg2NN4g,2
@JohnnyMikeDeLaRochefoucault,MjSUCg2NN4g,1
@JulianFernandez,MjSUCg2NN4g,1
@JustJasnov,MjSUCg2NN4g,14
@Kusagrass,MjSUCg2NN4g,1
@MK-hm4cp,MjSUCg2NN4g,1
@MajorPerceptron,MjSUCg2NN4g,1
@MarkDanielLouwe,MjSUCg2NN4g,1
@MatthewKnowlton-ej2to,MjSUCg2NN4g,1
@Maya-sv1pz,MjSUCg2NN4g,1
@MichaelCronan49,MjSUCg2NN4g,1
@MrBillSD,MjSUCg2NN4g,1
@MrIcenice44,MjSUCg2NN4g,1
@NADcherrychiixe,MjSUCg2NN4g,1
@NezNez,MjSUCg2NN4g,1
@Nikitomate,MjSUCg2NN4g,1
@NoLimitSquad,MjSUCg2NN4g,1
@NoOneYouKnow2025-m8c,MjSUCg2NN4g,1
@Nova-ul3vv,MjSUCg2NN4g,1
@P-39_Airacobra,MjSUCg2NN4g,1
@PJo336,MjSUCg2NN4g,1
@Person-jw7mk,MjSUCg2NN4g,1
@Pliquetw,MjSUCg2NN4g,1
@PromptAware,MjSUCg2NN4g,1
@RNGesus,MjSUCg2NN4g,1
@RogerLangille,MjSUCg2NN4g,1
@SchmuelRomero,MjSUCg2NN4g,1
@SocratesTitan,MjSUCg2NN4g,1
@Stp1974,MjSUCg2NN4g,1
@TechnoSan09,MjSUCg2NN4g,1
@TheRockallTimes,MjSUCg2NN4g,1
@Tn3r,MjSUCg2NN4g,1
@TrollMeister_,MjSUCg2NN4g,1
@TwirlingFern,MjSUCg2NN4g,1
@WhoFearsMyDears,MjSUCg2NN4g,1
@WidyawanWidarto,MjSUCg2NN4g,1
@XIXROSE,MjSUCg2NN4g,1
@YASYTU,MjSUCg2NN4g,2
@YTDE426,MjSUCg2NN4g,1
@_Dibbler_,MjSUCg2NN4g,2
@_vindicator_,MjSUCg2NN4g,1
@abdelmalekbouayad,MjSUCg2NN4g,1
@abilvap5611,MjSUCg2NN4g,1
@absolute___zero,MjSUCg2NN4g,1
@adamamoosh,MjSUCg2NN4g,1
@aest950,MjSUCg2NN4g,1
@aguy559,MjSUCg2NN4g,2
@aithos.tech1,MjSUCg2NN4g,1
@aj991,MjSUCg2NN4g,1
@alexandrupruteanu6532,MjSUCg2NN4g,1
@altruism123,MjSUCg2NN4g,2
@amzerkrazer619,MjSUCg2NN4g,1
@ando_ow,MjSUCg2NN4g,1
@andreasdam3957,MjSUCg2NN4g,1
@andreypopov6166,MjSUCg2NN4g,1
@angie99656,MjSUCg2NN4g,2
@anti_trend_official,MjSUCg2NN4g,1
@anuppemmaraju7861,MjSUCg2NN4g,1
@artofmybody2882,MjSUCg2NN4g,1
@atharvandewar1143,MjSUCg2NN4g,1
@babydragoon,MjSUCg2NN4g,1
@bentos117,MjSUCg2NN4g,1
@bijay_jena,MjSUCg2NN4g,1
@bobdravs6902,MjSUCg2NN4g,1
@bobmartin9742,MjSUCg2NN4g,1
@bonobo791,MjSUCg2NN4g,1
@brianipmh,MjSUCg2NN4g,2
@britishball1967,MjSUCg2NN4g,1
@briumphbimbles,MjSUCg2NN4g,1
@bumbarabun,MjSUCg2NN4g,1
@coreclipss,MjSUCg2NN4g,1
@corporatemaj,MjSUCg2NN4g,1
@craiglovat,MjSUCg2NN4g,1
@crapshot321,MjSUCg2NN4g,1
@crunchyblend8809,MjSUCg2NN4g,1
@crungushakooter,MjSUCg2NN4g,1
@cs108828,MjSUCg2NN4g,1
@d_bribe,MjSUCg2NN4g,1
@darksideblues135,MjSUCg2NN4g,1
@devforgehq,MjSUCg2NN4g,2
@discman15,MjSUCg2NN4g,1
@disgruntledtoons,MjSUCg2NN4g,1
@doge_69,MjSUCg2NN4g,1
@dynamic_pointer_cast,MjSUCg2NN4g,1
@elephantgrass631,MjSUCg2NN4g,4
@elielsonanjos7440,MjSUCg2NN4g,2
@erank2220,MjSUCg2NN4g,1
@erperejildo,MjSUCg2NN4g,1
@exaversial-being,MjSUCg2NN4g,1
@funnyreelsandvide,MjSUCg2NN4g,1
@gangstamoocrew,MjSUCg2NN4g,1
@geetamsingh7219,MjSUCg2NN4g,1
@georgivelev77,MjSUCg2NN4g,1
@haidargzYT,MjSUCg2NN4g,1
@hektik2200,MjSUCg2NN4g,1
@henrikjensen608,MjSUCg2NN4g,1
@idixal1836,MjSUCg2NN4g,1
@isasantovena,MjSUCg2NN4g,1
@it-philosophie,MjSUCg2NN4g,1
@jasongrelli9134,MjSUCg2NN4g,1
@jasonscala5834,MjSUCg2NN4g,1
@jaymason7097,MjSUCg2NN4g,1
@jeremiahblum7833,MjSUCg2NN4g,1
@jeromecamus4660,MjSUCg2NN4g,1
@jmms49,MjSUCg2NN4g,1
@joblessrish,MjSUCg2NN4g,1
@john_dingleballs,MjSUCg2NN4g,2
@johnphantom,MjSUCg2NN4g,1
@jokatal,MjSUCg2NN4g,1
@jurajfarsky4022,MjSUCg2NN4g,1
@kaligath6616,MjSUCg2NN4g,1
@karenwang313,MjSUCg2NN4g,1
@karlisgertmanis,MjSUCg2NN4g,1
@krystofrehacek5146,MjSUCg2NN4g,1
@kyriosity-at-github,MjSUCg2NN4g,1
@lastnecro,MjSUCg2NN4g,1
@laxohnesosse7430,MjSUCg2NN4g,1
@leftunder334,MjSUCg2NN4g,1
@lepidoptera9337,MjSUCg2NN4g,5
@lifetech4146,MjSUCg2NN4g,1
@llmcoder,MjSUCg2NN4g,1
@lordlopikong6940,MjSUCg2NN4g,1
@luczztem,MjSUCg2NN4g,1
@m322_yt,MjSUCg2NN4g,1
@mac_mcleod,MjSUCg2NN4g,3
@marcellushan,MjSUCg2NN4g,1
@margaretLiekar,MjSUCg2NN4g,1
@marychieng2553,MjSUCg2NN4g,1
@matthewpowell4884,MjSUCg2NN4g,1
@matthiaskreidenweis,MjSUCg2NN4g,1
@mayank-k6x2b,MjSUCg2NN4g,1
@medeekdesign,MjSUCg2NN4g,1
@merlindso6478,MjSUCg2NN4g,1
@mfdez920,MjSUCg2NN4g,1
@mgtowbylogic5592,MjSUCg2NN4g,1
@michaelmische1433,MjSUCg2NN4g,1
@mowthelawn5596,MjSUCg2NN4g,1
@mrd6869,MjSUCg2NN4g,1
@mrmuffins4224,MjSUCg2NN4g,1
@nevermyis,MjSUCg2NN4g,1
@nickbarton3191,MjSUCg2NN4g,3
@omarandino9083,MjSUCg2NN4g,1
@orilobo_2,MjSUCg2NN4g,1
@orlandoortiz8739,MjSUCg2NN4g,1
@pablot-r9402,MjSUCg2NN4g,1
@penotebitterw,MjSUCg2NN4g,1
@perfectionbox,MjSUCg2NN4g,1
@petef15,MjSUCg2NN4g,1
@piyush4815,MjSUCg2NN4g,1
@praveenpg,MjSUCg2NN4g,1
@prazzo1232,MjSUCg2NN4g,1
@qasimahmed3301,MjSUCg2NN4g,1
@rcclitherow6707,MjSUCg2NN4g,1
@red4666,MjSUCg2NN4g,1
@rickybrigoli942,MjSUCg2NN4g,1
@rommelalastra5992,MjSUCg2NN4g,1
@roseyemelyanova8182,MjSUCg2NN4g,1
@shauryakansal1081,MjSUCg2NN4g,1
@side7oldtype298,MjSUCg2NN4g,1
@silvacarl,MjSUCg2NN4g,3
@skeliskull,MjSUCg2NN4g,2
@slyace1301,MjSUCg2NN4g,1
@smileysmultimedia,MjSUCg2NN4g,1
@somebodymaybenobodyt,MjSUCg2NN4g,1
@sorvex9,MjSUCg2NN4g,1
@spudholder,MjSUCg2NN4g,1
@spudmaphot,MjSUCg2NN4g,1
@studiorickvian,MjSUCg2NN4g,1
@taamcyat,MjSUCg2NN4g,1
@tangerinepopgames,MjSUCg2NN4g,2
@taragnor,MjSUCg2NN4g,1
@tatarcavalry2342,MjSUCg2NN4g,1
@technics6215,MjSUCg2NN4g,1
@techrehen,MjSUCg2NN4g,1
@thestarshavefallen,MjSUCg2NN4g,1
@thiscommentsdeleted,MjSUCg2NN4g,1
@thunderdudepyromanic,MjSUCg2NN4g,1
@timdion9527,MjSUCg2NN4g,1
@timj9767,MjSUCg2NN4g,1
@tofarrtogo,MjSUCg2NN4g,1
@triminhtran2470,MjSUCg2NN4g,1
@unskeptable,MjSUCg2NN4g,1
@user-ge2vc3rl1n,MjSUCg2NN4g,1
@varunthapliyal8960,MjSUCg2NN4g,1
@victorsandoval6501,MjSUCg2NN4g,1
@viktor1496,MjSUCg2NN4g,5
@wenterinfaer7868,MjSUCg2NN4g,1
@wirehead1,MjSUCg2NN4g,1
@youteubakount4449,MjSUCg2NN4g,1
@yozh2377,MjSUCg2NN4g,1
@zarroth,MjSUCg2NN4g,1
@zaviermayo272,MjSUCg2NN4g,1
@zentrance432,MjSUCg2NN4g,1
@찌지직-k5s,MjSUCg2NN4g,1
@ArslanKhan-q5v9d,MyRF01zzKvE,1
@DeepAlphaa,MyRF01zzKvE,1
@DevilUltimate,MyRF01zzKvE,1
@DonJuravin,MyRF01zzKvE,1
@Evelyn_Lisa,MyRF01zzKvE,1
@Feritclorida,MyRF01zzKvE,1
@JamesCarterjr-t3d,MyRF01zzKvE,1
@MathildaHulsky,MyRF01zzKvE,1
@RenaBegum-v7p,MyRF01zzKvE,1
@Richard-x7o4e,MyRF01zzKvE,1
@RobinWalters-l6j,MyRF01zzKvE,1
@Scott_Everett,MyRF01zzKvE,1
@clayjack-1iw,MyRF01zzKvE,1
@donbrow-26k,MyRF01zzKvE,1
@goatinginmountains,MyRF01zzKvE,1
@ifitaintaboutthemoneydontb5076,MyRF01zzKvE,1
@lsultk4,MyRF01zzKvE,1
@migueltomasmedina7205,MyRF01zzKvE,1
@mikeynocode,MyRF01zzKvE,11
@mykhan1645,MyRF01zzKvE,1
@yaya0701,MyRF01zzKvE,1
@yoren6,MyRF01zzKvE,1
@24pfilms,NGXXosA9CRo,2
@705tv,NGXXosA9CRo,1
@BYOOx5,NGXXosA9CRo,1
@DB-MH11,NGXXosA9CRo,1
@EhsanTork,NGXXosA9CRo,1
@HaroonAhmed-66,NGXXosA9CRo,1
@Im_SD,NGXXosA9CRo,2
@LittleSimp1967,NGXXosA9CRo,2
@NitiousJeet,NGXXosA9CRo,1
@PersinSmart,NGXXosA9CRo,1
@Psoewish,NGXXosA9CRo,1
@StampBotOfficial,NGXXosA9CRo,1
@ToBi-xr2mg,NGXXosA9CRo,1
@YourAverageTechBro,NGXXosA9CRo,5
@ZDL679,NGXXosA9CRo,1
@akunito,NGXXosA9CRo,1
@alexl6839,NGXXosA9CRo,1
@alirezajalaliyazdi146,NGXXosA9CRo,1
@anonyash,NGXXosA9CRo,1
@aperson1181,NGXXosA9CRo,1
@artificallead499,NGXXosA9CRo,1
@bambanx,NGXXosA9CRo,1
@brokecoder,NGXXosA9CRo,1
@christopherwilliams3293,NGXXosA9CRo,1
@coollifestyle7793,NGXXosA9CRo,1
@doArnDenAdel,NGXXosA9CRo,1
@driserq199,NGXXosA9CRo,2
@edengilbertmusic,NGXXosA9CRo,1
@elarrieux_,NGXXosA9CRo,1
@gusnje98,NGXXosA9CRo,2
@haris.mushtaq,NGXXosA9CRo,1
@hifijohn,NGXXosA9CRo,1
@infj5196,NGXXosA9CRo,1
@kymtoobe,NGXXosA9CRo,1
@nmg2023nmg,NGXXosA9CRo,1
@omarahmed-gs7op,NGXXosA9CRo,1
@petrosjr361,NGXXosA9CRo,1
@rajivsporkslede7860,NGXXosA9CRo,4
@rojinnnnnnnnn,NGXXosA9CRo,2
@ruxir_ig,NGXXosA9CRo,2
@shamanthkumar5017,NGXXosA9CRo,1
@shamsulhuda2617,NGXXosA9CRo,1
@solohelion,NGXXosA9CRo,1
@sxs5762,NGXXosA9CRo,1
@tacorevenge87,NGXXosA9CRo,1
@theycallmemrglass,NGXXosA9CRo,1
@tommymarshall69,NGXXosA9CRo,1
@user-bw7vz9ts7u,NGXXosA9CRo,1
@villianfadhilahareksa5553,NGXXosA9CRo,1
@webdevamin,NGXXosA9CRo,1
@wenjunzhang3699,NGXXosA9CRo,1
@zacodhis219,NGXXosA9CRo,1
@12lippylucy,N_wq9OV4T4c,1
@42batboldch,N_wq9OV4T4c,1
@7Hughtravels,N_wq9OV4T4c,1
@A.Y.11,N_wq9OV4T4c,4
@AB_LDN,N_wq9OV4T4c,2
@AIR-7777,N_wq9OV4T4c,1
@Ahai9,N_wq9OV4T4c,1
@AndogaSpock,N_wq9OV4T4c,1
@BMANZZS,N_wq9OV4T4c,1
@BRBallin1,N_wq9OV4T4c,1
@BTCSupernova,N_wq9OV4T4c,1
@BensonJonsonGPT,N_wq9OV4T4c,1
@BillyBob123xyz,N_wq9OV4T4c,1
@BoBTheBudd,N_wq9OV4T4c,1
@Boxing_Gamer,N_wq9OV4T4c,1
@ByteNomad27,N_wq9OV4T4c,1
@CamKnoppMusic,N_wq9OV4T4c,1
@CelestialProtocol,N_wq9OV4T4c,1
@CharlesEchelant,N_wq9OV4T4c,1
@ChubaiosBoomers,N_wq9OV4T4c,1
@Ciusetz,N_wq9OV4T4c,1
@Csepiable,N_wq9OV4T4c,1
@DEMediaDrive,N_wq9OV4T4c,1
@Data-222,N_wq9OV4T4c,1
@DeltaForce1522,N_wq9OV4T4c,2
@DouglasESmith-fu7di,N_wq9OV4T4c,1
@DrChapelStudio,N_wq9OV4T4c,1
@Earthing-r2y,N_wq9OV4T4c,1
@EruRoraitoX,N_wq9OV4T4c,1
@ExoCharles,N_wq9OV4T4c,3
@HOGnetwork,N_wq9OV4T4c,1
@HistoryShock1066,N_wq9OV4T4c,1
@HoldMyBeerFam,N_wq9OV4T4c,1
@Horeyezone,N_wq9OV4T4c,1
@India1947z,N_wq9OV4T4c,1
@InstantGiblets,N_wq9OV4T4c,1
@J.J.A.S,N_wq9OV4T4c,1
@JasonWhittle1,N_wq9OV4T4c,1
@JeremiahHector,N_wq9OV4T4c,1
@Jericho642,N_wq9OV4T4c,1
@JezzGT,N_wq9OV4T4c,1
@Joe-n4q,N_wq9OV4T4c,1
@JoharviGarcia,N_wq9OV4T4c,1
@KR-nh4qw,N_wq9OV4T4c,1
@KamiCanFam,N_wq9OV4T4c,1
@KeelanJon,N_wq9OV4T4c,1
@Kosmo999,N_wq9OV4T4c,1
@KratosIsSick,N_wq9OV4T4c,1
@LakeLeePrism,N_wq9OV4T4c,1
@Lazey-Bro,N_wq9OV4T4c,1
@LexClips,N_wq9OV4T4c,1
@Matthewcostello69,N_wq9OV4T4c,1
@Mister_Morise,N_wq9OV4T4c,1
@Ms-zr1dn,N_wq9OV4T4c,1
@Nada-kv6sq,N_wq9OV4T4c,1
@Npnpnp468,N_wq9OV4T4c,4
@Oldrich333,N_wq9OV4T4c,1
@PatrickYeo-i1g,N_wq9OV4T4c,1
@Paulskilynchski,N_wq9OV4T4c,1
@PavanpharmOCOLOGY,N_wq9OV4T4c,1
@Pfaeff,N_wq9OV4T4c,1
@Pinoy_Legend,N_wq9OV4T4c,1
@RC-uk8qs,N_wq9OV4T4c,1
@RTSR-y1e,N_wq9OV4T4c,1
@RahulRavindran-yj9hg,N_wq9OV4T4c,1
@Rami_Zaki-k2b,N_wq9OV4T4c,1
@RayMartinez91,N_wq9OV4T4c,1
@RiskSanchez,N_wq9OV4T4c,1
@RoldanDuarte,N_wq9OV4T4c,2
@RunTheory,N_wq9OV4T4c,2
@SENSI-11,N_wq9OV4T4c,2
@SamuelNorone,N_wq9OV4T4c,1
@ShawnKelly-q8s,N_wq9OV4T4c,1
@Shoojda1,N_wq9OV4T4c,1
@ShooterMcgavin119,N_wq9OV4T4c,1
@SimonNgai-d3u,N_wq9OV4T4c,1
@Skynet008-u2k,N_wq9OV4T4c,1
@Solidofzuljin,N_wq9OV4T4c,2
@Soonseverino,N_wq9OV4T4c,3
@SuperBlitzKing,N_wq9OV4T4c,1
@Teepeezy3,N_wq9OV4T4c,1
@TerenceRidley-u7f,N_wq9OV4T4c,1
@TheKayakAngle,N_wq9OV4T4c,1
@The_Fate_of_Atlantis,N_wq9OV4T4c,1
@ThrowbackGaming1,N_wq9OV4T4c,1
@TimNobug,N_wq9OV4T4c,1
@United-MuslimOne,N_wq9OV4T4c,1
@UponGiantsShoulders,N_wq9OV4T4c,1
@VERYSOFTLUKA,N_wq9OV4T4c,1
@VietVagabond,N_wq9OV4T4c,1
@Voy2378,N_wq9OV4T4c,1
@Ykesha,N_wq9OV4T4c,1
@YoSomePerson,N_wq9OV4T4c,2
@YourFriendlyGymRat,N_wq9OV4T4c,1
@aaliyanahmed2659,N_wq9OV4T4c,1
@addohm,N_wq9OV4T4c,1
@adilzhenisov28,N_wq9OV4T4c,1
@afrkleaks4991,N_wq9OV4T4c,1
@alshaifhir,N_wq9OV4T4c,1
@andresousa6192,N_wq9OV4T4c,1
@andrewhopkinson8736,N_wq9OV4T4c,3
@andrmyk,N_wq9OV4T4c,1
@arjun220,N_wq9OV4T4c,1
@artyconst,N_wq9OV4T4c,1
@axs203,N_wq9OV4T4c,1
@bcvc111,N_wq9OV4T4c,1
@benjaminhon86,N_wq9OV4T4c,1
@bernaridho,N_wq9OV4T4c,1
@blngmz1777,N_wq9OV4T4c,1
@block4671,N_wq9OV4T4c,1
@blubblurb,N_wq9OV4T4c,1
@bogst5579,N_wq9OV4T4c,1
@bommaritohawaii,N_wq9OV4T4c,1
@brandoniams217,N_wq9OV4T4c,1
@caksocker,N_wq9OV4T4c,1
@casualgamer9075,N_wq9OV4T4c,1
@compcos,N_wq9OV4T4c,2
@connorhayes2711,N_wq9OV4T4c,1
@croakgrogan,N_wq9OV4T4c,1
@daniela9171,N_wq9OV4T4c,2
@danielwalley6554,N_wq9OV4T4c,1
@darian41155,N_wq9OV4T4c,1
@darth_pronator,N_wq9OV4T4c,4
@dbroll20,N_wq9OV4T4c,1
@dianaishappy88,N_wq9OV4T4c,1
@differentshadesofgrey,N_wq9OV4T4c,1
@distrologic2925,N_wq9OV4T4c,1
@doyourownresearch7297,N_wq9OV4T4c,1
@dragline7287,N_wq9OV4T4c,2
@drewcaster,N_wq9OV4T4c,1
@e21Mi,N_wq9OV4T4c,1
@elijawad5415,N_wq9OV4T4c,1
@emmanueloseiboakye2085,N_wq9OV4T4c,1
@enigmaoftheforest,N_wq9OV4T4c,1
@enriquegabriel7708,N_wq9OV4T4c,1
@ericanderson8795,N_wq9OV4T4c,1
@evilyoshimitsu,N_wq9OV4T4c,1
@evroadtrips689,N_wq9OV4T4c,1
@fighterflash7503,N_wq9OV4T4c,1
@flap3869,N_wq9OV4T4c,1
@garrymullins,N_wq9OV4T4c,1
@geebashiri3315,N_wq9OV4T4c,2
@george_davituri,N_wq9OV4T4c,1
@gerardolopez9368,N_wq9OV4T4c,1
@germanlanguageworkshop1542,N_wq9OV4T4c,1
@gigaklibadze6579,N_wq9OV4T4c,1
@gledatelj1979,N_wq9OV4T4c,4
@godblessCL,N_wq9OV4T4c,1
@hamiltonspeed,N_wq9OV4T4c,1
@haplessgolem805,N_wq9OV4T4c,1
@heck0272,N_wq9OV4T4c,1
@hennermartin9260,N_wq9OV4T4c,2
@horsehungcapitalnyc,N_wq9OV4T4c,1
@hrio100,N_wq9OV4T4c,1
@iaMpossibleAdisakinnoPomngam,N_wq9OV4T4c,1
@ismaildebbarh,N_wq9OV4T4c,1
@itsMeehow,N_wq9OV4T4c,3
@j0uld,N_wq9OV4T4c,1
@j1o23kfgall,N_wq9OV4T4c,1
@jakejensen1166,N_wq9OV4T4c,1
@jareddias7932,N_wq9OV4T4c,1
@jasonsargent5030,N_wq9OV4T4c,1
@jcantu8052,N_wq9OV4T4c,1
@jcham979,N_wq9OV4T4c,1
@jonesjoyce1215,N_wq9OV4T4c,1
@josephtsui2564,N_wq9OV4T4c,3
@jourdanbetsch5073,N_wq9OV4T4c,1
@jrettetsohyt1,N_wq9OV4T4c,1
@js-bf6nh,N_wq9OV4T4c,1
@juancamaney3071,N_wq9OV4T4c,1
@k1awdttt,N_wq9OV4T4c,1
@ka0t1k1,N_wq9OV4T4c,1
@kahahabahaha,N_wq9OV4T4c,1
@kellenstuart4698,N_wq9OV4T4c,1
@kevkas,N_wq9OV4T4c,1
@kodevicious,N_wq9OV4T4c,1
@korbendallasmultipass1524,N_wq9OV4T4c,1
@koredepaul125,N_wq9OV4T4c,1
@lIIIIIHIIIIIl,N_wq9OV4T4c,1
@lasselasse5215,N_wq9OV4T4c,1
@lathanturner8608,N_wq9OV4T4c,1
@layitluke7139,N_wq9OV4T4c,1
@leereddy6295,N_wq9OV4T4c,1
@leon-y5w5r,N_wq9OV4T4c,1
@llmcoder,N_wq9OV4T4c,1
@llpassarelli,N_wq9OV4T4c,1
@lukeyval,N_wq9OV4T4c,1
@madkow77,N_wq9OV4T4c,1
@makersam,N_wq9OV4T4c,1
@marcin3136,N_wq9OV4T4c,1
@marcosbatista1029,N_wq9OV4T4c,2
@mark_1_1_1_1,N_wq9OV4T4c,1
@markgamache6377,N_wq9OV4T4c,1
@martinikdavid,N_wq9OV4T4c,1
@matt.stevick,N_wq9OV4T4c,1
@mikl2345,N_wq9OV4T4c,1
@minetime6881,N_wq9OV4T4c,1
@miroslavstevic2036,N_wq9OV4T4c,1
@more_ha,N_wq9OV4T4c,1
@motivationalspeech5994,N_wq9OV4T4c,2
@mrmusic6409,N_wq9OV4T4c,1
@mumar5888,N_wq9OV4T4c,1
@muphandi015,N_wq9OV4T4c,1
@music2me23,N_wq9OV4T4c,1
@nero1375,N_wq9OV4T4c,1
@neto1495,N_wq9OV4T4c,1
@nevr_ts,N_wq9OV4T4c,1
@norcal6181,N_wq9OV4T4c,1
@nousvia,N_wq9OV4T4c,1
@nzt1423,N_wq9OV4T4c,1
@obikonik,N_wq9OV4T4c,2
@octoale,N_wq9OV4T4c,1
@ogrearmyof1,N_wq9OV4T4c,1
@okami3829,N_wq9OV4T4c,1
@one4runner435,N_wq9OV4T4c,1
@pFlouw66,N_wq9OV4T4c,1
@paralleluniverse99,N_wq9OV4T4c,1
@pav5971,N_wq9OV4T4c,1
@peeweeadventure,N_wq9OV4T4c,3
@peteroswalt4240,N_wq9OV4T4c,1
@petervan7372,N_wq9OV4T4c,2
@plexus1942,N_wq9OV4T4c,1
@pt8292,N_wq9OV4T4c,2
@recreategamedev,N_wq9OV4T4c,1
@rostislavsnyta6429,N_wq9OV4T4c,1
@ryanlynch5401,N_wq9OV4T4c,1
@sammyBhai5945,N_wq9OV4T4c,1
@saroman_valar,N_wq9OV4T4c,2
@sawilliams,N_wq9OV4T4c,1
@seanromocki4110,N_wq9OV4T4c,2
@secretmystery8080,N_wq9OV4T4c,1
@sentinel-y8l,N_wq9OV4T4c,1
@shinoobie1549,N_wq9OV4T4c,1
@shoga321,N_wq9OV4T4c,1
@sirajulislam33621,N_wq9OV4T4c,1
@sirousmohseni4,N_wq9OV4T4c,1
@slamlogan,N_wq9OV4T4c,1
@sleepchat,N_wq9OV4T4c,1
@smallstep9827,N_wq9OV4T4c,1
@smithshaw1151,N_wq9OV4T4c,1
@softwave4483,N_wq9OV4T4c,1
@sohendo2211,N_wq9OV4T4c,1
@spiruandy,N_wq9OV4T4c,1
@srdjanrudic,N_wq9OV4T4c,1
@stephenonline345,N_wq9OV4T4c,1
@stormblessed76,N_wq9OV4T4c,1
@stupidfrog,N_wq9OV4T4c,1
@superresistant0,N_wq9OV4T4c,1
@sykal,N_wq9OV4T4c,1
@techpriest4787,N_wq9OV4T4c,1
@teodor-valentinmaxim8204,N_wq9OV4T4c,1
@thanos28,N_wq9OV4T4c,1
@thatisabsolutelykooooge2211,N_wq9OV4T4c,1
@thatsbaddie,N_wq9OV4T4c,2
@thebicycleman8062,N_wq9OV4T4c,3
@theoneandonly947,N_wq9OV4T4c,1
@thepunisherxxx6804,N_wq9OV4T4c,5
@tienduc_og,N_wq9OV4T4c,1
@timb350,N_wq9OV4T4c,1
@timbenton450,N_wq9OV4T4c,1
@timtom904,N_wq9OV4T4c,1
@tr1ckster726,N_wq9OV4T4c,1
@txnr5831,N_wq9OV4T4c,1
@ultimatesin3544,N_wq9OV4T4c,1
@user-jd1ty5bd6l,N_wq9OV4T4c,1
@user-oz6dn8si4f,N_wq9OV4T4c,1
@vayler1,N_wq9OV4T4c,1
@wartem,N_wq9OV4T4c,3
@weareamelia,N_wq9OV4T4c,1
@whitemouse94,N_wq9OV4T4c,1
@whyumadtho355,N_wq9OV4T4c,3
@wil9861,N_wq9OV4T4c,1
@will2461-j2n,N_wq9OV4T4c,1
@willieleahy5162,N_wq9OV4T4c,1
@willv88,N_wq9OV4T4c,1
@xUnpluggedx,N_wq9OV4T4c,1
@youtube-user-abc123,N_wq9OV4T4c,2
@zenmasters_gg,N_wq9OV4T4c,1
@zvukidedov,N_wq9OV4T4c,1
@1982blvd,OFmxKgaLN80,1
@3DisFuntastic,OFmxKgaLN80,1
@AdjacentDoor,OFmxKgaLN80,1
@AlikPal,OFmxKgaLN80,1
@AlvellaMunyembabazi-j9q,OFmxKgaLN80,1
@Ata5ll,OFmxKgaLN80,1
@BrandonEvans211,OFmxKgaLN80,1
@Bro-x9l,OFmxKgaLN80,1
@Coeurebene1,OFmxKgaLN80,1
@DaRyteJuan,OFmxKgaLN80,1
@DaveScottADV,OFmxKgaLN80,1
@DevAbhi-ub5mx,OFmxKgaLN80,1
@DevDividend,OFmxKgaLN80,1
@DoesntRefillTheBrita,OFmxKgaLN80,1
@DraxTheDestroyer,OFmxKgaLN80,1
@Drunkendrakon,OFmxKgaLN80,1
@EdwardAlarcon-p7i,OFmxKgaLN80,1
@El_jefe_bruv,OFmxKgaLN80,1
@EmmaFabella-c3r,OFmxKgaLN80,1
@FCANor-d6r,OFmxKgaLN80,1
@FootbLFiesta,OFmxKgaLN80,1
@ForgottenKnight1,OFmxKgaLN80,1
@GaétanCorneau,OFmxKgaLN80,1
@HandPayCity,OFmxKgaLN80,1
@JSmith-t6,OFmxKgaLN80,1
@JYagami9000,OFmxKgaLN80,1
@JaBoss397,OFmxKgaLN80,1
@JacobH.Nielsen,OFmxKgaLN80,1
@Jalafian,OFmxKgaLN80,1
@Jeanbon496,OFmxKgaLN80,1
@JerryFerguson-o6g,OFmxKgaLN80,1
@JulieLesley-v6v,OFmxKgaLN80,1
@Katamari_Queen,OFmxKgaLN80,1
@KenYoshiharu,OFmxKgaLN80,1
@Kevin-Schmevin,OFmxKgaLN80,1
@LTdan457,OFmxKgaLN80,1
@MB-yk8ng,OFmxKgaLN80,1
@MaWiS-d8n,OFmxKgaLN80,1
@MarcosFMolina,OFmxKgaLN80,1
@MetaStacker,OFmxKgaLN80,1
@Mgmk757,OFmxKgaLN80,1
@Minica-f7d,OFmxKgaLN80,1
@MoSec9,OFmxKgaLN80,1
@Nik-rx9rj,OFmxKgaLN80,1
@OliverBechthold,OFmxKgaLN80,1
@Ones_Complement,OFmxKgaLN80,1
@OptimizingForwardToSuccess,OFmxKgaLN80,1
@PM11314,OFmxKgaLN80,1
@PeterOeC,OFmxKgaLN80,1
@QuokkaSquad,OFmxKgaLN80,1
@RajeshKumar-ft8yc,OFmxKgaLN80,1
@RixCraftsDigitalServices,OFmxKgaLN80,1
@RobertNathanrobertnathan7000,OFmxKgaLN80,2
@RoyRope,OFmxKgaLN80,1
@SGG-s6y,OFmxKgaLN80,1
@Seithim,OFmxKgaLN80,1
@Shy-Guy-stream,OFmxKgaLN80,1
@SleepDeprived_Gamer,OFmxKgaLN80,1
@Smankysheen,OFmxKgaLN80,1
@StarRoseAngelic,OFmxKgaLN80,1
@TheRaiderman1,OFmxKgaLN80,1
@TheRealCornPop,OFmxKgaLN80,1
@Theendofeverything7036,OFmxKgaLN80,1
@Titere05,OFmxKgaLN80,1
@Tommah1000,OFmxKgaLN80,1
@Trichivienna,OFmxKgaLN80,2
@UjjwalJain-b4t,OFmxKgaLN80,1
@YesThatGuyHubby,OFmxKgaLN80,1
@YoutubeWatcher98,OFmxKgaLN80,1
@Yoyomamafat,OFmxKgaLN80,1
@__username__,OFmxKgaLN80,1
@aadityaacharya5902,OFmxKgaLN80,1
@aansutube,OFmxKgaLN80,1
@abrahamperez8152,OFmxKgaLN80,1
@adamwalter2573,OFmxKgaLN80,1
@adospassos17,OFmxKgaLN80,1
@adrianpaz7310,OFmxKgaLN80,1
@alex.pozgaj,OFmxKgaLN80,1
@andreCoimbraVillela,OFmxKgaLN80,1
@arboreal_octopus,OFmxKgaLN80,1
@aspi8219,OFmxKgaLN80,1
@ayamabobo,OFmxKgaLN80,1
@benkunovski5234,OFmxKgaLN80,1
@bilaleyrik,OFmxKgaLN80,1
@billclinton4913,OFmxKgaLN80,2
@birdmissing,OFmxKgaLN80,1
@camryds,OFmxKgaLN80,1
@cesarec88,OFmxKgaLN80,1
@chanquanpham3216,OFmxKgaLN80,1
@cherrynado,OFmxKgaLN80,1
@chi8308,OFmxKgaLN80,1
@christian7561,OFmxKgaLN80,1
@clockworktraveler,OFmxKgaLN80,1
@comment6864,OFmxKgaLN80,2
@conget,OFmxKgaLN80,1
@cratecruncher4974,OFmxKgaLN80,1
@crazypigs100,OFmxKgaLN80,1
@cyrlangaming,OFmxKgaLN80,1
@danaustin2,OFmxKgaLN80,1
@danawhiteisagenius8654,OFmxKgaLN80,1
@deepcheddar,OFmxKgaLN80,1
@dexter_johnson,OFmxKgaLN80,1
@dntbther,OFmxKgaLN80,1
@e.balder,OFmxKgaLN80,1
@efosai,OFmxKgaLN80,1
@emersonrex820,OFmxKgaLN80,1
@evka3220,OFmxKgaLN80,1
@exxodas,OFmxKgaLN80,1
@fabriciofrontarolli,OFmxKgaLN80,1
@fatehyabali,OFmxKgaLN80,1
@g.t.werber4476,OFmxKgaLN80,1
@gamingfox9845,OFmxKgaLN80,1
@gokulkrishm51,OFmxKgaLN80,1
@gripp9k,OFmxKgaLN80,1
@gsapienza,OFmxKgaLN80,1
@guilhermeferreira2797,OFmxKgaLN80,1
@haleightucker6116,OFmxKgaLN80,1
@hectorreyes7696,OFmxKgaLN80,1
@homebatcave4177,OFmxKgaLN80,1
@housepianist,OFmxKgaLN80,1
@hugehazard,OFmxKgaLN80,1
@issamchabaa45,OFmxKgaLN80,1
@jameskelly4196,OFmxKgaLN80,1
@janboen3630,OFmxKgaLN80,1
@jasonrhtx,OFmxKgaLN80,1
@jatinmaharao6888,OFmxKgaLN80,1
@javilorenzana,OFmxKgaLN80,1
@jeffwong1310,OFmxKgaLN80,1
@joan38,OFmxKgaLN80,1
@juanpedrosantiago,OFmxKgaLN80,1
@juliopereira2628,OFmxKgaLN80,1
@kaushiknits0307,OFmxKgaLN80,1
@keithmazzapica5188,OFmxKgaLN80,1
@krzysztofszumko9080,OFmxKgaLN80,1
@lvbryan89,OFmxKgaLN80,1
@marcr7583,OFmxKgaLN80,1
@marcusclarkson5520,OFmxKgaLN80,1
@marcuss232,OFmxKgaLN80,1
@marionocnik9378,OFmxKgaLN80,1
@marklee331,OFmxKgaLN80,1
@matt4955,OFmxKgaLN80,1
@mbardos,OFmxKgaLN80,1
@mga149,OFmxKgaLN80,1
@mikerash-pc4jc,OFmxKgaLN80,1
@mitadrubanerjeechowdhury9092,OFmxKgaLN80,1
@mrpscreation891,OFmxKgaLN80,1
@mrwillis5339,OFmxKgaLN80,1
@mujkocka,OFmxKgaLN80,1
@nikolamar,OFmxKgaLN80,1
@nnanyelugoanekwe218,OFmxKgaLN80,1
@phuchungviet,OFmxKgaLN80,1
@platoonutzeyz88,OFmxKgaLN80,1
@plumreid,OFmxKgaLN80,1
@pouy1990,OFmxKgaLN80,1
@prabuddhadas935,OFmxKgaLN80,1
@prakash2187,OFmxKgaLN80,1
@puppete3r,OFmxKgaLN80,1
@qdav5,OFmxKgaLN80,1
@renakollmann-suhr9541,OFmxKgaLN80,1
@retakenroots,OFmxKgaLN80,1
@richardbustamante4547,OFmxKgaLN80,1
@robertmiller6444,OFmxKgaLN80,1
@rockyscarlet,OFmxKgaLN80,1
@rodrigoarancibia1975,OFmxKgaLN80,1
@rollthers3157,OFmxKgaLN80,1
@rollyon9415,OFmxKgaLN80,1
@romulandrem,OFmxKgaLN80,1
@samsturdi,OFmxKgaLN80,1
@selian_,OFmxKgaLN80,1
@shupesmerga4694,OFmxKgaLN80,1
@sicuto,OFmxKgaLN80,1
@snapsmicrosystems7532,OFmxKgaLN80,1
@sollymadeit,OFmxKgaLN80,1
@sonderexpeditions,OFmxKgaLN80,1
@sromankov6102,OFmxKgaLN80,1
@statuspremier,OFmxKgaLN80,1
@steven7846,OFmxKgaLN80,1
@sunsun-eq5vr,OFmxKgaLN80,1
@suprithreddy1828,OFmxKgaLN80,1
@suspiciousactivity4266,OFmxKgaLN80,1
@sutats,OFmxKgaLN80,1
@sylvereleipertz955,OFmxKgaLN80,1
@sziartopeter8943,OFmxKgaLN80,1
@tdm-uo9sc,OFmxKgaLN80,1
@teoramites,OFmxKgaLN80,1
@the1andonlycorbin,OFmxKgaLN80,1
@tubecci,OFmxKgaLN80,1
@ubobcat,OFmxKgaLN80,1
@username-r4d-j9i,OFmxKgaLN80,1
@utlanning117,OFmxKgaLN80,1
@viniciusviena8496,OFmxKgaLN80,1
@westerntui,OFmxKgaLN80,1
@william_leo,OFmxKgaLN80,1
@willieleahy5162,OFmxKgaLN80,1
@willsmitheatingspagetti,OFmxKgaLN80,1
@xalspaero,OFmxKgaLN80,1
@zaidifamily1357,OFmxKgaLN80,1
@zuppy2,OFmxKgaLN80,1
@ДмитрийЧернов-ъ2ф,OFmxKgaLN80,1
@彩色糖果-i4i,OFmxKgaLN80,1
@나나나-l4s,OFmxKgaLN80,1
@ArshGoyal,Op2zz-0m5Fw,6
@ArshGoyal-x7v,Op2zz-0m5Fw,1
@DitaRani-s8l,Op2zz-0m5Fw,1
@KabitaOjha-t9w,Op2zz-0m5Fw,1
@Sahastra223,Op2zz-0m5Fw,1
@VamsiKrishna-pp4fy,Op2zz-0m5Fw,1
@ZubedaYasmeen,Op2zz-0m5Fw,1
@neetu1052,Op2zz-0m5Fw,1
@rahulshetty9335,Op2zz-0m5Fw,2
@saiKrishna-dm7kq,Op2zz-0m5Fw,1
@trishasmody,Op2zz-0m5Fw,1
@059812,Oq8TUJuButM,1
@28CFC,Oq8TUJuButM,1
@AbeeraFatima-iw8vv,Oq8TUJuButM,1
@AchovChristian-l7j,Oq8TUJuButM,1
@AcumenPlex,Oq8TUJuButM,1
@Allgameplayer-so2ru,Oq8TUJuButM,1
@AnishaGaur-bf1uk,Oq8TUJuButM,1
@ArtUniverse,Oq8TUJuButM,1
@BIDTREX,Oq8TUJuButM,1
@BamboBarak,Oq8TUJuButM,1
@BasitAli-q7o,Oq8TUJuButM,1
@Cat_Sterling,Oq8TUJuButM,1
@CharlesOsikwemhe,Oq8TUJuButM,1
@ChibuikeIgwe-y1j,Oq8TUJuButM,1
@ChristianitySpot,Oq8TUJuButM,1
@ClifCollins-k8d,Oq8TUJuButM,1
@Codemitsu888,Oq8TUJuButM,1
@CourageTheCowardlyDog1,Oq8TUJuButM,1
@Cutie_animals-m3h,Oq8TUJuButM,2
@DMoneys36,Oq8TUJuButM,1
@DanielOlatunde-fn3ke,Oq8TUJuButM,1
@DarkBlue0814,Oq8TUJuButM,1
@Daudicodes,Oq8TUJuButM,1
@DucBao-g5s,Oq8TUJuButM,1
@EightonLiveDeath,Oq8TUJuButM,2
@EkForexTrading,Oq8TUJuButM,1
@ElvinJuma,Oq8TUJuButM,1
@Erekle-d1g,Oq8TUJuButM,1
@EssaAlowayyid,Oq8TUJuButM,1
@FaizanAwan-w9j,Oq8TUJuButM,1
@FreeRojava07462,Oq8TUJuButM,1
@GabeGettinRich,Oq8TUJuButM,1
@Gabuluu,Oq8TUJuButM,1
@GameplayzHome,Oq8TUJuButM,1
@Gamerboss10,Oq8TUJuButM,1
@GauthamL-ek6tx,Oq8TUJuButM,1
@Gazer-x5s,Oq8TUJuButM,1
@GlennnDsouza,Oq8TUJuButM,1
@GooseAlarm,Oq8TUJuButM,1
@HaseebHeaven,Oq8TUJuButM,1
@HeinzFichtenbauer,Oq8TUJuButM,1
@Its_Ari02,Oq8TUJuButM,1
@JamshidAttai,Oq8TUJuButM,1
@JaphethEmmanuel-z3x,Oq8TUJuButM,1
@Jassie-r2f,Oq8TUJuButM,1
@Jayjohnte6167,Oq8TUJuButM,1
@Joaquin-mp8ub,Oq8TUJuButM,1
@K-S1AR_F1N,Oq8TUJuButM,1
@Kayi_Alp07,Oq8TUJuButM,1
@KennethDiazperlloni,Oq8TUJuButM,1
@Koorachout,Oq8TUJuButM,1
@KrzysztofKrawczyk-p3g,Oq8TUJuButM,1
@LessonsFromProduction,Oq8TUJuButM,1
@MKELIVE,Oq8TUJuButM,1
@MaDaRa-H1,Oq8TUJuButM,1
@MagDrag123,Oq8TUJuButM,1
@MajorPerceptron,Oq8TUJuButM,1
@MasoudFarsiLiinkz,Oq8TUJuButM,1
@Matrix_AI_16,Oq8TUJuButM,1
@MaureenAwino-w2j,Oq8TUJuButM,1
@MoneyTechTR,Oq8TUJuButM,1
@MrCyberGuy,Oq8TUJuButM,1
@NOX.VIDEOS1,Oq8TUJuButM,1
@NatureBoy711,Oq8TUJuButM,1
@NezNez,Oq8TUJuButM,1
@OliverReinhard,Oq8TUJuButM,1
@Preethigowda-x7z,Oq8TUJuButM,1
@PutuAdityaDev,Oq8TUJuButM,1
@RishabhMishra-x7o,Oq8TUJuButM,1
@Riya-e6g7n,Oq8TUJuButM,1
@RogelioACruz,Oq8TUJuButM,1
@RyanMorizz,Oq8TUJuButM,1
@SNOWOO,Oq8TUJuButM,1
@School_merke_1,Oq8TUJuButM,1
@Serg-ht2sl,Oq8TUJuButM,2
@ShakaalTech,Oq8TUJuButM,1
@SheepPaul,Oq8TUJuButM,1
@ShreyaEdulakanti,Oq8TUJuButM,1
@SuperSimpleDev,Oq8TUJuButM,13
@THE_WHITE_DEATH_11,Oq8TUJuButM,1
@TheFastestSaracen,Oq8TUJuButM,1
@TheReal4th,Oq8TUJuButM,1
@TomZentra,Oq8TUJuButM,1
@WADAI-o4j,Oq8TUJuButM,1
@Xylina.,Oq8TUJuButM,1
@_-Naruto-_,Oq8TUJuButM,1
@abhaysardar2275,Oq8TUJuButM,1
@abhilashm8965,Oq8TUJuButM,1
@abhishekgourav6144,Oq8TUJuButM,1
@adriankateregga7568,Oq8TUJuButM,1
@agksi-e9f1r,Oq8TUJuButM,1
@akazicprod,Oq8TUJuButM,1
@alterovstudio,Oq8TUJuButM,1
@amandeepgrover7808,Oq8TUJuButM,1
@amroh8764,Oq8TUJuButM,1
@andreashauschild7757,Oq8TUJuButM,1
@anthonyallard3156,Oq8TUJuButM,1
@antwisilas-1024,Oq8TUJuButM,1
@anwinity2,Oq8TUJuButM,1
@arikcantbefound,Oq8TUJuButM,1
@arrrghh,Oq8TUJuButM,1
@arun-ql8nc,Oq8TUJuButM,1
@betterWorld9,Oq8TUJuButM,1
@bilimlink,Oq8TUJuButM,1
@boyanyanchev98,Oq8TUJuButM,2
@bozhdiarjordanov6353,Oq8TUJuButM,1
@brutaltruth1717,Oq8TUJuButM,1
@bryanudensi7421,Oq8TUJuButM,1
@cced4418,Oq8TUJuButM,1
@chaminda73,Oq8TUJuButM,1
@codewithlakmal,Oq8TUJuButM,1
@collinsa8909,Oq8TUJuButM,1
@dan-bz7dz,Oq8TUJuButM,1
@dan23.2,Oq8TUJuButM,1
@daniel6185,Oq8TUJuButM,1
@daniellebittencourt9820,Oq8TUJuButM,1
@dickensdickala6601,Oq8TUJuButM,1
@dorjoolinus,Oq8TUJuButM,1
@drawmaster77,Oq8TUJuButM,1
@dukeblaxton,Oq8TUJuButM,1
@edmundbogen5534,Oq8TUJuButM,1
@elevation62,Oq8TUJuButM,1
@em_miley,Oq8TUJuButM,1
@ennamoral3218,Oq8TUJuButM,1
@exebit-e8g8c,Oq8TUJuButM,1
@foolsgold2329,Oq8TUJuButM,1
@funny-tech-bro,Oq8TUJuButM,1
@furqantarique3484,Oq8TUJuButM,1
@ginox4884,Oq8TUJuButM,1
@giving-h7f,Oq8TUJuButM,1
@gledatelj1979,Oq8TUJuButM,1
@growwithvinx,Oq8TUJuButM,1
@h3w3z1,Oq8TUJuButM,1
@hamnaqamar-k1s,Oq8TUJuButM,1
@hanahanees3343,Oq8TUJuButM,1
@harrisjohnson9109,Oq8TUJuButM,1
@i_am_innocent_y,Oq8TUJuButM,2
@idk_existing,Oq8TUJuButM,1
@isaachail,Oq8TUJuButM,1
@its.mujahidd,Oq8TUJuButM,1
@j2csharp,Oq8TUJuButM,1
@jake_bareng,Oq8TUJuButM,2
@janevumazonke4502,Oq8TUJuButM,1
@japanesesamurai4945,Oq8TUJuButM,1
@johnfrostbane,Oq8TUJuButM,1
@keybraker,Oq8TUJuButM,1
@leonardigweokolo2813,Oq8TUJuButM,1
@leriastube,Oq8TUJuButM,1
@lifebyvikk6751,Oq8TUJuButM,1
@limbooooo00,Oq8TUJuButM,1
@lotheravanti4295,Oq8TUJuButM,1
@louremus,Oq8TUJuButM,1
@lwinlwinkyawzaw,Oq8TUJuButM,1
@m.umer5344,Oq8TUJuButM,1
@ma_abutalha_khalil,Oq8TUJuButM,1
@maintaininganonymity221,Oq8TUJuButM,3
@majidali6979,Oq8TUJuButM,1
@man_v_machine,Oq8TUJuButM,1
@mananij5729,Oq8TUJuButM,1
@marcs4091,Oq8TUJuButM,2
@markonikolic4028,Oq8TUJuButM,2
@martian_satellite,Oq8TUJuButM,1
@martin-timothy-timko,Oq8TUJuButM,1
@matthewgonano636,Oq8TUJuButM,1
@matthiasberger6458,Oq8TUJuButM,1
@meherabhossainraiyan,Oq8TUJuButM,1
@mehmetalbayrak4559,Oq8TUJuButM,1
@mironoff2007,Oq8TUJuButM,1
@mohankartheek9253,Oq8TUJuButM,1
@mpddude1233,Oq8TUJuButM,3
@mualchuan,Oq8TUJuButM,1
@mulumbahashim3846,Oq8TUJuButM,1
@mysoulmatch4488,Oq8TUJuButM,1
@na-ms1xf,Oq8TUJuButM,1
@nadershah7,Oq8TUJuButM,1
@nancharaiahamudala2510,Oq8TUJuButM,1
@nawaladam114,Oq8TUJuButM,1
@nomankhan1869,Oq8TUJuButM,1
@nord-currentgamer4427,Oq8TUJuButM,1
@nsohwillice3634,Oq8TUJuButM,1
@odman7945,Oq8TUJuButM,1
@olacreates,Oq8TUJuButM,1
@olegpristashkin9078,Oq8TUJuButM,1
@phuongdinh3123,Oq8TUJuButM,1
@pintomiguel75,Oq8TUJuButM,1
@praesodym6117,Oq8TUJuButM,1
@rahularya741-f8j,Oq8TUJuButM,1
@relatablekot,Oq8TUJuButM,4
@rexar8900,Oq8TUJuButM,1
@rhiangregorio,Oq8TUJuButM,1
@sabinshalini-oy7oq,Oq8TUJuButM,1
@samuelkovanko7198,Oq8TUJuButM,1
@sanjai5612,Oq8TUJuButM,2
@seamusmoran4776,Oq8TUJuButM,1
@serajali4621,Oq8TUJuButM,1
@sifakbelobesian4306,Oq8TUJuButM,1
@sk.irfanali5333,Oq8TUJuButM,1
@smallletter9634,Oq8TUJuButM,1
@ssuperant6537,Oq8TUJuButM,1
@sunnysidebro,Oq8TUJuButM,1
@tahmeedrahman3101,Oq8TUJuButM,1
@tamukeddejacob,Oq8TUJuButM,1
@theKnightFighter-h7n,Oq8TUJuButM,1
@themahdiashrafi,Oq8TUJuButM,1
@thescientist8769,Oq8TUJuButM,1
@tumzarelaxing,Oq8TUJuButM,1
@usaidkhan5,Oq8TUJuButM,1
@user-jw9nl3un3b,Oq8TUJuButM,1
@user-wq5dg6wn8w,Oq8TUJuButM,1
@userexperienceresearchers,Oq8TUJuButM,1
@uzair-1357,Oq8TUJuButM,1
@vicevestra,Oq8TUJuButM,1
@vxsniffer,Oq8TUJuButM,1
@waynelast1685,Oq8TUJuButM,1
@wcellon,Oq8TUJuButM,3
@wouldyoudomeakindnes,Oq8TUJuButM,1
@xyzker,Oq8TUJuButM,1
@yanamakogon2891,Oq8TUJuButM,1
@youmitsingh4368,Oq8TUJuButM,1
@zLuMBaX,Oq8TUJuButM,2
@zia-Me,Oq8TUJuButM,1
@1969-y4l,PLKrSVuT-Dg,1
@99vishn,PLKrSVuT-Dg,1
@AL-hk3oo,PLKrSVuT-Dg,1
@AShiv-j2z,PLKrSVuT-Dg,1
@AbutahirSk-l9w,PLKrSVuT-Dg,1
@AditNarayan-rf6sk,PLKrSVuT-Dg,1
@AhmasSa-i3y,PLKrSVuT-Dg,1
@Aisongvideo10,PLKrSVuT-Dg,1
@AliShakif-p2p,PLKrSVuT-Dg,1
@Alice_Fumo,PLKrSVuT-Dg,1
@AllaAlla-v4w,PLKrSVuT-Dg,1
@AnhTuan-ge2yy,PLKrSVuT-Dg,1
@AnkushJainbl,PLKrSVuT-Dg,1
@AtrinMartin,PLKrSVuT-Dg,1
@Augustinegabriel662-i2d,PLKrSVuT-Dg,1
@Awaisticsx,PLKrSVuT-Dg,1
@BelhadjAbdou-s6h,PLKrSVuT-Dg,1
@BenjaminSangronis-j6n,PLKrSVuT-Dg,1
@BhargavThakor-b4n,PLKrSVuT-Dg,1
@Boring-Opinion-8864,PLKrSVuT-Dg,1
@BoushraObaid,PLKrSVuT-Dg,1
@CAZIvlogger,PLKrSVuT-Dg,1
@CapuWriting,PLKrSVuT-Dg,1
@DBGAMERZ-333,PLKrSVuT-Dg,1
@D__jod__FF,PLKrSVuT-Dg,1
@DaviTik-d4g,PLKrSVuT-Dg,1
@DebendraYadav-q5h,PLKrSVuT-Dg,1
@Deep.Gill.Maksudra,PLKrSVuT-Dg,1
@DeepTrace1x,PLKrSVuT-Dg,1
@DeepikaBunkar-v3g,PLKrSVuT-Dg,1
@DesiVlog-i3m,PLKrSVuT-Dg,1
@DivyanshuKumar-g8f,PLKrSVuT-Dg,1
@Doge317,PLKrSVuT-Dg,1
@Dunyo93-c9d,PLKrSVuT-Dg,1
@Essalolo-k3o,PLKrSVuT-Dg,1
@FigfHuggeh-h2f,PLKrSVuT-Dg,1
@Fireship,PLKrSVuT-Dg,1
@GasatengkuangSg,PLKrSVuT-Dg,1
@GhsaanMahmoud,PLKrSVuT-Dg,1
@Goaling-u7c,PLKrSVuT-Dg,1
@Hailenlc20,PLKrSVuT-Dg,1
@HassanHadi-g5i,PLKrSVuT-Dg,1
@HiltonVarian-t6h,PLKrSVuT-Dg,1
@HimanshuTgr-x9m,PLKrSVuT-Dg,1
@Hollywoodandseries,PLKrSVuT-Dg,1
@HoweverHave-x4j,PLKrSVuT-Dg,1
@ImranSk-bh7gb,PLKrSVuT-Dg,1
@Indiant5,PLKrSVuT-Dg,1
@Ingwenya03,PLKrSVuT-Dg,1
@Is_Army99,PLKrSVuT-Dg,1
@IsabellWerner-n4f,PLKrSVuT-Dg,1
@JASMEETSINGHVLOGS-21,PLKrSVuT-Dg,1
@Jad_does_stuff,PLKrSVuT-Dg,1
@JhoonySing-l3x,PLKrSVuT-Dg,1
@JitenKumarRaj,PLKrSVuT-Dg,1
@JoefreyJoe,PLKrSVuT-Dg,1
@JohnSmith-pn2vl,PLKrSVuT-Dg,1
@KhaledGhya-k5s,PLKrSVuT-Dg,1
@KwameBoateng-n5x9z,PLKrSVuT-Dg,1
@Lanagamer-user,PLKrSVuT-Dg,1
@Leaderp28,PLKrSVuT-Dg,1
@LostLeftyLimb,PLKrSVuT-Dg,1
@LuisSierra42,PLKrSVuT-Dg,1
@Max1990-h8m,PLKrSVuT-Dg,1
@Md-br5fn,PLKrSVuT-Dg,1
@Mehdicrs,PLKrSVuT-Dg,1
@Mobilegamplay-t7y,PLKrSVuT-Dg,1
@Mr_munda-p8d,PLKrSVuT-Dg,1
@Music.oficial01,PLKrSVuT-Dg,1
@NOOB_EDITOR_99_Anant,PLKrSVuT-Dg,1
@NaifJomaa,PLKrSVuT-Dg,1
@Nathan-de9dc,PLKrSVuT-Dg,1
@NazarethMazareth,PLKrSVuT-Dg,1
@NguyenHieu_535,PLKrSVuT-Dg,1
@NotJulius44,PLKrSVuT-Dg,1
@PAHTRIKPROPER,PLKrSVuT-Dg,1
@PINTURATHVA-h6b,PLKrSVuT-Dg,1
@PascalineMutheu-e1h,PLKrSVuT-Dg,1
@Pradnya-x2i,PLKrSVuT-Dg,1
@Prince_gaming187,PLKrSVuT-Dg,1
@PriyankaSahoo-h6h,PLKrSVuT-Dg,1
@Priyankat-po5nd,PLKrSVuT-Dg,1
@PriyanshiMaheshwari-j1r,PLKrSVuT-Dg,1
@RabiBauri-m8b,PLKrSVuT-Dg,1
@RadhammaR-e6y,PLKrSVuT-Dg,1
@RahulMandal-lf9tj,PLKrSVuT-Dg,1
@RajveerSingh-e3v9k,PLKrSVuT-Dg,1
@RaulPalaciosviera,PLKrSVuT-Dg,1
@RedeemMcminecraft-t3r,PLKrSVuT-Dg,1
@RenoyFernandez,PLKrSVuT-Dg,1
@RitikChaudhary-l9w,PLKrSVuT-Dg,1
@RohitSharmaSharma-z8u,PLKrSVuT-Dg,1
@Ryzaman,PLKrSVuT-Dg,1
@SARADAISNOTUCHIHA,PLKrSVuT-Dg,1
@SainathIbitwad,PLKrSVuT-Dg,1
@Sangitakumal-d4f6y,PLKrSVuT-Dg,1
@SanwariyaMobile-g8h,PLKrSVuT-Dg,1
@SirusStarTV,PLKrSVuT-Dg,1
@SivaBehera-l9m,PLKrSVuT-Dg,1
@Sorahicolmenarezgamer,PLKrSVuT-Dg,1
@StrawHat-ot2fk,PLKrSVuT-Dg,1
@SudipMajhi-g8b,PLKrSVuT-Dg,1
@SuperRealityStudios,PLKrSVuT-Dg,1
@SurajKumar-d9f3v,PLKrSVuT-Dg,1
@SurajKumarblog-pz5tb,PLKrSVuT-Dg,1
@SushiSusheela-i4r,PLKrSVuT-Dg,1
@TejpalFilms,PLKrSVuT-Dg,1
@ThusithaAnurhdha-j7r,PLKrSVuT-Dg,1
@TiffanyReneeOFFICIAL,PLKrSVuT-Dg,1
@TomTom-qd3rb,PLKrSVuT-Dg,1
@Trollface_64,PLKrSVuT-Dg,1
@UmeshRoy-k9n,PLKrSVuT-Dg,1
@Unknown404-S,PLKrSVuT-Dg,1
@V3racious3,PLKrSVuT-Dg,1
@VirendraMasram-qm6py,PLKrSVuT-Dg,1
@Wib0,PLKrSVuT-Dg,1
@Xalqi.surchi13,PLKrSVuT-Dg,1
@YoryimarGuillermoLuyPerez,PLKrSVuT-Dg,1
@YugNirman12,PLKrSVuT-Dg,1
@akkillerak1516,PLKrSVuT-Dg,1
@aklapotherpotherpothikrebh603,PLKrSVuT-Dg,1
@alasedasalsaedas7400,PLKrSVuT-Dg,1
@askaristejano9564,PLKrSVuT-Dg,1
@aslemb8,PLKrSVuT-Dg,1
@athulramesh129,PLKrSVuT-Dg,1
@attribute-4677,PLKrSVuT-Dg,1
@b1nxhunter,PLKrSVuT-Dg,1
@bernabejose4326,PLKrSVuT-Dg,2
@bhaktiwlovish,PLKrSVuT-Dg,1
@bharatnaik1226,PLKrSVuT-Dg,2
@bhaskarshetty8668,PLKrSVuT-Dg,1
@bsmiffy1689,PLKrSVuT-Dg,1
@corriedebeer799,PLKrSVuT-Dg,1
@das_fahrer,PLKrSVuT-Dg,1
@deadbeefcodex,PLKrSVuT-Dg,3
@dgnbfujbvgjnv5552,PLKrSVuT-Dg,1
@dhannusinghdee,PLKrSVuT-Dg,1
@dimaryk11,PLKrSVuT-Dg,1
@divyadeepam8235,PLKrSVuT-Dg,1
@dondorianlive,PLKrSVuT-Dg,1
@erasablesky2,PLKrSVuT-Dg,1
@esmeraldacortez5107,PLKrSVuT-Dg,1
@eyzake,PLKrSVuT-Dg,1
@gullzaibakram.,PLKrSVuT-Dg,1
@harshitFF105k,PLKrSVuT-Dg,1
@homecricket-y6d,PLKrSVuT-Dg,1
@iWhacko,PLKrSVuT-Dg,1
@ionutboss1266,PLKrSVuT-Dg,1
@ironlioninternational,PLKrSVuT-Dg,1
@jacobkgapola7813,PLKrSVuT-Dg,1
@jayempowers,PLKrSVuT-Dg,1
@jdny3nd92,PLKrSVuT-Dg,1
@joadjood-j4e,PLKrSVuT-Dg,1
@keanech,PLKrSVuT-Dg,1
@kiran-Saleem,PLKrSVuT-Dg,1
@lamiadahoui2272,PLKrSVuT-Dg,1
@lavkushvermak2k,PLKrSVuT-Dg,1
@mdmajibul-99,PLKrSVuT-Dg,1
@meongdapur742,PLKrSVuT-Dg,1
@minoikacarvajal3618,PLKrSVuT-Dg,1
@mirodno9055,PLKrSVuT-Dg,1
@modfornia,PLKrSVuT-Dg,1
@mostafamesbaheledrisy8439,PLKrSVuT-Dg,1
@mylifefulldamage8825,PLKrSVuT-Dg,1
@namphong28-o72,PLKrSVuT-Dg,1
@nicodesde2279,PLKrSVuT-Dg,1
@nitingupta5379,PLKrSVuT-Dg,1
@omar1989-d5j,PLKrSVuT-Dg,1
@pathsystems,PLKrSVuT-Dg,1
@pattamabunchuay9369,PLKrSVuT-Dg,1
@piemasta93,PLKrSVuT-Dg,1
@polashhossain7447,PLKrSVuT-Dg,1
@porsche-911-turbos,PLKrSVuT-Dg,1
@prakashbhuriya3077,PLKrSVuT-Dg,1
@prakashgiri1409,PLKrSVuT-Dg,1
@psnts-5ao,PLKrSVuT-Dg,1
@riddles265,PLKrSVuT-Dg,1
@risunapple105,PLKrSVuT-Dg,1
@rteammobile,PLKrSVuT-Dg,1
@s179m,PLKrSVuT-Dg,1
@sedmochill4707,PLKrSVuT-Dg,1
@shadowbits-x64,PLKrSVuT-Dg,1
@shapesii,PLKrSVuT-Dg,1
@shihab889g,PLKrSVuT-Dg,1
@shortsedditar12,PLKrSVuT-Dg,1
@silvacarl,PLKrSVuT-Dg,1
@somchai-s2i,PLKrSVuT-Dg,1
@soumyasvlogs1456,PLKrSVuT-Dg,1
@storyshort099,PLKrSVuT-Dg,1
@tama__nagi_x,PLKrSVuT-Dg,1
@user-sam4465,PLKrSVuT-Dg,1
@victorolatinwo6076,PLKrSVuT-Dg,1
@youcanbeatopper,PLKrSVuT-Dg,1
@أبوحيدر-د4ش1س,PLKrSVuT-Dg,1
@الهاشيرا_انا_و_امي,PLKrSVuT-Dg,1
@خديجهالخضر,PLKrSVuT-Dg,1
@زياد_منير2,PLKrSVuT-Dg,1
@سیدمحسنتیموریسندسی,PLKrSVuT-Dg,1
@فارسابوطاهر-ش1ق,PLKrSVuT-Dg,1
@فاضلسرور-ج6غ,PLKrSVuT-Dg,1
@قصيمقبل-و4س,PLKrSVuT-Dg,1
@لولوكاتي-ذ9ج1ك,PLKrSVuT-Dg,1
@محمدعوفي-ظ9ه,PLKrSVuT-Dg,1
@منىناصيف-م6ي,PLKrSVuT-Dg,1
@نورالشامابوعرابي,PLKrSVuT-Dg,1
@وليدلاسمر,PLKrSVuT-Dg,1
@រកលុយMMO,PLKrSVuT-Dg,1
@亗HACKER,PLKrSVuT-Dg,1
@Ashley-sd5xn,PfpYTCeK-B0,1
@Azns7,PfpYTCeK-B0,1
@DivineLyrics-ru2ch,PfpYTCeK-B0,3
@SanteeRocks,PfpYTCeK-B0,1
@WyattFantana,PfpYTCeK-B0,1
@anyeos,PfpYTCeK-B0,1
@dkazmer2,PfpYTCeK-B0,1
@jameswhite5293,PfpYTCeK-B0,1
@kim-me-so,PfpYTCeK-B0,1
@mateuszlechowiczpl,PfpYTCeK-B0,1
@matfat55,PfpYTCeK-B0,1
@mycavalli3092,PfpYTCeK-B0,1
@sLavoncheg,PfpYTCeK-B0,1
@sid.h,PfpYTCeK-B0,1
@suffien,PfpYTCeK-B0,1
@thesnhigdho,PfpYTCeK-B0,1
@tom.developer,PfpYTCeK-B0,4
@BenDover-pq8xj,QcxL0SXILC4,1
@KST8512,QcxL0SXILC4,1
@SoftwareDeveloperDiaries,QcxL0SXILC4,5
@ZlatkoTestDerkoskiTest,QcxL0SXILC4,1
@alwanlytech,QcxL0SXILC4,1
@daegohikari,QcxL0SXILC4,1
@jeremyccc,QcxL0SXILC4,1
@lehaduong2532,QcxL0SXILC4,1
@mikeeomega,QcxL0SXILC4,1
@patriciarodriguez977,QcxL0SXILC4,2
@saikonuru,QcxL0SXILC4,1
@vitalydushkin,QcxL0SXILC4,1
@yogeshgaonkar4955,QcxL0SXILC4,1
@AIOptimizer,RKbmqSRc0z0,1
@Alan46810,RKbmqSRc0z0,1
@Alex-h8u8s,RKbmqSRc0z0,1
@Any-rant,RKbmqSRc0z0,1
@AshanMaduranga-u1p,RKbmqSRc0z0,1
@CarLover703,RKbmqSRc0z0,1
@FernandoEmanuel-d9l,RKbmqSRc0z0,1
@GeorginaVitanova,RKbmqSRc0z0,1
@HaiiDesigns,RKbmqSRc0z0,1
@HiveGod-k2d,RKbmqSRc0z0,1
@Jamesrobinsoon,RKbmqSRc0z0,1
@JoooeEsam-s8g,RKbmqSRc0z0,1
@JoshuaLamer,RKbmqSRc0z0,1
@JoãoSantos-r8b,RKbmqSRc0z0,1
@KIVEEBrands,RKbmqSRc0z0,1
@KodyPaul-u1z,RKbmqSRc0z0,1
@KucingGarong12-y2v,RKbmqSRc0z0,1
@LazeX7,RKbmqSRc0z0,1
@LouisBeaumont-p6i,RKbmqSRc0z0,1
@MakroutaMalik,RKbmqSRc0z0,1
@MohamedMufeez-x7t,RKbmqSRc0z0,1
@MouradMouha-p2i,RKbmqSRc0z0,1
@PaniaThong,RKbmqSRc0z0,1
@PoPdata17,RKbmqSRc0z0,1
@R_i_c_k__V,RKbmqSRc0z0,1
@RimiPal123,RKbmqSRc0z0,1
@SAMSARAH93,RKbmqSRc0z0,1
@SabriNoreldeen,RKbmqSRc0z0,1
@SomaDas-t6h,RKbmqSRc0z0,1
@Somtowchu,RKbmqSRc0z0,1
@VS-ic3by,RKbmqSRc0z0,1
@WorkTravel.AI-Agency,RKbmqSRc0z0,1
@alisoroori1425,RKbmqSRc0z0,1
@alzalame,RKbmqSRc0z0,1
@barrycaty,RKbmqSRc0z0,1
@bobjalili1670,RKbmqSRc0z0,1
@fred-y5i3z,RKbmqSRc0z0,1
@ge4r1a5ldsayz,RKbmqSRc0z0,1
@janiel471,RKbmqSRc0z0,1
@jokokentir666,RKbmqSRc0z0,1
@josazee,RKbmqSRc0z0,1
@juliogustavo1006,RKbmqSRc0z0,1
@kidrmax7165,RKbmqSRc0z0,1
@loc5706,RKbmqSRc0z0,1
@luckybase1234,RKbmqSRc0z0,1
@markwinterus,RKbmqSRc0z0,1
@mikeynocode,RKbmqSRc0z0,1
@nanadei111,RKbmqSRc0z0,1
@nanohits1,RKbmqSRc0z0,1
@nicksparagis6139,RKbmqSRc0z0,1
@nielagi5029,RKbmqSRc0z0,1
@oliviaczhou,RKbmqSRc0z0,1
@papabuelo,RKbmqSRc0z0,1
@poonkawin,RKbmqSRc0z0,1
@razrgu3838,RKbmqSRc0z0,1
@rodrigoruiz976,RKbmqSRc0z0,1
@travelinlance,RKbmqSRc0z0,1
@tysoncung,RKbmqSRc0z0,1
@voidexereal,RKbmqSRc0z0,2
@xiu-li,RKbmqSRc0z0,1
@Afaqplanetscale,SJqGYwRq0uc,1
@CarlosLeon-ii2fs,SJqGYwRq0uc,1
@DhirendraKumarS,SJqGYwRq0uc,1
@EdsonNascimentoEN,SJqGYwRq0uc,1
@GitHub,SJqGYwRq0uc,1
@GrahamBrook,SJqGYwRq0uc,1
@HeberHolanda-r1q,SJqGYwRq0uc,1
@HectorFranciscoCardonaPinedaXD,SJqGYwRq0uc,1
@JunaidulIslamJarif,SJqGYwRq0uc,1
@KSafi-rp1ho,SJqGYwRq0uc,1
@KellyJones-g3t,SJqGYwRq0uc,1
@N-Tity,SJqGYwRq0uc,1
@Paxmet,SJqGYwRq0uc,1
@TheIndianOutcast,SJqGYwRq0uc,1
@agelee89,SJqGYwRq0uc,1
@bobburke4336,SJqGYwRq0uc,1
@codescandy,SJqGYwRq0uc,1
@erickstjames,SJqGYwRq0uc,1
@hooky17,SJqGYwRq0uc,1
@klashe1977,SJqGYwRq0uc,1
@lostdog1303,SJqGYwRq0uc,1
@mariusz_stepien,SJqGYwRq0uc,2
@menuqaalerd,SJqGYwRq0uc,1
@muizuvais,SJqGYwRq0uc,1
@omaracelys3217,SJqGYwRq0uc,1
@paingthuaung-b9o,SJqGYwRq0uc,1
@rajendrajasathy4356,SJqGYwRq0uc,3
@scotshabalam2432,SJqGYwRq0uc,1
@syahidali6125,SJqGYwRq0uc,1
@tebybohorquez6121,SJqGYwRq0uc,1
@tonyeneh8194,SJqGYwRq0uc,1
@wingwing2683,SJqGYwRq0uc,1
@yuriysadovskiy494,SJqGYwRq0uc,1
@Alan6054,TANCHT6uht0,1
@AlexanderOjeniweh,TANCHT6uht0,1
@Aliens-Are-Our-Friends2027,TANCHT6uht0,1
@Aviator168,TANCHT6uht0,1
@BOOMER4547,TANCHT6uht0,1
@Blue-Scorpion,TANCHT6uht0,1
@Brmmalesela,TANCHT6uht0,1
@BrunoAlves-mi7lb,TANCHT6uht0,1
@CaffinatedGainz,TANCHT6uht0,1
@CallousCoder,TANCHT6uht0,1
@Caloythetraveler360,TANCHT6uht0,1
@DAVIDGREGORYKERR,TANCHT6uht0,1
@DaniloZanaga,TANCHT6uht0,1
@Darkpill-2,TANCHT6uht0,1
@DavesGarage,TANCHT6uht0,1
@DivineTeleportEvolution,TANCHT6uht0,1
@ETAonTheEUC,TANCHT6uht0,1
@Ed_Aylward,TANCHT6uht0,1
@FirstxLast,TANCHT6uht0,1
@GarythePickle,TANCHT6uht0,1
@History_Mystery_Crime,TANCHT6uht0,1
@Holly0Shit,TANCHT6uht0,1
@Ibrahim-fh6kv,TANCHT6uht0,1
@JG27Korny,TANCHT6uht0,1
@Jadestonk,TANCHT6uht0,2
@Jqvs117,TANCHT6uht0,1
@KeenlyJohnas,TANCHT6uht0,1
@KeeperKen30,TANCHT6uht0,1
@KontoTestowe-yj2bg,TANCHT6uht0,1
@KrunkDiddelyUmptious,TANCHT6uht0,1
@Lottodds,TANCHT6uht0,1
@MEANASSJAMSTER,TANCHT6uht0,1
@Marcus_613,TANCHT6uht0,1
@Mauiman-aloha,TANCHT6uht0,1
@Memory_ahole,TANCHT6uht0,1
@MusicByJC,TANCHT6uht0,1
@MynamedidntFitDonkey,TANCHT6uht0,1
@Nabula6118,TANCHT6uht0,1
@NerdyMando_Ewok,TANCHT6uht0,2
@ORIGINALUSRNM,TANCHT6uht0,1
@Pang_Yau_Wee,TANCHT6uht0,1
@PeterEdin,TANCHT6uht0,1
@RachelHMcKay,TANCHT6uht0,1
@Ratkwad,TANCHT6uht0,1
@RickyMcevoy-d7s,TANCHT6uht0,1
@SV-tc8cu,TANCHT6uht0,1
@Snowman-o3l,TANCHT6uht0,1
@Someone-lc6dc,TANCHT6uht0,1
@StadnicX,TANCHT6uht0,1
@Swanzo,TANCHT6uht0,1
@TauvicRitter,TANCHT6uht0,1
@TegridyMadeGames,TANCHT6uht0,1
@Toni-Toneless,TANCHT6uht0,1
@Tvalfager,TANCHT6uht0,1
@UltimateKeyboardWarrior,TANCHT6uht0,1
@UrsaBella,TANCHT6uht0,1
@UserName-q4i5d,TANCHT6uht0,1
@VincentBeauregard-i8o,TANCHT6uht0,1
@Wulfdane,TANCHT6uht0,1
@ZoomZoom30010,TANCHT6uht0,1
@adreamroom,TANCHT6uht0,1
@adrianguerra1952,TANCHT6uht0,1
@ahmednayyer3466,TANCHT6uht0,1
@albertgallanosa8600,TANCHT6uht0,1
@albertoarmando6711,TANCHT6uht0,1
@aldergate-ca,TANCHT6uht0,1
@andrewstacy3937,TANCHT6uht0,1
@aodfr,TANCHT6uht0,1
@apocalypticambience,TANCHT6uht0,1
@arbainrahat4578,TANCHT6uht0,1
@aureliopetrone,TANCHT6uht0,1
@basehitsXX30,TANCHT6uht0,1
@bastje,TANCHT6uht0,1
@baxtermullins1842,TANCHT6uht0,1
@bestopinion9257,TANCHT6uht0,1
@bfrytech,TANCHT6uht0,1
@bigchills7194,TANCHT6uht0,1
@bleedgoat,TANCHT6uht0,2
@bobbybero7452,TANCHT6uht0,1
@bobertrobert5585,TANCHT6uht0,1
@bobgunner3086,TANCHT6uht0,1
@byronwooten1303,TANCHT6uht0,1
@cabdude2,TANCHT6uht0,1
@caneker5496,TANCHT6uht0,1
@celicom,TANCHT6uht0,1
@christosbinos8467,TANCHT6uht0,1
@cicalcical,TANCHT6uht0,1
@cjsamtab7,TANCHT6uht0,1
@colinchichester1809,TANCHT6uht0,1
@collinl.179,TANCHT6uht0,1
@comboai1000,TANCHT6uht0,1
@cryp0g00n4,TANCHT6uht0,2
@dancroitoru364,TANCHT6uht0,1
@davidgonz1012,TANCHT6uht0,1
@dawna2011,TANCHT6uht0,1
@differentman1878,TANCHT6uht0,1
@digiartpassion8513,TANCHT6uht0,1
@disgruntledtoons,TANCHT6uht0,1
@dougdendulk7227,TANCHT6uht0,1
@egemen261,TANCHT6uht0,1
@engineerfoxy,TANCHT6uht0,1
@escapegulag4317,TANCHT6uht0,1
@fabricendiaye5345,TANCHT6uht0,1
@facttv4405,TANCHT6uht0,1
@fennecbesixdouze1794,TANCHT6uht0,1
@finnjahner8733,TANCHT6uht0,1
@formineonly12345,TANCHT6uht0,1
@funicon3689,TANCHT6uht0,1
@furqantarique3484,TANCHT6uht0,2
@gavinnaicker6393,TANCHT6uht0,1
@geemooney2229,TANCHT6uht0,1
@genzboomer-sv3pl,TANCHT6uht0,1
@getwetset,TANCHT6uht0,1
@ghost_cold567,TANCHT6uht0,1
@gmshadowtraders,TANCHT6uht0,2
@gofrisuto,TANCHT6uht0,1
@griffinarcher2911,TANCHT6uht0,1
@gruntaxeman3740,TANCHT6uht0,1
@heheechannel,TANCHT6uht0,1
@helbertgascon,TANCHT6uht0,1
@humanieryt,TANCHT6uht0,1
@iancoles1349,TANCHT6uht0,1
@ichibrosan,TANCHT6uht0,2
@ironlegacymedia,TANCHT6uht0,1
@isaaclacoba4458,TANCHT6uht0,1
@j936-n6n,TANCHT6uht0,1
@jaovao,TANCHT6uht0,1
@jasonscala5834,TANCHT6uht0,1
@javadave,TANCHT6uht0,1
@jeffgros8508,TANCHT6uht0,1
@jerrhann,TANCHT6uht0,1
@jiangtao2990,TANCHT6uht0,1
@jreactcmb,TANCHT6uht0,1
@kevobuilds,TANCHT6uht0,1
@kokito-kokoa,TANCHT6uht0,1
@ksg1240,TANCHT6uht0,1
@laguintasuarez6601,TANCHT6uht0,1
@leakrr,TANCHT6uht0,1
@liminal27,TANCHT6uht0,1
@luizfelipemedeiros7506,TANCHT6uht0,3
@maltimoto,TANCHT6uht0,1
@marvin6016,TANCHT6uht0,1
@mat-ventures,TANCHT6uht0,1
@matthewberg5835,TANCHT6uht0,1
@mawalir937,TANCHT6uht0,1
@mdj5782,TANCHT6uht0,1
@medusaskull9625,TANCHT6uht0,1
@mensaswede4028,TANCHT6uht0,1
@mimimoo4493,TANCHT6uht0,1
@mirjaperezdecalleja4482,TANCHT6uht0,1
@misfitmdhz,TANCHT6uht0,1
@mjolninja9358,TANCHT6uht0,3
@mosconioni4523,TANCHT6uht0,1
@moyotom,TANCHT6uht0,1
@mynameisjeff9124,TANCHT6uht0,1
@naidol,TANCHT6uht0,1
@naratornsereeyothin295,TANCHT6uht0,1
@naszrawilde,TANCHT6uht0,1
@ncmathsadist,TANCHT6uht0,1
@nipungrover7058,TANCHT6uht0,1
@nobilismaximus,TANCHT6uht0,1
@normbograham3,TANCHT6uht0,1
@pantegministries,TANCHT6uht0,2
@paulholsters7932,TANCHT6uht0,1
@pavankumar-of4ew,TANCHT6uht0,1
@pcdoodle1,TANCHT6uht0,1
@pheonixjalal,TANCHT6uht0,1
@photorealm,TANCHT6uht0,1
@plaidchuck,TANCHT6uht0,1
@plop_plop_plop,TANCHT6uht0,1
@pooriasadeghi9042,TANCHT6uht0,1
@pope1089,TANCHT6uht0,1
@pyp2205,TANCHT6uht0,1
@quartytypo,TANCHT6uht0,1
@rameeziqbal8711,TANCHT6uht0,1
@ravikurup8350,TANCHT6uht0,1
@rexvoxuslife,TANCHT6uht0,1
@rida4002,TANCHT6uht0,1
@rmzzz76,TANCHT6uht0,1
@robotron1236,TANCHT6uht0,2
@ronalerquinigoagurto555,TANCHT6uht0,1
@rondolfopresilla6876,TANCHT6uht0,1
@ruiaraujo6258,TANCHT6uht0,1
@rvscript,TANCHT6uht0,1
@seifwaleed8066,TANCHT6uht0,1
@shellsopinion5837,TANCHT6uht0,1
@skyrolstudio9567,TANCHT6uht0,1
@stanrock8015,TANCHT6uht0,1
@styletokyo9888,TANCHT6uht0,1
@sumwonche5688,TANCHT6uht0,1
@supermolerrr2689,TANCHT6uht0,1
@supersonicstyleatsonicspeed,TANCHT6uht0,1
@sxxon751,TANCHT6uht0,1
@talk2azs,TANCHT6uht0,1
@tentimesful,TANCHT6uht0,1
@theMuritz,TANCHT6uht0,1
@tomekgnu,TANCHT6uht0,1
@tonywtyt,TANCHT6uht0,1
@twelvestepcorky,TANCHT6uht0,1
@ulyssesn.juarez153,TANCHT6uht0,1
@utuBrV1oI,TANCHT6uht0,1
@virtualpilgrim8645,TANCHT6uht0,1
@vxsniffer,TANCHT6uht0,1
@willembeltman,TANCHT6uht0,1
@wuhanlabtech,TANCHT6uht0,1
@yharom,TANCHT6uht0,1
@yunusgokcen174,TANCHT6uht0,2
@22indranisaha86,TKal4pZHr0U,1
@ABHINAVALAPATI,TKal4pZHr0U,1
@Abhi-tl9em,TKal4pZHr0U,1
@Adarsh22r,TKal4pZHr0U,1
@AdityaP-e9p,TKal4pZHr0U,1
@AkaiCindy,TKal4pZHr0U,1
@AlanJoy_random,TKal4pZHr0U,2
@AmritJoshi07,TKal4pZHr0U,1
@AnujSingh-uv4gk,TKal4pZHr0U,1
@Brutus34100,TKal4pZHr0U,1
@Chethan-j6q,TKal4pZHr0U,1
@CodeWithRush,TKal4pZHr0U,2
@Codeing-di3yf,TKal4pZHr0U,1
@Consultant3152,TKal4pZHr0U,1
@Darling_Vijay_kumar,TKal4pZHr0U,1
@DeepEnginerd,TKal4pZHr0U,2
@Deven777-u5q,TKal4pZHr0U,1
@Eliteshows,TKal4pZHr0U,1
@EvilSapphireR,TKal4pZHr0U,1
@Gabeyre,TKal4pZHr0U,2
@GauravSharma-bl7nu,TKal4pZHr0U,1
@Girish_Comm,TKal4pZHr0U,1
@Gratitude_247,TKal4pZHr0U,1
@Gurpreet45251,TKal4pZHr0U,1
@Hodan438,TKal4pZHr0U,1
@JohnR-fc7vr,TKal4pZHr0U,1
@KKrishvishwa,TKal4pZHr0U,2
@KN38277,TKal4pZHr0U,1
@KhalidKhan-xq5xp,TKal4pZHr0U,1
@Kimseok109,TKal4pZHr0U,1
@KotaSarat52,TKal4pZHr0U,1
@Lax1n-o9u,TKal4pZHr0U,1
@Lippapoti,TKal4pZHr0U,1
@Lockin-q5t4h,TKal4pZHr0U,1
@ManishKumarSingh-d9g,TKal4pZHr0U,1
@ManojKumarmamtha,TKal4pZHr0U,1
@ManthanGorade,TKal4pZHr0U,1
@MillionToday-y1x,TKal4pZHr0U,1
@PTCan007,TKal4pZHr0U,1
@PradeepKumar-er5ts,TKal4pZHr0U,1
@PrashanthPuranik,TKal4pZHr0U,1
@Pyromaniac9901-m5i,TKal4pZHr0U,2
@RayshonsKingatua,TKal4pZHr0U,1
@RealRameshBabu,TKal4pZHr0U,1
@RishabhChonkar97,TKal4pZHr0U,1
@San00360,TKal4pZHr0U,1
@ShahJahan_NNN,TKal4pZHr0U,1
@ShankarJujjuri-26,TKal4pZHr0U,1
@TejasM-su4on,TKal4pZHr0U,2
@Telusko,TKal4pZHr0U,1
@Tom-ss2ri,TKal4pZHr0U,1
@Ujjwaltiwariii,TKal4pZHr0U,1
@VaradharajanD-h5o,TKal4pZHr0U,1
@Yagyaansh,TKal4pZHr0U,1
@YaserHussain-p3l8z,TKal4pZHr0U,2
@_Garm_,TKal4pZHr0U,1
@abhishekpawar3992,TKal4pZHr0U,1
@acs1018,TKal4pZHr0U,1
@adarshnaik2395,TKal4pZHr0U,1
@adhamelsamahy2954,TKal4pZHr0U,2
@afrozmansuri-mb2vx,TKal4pZHr0U,1
@afrozmohammad5982,TKal4pZHr0U,1
@aionrails-b6u,TKal4pZHr0U,1
@aka_bala.009,TKal4pZHr0U,1
@akhintheruvath,TKal4pZHr0U,1
@alexios2263,TKal4pZHr0U,1
@amithviswas1701,TKal4pZHr0U,1
@amritgeorgian,TKal4pZHr0U,1
@aniebietafia,TKal4pZHr0U,2
@arjunvr5137,TKal4pZHr0U,1
@avanishbidar,TKal4pZHr0U,1
@barbarianking8308,TKal4pZHr0U,1
@brainrotini99,TKal4pZHr0U,1
@brillybenny,TKal4pZHr0U,1
@buildingphase9712,TKal4pZHr0U,1
@bunyameennurudeen173,TKal4pZHr0U,1
@casanova5743,TKal4pZHr0U,1
@charan_cherry,TKal4pZHr0U,1
@chotumotu11,TKal4pZHr0U,1
@codewithyunus8423,TKal4pZHr0U,1
@commieTerminator,TKal4pZHr0U,3
@commonman5768,TKal4pZHr0U,2
@cyberbatman-,TKal4pZHr0U,1
@deepanjannag,TKal4pZHr0U,1
@devd5820,TKal4pZHr0U,1
@devyankshaw9365,TKal4pZHr0U,1
@everydaygaming7962,TKal4pZHr0U,1
@fero___3005,TKal4pZHr0U,1
@firos_sha,TKal4pZHr0U,1
@galahirudilhara553,TKal4pZHr0U,3
@garydunken7934,TKal4pZHr0U,1
@gireeshbhat4158,TKal4pZHr0U,1
@girishkumarkoneru9766,TKal4pZHr0U,1
@gulabpatel7477,TKal4pZHr0U,1
@hellish.racoon69,TKal4pZHr0U,1
@hopree2839,TKal4pZHr0U,1
@iAmPrince-7,TKal4pZHr0U,1
@iamtharunraj,TKal4pZHr0U,1
@irfanhabib5043,TKal4pZHr0U,1
@ishanmalithgunawardane8391,TKal4pZHr0U,1
@itswavo,TKal4pZHr0U,1
@jafardahodwala6477,TKal4pZHr0U,2
@johnmadsen37,TKal4pZHr0U,1
@kanunswain5418,TKal4pZHr0U,1
@karthikgowda0502,TKal4pZHr0U,1
@kavin1814,TKal4pZHr0U,1
@keithmuzondo4577,TKal4pZHr0U,1
@kemehj,TKal4pZHr0U,1
@knowwhatyoudonot,TKal4pZHr0U,1
@kshitijpanday6,TKal4pZHr0U,1
@kushagrabhawsar9640,TKal4pZHr0U,1
@lijojd,TKal4pZHr0U,1
@linkeshwar,TKal4pZHr0U,1
@madhushaurya2360,TKal4pZHr0U,2
@mallik23,TKal4pZHr0U,1
@martinsch,TKal4pZHr0U,1
@mawkuri5496,TKal4pZHr0U,1
@mba_leo,TKal4pZHr0U,1
@mdelim3128,TKal4pZHr0U,1
@methic-w1l,TKal4pZHr0U,1
@mohammedashraf2060,TKal4pZHr0U,1
@mohammedmahrozuddin,TKal4pZHr0U,1
@mr_satya_x1,TKal4pZHr0U,1
@nexttt__,TKal4pZHr0U,4
@nirjalbista9881,TKal4pZHr0U,1
@nishantgholap5103,TKal4pZHr0U,1
@nithikanb,TKal4pZHr0U,1
@odumahojorma,TKal4pZHr0U,1
@outlier10,TKal4pZHr0U,1
@overlordl2dev,TKal4pZHr0U,4
@overtlycovert3610,TKal4pZHr0U,1
@pavanm5510,TKal4pZHr0U,1
@poornasaipilla1620,TKal4pZHr0U,1
@praveeny4307,TKal4pZHr0U,1
@pritam1754,TKal4pZHr0U,1
@prvinsharma,TKal4pZHr0U,1
@ravikumarkumashi7065,TKal4pZHr0U,1
@rk7091,TKal4pZHr0U,1
@samanthjain590,TKal4pZHr0U,1
@sammyBhai5945,TKal4pZHr0U,1
@samueldavid495,TKal4pZHr0U,1
@sankeerth1266,TKal4pZHr0U,1
@santosht100,TKal4pZHr0U,1
@sarinlalkv,TKal4pZHr0U,1
@sayantaneogi5142,TKal4pZHr0U,1
@secureitmania,TKal4pZHr0U,1
@sethusuresh9196,TKal4pZHr0U,1
@shamseerahammed4094,TKal4pZHr0U,2
@shanikhan7490,TKal4pZHr0U,1
@sharansc-h9t,TKal4pZHr0U,1
@shashankpandey1966,TKal4pZHr0U,1
@shivagopannagari1415,TKal4pZHr0U,1
@shyam-lev,TKal4pZHr0U,1
@siddharthppawar,TKal4pZHr0U,3
@simplycoding347,TKal4pZHr0U,1
@smUser8990,TKal4pZHr0U,1
@socialbird89,TKal4pZHr0U,1
@sriramr1981,TKal4pZHr0U,1
@stiphenrobert4469,TKal4pZHr0U,1
@sudheerai,TKal4pZHr0U,1
@suryaishnavi,TKal4pZHr0U,1
@suyashrajpure3562,TKal4pZHr0U,1
@techseekerbrains5193,TKal4pZHr0U,1
@techxplore8896,TKal4pZHr0U,2
@tejas8196,TKal4pZHr0U,2
@theRedBarron-s9z,TKal4pZHr0U,1
@theancientvoice9272,TKal4pZHr0U,1
@theonlymaster9374,TKal4pZHr0U,1
@under2min306,TKal4pZHr0U,1
@universal4334,TKal4pZHr0U,1
@veereashk.v3666,TKal4pZHr0U,1
@venkadeshm6894,TKal4pZHr0U,1
@vishnu1458,TKal4pZHr0U,1
@vivekbhati9054,TKal4pZHr0U,1
@xerxes_06,TKal4pZHr0U,1
@00EnjoyLife00,TdNEgWn0ONg,1
@AB-wf8ek,TdNEgWn0ONg,1
@AMR-bf8nx,TdNEgWn0ONg,1
@Aashka_The_Mystic,TdNEgWn0ONg,1
@AbdulBasit-g4t9i,TdNEgWn0ONg,1
@Abdullahyt422,TdNEgWn0ONg,1
@AbinBaby28,TdNEgWn0ONg,1
@AdvestHQ,TdNEgWn0ONg,1
@Ahmet-x3m2g,TdNEgWn0ONg,1
@AnishG-v7m,TdNEgWn0ONg,1
@Anon-tt9rz,TdNEgWn0ONg,1
@Anonymous20r,TdNEgWn0ONg,1
@BillSor,TdNEgWn0ONg,1
@BobbyCodes,TdNEgWn0ONg,1
@BongPet-m3v,TdNEgWn0ONg,1
@BrianOSheaPlus,TdNEgWn0ONg,1
@CandisBest,TdNEgWn0ONg,1
@CharlieMcNugets,TdNEgWn0ONg,1
@Chrono28x,TdNEgWn0ONg,1
@CptVex,TdNEgWn0ONg,1
@DanieleNiero,TdNEgWn0ONg,3
@Developete,TdNEgWn0ONg,11
@Dhanan-J,TdNEgWn0ONg,1
@DreamCarDiaries2.0,TdNEgWn0ONg,1
@Erick-dk5vr,TdNEgWn0ONg,1
@Favourites250,TdNEgWn0ONg,1
@Fluke2SS,TdNEgWn0ONg,1
@Fmanoid,TdNEgWn0ONg,1
@FreeRojava07462,TdNEgWn0ONg,1
@FriedFx,TdNEgWn0ONg,1
@HarmeetSinghhere,TdNEgWn0ONg,1
@Harsh-lf4bw,TdNEgWn0ONg,1
@HeinzWerner-f9b,TdNEgWn0ONg,1
@ILYASSXEBEC,TdNEgWn0ONg,1
@IZOSNL,TdNEgWn0ONg,1
@ImmortalBlick,TdNEgWn0ONg,1
@JackSimpsonJBS,TdNEgWn0ONg,1
@JohnFinklestein,TdNEgWn0ONg,1
@JohnQ85,TdNEgWn0ONg,1
@JohnSnow-t5s,TdNEgWn0ONg,1
@K3Adventures,TdNEgWn0ONg,1
@Kestrel1971,TdNEgWn0ONg,1
@Lee-p4m4j,TdNEgWn0ONg,1
@LessonsFromProduction,TdNEgWn0ONg,1
@Lottodds,TdNEgWn0ONg,1
@Lydelith,TdNEgWn0ONg,2
@MiroslavRusevljan-x3o,TdNEgWn0ONg,1
@Mishoko0,TdNEgWn0ONg,1
@MrCyberGuy,TdNEgWn0ONg,2
@Musisi-f1h,TdNEgWn0ONg,1
@NEERAJKUMAR-ri7ui,TdNEgWn0ONg,1
@Naminukaz,TdNEgWn0ONg,1
@Neopitpit,TdNEgWn0ONg,1
@OSCAR1777,TdNEgWn0ONg,1
@PopyRainbowofficial,TdNEgWn0ONg,1
@Prasanta530,TdNEgWn0ONg,1
@PulseHub_tv,TdNEgWn0ONg,1
@Pythoner,TdNEgWn0ONg,1
@RahulBhagatclicker,TdNEgWn0ONg,1
@Ravi-AI-US,TdNEgWn0ONg,1
@Rayyarhs,TdNEgWn0ONg,1
@Rigvedification,TdNEgWn0ONg,1
@SXsoft99,TdNEgWn0ONg,1
@Sanakhan-y5j4b,TdNEgWn0ONg,1
@ShiroAisan,TdNEgWn0ONg,1
@Shivakrishna-t9g,TdNEgWn0ONg,1
@SnakeEngine,TdNEgWn0ONg,4
@TeresaVere,TdNEgWn0ONg,1
@ToddDoes,TdNEgWn0ONg,1
@TrollMeister_,TdNEgWn0ONg,1
@UnsungSpartan,TdNEgWn0ONg,1
@VES.,TdNEgWn0ONg,1
@VladislavAntonenko,TdNEgWn0ONg,1
@X-llllllllll-X,TdNEgWn0ONg,1
@XaFFaX,TdNEgWn0ONg,1
@YIKWebSolutions,TdNEgWn0ONg,1
@Yavin4,TdNEgWn0ONg,1
@Zaary,TdNEgWn0ONg,1
@ZivelaYugoslavija,TdNEgWn0ONg,1
@abhisheksahu3435,TdNEgWn0ONg,1
@adebayoemmanuel911,TdNEgWn0ONg,1
@adrianroberts4174,TdNEgWn0ONg,1
@agge12345678,TdNEgWn0ONg,1
@ahmedoumedyhdhih4840,TdNEgWn0ONg,2
@akvarg,TdNEgWn0ONg,1
@aleksandarbursac4274,TdNEgWn0ONg,1
@aleksdeveloper698,TdNEgWn0ONg,1
@andreashauschild7757,TdNEgWn0ONg,1
@ankuronlyu,TdNEgWn0ONg,1
@argonaralfaran7617,TdNEgWn0ONg,1
@asoftraiden,TdNEgWn0ONg,1
@axelriet,TdNEgWn0ONg,1
@benbsingh,TdNEgWn0ONg,1
@benoitmaghoma8456,TdNEgWn0ONg,1
@bladbimer,TdNEgWn0ONg,1
@bomaathuis7277,TdNEgWn0ONg,1
@boognishy,TdNEgWn0ONg,1
@br1729,TdNEgWn0ONg,1
@buster-vu7sx,TdNEgWn0ONg,1
@carmenlogan4430,TdNEgWn0ONg,1
@cheryjose29,TdNEgWn0ONg,1
@circletoworld,TdNEgWn0ONg,1
@compcos,TdNEgWn0ONg,1
@corriedebeer799,TdNEgWn0ONg,1
@dan23.2,TdNEgWn0ONg,1
@danielsilver17,TdNEgWn0ONg,2
@danisgarten6994,TdNEgWn0ONg,1
@dantequartermain3595,TdNEgWn0ONg,1
@david_6063,TdNEgWn0ONg,1
@davorkrklec,TdNEgWn0ONg,1
@dhanguardbusinessbankingco4923,TdNEgWn0ONg,1
@domainmojo2162,TdNEgWn0ONg,1
@dougloqa8185,TdNEgWn0ONg,1
@edwardrichard1106,TdNEgWn0ONg,1
@elkin-pok,TdNEgWn0ONg,1
@ema-izu,TdNEgWn0ONg,2
@erwinmuega9223,TdNEgWn0ONg,2
@fiqhonomics,TdNEgWn0ONg,1
@fm22022,TdNEgWn0ONg,1
@fotoamgamgfoto3695,TdNEgWn0ONg,1
@furqantarique3484,TdNEgWn0ONg,1
@ganeshrao3113,TdNEgWn0ONg,1
@gauravgulati1583,TdNEgWn0ONg,1
@genosmolko10666,TdNEgWn0ONg,1
@globus000,TdNEgWn0ONg,1
@gokhanersan8561,TdNEgWn0ONg,1
@graemejones9707,TdNEgWn0ONg,3
@greycatpov,TdNEgWn0ONg,1
@grzegorzk5149,TdNEgWn0ONg,1
@gyorgykovesdi,TdNEgWn0ONg,1
@halfacanuck,TdNEgWn0ONg,3
@hgdolder,TdNEgWn0ONg,1
@hopeseekr,TdNEgWn0ONg,1
@htvital4184,TdNEgWn0ONg,1
@hugochavez6170,TdNEgWn0ONg,1
@interestingtopics419,TdNEgWn0ONg,1
@iot-portal,TdNEgWn0ONg,1
@iqwebserve3973,TdNEgWn0ONg,1
@itzjennyedit,TdNEgWn0ONg,2
@jacoberinc,TdNEgWn0ONg,1
@jitend432,TdNEgWn0ONg,1
@joecater894,TdNEgWn0ONg,1
@johndoe_1984,TdNEgWn0ONg,2
@jokelot5221,TdNEgWn0ONg,1
@jollygoodfellaa,TdNEgWn0ONg,1
@josephchello,TdNEgWn0ONg,1
@jtm-25,TdNEgWn0ONg,1
@juandixonformvp,TdNEgWn0ONg,2
@kandredfpv,TdNEgWn0ONg,1
@kikurage-m7h,TdNEgWn0ONg,1
@kmbtonkinese,TdNEgWn0ONg,1
@krasimirhristov6757,TdNEgWn0ONg,1
@laidback-anonymous6177,TdNEgWn0ONg,1
@leifkaius,TdNEgWn0ONg,1
@liezelkarsten173,TdNEgWn0ONg,1
@lmz41,TdNEgWn0ONg,1
@maciejlegowicz5834,TdNEgWn0ONg,1
@makwenkwesaul1637,TdNEgWn0ONg,1
@maosamoelaabraham5012,TdNEgWn0ONg,1
@marktomlinson2609,TdNEgWn0ONg,1
@matbaric,TdNEgWn0ONg,1
@matthiaslangbart9841,TdNEgWn0ONg,1
@mattolivier1835,TdNEgWn0ONg,1
@midnitdragoon,TdNEgWn0ONg,1
@misterkanister87,TdNEgWn0ONg,1
@mmanukumar6194,TdNEgWn0ONg,1
@mmganesh6087,TdNEgWn0ONg,1
@mrraider2241,TdNEgWn0ONg,1
@muditace111,TdNEgWn0ONg,1
@muhammadwibisonojanuar7793,TdNEgWn0ONg,1
@mundochad8671,TdNEgWn0ONg,1
@musicalkjv5937,TdNEgWn0ONg,1
@nethrakanike535,TdNEgWn0ONg,1
@nickallister,TdNEgWn0ONg,1
@nikoL00Z,TdNEgWn0ONg,1
@o.m.9752,TdNEgWn0ONg,1
@oefzdegoeggl,TdNEgWn0ONg,1
@oldSailor24,TdNEgWn0ONg,1
@onelove1325,TdNEgWn0ONg,1
@oo0speed0oo,TdNEgWn0ONg,1
@oregonxyz,TdNEgWn0ONg,2
@orson6897,TdNEgWn0ONg,1
@paul_wiggin,TdNEgWn0ONg,1
@peerullahhussainy7610,TdNEgWn0ONg,1
@pillmuncher67,TdNEgWn0ONg,2
@pragneshbamanya5079,TdNEgWn0ONg,7
@prashantsaklani8753,TdNEgWn0ONg,1
@preciousmusa4375,TdNEgWn0ONg,1
@raffaelesuppa4255,TdNEgWn0ONg,1
@rafi-l8y7q,TdNEgWn0ONg,1
@ramkumarrealm,TdNEgWn0ONg,1
@ravs2918,TdNEgWn0ONg,1
@realfuxx,TdNEgWn0ONg,1
@robertbokke,TdNEgWn0ONg,1
@ronaldx9988,TdNEgWn0ONg,1
@ronyortizop,TdNEgWn0ONg,1
@roshanv274,TdNEgWn0ONg,1
@selmfr,TdNEgWn0ONg,1
@shac-z,TdNEgWn0ONg,1
@sidnei15100,TdNEgWn0ONg,1
@silvamoz6299,TdNEgWn0ONg,1
@sk8ordie548,TdNEgWn0ONg,1
@sketchionic6356,TdNEgWn0ONg,1
@smithshaw1151,TdNEgWn0ONg,1
@sobakete,TdNEgWn0ONg,2
@spacemanone1,TdNEgWn0ONg,1
@stephenbeckett2067,TdNEgWn0ONg,1
@sterlingpaul3004,TdNEgWn0ONg,1
@stevedagostino7091,TdNEgWn0ONg,1
@stevezelaznik5872,TdNEgWn0ONg,1
@suhairrizwanofficial7355,TdNEgWn0ONg,1
@sumancpal,TdNEgWn0ONg,1
@supermarinespitfire1,TdNEgWn0ONg,1
@tapary,TdNEgWn0ONg,1
@terjes64,TdNEgWn0ONg,1
@theceilidhboy,TdNEgWn0ONg,1
@thesapper,TdNEgWn0ONg,2
@throneg1159,TdNEgWn0ONg,1
@timlinator,TdNEgWn0ONg,1
@tommywong3147,TdNEgWn0ONg,1
@valeriek8077,TdNEgWn0ONg,1
@viber1430,TdNEgWn0ONg,1
@vineetvishwakarma8847,TdNEgWn0ONg,1
@vishtrinity,TdNEgWn0ONg,1
@wavewalnut9869,TdNEgWn0ONg,1
@wenterinfaer1656,TdNEgWn0ONg,1
@woodyclimbing4040,TdNEgWn0ONg,1
@yadavrahulsureshchandra8062,TdNEgWn0ONg,1
@yasmelfl5146,TdNEgWn0ONg,1
@yoursolutionforlife,TdNEgWn0ONg,1
@yuriboyka_w,TdNEgWn0ONg,1
@zacharyberridge7239,TdNEgWn0ONg,1
@zadeh79,TdNEgWn0ONg,1
@zesciati2293,TdNEgWn0ONg,1
@znmliteral,TdNEgWn0ONg,1
@zobayer1,TdNEgWn0ONg,1
@木貞正博,TdNEgWn0ONg,1
@陶君-x4l,TdNEgWn0ONg,1
@000aleph,Tw18-4U7mts,1
@3meiju,Tw18-4U7mts,2
@98f5,Tw18-4U7mts,1
@ANGELANIMATION18,Tw18-4U7mts,1
@AVENGERS-42,Tw18-4U7mts,1
@AhmadMobayd,Tw18-4U7mts,1
@AndrewCJXing,Tw18-4U7mts,1
@Asadvlogs111,Tw18-4U7mts,1
@BabiryeTendo,Tw18-4U7mts,1
@BedjadDjr,Tw18-4U7mts,1
@BottleOfCoke,Tw18-4U7mts,1
@C1_JACK,Tw18-4U7mts,1
@Cakascorpion,Tw18-4U7mts,1
@Cartoonpanya,Tw18-4U7mts,1
@Copine-p6r,Tw18-4U7mts,1
@CuartoUrbano-wn9xm,Tw18-4U7mts,1
@DashkurDas,Tw18-4U7mts,1
@DemonKING-7-2,Tw18-4U7mts,1
@DomainManaging,Tw18-4U7mts,1
@Dr.BananaCraft,Tw18-4U7mts,1
@ESUOLONGINYMARUWESKY,Tw18-4U7mts,1
@Ego-b7o,Tw18-4U7mts,1
@Erickhetfield,Tw18-4U7mts,1
@FLEXGOnthemic,Tw18-4U7mts,1
@FPChris,Tw18-4U7mts,1
@FahdKher,Tw18-4U7mts,1
@FailsFunny152,Tw18-4U7mts,1
@FinalFentanyl7,Tw18-4U7mts,1
@Fireship,Tw18-4U7mts,1
@Freakazoid12345,Tw18-4U7mts,1
@GautamRakasiya,Tw18-4U7mts,1
@HIT-HOT-13,Tw18-4U7mts,1
@HOUCINEBoujneh-c5s,Tw18-4U7mts,1
@Habinshah,Tw18-4U7mts,1
@HasanHasantpo,Tw18-4U7mts,1
@Healthtalkandfunvideos,Tw18-4U7mts,1
@HelloWorld-gd6ps,Tw18-4U7mts,1
@InfinixMobill-j9r,Tw18-4U7mts,1
@IrrationalTriangle,Tw18-4U7mts,1
@ItsInfinityGaming1,Tw18-4U7mts,1
@JamaicaJuanerio-d1j,Tw18-4U7mts,1
@JanKrzeminski-k6h,Tw18-4U7mts,1
@JesusPlsSaveMe,Tw18-4U7mts,1
@Jojolau10bax,Tw18-4U7mts,1
@JuanAdriánMoreno,Tw18-4U7mts,1
@JustinJoyson,Tw18-4U7mts,1
@KabitaChhetri-ke9no,Tw18-4U7mts,1
@KaderKader-q4v4q,Tw18-4U7mts,1
@KemiHåland,Tw18-4U7mts,1
@Kidshortstv143,Tw18-4U7mts,1
@Krishnakandgule78,Tw18-4U7mts,1
@LoLEsportsCenter,Tw18-4U7mts,1
@Logan7WithAnI,Tw18-4U7mts,1
@Loki_Dokie,Tw18-4U7mts,1
@MIJAN__KING,Tw18-4U7mts,1
@MOHAMMEDGARBA-y9c,Tw18-4U7mts,1
@MannazX,Tw18-4U7mts,1
@MarcusBell-g2u,Tw18-4U7mts,1
@MasterCooking941,Tw18-4U7mts,1
@MdApon-777mar,Tw18-4U7mts,1
@MichaelMarkss,Tw18-4U7mts,1
@Milako-m1l,Tw18-4U7mts,1
@MohamedBadsi1,Tw18-4U7mts,1
@MohammedAhmad-p8x,Tw18-4U7mts,1
@MonuranjanKalita-jv5vi,Tw18-4U7mts,1
@Narcopia,Tw18-4U7mts,1
@Naturelover_sandeep,Tw18-4U7mts,1
@NazmBazi,Tw18-4U7mts,1
@Nick-f4w2n,Tw18-4U7mts,1
@NittyLove-p2i,Tw18-4U7mts,1
@Nyra-v6x,Tw18-4U7mts,1
@ObaiJodea,Tw18-4U7mts,1
@PalsangTamang-l3y,Tw18-4U7mts,1
@PauloAndrade-qh5vo,Tw18-4U7mts,1
@Pawan-z2r2s,Tw18-4U7mts,1
@PoojaprajapatiPoojaPrajapa-m2j,Tw18-4U7mts,1
@PrimaryCongress,Tw18-4U7mts,1
@PrøÖkïë-l5l,Tw18-4U7mts,1
@Psilobite,Tw18-4U7mts,1
@Rahul_Sastry,Tw18-4U7mts,1
@Rajinderbhola-98,Tw18-4U7mts,1
@RamadaneVibe,Tw18-4U7mts,1
@RaviKumar-e9k4z,Tw18-4U7mts,1
@Rider-h9t,Tw18-4U7mts,1
@RifatHossain-di5ed,Tw18-4U7mts,1
@RobertLoyale,Tw18-4U7mts,1
@RoosGallery,Tw18-4U7mts,1
@RoyalShubhamVolg1985,Tw18-4U7mts,1
@SANKI44_5K,Tw18-4U7mts,1
@SaidaTahiri-jw1eh,Tw18-4U7mts,1
@SandraRamirez-mq6vh,Tw18-4U7mts,1
@SeemaJaiswal-n6s,Tw18-4U7mts,1
@SeniorBoy-sq7iz,Tw18-4U7mts,1
@Shiv_Mahadev_00,Tw18-4U7mts,1
@Simbatoons,Tw18-4U7mts,1
@Sk_Gamerz_xyz,Tw18-4U7mts,1
@SpMeKP,Tw18-4U7mts,1
@Sterlingx11,Tw18-4U7mts,1
@Subhashshort12,Tw18-4U7mts,1
@SujitKumar-b6c9m,Tw18-4U7mts,1
@SunAndMoon-zc9vd,Tw18-4U7mts,1
@TheLevitatingChin,Tw18-4U7mts,1
@TheNickCoost,Tw18-4U7mts,1
@TheknowledgePower-o5q,Tw18-4U7mts,1
@ThusithaAnurhdha-j7r,Tw18-4U7mts,1
@TuHoang-mk5oh,Tw18-4U7mts,1
@UniqueChhetri729,Tw18-4U7mts,1
@Veryhotclips-e8b,Tw18-4U7mts,1
@Victormathias233,Tw18-4U7mts,1
@Videosforkids_786,Tw18-4U7mts,1
@Vijikuthy,Tw18-4U7mts,1
@VikashGanjhu-l8z,Tw18-4U7mts,1
@VipulBhil-c6g3u,Tw18-4U7mts,1
@YasanHansaja,Tw18-4U7mts,1
@a3lnwsll_11,Tw18-4U7mts,1
@ahyin3,Tw18-4U7mts,2
@almshiks3458,Tw18-4U7mts,1
@anasansari-pv4vs,Tw18-4U7mts,1
@andrechaos9871,Tw18-4U7mts,1
@animeedit1,Tw18-4U7mts,1
@anuragsundaram,Tw18-4U7mts,1
@apertaplays,Tw18-4U7mts,1
@arrrghh,Tw18-4U7mts,1
@attribute-4677,Tw18-4U7mts,1
@balashaw1919,Tw18-4U7mts,1
@bhaskar_creations_official,Tw18-4U7mts,1
@bhavnachaudhari1196,Tw18-4U7mts,1
@biologiya_milliy,Tw18-4U7mts,1
@capitalrivers,Tw18-4U7mts,1
@daisuke_soraichi,Tw18-4U7mts,1
@doctorpenguinpenguin,Tw18-4U7mts,1
@dr.prepper,Tw18-4U7mts,1
@evrardcamara1173,Tw18-4U7mts,1
@fc.mobile.media1,Tw18-4U7mts,1
@fliper9151,Tw18-4U7mts,1
@gabrielotazo3984,Tw18-4U7mts,1
@gendo1123,Tw18-4U7mts,1
@genostorm7536,Tw18-4U7mts,1
@hamzaparadox9290,Tw18-4U7mts,1
@hanieru.404,Tw18-4U7mts,1
@hendrikd2113,Tw18-4U7mts,1
@ichangeditforu5317,Tw18-4U7mts,1
@juanestevas6488,Tw18-4U7mts,1
@justacutepanda888,Tw18-4U7mts,1
@kamirashigoli,Tw18-4U7mts,1
@keblomzem,Tw18-4U7mts,1
@kousheralam,Tw18-4U7mts,1
@lakruzaik3921,Tw18-4U7mts,1
@lalitkumawatvlogs-7,Tw18-4U7mts,1
@manzanito3652,Tw18-4U7mts,1
@masterofalltrades_,Tw18-4U7mts,1
@mastersonogashira1796,Tw18-4U7mts,1
@miguelsantiagop4719,Tw18-4U7mts,1
@mohamedchettih-jt8ev,Tw18-4U7mts,1
@mohammadahmad4058,Tw18-4U7mts,1
@monty-gestiona-tu-negocio,Tw18-4U7mts,1
@muhammadfaizan-k9w,Tw18-4U7mts,1
@nader.fitouri,Tw18-4U7mts,1
@nasemhosen4099,Tw18-4U7mts,1
@nogc_playz9465,Tw18-4U7mts,1
@not_deltarr,Tw18-4U7mts,1
@notsoblackguy1542,Tw18-4U7mts,1
@pallavisandeepkadam2936,Tw18-4U7mts,1
@peddivarunkumar,Tw18-4U7mts,1
@phaqyou2,Tw18-4U7mts,1
@polarfamily6222,Tw18-4U7mts,1
@qqqaaa09sssaaa,Tw18-4U7mts,1
@rajuthakor768,Tw18-4U7mts,1
@rajvardhanpimple5984,Tw18-4U7mts,1
@rakeshbochal3923,Tw18-4U7mts,1
@russellmartinez9462,Tw18-4U7mts,1
@samasite-k7t,Tw18-4U7mts,1
@saschapurner9579,Tw18-4U7mts,1
@scottklitz,Tw18-4U7mts,1
@shadan_786_07,Tw18-4U7mts,1
@shyanarayan,Tw18-4U7mts,1
@squiggleturtle,Tw18-4U7mts,1
@starmantu-z3h,Tw18-4U7mts,1
@steff1238,Tw18-4U7mts,1
@stephensundayke,Tw18-4U7mts,1
@suedhydra909onFN,Tw18-4U7mts,1
@sunbro72826,Tw18-4U7mts,1
@super-social-saltyfish,Tw18-4U7mts,1
@syedajwad6979,Tw18-4U7mts,1
@sys_key32,Tw18-4U7mts,1
@tarasb5974,Tw18-4U7mts,1
@taufiqurrohman4141,Tw18-4U7mts,1
@team_phoenix4326,Tw18-4U7mts,1
@tempomatic64,Tw18-4U7mts,1
@thatismrhenry,Tw18-4U7mts,1
@thegreatchaos13,Tw18-4U7mts,1
@thelinkofperfectioncharity9469,Tw18-4U7mts,1
@thierrymazimba2902,Tw18-4U7mts,1
@tonybokese,Tw18-4U7mts,1
@tudotodos99,Tw18-4U7mts,1
@twinturbosystems33,Tw18-4U7mts,1
@waypasttheline,Tw18-4U7mts,1
@williamdelahunty3677,Tw18-4U7mts,1
@wumbats6892,Tw18-4U7mts,1
@yessirClipp,Tw18-4U7mts,1
@yung-megafone,Tw18-4U7mts,1
@zacharyberridge7239,Tw18-4U7mts,1
@zaferabdo,Tw18-4U7mts,1
@Хекс4237,Tw18-4U7mts,1
@ابوحيدر-ش9ش8ي,Tw18-4U7mts,1
@ایماعیلایمانیراد,Tw18-4U7mts,1
@بشارخضور-ص3م,Tw18-4U7mts,1
@خالد-ه8ه5ق,Tw18-4U7mts,1
@دنيا-ت5ن,Tw18-4U7mts,1
@راغبالمحمد-د3ح,Tw18-4U7mts,1
@سمسممنوعات-ص9ف,Tw18-4U7mts,1
@سوس-ج2ق,Tw18-4U7mts,1
@عبدالرحمنالعبدالحميد-ف2ش,Tw18-4U7mts,1
@عمارالخالدي-ي6خ,Tw18-4U7mts,1
@عمرعمر-ه4ظ3ف,Tw18-4U7mts,1
@فاطمةالبوخالد,Tw18-4U7mts,1
@ẞhámîm13,Tw18-4U7mts,1
@037Slide,Uc18mso08Ro,1
@ABIZERAFabiola-zc9ku,Uc18mso08Ro,1
@AditNarayan-rf6sk,Uc18mso08Ro,1
@AdityaGaikwad-n5f,Uc18mso08Ro,1
@AhmadMuuse-q3t,Uc18mso08Ro,1
@Airsoftshowoffs,Uc18mso08Ro,1
@All-about-everything,Uc18mso08Ro,1
@AmericasBack,Uc18mso08Ro,1
@Amitw4kt56v6em1il,Uc18mso08Ro,1
@AnonymousM002,Uc18mso08Ro,1
@ApheleleJadiso,Uc18mso08Ro,1
@Arlojeyms,Uc18mso08Ro,1
@ArmstrongArmory,Uc18mso08Ro,1
@AyushKumar-y4q2w,Uc18mso08Ro,1
@BeastModeDR614,Uc18mso08Ro,1
@BelhadjAbdou-s6h,Uc18mso08Ro,1
@BhebeMay,Uc18mso08Ro,1
@BirajMalik-p3k,Uc18mso08Ro,1
@BlueGuy_10,Uc18mso08Ro,1
@Boundless_xd,Uc18mso08Ro,1
@BrainlyTech,Uc18mso08Ro,1
@CP0T5,Uc18mso08Ro,1
@CheckpointEngineer,Uc18mso08Ro,1
@Chris12115,Uc18mso08Ro,1
@CoronelOcioso,Uc18mso08Ro,1
@Cricklife-h8t,Uc18mso08Ro,1
@Cyberpsycho_exe,Uc18mso08Ro,1
@DadaRasoaline,Uc18mso08Ro,1
@DeepikaBunkar-v3g,Uc18mso08Ro,1
@Desai_Janvi,Uc18mso08Ro,1
@DjinanHack,Uc18mso08Ro,1
@ET-zw4pk,Uc18mso08Ro,1
@EbenezerOreoluwa,Uc18mso08Ro,1
@EmebuobuSunday-n2l,Uc18mso08Ro,1
@EmminiX,Uc18mso08Ro,1
@Eng.Azelle,Uc18mso08Ro,1
@Fadead07,Uc18mso08Ro,1
@FahadUrRehman-o6z,Uc18mso08Ro,1
@FjdixucjdZhzhzjzj,Uc18mso08Ro,2
@GeorgeNicola,Uc18mso08Ro,1
@GhostService1,Uc18mso08Ro,1
@GregMcdowny,Uc18mso08Ro,1
@GustavGausepohl,Uc18mso08Ro,1
@Hallonyancat,Uc18mso08Ro,1
@HamdiEli-s4w,Uc18mso08Ro,1
@HarryAI-s4u,Uc18mso08Ro,1
@HumanoAI,Uc18mso08Ro,1
@ITACHI_EDITZ882,Uc18mso08Ro,1
@IllusiveKreationz,Uc18mso08Ro,1
@Incognito-person,Uc18mso08Ro,1
@IssaBa-sq4ec,Uc18mso08Ro,1
@Jae-x6j,Uc18mso08Ro,1
@JeanQPublique,Uc18mso08Ro,1
@Joe-f1z3h,Uc18mso08Ro,1
@John.Valentine,Uc18mso08Ro,1
@Jon-O-Tron,Uc18mso08Ro,1
@Judge_OnYouTube,Uc18mso08Ro,1
@KBMhorizon,Uc18mso08Ro,1
@KVKAutomates,Uc18mso08Ro,1
@KaisToje,Uc18mso08Ro,1
@KaushikBaldaniya-pi6lm,Uc18mso08Ro,1
@KeeganVanTuyl,Uc18mso08Ro,1
@Kfdhjgethfdtgh774rvbjs,Uc18mso08Ro,1
@KiranNaragam,Uc18mso08Ro,1
@Kivoo-m6z,Uc18mso08Ro,1
@L.A.N.G.L.E.Y,Uc18mso08Ro,1
@Leon-wy7nu,Uc18mso08Ro,1
@Leonardolopes2024,Uc18mso08Ro,1
@Limcacs,Uc18mso08Ro,1
@Lubnaalnomer-j7e,Uc18mso08Ro,1
@Lyrics-up72,Uc18mso08Ro,1
@MANJAY.2Y0R,Uc18mso08Ro,1
@MEHULRATHOD-q5f,Uc18mso08Ro,1
@MENISH489,Uc18mso08Ro,1
@MalikUmair-w5c,Uc18mso08Ro,1
@Mansour2018,Uc18mso08Ro,1
@Mat0m,Uc18mso08Ro,1
@MeasureUpWithCliff,Uc18mso08Ro,1
@MemorialSound,Uc18mso08Ro,1
@MetalmountainUK,Uc18mso08Ro,1
@MohamadJerodi,Uc18mso08Ro,1
@Mohmad-c3x7z,Uc18mso08Ro,1
@Mohnnad77Abood,Uc18mso08Ro,1
@Mrgiggles12345,Uc18mso08Ro,1
@NEET_2025_-pe6do,Uc18mso08Ro,1
@Neocidal_520,Uc18mso08Ro,1
@Nick-l6e9t,Uc18mso08Ro,1
@NkosingiphileLiberty-j8t,Uc18mso08Ro,1
@NobleKale,Uc18mso08Ro,1
@OfficialJuggaloJesus,Uc18mso08Ro,1
@PeterNguyen8080,Uc18mso08Ro,1
@RammerEr,Uc18mso08Ro,1
@Rhalin.G,Uc18mso08Ro,1
@Ridge-Bound,Uc18mso08Ro,1
@SaayujaLamichhane-p1q,Uc18mso08Ro,1
@SalvatoreMarino66,Uc18mso08Ro,1
@Sanadnora,Uc18mso08Ro,1
@SchlitzerCR,Uc18mso08Ro,1
@ScottPlayzOfficial,Uc18mso08Ro,1
@SibekDima,Uc18mso08Ro,1
@SikinSunar,Uc18mso08Ro,1
@SomerMallak-c8e,Uc18mso08Ro,1
@Spokeek,Uc18mso08Ro,2
@Squirrel_rl12,Uc18mso08Ro,1
@SufficientDaikon,Uc18mso08Ro,1
@Swishbaby385,Uc18mso08Ro,1
@TMStevenMin,Uc18mso08Ro,1
@TexasReaper-713,Uc18mso08Ro,1
@TheKontrol,Uc18mso08Ro,1
@ThihaSoeHtet-z8y,Uc18mso08Ro,1
@URfullofhope,Uc18mso08Ro,1
@VPKTubes,Uc18mso08Ro,1
@VenkataGaddam,Uc18mso08Ro,1
@VijayPadhar-u1z,Uc18mso08Ro,1
@VvHbb-l8d,Uc18mso08Ro,1
@Zaeem2172,Uc18mso08Ro,1
@Zaid-h1k,Uc18mso08Ro,1
@alemebrahim-u2w,Uc18mso08Ro,1
@alertscpi7898,Uc18mso08Ro,1
@alkesh_yt1m,Uc18mso08Ro,1
@aloyaino,Uc18mso08Ro,1
@aomrAomr-z9z5m,Uc18mso08Ro,1
@arjmek77,Uc18mso08Ro,1
@armra,Uc18mso08Ro,1
@bernardmbedzi599,Uc18mso08Ro,1
@bkw259,Uc18mso08Ro,1
@boothbuster,Uc18mso08Ro,1
@brandonanderson2164,Uc18mso08Ro,1
@brenplayzonyt,Uc18mso08Ro,1
@byteafterlife,Uc18mso08Ro,1
@cam0614,Uc18mso08Ro,1
@carlosnapoles928,Uc18mso08Ro,1
@cescu2,Uc18mso08Ro,1
@cmacpher2009,Uc18mso08Ro,1
@comedy-gang-officil,Uc18mso08Ro,1
@consultant2678,Uc18mso08Ro,1
@dankanti20,Uc18mso08Ro,1
@davidfrance3536,Uc18mso08Ro,1
@davidunderwood9037,Uc18mso08Ro,1
@deleted_user_inactive,Uc18mso08Ro,1
@derekh7982,Uc18mso08Ro,1
@devjitofficial3590,Uc18mso08Ro,1
@deydizerpa1165,Uc18mso08Ro,1
@drago-p7,Uc18mso08Ro,1
@dumbassnonbinaryfr,Uc18mso08Ro,1
@evrardcamara1173,Uc18mso08Ro,1
@felipevalles3831,Uc18mso08Ro,1
@fk_faizan_boos,Uc18mso08Ro,1
@free_br,Uc18mso08Ro,1
@gayathribhat6323,Uc18mso08Ro,1
@geteducatedyoufool4563,Uc18mso08Ro,1
@gouthamkolipaka3477,Uc18mso08Ro,1
@gulshansahoo123,Uc18mso08Ro,1
@haidarhaidar-q7q,Uc18mso08Ro,1
@harishgemar1436,Uc18mso08Ro,1
@hrithikraj4437,Uc18mso08Ro,1
@hussamsahtout1701,Uc18mso08Ro,1
@islem-d1c,Uc18mso08Ro,1
@jaibeckham5971,Uc18mso08Ro,1
@jamesb4263,Uc18mso08Ro,1
@jeremiemainpark,Uc18mso08Ro,1
@jk_with_ai,Uc18mso08Ro,1
@jrogerss8616,Uc18mso08Ro,1
@lTIZGOJO,Uc18mso08Ro,1
@lemonhead2205,Uc18mso08Ro,1
@logentheranmaratthandavar7978,Uc18mso08Ro,1
@lwaynewalker,Uc18mso08Ro,1
@maheshm2131,Uc18mso08Ro,1
@malakas-m6q,Uc18mso08Ro,1
@mariangellizarzado3338,Uc18mso08Ro,1
@masterstevenz,Uc18mso08Ro,1
@mathewmcfool,Uc18mso08Ro,1
@maxgamesx2215,Uc18mso08Ro,1
@maxitube30,Uc18mso08Ro,1
@mhmdahmd7687,Uc18mso08Ro,1
@mohammadkiratah904,Uc18mso08Ro,1
@mohdrashid0,Uc18mso08Ro,1
@mr.w7803,Uc18mso08Ro,1
@mrUhltak,Uc18mso08Ro,1
@mrkeller83,Uc18mso08Ro,1
@nile_rgb,Uc18mso08Ro,1
@noagaarnaudzoungrana,Uc18mso08Ro,1
@placeholder-004,Uc18mso08Ro,1
@planktonfun,Uc18mso08Ro,1
@priyapriyanka8604,Uc18mso08Ro,1
@psychosomatiqueofficial,Uc18mso08Ro,1
@rai0a430,Uc18mso08Ro,1
@red_striker,Uc18mso08Ro,1
@redmanelizabeth,Uc18mso08Ro,1
@repstyleprodukt2004,Uc18mso08Ro,1
@rozodruEVE,Uc18mso08Ro,1
@sayanmondal2004y,Uc18mso08Ro,1
@sevuszeld,Uc18mso08Ro,1
@shivalingareddy3620,Uc18mso08Ro,1
@simasroguelike1877,Uc18mso08Ro,1
@smrsmr-u7n,Uc18mso08Ro,1
@snareplug3872,Uc18mso08Ro,1
@snopz,Uc18mso08Ro,1
@tlwn5196,Uc18mso08Ro,1
@trueblues95,Uc18mso08Ro,1
@venkatasivareddysettipalli1472,Uc18mso08Ro,1
@wint6885,Uc18mso08Ro,1
@zac2877,Uc18mso08Ro,1
@تمامتمام-ك4س,Uc18mso08Ro,1
@دعاءماضيبشير,Uc18mso08Ro,1
@سعدمدثر-ي6ر,Uc18mso08Ro,1
@4ur3n,UxbULt_hCdA,1
@AB_LDN,UxbULt_hCdA,6
@Akhan-k,UxbULt_hCdA,1
@AlmdCracked,UxbULt_hCdA,1
@AmiralisoomroAmirali,UxbULt_hCdA,1
@AndyLee-d8b,UxbULt_hCdA,2
@AriaPlaysxd,UxbULt_hCdA,1
@AwakenGiovanni1000,UxbULt_hCdA,1
@BryceDriesenga,UxbULt_hCdA,3
@CarRepair-1,UxbULt_hCdA,2
@CharlesSibbald,UxbULt_hCdA,1
@Charu-v2g,UxbULt_hCdA,1
@CoffeeMindAcademy,UxbULt_hCdA,1
@DepressedMetabee,UxbULt_hCdA,1
@DonMuffatello,UxbULt_hCdA,1
@EduardNovokhatskyi,UxbULt_hCdA,1
@ElmiIsse,UxbULt_hCdA,1
@EssDubz,UxbULt_hCdA,2
@Fakepilot,UxbULt_hCdA,2
@Gaokabacha,UxbULt_hCdA,1
@GlorifiedPig,UxbULt_hCdA,1
@GuilhermeHenrique-tz5mn,UxbULt_hCdA,1
@IAmMammajam,UxbULt_hCdA,1
@JJGlyph,UxbULt_hCdA,2
@JasonLayton,UxbULt_hCdA,2
@Jewish5783,UxbULt_hCdA,1
@MRSADAEditz,UxbULt_hCdA,2
@MS_02,UxbULt_hCdA,1
@Max_Jean,UxbULt_hCdA,2
@MenosProblemos,UxbULt_hCdA,2
@Moadiii,UxbULt_hCdA,1
@MohsinAli-u6r7e,UxbULt_hCdA,1
@Olaf-y5v,UxbULt_hCdA,1
@Patrick_Lee_Zepeda,UxbULt_hCdA,1
@PedroHenrique-vb9zl,UxbULt_hCdA,1
@RawrsXDmusicnmore,UxbULt_hCdA,1
@SamiSabirIdrissi,UxbULt_hCdA,2
@Shahzad067,UxbULt_hCdA,1
@TadaburQuran786,UxbULt_hCdA,1
@TheBoestafari,UxbULt_hCdA,1
@TheProgrammingPodcast,UxbULt_hCdA,1
@TheScaryStoryCircle77,UxbULt_hCdA,1
@Varshith.Karkera,UxbULt_hCdA,1
@YaronLavi,UxbULt_hCdA,1
@YiannisChristodoulou,UxbULt_hCdA,1
@YusufEbr,UxbULt_hCdA,7
@ZainAsghar.Youcan,UxbULt_hCdA,1
@_narcissist,UxbULt_hCdA,1
@abdullahkhan-x2m2r,UxbULt_hCdA,1
@adnan7698,UxbULt_hCdA,1
@alanboody7004,UxbULt_hCdA,1
@aleks_apostle,UxbULt_hCdA,1
@alex-ca-p3i,UxbULt_hCdA,1
@alexfark8851,UxbULt_hCdA,1
@andromeda_gnome,UxbULt_hCdA,1
@ankuryadav8197,UxbULt_hCdA,2
@arseniharkunou,UxbULt_hCdA,2
@asdrubalivan18,UxbULt_hCdA,1
@atm4574,UxbULt_hCdA,3
@birahdiaries-q3n,UxbULt_hCdA,1
@bittergourd,UxbULt_hCdA,1
@bogrisss,UxbULt_hCdA,1
@brokecoder,UxbULt_hCdA,1
@carlosrayortiz,UxbULt_hCdA,1
@chychywoohoo,UxbULt_hCdA,1
@code-luiz,UxbULt_hCdA,1
@codem2022,UxbULt_hCdA,2
@darwazo4k,UxbULt_hCdA,1
@dashuanull,UxbULt_hCdA,2
@davidclark314,UxbULt_hCdA,1
@derivativesGod,UxbULt_hCdA,1
@desireco,UxbULt_hCdA,2
@diegopalo4073,UxbULt_hCdA,1
@donttouchme2675,UxbULt_hCdA,1
@ebx,UxbULt_hCdA,1
@egekizilarslan,UxbULt_hCdA,1
@faheemahmad3957,UxbULt_hCdA,1
@felixele217,UxbULt_hCdA,1
@gavinpeng-kr7sv,UxbULt_hCdA,1
@glitchdigger,UxbULt_hCdA,1
@gustavoleo,UxbULt_hCdA,1
@hadesflames,UxbULt_hCdA,1
@hal_wayland,UxbULt_hCdA,1
@hanishvenkat9496,UxbULt_hCdA,1
@harrywitz.mp4,UxbULt_hCdA,1
@hriteekbista5540,UxbULt_hCdA,1
@inoccentgirl-x7d,UxbULt_hCdA,1
@iqrabridal-n5n,UxbULt_hCdA,1
@ironmonkey1512,UxbULt_hCdA,1
@italo91206,UxbULt_hCdA,1
@jackbauer322,UxbULt_hCdA,1
@jamess.2491,UxbULt_hCdA,1
@jermunitz3020,UxbULt_hCdA,1
@jsebastianmunch,UxbULt_hCdA,1
@keithkam6749,UxbULt_hCdA,1
@kilocesar,UxbULt_hCdA,1
@kkachilhan-ai,UxbULt_hCdA,1
@kvickart,UxbULt_hCdA,4
@ladida2090,UxbULt_hCdA,1
@lypanov,UxbULt_hCdA,1
@may_strong_for_me,UxbULt_hCdA,1
@mayikx,UxbULt_hCdA,1
@michaeltse321,UxbULt_hCdA,1
@mik3lang3lo,UxbULt_hCdA,3
@mohammadmalik9075,UxbULt_hCdA,1
@muhammadebad5543,UxbULt_hCdA,1
@mult-ifunctionalservices953,UxbULt_hCdA,1
@mymorningjacket_,UxbULt_hCdA,2
@namaefumei,UxbULt_hCdA,1
@nandreevv,UxbULt_hCdA,1
@neonls,UxbULt_hCdA,1
@nerdobject5351,UxbULt_hCdA,3
@nikako1889,UxbULt_hCdA,1
@nomadhedge,UxbULt_hCdA,1
@obvinpro,UxbULt_hCdA,1
@pepperumo5116,UxbULt_hCdA,1
@phoenixtackle6586,UxbULt_hCdA,1
@qAK47p,UxbULt_hCdA,1
@rasulrzaeeff6772,UxbULt_hCdA,1
@self-help2784,UxbULt_hCdA,1
@severedghost,UxbULt_hCdA,1
@sokolawp,UxbULt_hCdA,1
@sxijki,UxbULt_hCdA,1
@takazcao,UxbULt_hCdA,1
@techtalkbyravindra,UxbULt_hCdA,1
@techzone2009,UxbULt_hCdA,1
@thearcticmonkey,UxbULt_hCdA,1
@theneuronai,UxbULt_hCdA,1
@this_katharsis2227,UxbULt_hCdA,1
@tudoriustin22,UxbULt_hCdA,3
@tylerolthuizen3347,UxbULt_hCdA,1
@tynyshtyqov,UxbULt_hCdA,1
@uhohwhy,UxbULt_hCdA,1
@ulisescy,UxbULt_hCdA,1
@user-v7x1m,UxbULt_hCdA,1
@vasiovasio,UxbULt_hCdA,1
@vijayjangid8967,UxbULt_hCdA,1
@yairvsync,UxbULt_hCdA,1
@yashsolanki069,UxbULt_hCdA,1
@yerzhanserikbay,UxbULt_hCdA,1
@zeith1000,UxbULt_hCdA,1
@zhang7020,UxbULt_hCdA,1
@zhj07,UxbULt_hCdA,1
@Роман-с-вами,UxbULt_hCdA,1
@印小布,UxbULt_hCdA,1
@AntonyJose-b1c,Wl5NJVieiBM,1
@Basyed_11,Wl5NJVieiBM,1
@CapitanCoder,Wl5NJVieiBM,1
@CodingwithAldo,Wl5NJVieiBM,1
@Cristian-ek7xy,Wl5NJVieiBM,1
@Cxrbon.devOfficial,Wl5NJVieiBM,1
@DerberAlter,Wl5NJVieiBM,1
@DreamingConcepts,Wl5NJVieiBM,1
@ElementaryWatson_fafo,Wl5NJVieiBM,1
@Furobe,Wl5NJVieiBM,1
@GBOAC,Wl5NJVieiBM,1
@H0kage1160,Wl5NJVieiBM,1
@IndefiniteMark,Wl5NJVieiBM,1
@JacobDrebin,Wl5NJVieiBM,1
@Jason-vege,Wl5NJVieiBM,1
@Jav202x,Wl5NJVieiBM,1
@LivingRoomMusician,Wl5NJVieiBM,1
@Lorfv,Wl5NJVieiBM,1
@LukasSkywalker_,Wl5NJVieiBM,1
@Lycam,Wl5NJVieiBM,1
@ONESTTEFTEO,Wl5NJVieiBM,1
@ProGadgetReviews,Wl5NJVieiBM,1
@PubgSpeed-wl8yo,Wl5NJVieiBM,1
@RodrigoCinelli,Wl5NJVieiBM,1
@RohitSharma-06-10,Wl5NJVieiBM,1
@Roni92pl,Wl5NJVieiBM,2
@SIGNATURENR,Wl5NJVieiBM,1
@StaceyWilsonlosangeles,Wl5NJVieiBM,1
@Steve8708,Wl5NJVieiBM,3
@TheTrainstation,Wl5NJVieiBM,1
@Tsinepanos,Wl5NJVieiBM,1
@UmairShuja-o7x,Wl5NJVieiBM,1
@VasaMusic438,Wl5NJVieiBM,1
@Venlorz,Wl5NJVieiBM,1
@XShollaj,Wl5NJVieiBM,1
@aadlr,Wl5NJVieiBM,1
@adaye-store,Wl5NJVieiBM,1
@adrian51-s7f,Wl5NJVieiBM,1
@adventurer2395,Wl5NJVieiBM,1
@ai1appcom,Wl5NJVieiBM,1
@alexanderkomanov4151,Wl5NJVieiBM,1
@alexrafter,Wl5NJVieiBM,1
@alonzoperez2470,Wl5NJVieiBM,1
@amentor-u7w,Wl5NJVieiBM,1
@anonanon7368,Wl5NJVieiBM,1
@asvirts,Wl5NJVieiBM,1
@atulkumar_zip,Wl5NJVieiBM,1
@bartek.igielski,Wl5NJVieiBM,1
@bgdn_ai,Wl5NJVieiBM,1
@bob_933,Wl5NJVieiBM,1
@bsommerfeld03,Wl5NJVieiBM,1
@carloslfu,Wl5NJVieiBM,1
@catuhana,Wl5NJVieiBM,1
@ce9916,Wl5NJVieiBM,1
@chaarlog5508,Wl5NJVieiBM,1
@civilgoody,Wl5NJVieiBM,1
@cmoon3,Wl5NJVieiBM,1
@comdala,Wl5NJVieiBM,1
@corpse_mutilator,Wl5NJVieiBM,1
@cybar_ai,Wl5NJVieiBM,1
@davefellows,Wl5NJVieiBM,1
@deanschulze3129,Wl5NJVieiBM,1
@dgitalnarrative,Wl5NJVieiBM,3
@drummermike5150,Wl5NJVieiBM,1
@eevvxx80,Wl5NJVieiBM,1
@ermi5388,Wl5NJVieiBM,1
@ezaezaeza4743,Wl5NJVieiBM,1
@flaviotome8641,Wl5NJVieiBM,1
@franciscocorrales,Wl5NJVieiBM,1
@frankkelly1916,Wl5NJVieiBM,1
@granadamusic,Wl5NJVieiBM,1
@grantsander9529,Wl5NJVieiBM,1
@grutoshi,Wl5NJVieiBM,1
@husseinismailhozza,Wl5NJVieiBM,1
@ididitfortehlulzrly,Wl5NJVieiBM,1
@innovatorshome,Wl5NJVieiBM,2
@jac.2523,Wl5NJVieiBM,1
@jackrobert-h4z,Wl5NJVieiBM,2
@joshua511,Wl5NJVieiBM,1
@justsample9185,Wl5NJVieiBM,2
@kyosaintLaurent1,Wl5NJVieiBM,1
@lancetv4826,Wl5NJVieiBM,1
@lazyh0rse,Wl5NJVieiBM,1
@leticiatech,Wl5NJVieiBM,1
@localtechnerd4691,Wl5NJVieiBM,1
@luizgrocco,Wl5NJVieiBM,1
@luv.matters,Wl5NJVieiBM,1
@magatsu82,Wl5NJVieiBM,1
@masoodahmad3312,Wl5NJVieiBM,1
@matt_b54,Wl5NJVieiBM,1
@matthewvoss9672,Wl5NJVieiBM,1
@max_coommmm,Wl5NJVieiBM,1
@medjdene,Wl5NJVieiBM,1
@mencooh,Wl5NJVieiBM,1
@mikopiko,Wl5NJVieiBM,1
@minnedanhieux883,Wl5NJVieiBM,1
@mujibulhaquetanim,Wl5NJVieiBM,1
@n00bruler67,Wl5NJVieiBM,1
@nidal19,Wl5NJVieiBM,1
@nufh,Wl5NJVieiBM,1
@nun73322,Wl5NJVieiBM,1
@okate76,Wl5NJVieiBM,1
@orionmusicnetwork1677,Wl5NJVieiBM,1
@panutatpreechawuttidet4522,Wl5NJVieiBM,1
@pbpaulbright,Wl5NJVieiBM,1
@pepkin88,Wl5NJVieiBM,1
@pinkeye00,Wl5NJVieiBM,1
@rakibs-mind,Wl5NJVieiBM,1
@ramizs,Wl5NJVieiBM,1
@razorbackroar,Wl5NJVieiBM,2
@riandas8723,Wl5NJVieiBM,1
@rinorajeti4,Wl5NJVieiBM,1
@robrider838,Wl5NJVieiBM,1
@rosarioterranova,Wl5NJVieiBM,2
@rsKayiira,Wl5NJVieiBM,1
@rumpinetijen,Wl5NJVieiBM,1
@rutambhagat4556,Wl5NJVieiBM,1
@samardeepsingh-jo4nw,Wl5NJVieiBM,1
@sandeepvk,Wl5NJVieiBM,1
@saralightbourne,Wl5NJVieiBM,1
@shafu_xyz,Wl5NJVieiBM,1
@skyex5047,Wl5NJVieiBM,1
@sneezweasel,Wl5NJVieiBM,1
@spaikersnc,Wl5NJVieiBM,1
@stephenlflf3871,Wl5NJVieiBM,1
@sunnyahmed5935,Wl5NJVieiBM,1
@tanvirazad5118,Wl5NJVieiBM,1
@tdd9332,Wl5NJVieiBM,1
@terenceflow1432,Wl5NJVieiBM,1
@tomgusa12,Wl5NJVieiBM,1
@totomomo18,Wl5NJVieiBM,2
@trancefjord,Wl5NJVieiBM,1
@uchechukwuokereke8497,Wl5NJVieiBM,1
@undead2146,Wl5NJVieiBM,1
@vedbhanushxli,Wl5NJVieiBM,1
@virtual_samurai,Wl5NJVieiBM,1
@w3icon,Wl5NJVieiBM,1
@wizardscrollstudio,Wl5NJVieiBM,1
@wizwhizzy,Wl5NJVieiBM,1
@wolfganggrojcig2528,Wl5NJVieiBM,1
@wtalkie,Wl5NJVieiBM,1
@xiu-li,Wl5NJVieiBM,1
@ybchl1090,Wl5NJVieiBM,2
@yesindeed5751,Wl5NJVieiBM,1
@ystar13,Wl5NJVieiBM,1
@zap813,Wl5NJVieiBM,1
@ДмитрийХохлов-с8в,Wl5NJVieiBM,1
@공유정보,Wl5NJVieiBM,1
@AlexMuthomi-d2z,XASPkhYLtnk,1
@Beba231,XASPkhYLtnk,1
@DaryRocha-t7h,XASPkhYLtnk,1
@HasaamMalik-h6n,XASPkhYLtnk,1
@JoooeUsa-ie9dw,XASPkhYLtnk,1
@KaviduSithum-q2x,XASPkhYLtnk,1
@LeonardoSchneiderVieira,XASPkhYLtnk,1
@NinjaTuna9,XASPkhYLtnk,1
@PasinduPriyanath-w7u,XASPkhYLtnk,1
@RobertF245,XASPkhYLtnk,1
@StaceyWilsonlosangeles,XASPkhYLtnk,1
@Williamlinda-x2n,XASPkhYLtnk,1
@believeinyourdream2023,XASPkhYLtnk,1
@clouhd,XASPkhYLtnk,1
@graphics-u2j,XASPkhYLtnk,1
@henryhiker7,XASPkhYLtnk,1
@kevin-w7f6c,XASPkhYLtnk,1
@mike6799-y7o,XASPkhYLtnk,1
@mikeynocode,XASPkhYLtnk,11
@scorehenchbackup,XASPkhYLtnk,1
@trevornezzil840,XASPkhYLtnk,1
@1966Birger,XDNXLdwq114,5
@723IamNoOne,XDNXLdwq114,1
@ACSG-64,XDNXLdwq114,4
@AggyLovesGames,XDNXLdwq114,1
@AndrewEddie,XDNXLdwq114,7
@CharlieMcNugets,XDNXLdwq114,1
@Cognitive_Code_AI,XDNXLdwq114,1
@CoolDude911,XDNXLdwq114,1
@DA-fx2wl,XDNXLdwq114,1
@DannoBoston,XDNXLdwq114,1
@Dima-w8e1y,XDNXLdwq114,1
@Elenesski,XDNXLdwq114,2
@ErikDJ123,XDNXLdwq114,1
@FilterChain,XDNXLdwq114,1
@Fitzrovialitter,XDNXLdwq114,1
@Foreversun33,XDNXLdwq114,1
@ForgoFame,XDNXLdwq114,1
@GeorgeC-ur9yw,XDNXLdwq114,1
@GiulioTrimarco,XDNXLdwq114,1
@GrimUK1975,XDNXLdwq114,1
@InnsmouthAdmiral,XDNXLdwq114,1
@JakeDubin,XDNXLdwq114,1
@JetFire9,XDNXLdwq114,1
@JohnAmatulli,XDNXLdwq114,1
@JuanVasquezq,XDNXLdwq114,1
@K3rbalSpace,XDNXLdwq114,2
@L1da77,XDNXLdwq114,1
@LV-1969,XDNXLdwq114,1
@LeonardTyson,XDNXLdwq114,1
@MUZTABAHASANAT-k5f,XDNXLdwq114,1
@MangaTengu,XDNXLdwq114,1
@ModernSoftwareEngineeringYT,XDNXLdwq114,2
@MrHerbalite,XDNXLdwq114,1
@Nonam3e3,XDNXLdwq114,1
@NorbertKorny,XDNXLdwq114,1
@Omega_Destroyer_xx,XDNXLdwq114,2
@PS101-z1i,XDNXLdwq114,1
@Paul-st4uq,XDNXLdwq114,1
@Pedritox0953,XDNXLdwq114,1
@PhilippBriese,XDNXLdwq114,1
@RAMER-d7h,XDNXLdwq114,1
@Ralfountet,XDNXLdwq114,1
@Raumzeittt,XDNXLdwq114,1
@ReedoTV,XDNXLdwq114,2
@RemigijusPankevičius,XDNXLdwq114,1
@Rex_erat_magnus,XDNXLdwq114,1
@RooksRoost-z8y,XDNXLdwq114,1
@Sektronic,XDNXLdwq114,1
@Sergii8080,XDNXLdwq114,1
@Sn0wG0lem,XDNXLdwq114,1
@StephenBolaji-r7v,XDNXLdwq114,1
@StevePlaysBanjo,XDNXLdwq114,1
@TheCameltotem,XDNXLdwq114,1
@TheFrewah,XDNXLdwq114,3
@TomerBenDavid,XDNXLdwq114,1
@Unnamed0001,XDNXLdwq114,1
@XKS99,XDNXLdwq114,1
@adamdalziel,XDNXLdwq114,1
@ajmeyer66,XDNXLdwq114,1
@albertoarmando6711,XDNXLdwq114,1
@alexs.5107,XDNXLdwq114,3
@amilcarjosesanchez,XDNXLdwq114,2
@artifactingreality,XDNXLdwq114,1
@asteriondaedalus6859,XDNXLdwq114,1
@baay81,XDNXLdwq114,1
@bekiraltindal9053,XDNXLdwq114,8
@billbuyers8683,XDNXLdwq114,1
@bonecircuit,XDNXLdwq114,1
@bosslogq,XDNXLdwq114,2
@bradandrews777,XDNXLdwq114,1
@brownhorsesoftware3605,XDNXLdwq114,1
@bytebits-1,XDNXLdwq114,1
@chadasonmcgraw,XDNXLdwq114,1
@chrisdleroux,XDNXLdwq114,1
@chuckynorris616,XDNXLdwq114,1
@cicciove178,XDNXLdwq114,1
@ckatheman,XDNXLdwq114,1
@corax1556,XDNXLdwq114,4
@crono102,XDNXLdwq114,2
@dalehagglund,XDNXLdwq114,1
@danwroy,XDNXLdwq114,1
@daryl9915,XDNXLdwq114,2
@davecourtois5142,XDNXLdwq114,1
@daviderossi6770,XDNXLdwq114,1
@davidleedom,XDNXLdwq114,1
@davidv4426,XDNXLdwq114,1
@debeeriz,XDNXLdwq114,1
@derekreed6798,XDNXLdwq114,1
@devinpenny8615,XDNXLdwq114,1
@disgruntledtoons,XDNXLdwq114,1
@dissolvedgirl_123,XDNXLdwq114,1
@dlanouette,XDNXLdwq114,1
@endrawes0,XDNXLdwq114,1
@epiphany6033,XDNXLdwq114,1
@ericgregori,XDNXLdwq114,2
@erikalm6007,XDNXLdwq114,1
@fallinginthed33p,XDNXLdwq114,1
@ferroalloys594,XDNXLdwq114,1
@ftr_ghst,XDNXLdwq114,1
@gandralf,XDNXLdwq114,1
@garronfish8227,XDNXLdwq114,1
@givememyfishback,XDNXLdwq114,1
@gledatelj1979,XDNXLdwq114,1
@godblessCL,XDNXLdwq114,1
@gorgthesalty,XDNXLdwq114,1
@gregoryyang6747,XDNXLdwq114,1
@gronkymug2590,XDNXLdwq114,1
@gruttewibe76,XDNXLdwq114,1
@hexamonicus,XDNXLdwq114,1
@human-animalchimeraprohibi2143,XDNXLdwq114,1
@iGexogen,XDNXLdwq114,1
@ifstatementifstatement2704,XDNXLdwq114,1
@ivanstrakovskiy5900,XDNXLdwq114,1
@j0v0,XDNXLdwq114,2
@joseoncrack,XDNXLdwq114,2
@kanji_nakamoto,XDNXLdwq114,1
@kinggrizzly13,XDNXLdwq114,1
@krassiem1206,XDNXLdwq114,2
@larsfayedev,XDNXLdwq114,1
@larsjonasson2959,XDNXLdwq114,2
@latro666,XDNXLdwq114,1
@leo-g3j2l,XDNXLdwq114,12
@linusjoensson8219,XDNXLdwq114,1
@litjellyfish,XDNXLdwq114,4
@lsferracini,XDNXLdwq114,1
@marshallodom1388,XDNXLdwq114,1
@maximilian8864,XDNXLdwq114,3
@mickeykimmy,XDNXLdwq114,1
@mojotheonlyjojo,XDNXLdwq114,1
@moonlifeSW,XDNXLdwq114,1
@mrpocock,XDNXLdwq114,2
@mryup6100,XDNXLdwq114,3
@nO_d3N1AL,XDNXLdwq114,1
@nedames3328,XDNXLdwq114,2
@ninipop82,XDNXLdwq114,1
@nivoset,XDNXLdwq114,1
@notactuallyarealperson2267,XDNXLdwq114,6
@nullstyle,XDNXLdwq114,4
@nuvotion-live,XDNXLdwq114,1
@onelinecode8917,XDNXLdwq114,1
@pablolimo8481,XDNXLdwq114,1
@palyndrumatix7790,XDNXLdwq114,1
@parlarsson5724,XDNXLdwq114,1
@peterkr-o2q,XDNXLdwq114,1
@peterlondon9453,XDNXLdwq114,1
@petropzqi,XDNXLdwq114,1
@philsnewaddress,XDNXLdwq114,1
@pigman9K,XDNXLdwq114,1
@puck_in_the_sink,XDNXLdwq114,1
@quarduroy1,XDNXLdwq114,1
@quehacesman,XDNXLdwq114,1
@ravenshroud,XDNXLdwq114,1
@s0me0ne1993,XDNXLdwq114,1
@satchillananda,XDNXLdwq114,1
@savory_,XDNXLdwq114,2
@sdwone,XDNXLdwq114,1
@serenditymuse,XDNXLdwq114,1
@sergiikru24,XDNXLdwq114,1
@sgoblins1,XDNXLdwq114,1
@shawndeprey,XDNXLdwq114,1
@skyleonidas9270,XDNXLdwq114,1
@slavka012,XDNXLdwq114,1
@spinnetti,XDNXLdwq114,1
@steven7846,XDNXLdwq114,1
@terjeoseberg990,XDNXLdwq114,1
@thomasf.9869,XDNXLdwq114,1
@thomasp.898,XDNXLdwq114,1
@tomschi9485,XDNXLdwq114,2
@trybeingakr,XDNXLdwq114,1
@trymoremurakwani3914,XDNXLdwq114,1
@userexperienceresearchers,XDNXLdwq114,1
@vomeg,XDNXLdwq114,1
@williamforsyth6667,XDNXLdwq114,1
@yankagan,XDNXLdwq114,1
@yossiyaari3760,XDNXLdwq114,1
@МихаилЦилигин,XDNXLdwq114,1
@СергейГавриленко-у2я,XDNXLdwq114,1
@0xSxVKaJnwQ,X_Aet9ndh_Y,1
@2012jhon,X_Aet9ndh_Y,1
@77thoughts,X_Aet9ndh_Y,1
@AceExplainsChannel,X_Aet9ndh_Y,1
@AfritBagani-w2d,X_Aet9ndh_Y,1
@AkashPandya9,X_Aet9ndh_Y,1
@AlaDin9726,X_Aet9ndh_Y,1
@AlexandreA-w5c,X_Aet9ndh_Y,1
@AlfieLikesComputers,X_Aet9ndh_Y,4
@ArijitBiswasGooglePlus,X_Aet9ndh_Y,1
@BackyardniJuan,X_Aet9ndh_Y,1
@BombardinoAnalino,X_Aet9ndh_Y,1
@BoringNameU,X_Aet9ndh_Y,2
@Bs-requinox,X_Aet9ndh_Y,1
@BurkeHolland,X_Aet9ndh_Y,4
@CH-zp1zv,X_Aet9ndh_Y,1
@Civilclips,X_Aet9ndh_Y,1
@Creathrod,X_Aet9ndh_Y,1
@DLUGA-NAZWA,X_Aet9ndh_Y,2
@DTDSHEFF,X_Aet9ndh_Y,1
@DadUllah-i7n,X_Aet9ndh_Y,1
@DanKardell,X_Aet9ndh_Y,1
@Dany-kj5nx,X_Aet9ndh_Y,1
@Desh99-t6f,X_Aet9ndh_Y,1
@DjSapsan,X_Aet9ndh_Y,1
@EhteshamShahzad,X_Aet9ndh_Y,1
@ElementaryWatson_fafo,X_Aet9ndh_Y,2
@Engineering_MJ,X_Aet9ndh_Y,1
@Fardin396,X_Aet9ndh_Y,1
@GaneshBhutekar-nu1gd,X_Aet9ndh_Y,1
@GeneralKnowledgePodcast,X_Aet9ndh_Y,1
@GuptaShivam-v1s,X_Aet9ndh_Y,1
@HamzaAli-v5y6n,X_Aet9ndh_Y,1
@Hilman_Faiz,X_Aet9ndh_Y,2
@JosueJerffson,X_Aet9ndh_Y,1
@Karnikhil91,X_Aet9ndh_Y,1
@Khalil_8989,X_Aet9ndh_Y,1
@LahceneBelbachir,X_Aet9ndh_Y,1
@MahmoudMohsab,X_Aet9ndh_Y,1
@Memel-t8j,X_Aet9ndh_Y,1
@MichaelParrett-v4t,X_Aet9ndh_Y,1
@MuhammadAbuBakr-p4l,X_Aet9ndh_Y,1
@N7__7,X_Aet9ndh_Y,1
@PanMarekZKrakowa,X_Aet9ndh_Y,1
@Paxmet,X_Aet9ndh_Y,1
@RamonChiNangWong078,X_Aet9ndh_Y,1
@Rhidayah,X_Aet9ndh_Y,1
@Rushikesh_Kadepurkar,X_Aet9ndh_Y,1
@Shavix,X_Aet9ndh_Y,1
@SoumenMondal_24,X_Aet9ndh_Y,1
@StigmaCat,X_Aet9ndh_Y,1
@TVDramaHome,X_Aet9ndh_Y,1
@Vefeg89,X_Aet9ndh_Y,1
@ZEUS-MLBB,X_Aet9ndh_Y,1
@Zero_Hour_01,X_Aet9ndh_Y,1
@ZvolskyMi,X_Aet9ndh_Y,1
@_tolekk,X_Aet9ndh_Y,1
@abdulbasithb1245,X_Aet9ndh_Y,1
@adamevans1166,X_Aet9ndh_Y,1
@adnan7698,X_Aet9ndh_Y,1
@ahbhati5355,X_Aet9ndh_Y,1
@aijokker,X_Aet9ndh_Y,1
@akashkukreti1321,X_Aet9ndh_Y,1
@alifetechgenius,X_Aet9ndh_Y,1
@andyhall7032,X_Aet9ndh_Y,1
@aniruddharao8735,X_Aet9ndh_Y,1
@anmolsharma4049,X_Aet9ndh_Y,1
@auroramagicchess,X_Aet9ndh_Y,2
@aymmasy,X_Aet9ndh_Y,1
@azaamabubacker,X_Aet9ndh_Y,1
@bacdevv,X_Aet9ndh_Y,1
@bhawanishankarsahu8000,X_Aet9ndh_Y,1
@casadogaspar,X_Aet9ndh_Y,2
@cnk8766,X_Aet9ndh_Y,1
@code,X_Aet9ndh_Y,9
@crackwitz,X_Aet9ndh_Y,1
@deentz,X_Aet9ndh_Y,1
@dhengghuring,X_Aet9ndh_Y,1
@ductran1954,X_Aet9ndh_Y,1
@dwnerx,X_Aet9ndh_Y,1
@ecoBag-777,X_Aet9ndh_Y,1
@edison1,X_Aet9ndh_Y,1
@endgamefond,X_Aet9ndh_Y,1
@english_with_bee,X_Aet9ndh_Y,1
@feriirawan8109,X_Aet9ndh_Y,1
@fufuzinha,X_Aet9ndh_Y,1
@gagogags7777,X_Aet9ndh_Y,1
@galorran,X_Aet9ndh_Y,1
@george_davituri,X_Aet9ndh_Y,1
@getcomann,X_Aet9ndh_Y,1
@harshdeep7015,X_Aet9ndh_Y,1
@hulamanta3002,X_Aet9ndh_Y,1
@i-heart-google7132,X_Aet9ndh_Y,1
@iabd6888,X_Aet9ndh_Y,1
@itsmrfreeai,X_Aet9ndh_Y,1
@jmg9509,X_Aet9ndh_Y,3
@k.chriscaldwell4141,X_Aet9ndh_Y,1
@kaustavhalder,X_Aet9ndh_Y,1
@kdta91,X_Aet9ndh_Y,1
@keraakii,X_Aet9ndh_Y,1
@kimlongtran3296,X_Aet9ndh_Y,1
@kingremy723,X_Aet9ndh_Y,1
@kuramamizukage,X_Aet9ndh_Y,1
@lonelyboy4746,X_Aet9ndh_Y,1
@luv.matters,X_Aet9ndh_Y,1
@madraven37,X_Aet9ndh_Y,1
@mahamudmunna5000,X_Aet9ndh_Y,1
@mehdi-Khaleghi-az,X_Aet9ndh_Y,1
@mehmetarifartan5633,X_Aet9ndh_Y,1
@mohammadhatoum,X_Aet9ndh_Y,1
@moysush,X_Aet9ndh_Y,1
@mr.mike678,X_Aet9ndh_Y,1
@muhammadarifzafary5919,X_Aet9ndh_Y,1
@mythicalorchids,X_Aet9ndh_Y,1
@nataliachu2495,X_Aet9ndh_Y,1
@nguyenbao9951,X_Aet9ndh_Y,1
@nishu_7,X_Aet9ndh_Y,1
@nomoredarts42,X_Aet9ndh_Y,1
@okay5048,X_Aet9ndh_Y,1
@paulofernando78,X_Aet9ndh_Y,1
@phwnv,X_Aet9ndh_Y,1
@pierreancelot8864,X_Aet9ndh_Y,1
@pikiario,X_Aet9ndh_Y,1
@powervidsful,X_Aet9ndh_Y,1
@professorx1541,X_Aet9ndh_Y,1
@rajqoder,X_Aet9ndh_Y,2
@ramikilany9279,X_Aet9ndh_Y,1
@randomusername982374,X_Aet9ndh_Y,1
@ratnadeepsaha7675,X_Aet9ndh_Y,1
@riccardoarmari,X_Aet9ndh_Y,1
@rkyadavcouk,X_Aet9ndh_Y,1
@roamrcm,X_Aet9ndh_Y,1
@sairam_kagitha,X_Aet9ndh_Y,1
@sankhuz,X_Aet9ndh_Y,1
@shafu_xyz,X_Aet9ndh_Y,1
@shankarbirajdar7447,X_Aet9ndh_Y,1
@shard-workstation,X_Aet9ndh_Y,1
@sharkethegod,X_Aet9ndh_Y,1
@shibanimickky2824,X_Aet9ndh_Y,1
@siddhantsrivastava5697,X_Aet9ndh_Y,1
@sivarajkumar237,X_Aet9ndh_Y,1
@skylarwhite5044,X_Aet9ndh_Y,1
@smarteveryday1606,X_Aet9ndh_Y,1
@son7459,X_Aet9ndh_Y,1
@spsanderson,X_Aet9ndh_Y,1
@stevecummings3591,X_Aet9ndh_Y,1
@sunit_sarkar,X_Aet9ndh_Y,1
@thinking3911,X_Aet9ndh_Y,1
@thisbevibhor,X_Aet9ndh_Y,1
@tigrezno2626,X_Aet9ndh_Y,1
@timmy-ru9ow,X_Aet9ndh_Y,1
@trappedcat3615,X_Aet9ndh_Y,2
@treowoof5127,X_Aet9ndh_Y,1
@ubermanushyan,X_Aet9ndh_Y,1
@urssaf343,X_Aet9ndh_Y,1
@user-dw6fj1py1o,X_Aet9ndh_Y,1
@userrom6629,X_Aet9ndh_Y,1
@vextorfx6243,X_Aet9ndh_Y,1
@vikingthedude,X_Aet9ndh_Y,1
@vikramanand4723,X_Aet9ndh_Y,1
@wraith3108,X_Aet9ndh_Y,1
@youarethecssformyhtml,X_Aet9ndh_Y,2
@youcefbou8078,X_Aet9ndh_Y,1
@youssef-i7-ti,X_Aet9ndh_Y,1
@youtuber6369,X_Aet9ndh_Y,1
@180robon,XffC4K3mL5c,1
@2ndammendment,XffC4K3mL5c,1
@377omkar,XffC4K3mL5c,1
@7ggyuk,XffC4K3mL5c,1
@AEFisch,XffC4K3mL5c,1
@AbhishekMukherjee,XffC4K3mL5c,1
@AchimDrescher,XffC4K3mL5c,1
@AhmedLabib-fv5nq,XffC4K3mL5c,1
@AlexAbraham-q7c,XffC4K3mL5c,1
@AndyMyers94,XffC4K3mL5c,1
@Areyouduckingserious,XffC4K3mL5c,1
@AskStevenBlack,XffC4K3mL5c,2
@AstroCHOKES,XffC4K3mL5c,1
@AtlasRandGaming,XffC4K3mL5c,1
@Avaline108,XffC4K3mL5c,1
@BrakeForLoop,XffC4K3mL5c,1
@DahRahzor,XffC4K3mL5c,1
@DhruvPitrodia,XffC4K3mL5c,1
@DrLude,XffC4K3mL5c,1
@FM-jo1jh,XffC4K3mL5c,1
@Fightcensorshipnow,XffC4K3mL5c,1
@FroilanIrizarry,XffC4K3mL5c,1
@Fulmoondog,XffC4K3mL5c,1
@GNICHO,XffC4K3mL5c,1
@GVBartholomew,XffC4K3mL5c,1
@HanzotheRazor,XffC4K3mL5c,1
@HarlemProbeTrotter,XffC4K3mL5c,1
@HarperCarrollAI,XffC4K3mL5c,21
@Hellraizorr,XffC4K3mL5c,1
@IncApu2025,XffC4K3mL5c,1
@Innofuge,XffC4K3mL5c,1
@JasperTheFilmie,XffC4K3mL5c,1
@JayBiengJerk,XffC4K3mL5c,1
@JesúsLina-x2g,XffC4K3mL5c,1
@LibroWave,XffC4K3mL5c,2
@Life_withAnkit,XffC4K3mL5c,1
@Luckyrider8899,XffC4K3mL5c,1
@MajaliaJacobGuingab,XffC4K3mL5c,1
@Mariabeautycharm,XffC4K3mL5c,1
@MaxBayuk,XffC4K3mL5c,1
@MetroDerg,XffC4K3mL5c,1
@MichelleR-h3j,XffC4K3mL5c,1
@Mindscapelofi,XffC4K3mL5c,1
@Moy2005,XffC4K3mL5c,1
@Mr.Xeno.,XffC4K3mL5c,1
@Mv3Trader,XffC4K3mL5c,1
@NaoshikuuAnimations,XffC4K3mL5c,1
@Neo-t5m,XffC4K3mL5c,1
@NerdyRodent,XffC4K3mL5c,1
@OrPhEeUs,XffC4K3mL5c,1
@PaulBrown-uz9zz,XffC4K3mL5c,1
@Peaceful-existence999,XffC4K3mL5c,1
@Phantastischphil,XffC4K3mL5c,1
@PieterSmits-lf1dw,XffC4K3mL5c,1
@ReganJacobs,XffC4K3mL5c,1
@RenataBka,XffC4K3mL5c,1
@Rkcuddles,XffC4K3mL5c,1
@SD-hf3mz,XffC4K3mL5c,1
@Seanstadify,XffC4K3mL5c,1
@ShaunVillafana,XffC4K3mL5c,1
@SoloCortexs,XffC4K3mL5c,1
@Srlaw72,XffC4K3mL5c,1
@Standarnell8184,XffC4K3mL5c,2
@StéphaneFyfe,XffC4K3mL5c,1
@Supersegagena,XffC4K3mL5c,1
@TXNAT1VE,XffC4K3mL5c,1
@Taking_Calls,XffC4K3mL5c,1
@Terra_Cognita,XffC4K3mL5c,2
@TheBurrito171,XffC4K3mL5c,1
@TheChos3nOne,XffC4K3mL5c,1
@TheEnlightenedOne358,XffC4K3mL5c,1
@TheJezreelivy,XffC4K3mL5c,1
@TheReviewRoom05,XffC4K3mL5c,1
@Theo-dj7vs,XffC4K3mL5c,1
@Thereisnoneil,XffC4K3mL5c,1
@True2Gold,XffC4K3mL5c,1
@Tutankhamen210,XffC4K3mL5c,1
@Verethill18,XffC4K3mL5c,2
@VisionVibes-p5t,XffC4K3mL5c,1
@WayfaringStranger1420,XffC4K3mL5c,1
@X-jj9zs,XffC4K3mL5c,3
@accidrainn1334,XffC4K3mL5c,1
@adamgumm2265,XffC4K3mL5c,1
@agriculturaydesarrollos.r.3656,XffC4K3mL5c,1
@agzs7q5e,XffC4K3mL5c,1
@alecfotsch3533,XffC4K3mL5c,1
@aleczero,XffC4K3mL5c,1
@alexdorand,XffC4K3mL5c,1
@allthecommonsense,XffC4K3mL5c,3
@aloher4302,XffC4K3mL5c,1
@angelachanelhuang1651,XffC4K3mL5c,1
@arifmarendra6370,XffC4K3mL5c,1
@aryabhimani,XffC4K3mL5c,3
@balapillai,XffC4K3mL5c,1
@bcramer0515,XffC4K3mL5c,1
@benwathen7115,XffC4K3mL5c,1
@bluesy22,XffC4K3mL5c,1
@bme7491,XffC4K3mL5c,1
@brianjosephblake,XffC4K3mL5c,1
@callsignprofessor,XffC4K3mL5c,1
@cdturner,XffC4K3mL5c,1
@cesararellanes6188,XffC4K3mL5c,1
@chickenstrangler3826,XffC4K3mL5c,1
@chrisnolke,XffC4K3mL5c,1
@christopherHvincent,XffC4K3mL5c,1
@clozarthFIER,XffC4K3mL5c,2
@cooldude5699,XffC4K3mL5c,1
@crackerbrick1903,XffC4K3mL5c,1
@darcythe2nd,XffC4K3mL5c,1
@davidbuckley1332,XffC4K3mL5c,1
@davideloi9176,XffC4K3mL5c,2
@deni_.s,XffC4K3mL5c,1
@digitus78,XffC4K3mL5c,1
@dollardun5868,XffC4K3mL5c,1
@doubledigital_,XffC4K3mL5c,1
@dustinyarbrough5204,XffC4K3mL5c,3
@ericrmccormick,XffC4K3mL5c,1
@erobusblack4856,XffC4K3mL5c,2
@esmth,XffC4K3mL5c,1
@felipeekeziarosa4270,XffC4K3mL5c,1
@fouzanjaved5441,XffC4K3mL5c,1
@frankcastle1857,XffC4K3mL5c,1
@frederickjackson8491,XffC4K3mL5c,1
@giovannimamogay,XffC4K3mL5c,1
@gostfalcon,XffC4K3mL5c,1
@gurvijaygill328,XffC4K3mL5c,1
@h0ph1p13,XffC4K3mL5c,1
@handegroot3061,XffC4K3mL5c,1
@hishamriam,XffC4K3mL5c,1
@hyderalihimmathi,XffC4K3mL5c,1
@independentcreatoracademy,XffC4K3mL5c,6
@j.glennbauer508,XffC4K3mL5c,1
@jamesgifford3031,XffC4K3mL5c,1
@jamespoole2390,XffC4K3mL5c,1
@jbornman9853,XffC4K3mL5c,1
@jcrm5762,XffC4K3mL5c,1
@jimjohnson6044,XffC4K3mL5c,1
@jkonoch,XffC4K3mL5c,1
@joecasali4234,XffC4K3mL5c,1
@jorgejlopez3069,XffC4K3mL5c,1
@kabastie1,XffC4K3mL5c,1
@kangdanlin,XffC4K3mL5c,1
@kevincampbell8695,XffC4K3mL5c,1
@kristian-pal,XffC4K3mL5c,1
@kurtm54,XffC4K3mL5c,1
@localcortado,XffC4K3mL5c,1
@lowcoordination,XffC4K3mL5c,1
@luizz_k,XffC4K3mL5c,1
@manuelpalacios671,XffC4K3mL5c,1
@marionmcnee8759,XffC4K3mL5c,1
@markdonahue,XffC4K3mL5c,1
@matheus_mko,XffC4K3mL5c,1
@matt-g-recovers,XffC4K3mL5c,1
@mattdavis9642,XffC4K3mL5c,1
@matthewjoscott,XffC4K3mL5c,1
@max_coommmm,XffC4K3mL5c,1
@mgbunblee,XffC4K3mL5c,1
@michaeloverton3272,XffC4K3mL5c,1
@michaelslattery513,XffC4K3mL5c,1
@minimal2224,XffC4K3mL5c,1
@mminto,XffC4K3mL5c,2
@mohammedouazini,XffC4K3mL5c,1
@mymeditation4199,XffC4K3mL5c,1
@mzak6820,XffC4K3mL5c,1
@naomitara23,XffC4K3mL5c,1
@nathanandrinoid7569,XffC4K3mL5c,1
@neilmcgowan954,XffC4K3mL5c,1
@neuroomog2632,XffC4K3mL5c,2
@norlesh,XffC4K3mL5c,1
@northernvisionproductionsl401,XffC4K3mL5c,1
@nxtchpforme9154,XffC4K3mL5c,1
@ookookook,XffC4K3mL5c,1
@paulanthony4696,XffC4K3mL5c,1
@philipcarpio6024,XffC4K3mL5c,1
@pimpthyride,XffC4K3mL5c,1
@podcastbard,XffC4K3mL5c,1
@proyas21,XffC4K3mL5c,1
@publicauthority,XffC4K3mL5c,1
@radzi62,XffC4K3mL5c,1
@reubinboatner-nf9nk,XffC4K3mL5c,2
@robertpickering2425,XffC4K3mL5c,1
@robgoulet2272,XffC4K3mL5c,1
@robinpettit7827,XffC4K3mL5c,2
@roxyu3384,XffC4K3mL5c,1
@sammetaler,XffC4K3mL5c,1
@saranrajbalag4932,XffC4K3mL5c,1
@shawnpillay1041,XffC4K3mL5c,1
@sherpa972,XffC4K3mL5c,1
@sherrilltechnology,XffC4K3mL5c,1
@someleelpreemo1239,XffC4K3mL5c,1
@sparrow082,XffC4K3mL5c,1
@spideylover4105,XffC4K3mL5c,1
@sunglint,XffC4K3mL5c,1
@thecraighewitt,XffC4K3mL5c,1
@thepalerider5121,XffC4K3mL5c,1
@tokenblack444,XffC4K3mL5c,1
@traviswilson1302,XffC4K3mL5c,1
@trumphy911,XffC4K3mL5c,1
@tsizzle,XffC4K3mL5c,1
@ubaidtareen8289,XffC4K3mL5c,1
@vibrantly50,XffC4K3mL5c,1
@vidbot4037,XffC4K3mL5c,1
@videobob,XffC4K3mL5c,1
@willisbrindley,XffC4K3mL5c,1
@wrightbrainedsecurity,XffC4K3mL5c,1
@xEchoesWithin,XffC4K3mL5c,1
@xxytxx,XffC4K3mL5c,1
@yahyabatla789,XffC4K3mL5c,1
@1985memes,Xn-gtHDsaPY,1
@6ayzid,Xn-gtHDsaPY,1
@AIOptimizer,Xn-gtHDsaPY,1
@ALTTABINMAINMENU,Xn-gtHDsaPY,1
@AfterLifeLegend,Xn-gtHDsaPY,1
@AlexandraKilby,Xn-gtHDsaPY,1
@AlvinYap510,Xn-gtHDsaPY,1
@AnilVerma-MachineIntelligence,Xn-gtHDsaPY,1
@AnimeEdit2742,Xn-gtHDsaPY,1
@Ankitsharma-on5uk,Xn-gtHDsaPY,1
@AtomHeart_Plantern,Xn-gtHDsaPY,1
@Beefhaving,Xn-gtHDsaPY,1
@BlockBusiness,Xn-gtHDsaPY,1
@BorisKurniawan-w5c,Xn-gtHDsaPY,1
@BradleyMyrick,Xn-gtHDsaPY,1
@Burgarfury,Xn-gtHDsaPY,1
@CapuWriting,Xn-gtHDsaPY,2
@CourtneyKlein-m9b,Xn-gtHDsaPY,1
@DamianDiliplongpet,Xn-gtHDsaPY,1
@DeadEnd-ct6dh,Xn-gtHDsaPY,1
@DicroDavis,Xn-gtHDsaPY,1
@DrW1ne,Xn-gtHDsaPY,1
@EricSundquistKC,Xn-gtHDsaPY,1
@FarranLee,Xn-gtHDsaPY,1
@G07R007,Xn-gtHDsaPY,1
@Grovion,Xn-gtHDsaPY,1
@HarryPujols,Xn-gtHDsaPY,1
@HarshVardhan-i2f,Xn-gtHDsaPY,1
@HaydenHatTrick,Xn-gtHDsaPY,1
@HiveGod-k2d,Xn-gtHDsaPY,1
@Howtofewithlove,Xn-gtHDsaPY,1
@IlyaFadin,Xn-gtHDsaPY,1
@J-IDA,Xn-gtHDsaPY,1
@JaKaniDev,Xn-gtHDsaPY,1
@JarveeProVPS,Xn-gtHDsaPY,1
@JenniferLynn-zc8zp,Xn-gtHDsaPY,1
@Junk6671,Xn-gtHDsaPY,1
@JustinMoriarty-w8c,Xn-gtHDsaPY,1
@KnightlyStudio,Xn-gtHDsaPY,1
@LNSFLIVE,Xn-gtHDsaPY,1
@LordSauron-b4y,Xn-gtHDsaPY,1
@LucasNascimento001,Xn-gtHDsaPY,1
@MDSharifKhanShorif,Xn-gtHDsaPY,1
@Marcos-Zap,Xn-gtHDsaPY,2
@Maskaradas,Xn-gtHDsaPY,1
@MassVideoUploader,Xn-gtHDsaPY,1
@MassVideoUploading,Xn-gtHDsaPY,1
@MatthewBeuka,Xn-gtHDsaPY,1
@MisoNyah,Xn-gtHDsaPY,1
@Mortada_DEV,Xn-gtHDsaPY,1
@Mr.Andrew.,Xn-gtHDsaPY,1
@MrCrush,Xn-gtHDsaPY,1
@MultiMam12345,Xn-gtHDsaPY,1
@MultiloginPro-SocialMeida,Xn-gtHDsaPY,1
@NeoStarImpact,Xn-gtHDsaPY,1
@OccamsPlasmaGun,Xn-gtHDsaPY,1
@Omniclawd,Xn-gtHDsaPY,1
@OpenSourceSpotlight,Xn-gtHDsaPY,1
@PVACreator5,Xn-gtHDsaPY,1
@PacoArbi,Xn-gtHDsaPY,1
@Papa_ki_Jaan_7,Xn-gtHDsaPY,1
@PeacenikHippie,Xn-gtHDsaPY,1
@PeterZemeni,Xn-gtHDsaPY,1
@PriUni-cm,Xn-gtHDsaPY,1
@Pushyanth27,Xn-gtHDsaPY,1
@RahulKhatriPanthi,Xn-gtHDsaPY,1
@RuthIessTruth,Xn-gtHDsaPY,1
@SYNAPSNEX0FFICIAL,Xn-gtHDsaPY,1
@Sahil-with-AI-22,Xn-gtHDsaPY,1
@SebWayYT,Xn-gtHDsaPY,1
@Second_Law,Xn-gtHDsaPY,1
@Shortmotion12,Xn-gtHDsaPY,2
@SilverPaladin,Xn-gtHDsaPY,1
@SloppyPuppy,Xn-gtHDsaPY,1
@SuliXbr,Xn-gtHDsaPY,1
@TFYFTFI,Xn-gtHDsaPY,1
@TaylorBurke4,Xn-gtHDsaPY,1
@The_kozmonaut,Xn-gtHDsaPY,2
@Tilt_Vault,Xn-gtHDsaPY,1
@ToolSuit,Xn-gtHDsaPY,1
@TosilSangma,Xn-gtHDsaPY,1
@TrashyDoTio,Xn-gtHDsaPY,1
@UbtexyjvduJevehejvrj,Xn-gtHDsaPY,1
@VideoFission,Xn-gtHDsaPY,1
@VinnyG919,Xn-gtHDsaPY,1
@VitóriaCardosoCunha,Xn-gtHDsaPY,1
@VonDarylAlvarez,Xn-gtHDsaPY,1
@Wedler78,Xn-gtHDsaPY,1
@WesleyOverdijk,Xn-gtHDsaPY,1
@YLprime,Xn-gtHDsaPY,1
@adildeveci61,Xn-gtHDsaPY,1
@aguafrio,Xn-gtHDsaPY,1
@airunnertv,Xn-gtHDsaPY,1
@alexandermercer5363,Xn-gtHDsaPY,1
@algokaraldod,Xn-gtHDsaPY,1
@aliabbasenvo,Xn-gtHDsaPY,1
@aminabudahab,Xn-gtHDsaPY,1
@andoria5014,Xn-gtHDsaPY,1
@aromaticsnail,Xn-gtHDsaPY,1
@bebusss,Xn-gtHDsaPY,1
@bemcleod2628,Xn-gtHDsaPY,1
@bethaapple2102,Xn-gtHDsaPY,1
@bonecircuit,Xn-gtHDsaPY,1
@braddockbrawler,Xn-gtHDsaPY,1
@brianwanyembi4556,Xn-gtHDsaPY,1
@browaruspierogus2182,Xn-gtHDsaPY,1
@buggsstanleis8677,Xn-gtHDsaPY,1
@call_me_rusker,Xn-gtHDsaPY,1
@cedwardsmedia,Xn-gtHDsaPY,1
@chiragtitiya3298,Xn-gtHDsaPY,1
@cutty02,Xn-gtHDsaPY,1
@dan110024,Xn-gtHDsaPY,1
@danielw4778,Xn-gtHDsaPY,1
@datajake2742,Xn-gtHDsaPY,1
@david-lin-fr,Xn-gtHDsaPY,1
@devops-sushi5534,Xn-gtHDsaPY,1
@diagodiago2691,Xn-gtHDsaPY,1
@divinusfilius3771,Xn-gtHDsaPY,1
@djangoworldwide7925,Xn-gtHDsaPY,1
@dobdj8079,Xn-gtHDsaPY,1
@drivindevil,Xn-gtHDsaPY,1
@dusandebelak821,Xn-gtHDsaPY,1
@eatingpetsforfun,Xn-gtHDsaPY,1
@ellion0815,Xn-gtHDsaPY,1
@fineline392,Xn-gtHDsaPY,1
@firebelias1266,Xn-gtHDsaPY,1
@freedomfury,Xn-gtHDsaPY,1
@freeone69,Xn-gtHDsaPY,1
@garrettford8651,Xn-gtHDsaPY,1
@greg5023,Xn-gtHDsaPY,1
@hangyang8549,Xn-gtHDsaPY,1
@homeuse8130,Xn-gtHDsaPY,1
@hyndriandelmundo6855,Xn-gtHDsaPY,1
@iam_ashvin_02,Xn-gtHDsaPY,1
@ibendover4817,Xn-gtHDsaPY,1
@illneumatik,Xn-gtHDsaPY,1
@imrankhansaami,Xn-gtHDsaPY,1
@invictalux,Xn-gtHDsaPY,1
@iprogramthem,Xn-gtHDsaPY,1
@isbafatima-g6g,Xn-gtHDsaPY,1
@jaybansikotar1299,Xn-gtHDsaPY,1
@johnny_rain3226,Xn-gtHDsaPY,1
@kandarppande3385,Xn-gtHDsaPY,1
@kayxyz1,Xn-gtHDsaPY,1
@khemirichiheb9729,Xn-gtHDsaPY,1
@kumarmanik1699,Xn-gtHDsaPY,1
@laprepper,Xn-gtHDsaPY,1
@lestaironblack1259,Xn-gtHDsaPY,1
@libnerrr,Xn-gtHDsaPY,1
@loisgiddings,Xn-gtHDsaPY,1
@lowlevelaccess,Xn-gtHDsaPY,1
@lucienchu9649,Xn-gtHDsaPY,1
@lyvwhyr,Xn-gtHDsaPY,1
@mateusloubach,Xn-gtHDsaPY,1
@mcodesthings,Xn-gtHDsaPY,1
@mcombatti,Xn-gtHDsaPY,1
@michimansi,Xn-gtHDsaPY,1
@misterbomabstic,Xn-gtHDsaPY,1
@mkemaltas,Xn-gtHDsaPY,1
@moonbeamsunshine,Xn-gtHDsaPY,1
@mrStriker999,Xn-gtHDsaPY,1
@mrproxj,Xn-gtHDsaPY,1
@muzamilirfan-y2y,Xn-gtHDsaPY,1
@myworkbase,Xn-gtHDsaPY,1
@nadee77,Xn-gtHDsaPY,1
@noname7271,Xn-gtHDsaPY,1
@nourrrrrrr7,Xn-gtHDsaPY,1
@nukemup07,Xn-gtHDsaPY,1
@osmnthus1,Xn-gtHDsaPY,1
@petecapecod,Xn-gtHDsaPY,1
@peterzhong5533,Xn-gtHDsaPY,1
@planktonfun,Xn-gtHDsaPY,1
@prndlprndlprndl,Xn-gtHDsaPY,2
@proffesseurevil,Xn-gtHDsaPY,1
@psnts-5ao,Xn-gtHDsaPY,1
@rafaelneokleous3361,Xn-gtHDsaPY,1
@rishabh1S,Xn-gtHDsaPY,1
@rismay21,Xn-gtHDsaPY,1
@robrider838,Xn-gtHDsaPY,1
@royaluu9754,Xn-gtHDsaPY,1
@rubber89,Xn-gtHDsaPY,1
@safwanahmad7297,Xn-gtHDsaPY,1
@samgres,Xn-gtHDsaPY,1
@shinobinokami5190,Xn-gtHDsaPY,1
@simeygarrido2897,Xn-gtHDsaPY,1
@sloshy1840,Xn-gtHDsaPY,1
@stupidwolf,Xn-gtHDsaPY,1
@teniente_snafu,Xn-gtHDsaPY,1
@thomasj6144,Xn-gtHDsaPY,1
@tomj2j187,Xn-gtHDsaPY,1
@tpaul0x,Xn-gtHDsaPY,1
@uninitializedvariable,Xn-gtHDsaPY,1
@vincent_hall,Xn-gtHDsaPY,4
@viratchourasia8205,Xn-gtHDsaPY,1
@wbbaskqbsoowbwlz,Xn-gtHDsaPY,1
@wm6126,Xn-gtHDsaPY,1
@xspydazx,Xn-gtHDsaPY,1
@yousuckatlife7604,Xn-gtHDsaPY,1
@ЯрославКууне,Xn-gtHDsaPY,1
@-AkhilTej-,Y68FF_nUSWE,1
@BakiDaGreat,Y68FF_nUSWE,1
@CapuWriting,Y68FF_nUSWE,2
@ChanceTEK,Y68FF_nUSWE,1
@EnezReyiz,Y68FF_nUSWE,2
@EterniaTransportes,Y68FF_nUSWE,1
@Hunter-y4g8u,Y68FF_nUSWE,1
@JJSeattle,Y68FF_nUSWE,1
@Mandresy-u5c,Y68FF_nUSWE,1
@MarkusHalvorson,Y68FF_nUSWE,1
@MayaMy-j7g,Y68FF_nUSWE,1
@MikeOnABike9,Y68FF_nUSWE,1
@RITADEVIUPRETI,Y68FF_nUSWE,3
@Rodolfo_Gallegos,Y68FF_nUSWE,1
@SpaceMonster_OG,Y68FF_nUSWE,1
@TECH4.0GUY,Y68FF_nUSWE,1
@WijthaGayan,Y68FF_nUSWE,1
@ajitnandakumar,Y68FF_nUSWE,1
@alextheguyuwant,Y68FF_nUSWE,1
@anthony559,Y68FF_nUSWE,1
@cedcodes,Y68FF_nUSWE,1
@corwynvigeland4856,Y68FF_nUSWE,1
@cppmsg,Y68FF_nUSWE,1
@danthe3d,Y68FF_nUSWE,1
@darshansrinivas6883,Y68FF_nUSWE,1
@das_fahrer,Y68FF_nUSWE,1
@datamus3,Y68FF_nUSWE,1
@denismaringo2729,Y68FF_nUSWE,1
@dgdunn66,Y68FF_nUSWE,1
@flummox3d,Y68FF_nUSWE,1
@harshanand2577,Y68FF_nUSWE,1
@healy-86,Y68FF_nUSWE,1
@jasonsdodd,Y68FF_nUSWE,1
@kabir8286,Y68FF_nUSWE,1
@kennySg101,Y68FF_nUSWE,1
@kokavamsikrishna3933,Y68FF_nUSWE,2
@lalwans,Y68FF_nUSWE,1
@latenite3931,Y68FF_nUSWE,1
@looper0076,Y68FF_nUSWE,1
@mahendranathh,Y68FF_nUSWE,1
@makedredd299,Y68FF_nUSWE,1
@manjunathkaluri1724,Y68FF_nUSWE,1
@marshallgraphic,Y68FF_nUSWE,2
@mihir2173,Y68FF_nUSWE,1
@mohamedeltilib7760,Y68FF_nUSWE,1
@mohammedmahinuralam2796,Y68FF_nUSWE,1
@pindot-pindot,Y68FF_nUSWE,1
@pragmatica1032,Y68FF_nUSWE,1
@raleighknight,Y68FF_nUSWE,1
@reiserbount,Y68FF_nUSWE,1
@ricardoglopes6767,Y68FF_nUSWE,1
@robthwaites9138,Y68FF_nUSWE,1
@saan-n-z,Y68FF_nUSWE,1
@sergetouvoly,Y68FF_nUSWE,1
@stanleyweller6856,Y68FF_nUSWE,1
@suakisuakikumar,Y68FF_nUSWE,1
@telcomun,Y68FF_nUSWE,1
@thextraverage,Y68FF_nUSWE,1
@timothyebri-k6j,Y68FF_nUSWE,1
@toneron,Y68FF_nUSWE,1
@trn-w3y,Y68FF_nUSWE,1
@user-er5vn8qt7e,Y68FF_nUSWE,1
@viswakanth9002,Y68FF_nUSWE,1
@youtubecom14,Y68FF_nUSWE,1
@ytzinger,Y68FF_nUSWE,1
@1YEARSGO,YESrXVkcCHY,1
@ABIRHASAN-e3n,YESrXVkcCHY,1
@ABRAHAMLOCCOH,YESrXVkcCHY,1
@AffiliateMarketer-2024,YESrXVkcCHY,1
@AhadNai-j6t,YESrXVkcCHY,1
@AhenJebks,YESrXVkcCHY,1
@Aimeebardella,YESrXVkcCHY,1
@AjayKumar-j9w9w,YESrXVkcCHY,1
@AliAli-fj7hs,YESrXVkcCHY,1
@AlienAmbient,YESrXVkcCHY,1
@AnaParra-d1t,YESrXVkcCHY,1
@Andy_B.,YESrXVkcCHY,1
@AnmolKandulna-t2r,YESrXVkcCHY,1
@AsmitaSarkar-z1y,YESrXVkcCHY,1
@AymenGs54,YESrXVkcCHY,1
@Bestvedio-4-you,YESrXVkcCHY,1
@Bkking112,YESrXVkcCHY,1
@Bluefire123-l5q,YESrXVkcCHY,1
@CamonaTempest,YESrXVkcCHY,1
@CavidZeynalov-f9n,YESrXVkcCHY,1
@Cbfhvhjfjfbxg,YESrXVkcCHY,1
@ChihabSkip,YESrXVkcCHY,1
@Chotasiraj786-t8e,YESrXVkcCHY,1
@ChristKouakou-m4y6n,YESrXVkcCHY,1
@DUKEBALA-v2p,YESrXVkcCHY,1
@DadaRasoaline,YESrXVkcCHY,1
@Dailyhistory-n7u,YESrXVkcCHY,1
@Danishansari-t7o9d,YESrXVkcCHY,1
@Digital_duniya9,YESrXVkcCHY,1
@DripTip,YESrXVkcCHY,1
@DurganandYadav-o8z1r,YESrXVkcCHY,1
@EmilianoCatherine,YESrXVkcCHY,1
@EntelaPriftu,YESrXVkcCHY,1
@FREQ_WAVE,YESrXVkcCHY,1
@Fantasyteamgl01,YESrXVkcCHY,1
@FareopoAyomide,YESrXVkcCHY,1
@FufgSjxc,YESrXVkcCHY,1
@GaneshMore-xj2pk,YESrXVkcCHY,1
@GirishMili-o1p,YESrXVkcCHY,1
@Guri8058s,YESrXVkcCHY,1
@HaidarAbrahim-z6n,YESrXVkcCHY,1
@HamzaWasiq-jr1xu,YESrXVkcCHY,1
@HasanHasantpo,YESrXVkcCHY,1
@HellOi-g3v,YESrXVkcCHY,1
@HimanshuBansal-p3g,YESrXVkcCHY,1
@HosaamSief,YESrXVkcCHY,1
@JapYenn,YESrXVkcCHY,1
@JaymalyaSamanta-p4f,YESrXVkcCHY,1
@JgyjcZdegf,YESrXVkcCHY,1
@JorgeHollander,YESrXVkcCHY,1
@KNivikar,YESrXVkcCHY,1
@Kenanku_Is_Here,YESrXVkcCHY,1
@KeshavBansal-u3z,YESrXVkcCHY,1
@KoolFaceFashions,YESrXVkcCHY,1
@Korninenko,YESrXVkcCHY,1
@Lackspider37o2o2u,YESrXVkcCHY,1
@LaisaLlanos,YESrXVkcCHY,1
@Laowater,YESrXVkcCHY,1
@LeonardoSwagson,YESrXVkcCHY,1
@LiladharPrajapat-ju6yl,YESrXVkcCHY,1
@LoloGola,YESrXVkcCHY,1
@MArsaldayo,YESrXVkcCHY,1
@Makar31YT,YESrXVkcCHY,1
@MamyHervéRakotondratsimba,YESrXVkcCHY,1
@ManishTelaliya,YESrXVkcCHY,1
@MasterDracer,YESrXVkcCHY,1
@MintieLightPurple,YESrXVkcCHY,1
@MohmadAlsrhan-e5s,YESrXVkcCHY,1
@MoumenDj-i3i,YESrXVkcCHY,1
@MubasherMushtaq-t2j,YESrXVkcCHY,1
@MuhmmadUsman344,YESrXVkcCHY,1
@NdhjBdgb,YESrXVkcCHY,1
@Neupanebhai,YESrXVkcCHY,1
@OigbgRush,YESrXVkcCHY,1
@OrbitaSkipmail,YESrXVkcCHY,1
@PAVANNORIYA-k2e,YESrXVkcCHY,1
@PanduD-d8f,YESrXVkcCHY,1
@PhumznWah,YESrXVkcCHY,1
@PixiesKoom,YESrXVkcCHY,1
@PiyotomaKumari,YESrXVkcCHY,1
@PlaystorPlaystor-w5f4n,YESrXVkcCHY,1
@PondaraTulasiram,YESrXVkcCHY,1
@PriyaNegi-k7t,YESrXVkcCHY,1
@PrlayMondal,YESrXVkcCHY,1
@ProgrammerLanguage-w9v,YESrXVkcCHY,1
@QuebaTiagoQuebsonLuís,YESrXVkcCHY,1
@RamkrishunMukhiya1,YESrXVkcCHY,1
@Rapi100-t3l,YESrXVkcCHY,1
@RazzoukYassine-gp7zm,YESrXVkcCHY,1
@RobbyJohnson-gm8wx,YESrXVkcCHY,1
@RuchiShetti-x3q,YESrXVkcCHY,1
@RupeshMandal-h8n,YESrXVkcCHY,1
@SakibulHashan-y4n,YESrXVkcCHY,1
@SalahSalah-yl5zk,YESrXVkcCHY,1
@SallySefo-e4r,YESrXVkcCHY,1
@Sankiboy11-w5c,YESrXVkcCHY,1
@SasuriUciha,YESrXVkcCHY,1
@ShawnKumar-ft9ct,YESrXVkcCHY,1
@Stbhaicg,YESrXVkcCHY,1
@SujiKuttySujiKutty-r5y,YESrXVkcCHY,1
@TAPASKUMARMANDAL-e3p8z,YESrXVkcCHY,1
@THODLAAAAA,YESrXVkcCHY,1
@TasleemQureashi-s9d,YESrXVkcCHY,1
@TechWithTim,YESrXVkcCHY,1
@TruckingEntrepreneurshipFamily,YESrXVkcCHY,1
@Tzimis.Floros,YESrXVkcCHY,1
@UpsonFayth,YESrXVkcCHY,1
@VakeelChauhan-xz6rm,YESrXVkcCHY,1
@VechatVechat-x2i,YESrXVkcCHY,1
@ViRogers-w8c,YESrXVkcCHY,1
@WaniNazir-i8c,YESrXVkcCHY,1
@WisdomJoshua-k4g,YESrXVkcCHY,1
@ZIXUGAMER-2M,YESrXVkcCHY,1
@ZainVlogsz,YESrXVkcCHY,1
@aboabdo2842,YESrXVkcCHY,1
@agw5425,YESrXVkcCHY,1
@alineOliveira-hr2xt,YESrXVkcCHY,1
@aperson1181,YESrXVkcCHY,1
@ashok8350,YESrXVkcCHY,1
@baadshaking7890,YESrXVkcCHY,1
@beyond_epic,YESrXVkcCHY,1
@black_cheez,YESrXVkcCHY,1
@brunomarin6977,YESrXVkcCHY,1
@buildwithaks,YESrXVkcCHY,1
@cherryannadong2748,YESrXVkcCHY,1
@chrisdundas58,YESrXVkcCHY,1
@cidgaming0,YESrXVkcCHY,1
@crackedd_dev,YESrXVkcCHY,1
@cryptoking4e,YESrXVkcCHY,1
@devkaran0123,YESrXVkcCHY,1
@dharmendrabaral8558,YESrXVkcCHY,1
@diegosisimith4360,YESrXVkcCHY,1
@dilipbhilgamis,YESrXVkcCHY,1
@emojiverse1234,YESrXVkcCHY,1
@eyadeyad-g4h,YESrXVkcCHY,1
@fuocy,YESrXVkcCHY,1
@ghulamshabbirsargana9610,YESrXVkcCHY,1
@harshdavda,YESrXVkcCHY,1
@heine0085,YESrXVkcCHY,1
@illia_37,YESrXVkcCHY,1
@irenairena376,YESrXVkcCHY,1
@itorres008,YESrXVkcCHY,1
@jacobpearce4237,YESrXVkcCHY,1
@jandia5162,YESrXVkcCHY,1
@jeremiahsogbeh619,YESrXVkcCHY,1
@johnnyalainrazakasolo3598,YESrXVkcCHY,1
@kellerweskier7214,YESrXVkcCHY,1
@kokani_piano_master,YESrXVkcCHY,1
@krešo-h2w,YESrXVkcCHY,1
@lamiadahoui2272,YESrXVkcCHY,1
@maksatdemirov6300,YESrXVkcCHY,1
@maricnemanja1,YESrXVkcCHY,1
@marilyncleofe7957,YESrXVkcCHY,1
@marndikr,YESrXVkcCHY,1
@mera_neemuch_meri_jaan,YESrXVkcCHY,1
@michelledoscherphd4617,YESrXVkcCHY,1
@mikedqin,YESrXVkcCHY,1
@mimoumounir7213,YESrXVkcCHY,1
@mohammadahmad4058,YESrXVkcCHY,1
@nakkaadhinarayana4101,YESrXVkcCHY,1
@natalysaray2645,YESrXVkcCHY,1
@nda9767,YESrXVkcCHY,1
@neerajkumarAman,YESrXVkcCHY,1
@nextoppurtunity,YESrXVkcCHY,1
@nickalika,YESrXVkcCHY,1
@nimbalyst,YESrXVkcCHY,1
@ninovulkan9815,YESrXVkcCHY,1
@nowhere_yt-l6g,YESrXVkcCHY,1
@pahadihai6263,YESrXVkcCHY,1
@peroperic5811,YESrXVkcCHY,1
@phonk.lofi1,YESrXVkcCHY,1
@poetrylover-n5n,YESrXVkcCHY,1
@qadeerali-f1e,YESrXVkcCHY,1
@radha-x2k1m,YESrXVkcCHY,1
@rajivsporkslede7860,YESrXVkcCHY,1
@rakibfoujdar30,YESrXVkcCHY,1
@rdjmusic_02,YESrXVkcCHY,1
@riskydas7828,YESrXVkcCHY,1
@saminaaqib4136,YESrXVkcCHY,1
@sandhyag.b1745,YESrXVkcCHY,1
@santiagoferreyra7232,YESrXVkcCHY,1
@scotter,YESrXVkcCHY,1
@shakibulHasan-f1f,YESrXVkcCHY,1
@shamischannel-kd6zg,YESrXVkcCHY,1
@shivalingareddy3620,YESrXVkcCHY,1
@steves3422,YESrXVkcCHY,1
@studiohyc,YESrXVkcCHY,1
@sunilgamerfreefira,YESrXVkcCHY,1
@talasoghli6101,YESrXVkcCHY,1
@tastyroastery,YESrXVkcCHY,1
@taufiqurrohman4141,YESrXVkcCHY,1
@thisiskanil507,YESrXVkcCHY,1
@trybguet_com,YESrXVkcCHY,1
@valeriek8077,YESrXVkcCHY,1
@varshathakur5633,YESrXVkcCHY,1
@vigamers622,YESrXVkcCHY,1
@webacademy5701,YESrXVkcCHY,1
@ابوزيادالحبش,YESrXVkcCHY,1
@اسماعيلاسماعيل-ج1ت3ص,YESrXVkcCHY,1
@القيصرحيدر-ر1ه,YESrXVkcCHY,1
@حيدرالبركان,YESrXVkcCHY,1
@عبدوالشعباني-ل7ث,YESrXVkcCHY,1
@عقربسوري-ق4ث,YESrXVkcCHY,1
@فاديمحمد-ه8ف,YESrXVkcCHY,1
@محمدأنور-ذ5ج1ف,YESrXVkcCHY,1
@محمداعرابي-ظ7و,YESrXVkcCHY,1
@محمدالخضر-خ2ح,YESrXVkcCHY,1
@محمدحسن-ن5غ3د,YESrXVkcCHY,1
@محمدلحلح-و9ن,YESrXVkcCHY,1
@وليدلاسمر,YESrXVkcCHY,1
@يومياتالشنطوري,YESrXVkcCHY,1
@1BestPahad,Z6BYhJl9hV8,1
@AkHunlarr,Z6BYhJl9hV8,1
@AltaiiSinan,Z6BYhJl9hV8,3
@BirhanNega,Z6BYhJl9hV8,1
@Bitstream,Z6BYhJl9hV8,1
@BlackBay17,Z6BYhJl9hV8,1
@DevanshRana-GOD,Z6BYhJl9hV8,1
@DinoB-x1z,Z6BYhJl9hV8,2
@FurkanDincerov,Z6BYhJl9hV8,2
@Guillen8606,Z6BYhJl9hV8,1
@HOSTRASOKYRA,Z6BYhJl9hV8,1
@InfiniteCuriousity,Z6BYhJl9hV8,1
@JafarUlla15,Z6BYhJl9hV8,1
@JamesMontemagno,Z6BYhJl9hV8,13
@JohnTerry-p2v,Z6BYhJl9hV8,1
@La-FL-DS-MDFR,Z6BYhJl9hV8,1
@LeoBranca-y8o,Z6BYhJl9hV8,1
@NabranAboubacar,Z6BYhJl9hV8,1
@NevoVaknin,Z6BYhJl9hV8,1
@NickWestgate,Z6BYhJl9hV8,1
@PaulA-c4x,Z6BYhJl9hV8,1
@Programing-p7c,Z6BYhJl9hV8,1
@RasulAbuMuhammadAmin,Z6BYhJl9hV8,1
@RobertSmith-wj7zf,Z6BYhJl9hV8,3
@TheProfessionalGamerSS4444,Z6BYhJl9hV8,2
@TreadTheNet,Z6BYhJl9hV8,1
@ahmadyazdany2102,Z6BYhJl9hV8,1
@annieorben,Z6BYhJl9hV8,1
@ballan00,Z6BYhJl9hV8,2
@bmp713,Z6BYhJl9hV8,1
@bradtaylor1910,Z6BYhJl9hV8,1
@brodriguez11000,Z6BYhJl9hV8,1
@carpenter083,Z6BYhJl9hV8,1
@cazolasoft,Z6BYhJl9hV8,1
@deepankarjoshi6057,Z6BYhJl9hV8,1
@diydancochran,Z6BYhJl9hV8,1
@eContentManager,Z6BYhJl9hV8,1
@francoisdebber6256,Z6BYhJl9hV8,2
@funditaucher7020,Z6BYhJl9hV8,1
@greeksinmars,Z6BYhJl9hV8,1
@hongdali-s9o,Z6BYhJl9hV8,1
@hoosiersparty7408,Z6BYhJl9hV8,1
@jasminbecirevic3273,Z6BYhJl9hV8,1
@jasper5016,Z6BYhJl9hV8,1
@john.the.baptist_yt,Z6BYhJl9hV8,1
@junior.santana,Z6BYhJl9hV8,1
@kedarnathk9590,Z6BYhJl9hV8,1
@leoantiday,Z6BYhJl9hV8,1
@luisarguello9690,Z6BYhJl9hV8,1
@mashkult,Z6BYhJl9hV8,1
@michaelcooper1860,Z6BYhJl9hV8,1
@nitinfps,Z6BYhJl9hV8,1
@pH7Programming,Z6BYhJl9hV8,1
@parthodave123,Z6BYhJl9hV8,1
@robmyers8948,Z6BYhJl9hV8,1
@rogerswetnam1416,Z6BYhJl9hV8,1
@romanbolgar,Z6BYhJl9hV8,1
@saifsaif8580,Z6BYhJl9hV8,1
@trsarathi,Z6BYhJl9hV8,1
@vivekerra7948,Z6BYhJl9hV8,1
@volodymyrprokopovych6384,Z6BYhJl9hV8,1
@zeeshanasghar3751,Z6BYhJl9hV8,1
@АндрійПурський-х4й,Z6BYhJl9hV8,1
@지현명-m2c,Z6BYhJl9hV8,1
@1984Lams,ZkGzEMDeJos,1
@AIRewired,ZkGzEMDeJos,1
@Algernon_Sour_Gravy,ZkGzEMDeJos,1
@AngeloWakstein-b7e,ZkGzEMDeJos,1
@Anime_boy_6729,ZkGzEMDeJos,1
@Apocalipsis_zzz,ZkGzEMDeJos,1
@BabarReviews,ZkGzEMDeJos,1
@BlessedMessNotStressed,ZkGzEMDeJos,1
@BrandonWu-z5i,ZkGzEMDeJos,3
@BrianKasenLFP,ZkGzEMDeJos,1
@BrotherReynard,ZkGzEMDeJos,1
@ChantalGuillouBrennan,ZkGzEMDeJos,1
@ClaudiuRasteanu-s5h,ZkGzEMDeJos,1
@CraftQueeny,ZkGzEMDeJos,1
@CristianoSilveiro,ZkGzEMDeJos,1
@Desilokk001,ZkGzEMDeJos,1
@EventSite-uk1gg,ZkGzEMDeJos,1
@FaizanulIslam-ww6ib,ZkGzEMDeJos,1
@FelipeMarkondes,ZkGzEMDeJos,1
@FluteChanduRamayanam,ZkGzEMDeJos,1
@GREZA-DEV,ZkGzEMDeJos,1
@GeorgeO-84,ZkGzEMDeJos,2
@Gus.JSegovia,ZkGzEMDeJos,2
@HayesyDay,ZkGzEMDeJos,1
@Hellopetitevie,ZkGzEMDeJos,1
@HilltopPrincess,ZkGzEMDeJos,1
@HumanoAI,ZkGzEMDeJos,1
@JBT-k4e,ZkGzEMDeJos,1
@Jam-sz1sy,ZkGzEMDeJos,1
@Jarman74,ZkGzEMDeJos,1
@Jen_Martin,ZkGzEMDeJos,1
@JohannaViskari,ZkGzEMDeJos,1
@JoraGamer,ZkGzEMDeJos,1
@JuanPabloAlarcónM,ZkGzEMDeJos,1
@JustLovely821,ZkGzEMDeJos,1
@KWAMEABROKWAH,ZkGzEMDeJos,2
@Kikidearman,ZkGzEMDeJos,1
@LathamFell,ZkGzEMDeJos,1
@LewisM613,ZkGzEMDeJos,1
@MadalynSklar,ZkGzEMDeJos,1
@Maestro-anon,ZkGzEMDeJos,1
@Mahdi-pn4kv,ZkGzEMDeJos,1
@ManojBisen-yb6gn,ZkGzEMDeJos,1
@MarkedbyVisuals,ZkGzEMDeJos,3
@Michaela-xi1zf,ZkGzEMDeJos,1
@MrPathorock,ZkGzEMDeJos,1
@MsMelanie117,ZkGzEMDeJos,1
@Mustash-Tony,ZkGzEMDeJos,1
@Namlosen,ZkGzEMDeJos,1
@Nitty-b1x,ZkGzEMDeJos,1
@PaulJLipsky,ZkGzEMDeJos,152
@PerFTNilsson,ZkGzEMDeJos,1
@PiusOkwuego,ZkGzEMDeJos,1
@Rayhan-e1c,ZkGzEMDeJos,1
@Richard1234-l9k,ZkGzEMDeJos,1
@Rickndanger84,ZkGzEMDeJos,1
@Robert-o9y7u,ZkGzEMDeJos,1
@ShizzleSD,ZkGzEMDeJos,1
@StacyBrookman-cl6nb,ZkGzEMDeJos,1
@StratoformAI,ZkGzEMDeJos,1
@TaskSwitcherify,ZkGzEMDeJos,2
@TheHistoryCode125,ZkGzEMDeJos,1
@TommyTwista,ZkGzEMDeJos,1
@Tony-dp1rl,ZkGzEMDeJos,1
@Vichitragupta823-xm9iq,ZkGzEMDeJos,1
@ViewOfMO,ZkGzEMDeJos,2
@Vox-Veritatis,ZkGzEMDeJos,1
@XBMotivates,ZkGzEMDeJos,1
@YudronWangmo,ZkGzEMDeJos,1
@abdulahmed7456m,ZkGzEMDeJos,1
@adibzak,ZkGzEMDeJos,1
@akhildraksharapu,ZkGzEMDeJos,1
@aldorodriguezai,ZkGzEMDeJos,2
@alexandru_miklosmiklos5479,ZkGzEMDeJos,1
@alijahholder,ZkGzEMDeJos,1
@amazingqualitycontrolltd9352,ZkGzEMDeJos,1
@asterabiology459,ZkGzEMDeJos,1
@autotrafficavalanFYI,ZkGzEMDeJos,1
@bitcoin7862,ZkGzEMDeJos,1
@burcusumer6643,ZkGzEMDeJos,2
@butonphillie5114,ZkGzEMDeJos,1
@bwclownfish,ZkGzEMDeJos,1
@cathychoi6959,ZkGzEMDeJos,1
@ccmmkk,ZkGzEMDeJos,1
@ccreightonify,ZkGzEMDeJos,1
@chinlengfong,ZkGzEMDeJos,1
@cmonspike,ZkGzEMDeJos,1
@cristinarotaru,ZkGzEMDeJos,2
@dakshkumarsingh909,ZkGzEMDeJos,3
@damelos4039,ZkGzEMDeJos,2
@danmate28,ZkGzEMDeJos,1
@datbronze9846,ZkGzEMDeJos,1
@deonbuhrs8525,ZkGzEMDeJos,1
@dinnerrecipe3529,ZkGzEMDeJos,2
@doctornebula,ZkGzEMDeJos,1
@edgger1,ZkGzEMDeJos,1
@eleewilsonjrcosmosart,ZkGzEMDeJos,1
@eqdt_mattias_nilsson,ZkGzEMDeJos,1
@erikawinter-stefferud,ZkGzEMDeJos,1
@esanariam,ZkGzEMDeJos,1
@fernandolanderos4600,ZkGzEMDeJos,1
@gamingallday9225,ZkGzEMDeJos,1
@gregd6022,ZkGzEMDeJos,1
@guieswenderouamba7074,ZkGzEMDeJos,1
@guntergrenner9127,ZkGzEMDeJos,1
@hanyelmohamad7783,ZkGzEMDeJos,1
@hartmjo1,ZkGzEMDeJos,1
@hugo7375,ZkGzEMDeJos,1
@iChefShotty,ZkGzEMDeJos,1
@iks8622,ZkGzEMDeJos,1
@indepth25,ZkGzEMDeJos,1
@javierpiza6669,ZkGzEMDeJos,1
@jayg199zero,ZkGzEMDeJos,1
@jaysondavies1340,ZkGzEMDeJos,1
@jedcomics,ZkGzEMDeJos,2
@jidooo6501,ZkGzEMDeJos,1
@jmherrera00,ZkGzEMDeJos,1
@johndiaz1077,ZkGzEMDeJos,1
@johnedmond9361,ZkGzEMDeJos,1
@joseyadi,ZkGzEMDeJos,1
@jsa-z1722,ZkGzEMDeJos,1
@jsbgmc6613,ZkGzEMDeJos,1
@juliahartley-barnes975,ZkGzEMDeJos,1
@justinfinocchiaro,ZkGzEMDeJos,1
@kembahi_moghati,ZkGzEMDeJos,2
@keningilbert,ZkGzEMDeJos,1
@kylisation,ZkGzEMDeJos,1
@lerorcky,ZkGzEMDeJos,2
@lethaldose2000,ZkGzEMDeJos,3
@lightbourneai,ZkGzEMDeJos,1
@lucianaldritch3409,ZkGzEMDeJos,1
@manangupta5815,ZkGzEMDeJos,1
@manfredzechmeister3381,ZkGzEMDeJos,1
@manmeetsingh1857,ZkGzEMDeJos,1
@matthewbesant453,ZkGzEMDeJos,1
@melodytomlinson9329,ZkGzEMDeJos,1
@michaelhoney1973,ZkGzEMDeJos,1
@miraworldus,ZkGzEMDeJos,4
@moudabouacha,ZkGzEMDeJos,3
@nandinisarkar26,ZkGzEMDeJos,1
@nayem6386,ZkGzEMDeJos,1
@ngassthy,ZkGzEMDeJos,1
@nichjoht,ZkGzEMDeJos,1
@omriabadi5237,ZkGzEMDeJos,1
@onlyfanspw5223,ZkGzEMDeJos,1
@palmettomediacompany,ZkGzEMDeJos,1
@pauleasther,ZkGzEMDeJos,1
@ppurisima99,ZkGzEMDeJos,1
@prav1976,ZkGzEMDeJos,1
@pulkitjangra,ZkGzEMDeJos,1
@realBlue2024,ZkGzEMDeJos,1
@rfoliveira1975,ZkGzEMDeJos,1
@ritzcarlson,ZkGzEMDeJos,1
@roderickdanzing1414,ZkGzEMDeJos,1
@roger-bro-pi,ZkGzEMDeJos,1
@ronmac7226,ZkGzEMDeJos,1
@scicco,ZkGzEMDeJos,1
@sdrweb,ZkGzEMDeJos,2
@seankpersonal5346,ZkGzEMDeJos,1
@shai_bachar,ZkGzEMDeJos,1
@shaunralston,ZkGzEMDeJos,1
@shayakghosal7456,ZkGzEMDeJos,1
@skemsen,ZkGzEMDeJos,1
@sneomal,ZkGzEMDeJos,1
@steincoco,ZkGzEMDeJos,1
@tazzmania4ever,ZkGzEMDeJos,1
@techdudesweekly,ZkGzEMDeJos,1
@tikshuv-ccna,ZkGzEMDeJos,1
@timteller1400,ZkGzEMDeJos,1
@tohder666,ZkGzEMDeJos,1
@tuur01,ZkGzEMDeJos,1
@user-ok2xb1lw5y,ZkGzEMDeJos,1
@vasiazlati8515,ZkGzEMDeJos,1
@viorelagocs,ZkGzEMDeJos,1
@virtualjourneysnz,ZkGzEMDeJos,1
@voltairepabustan,ZkGzEMDeJos,1
@xevilman1,ZkGzEMDeJos,1
@yohannesadane6386,ZkGzEMDeJos,1
@zckom,ZkGzEMDeJos,1
@AngeCesarMadick,a-c1M8QwK84,1
@acolombiadev,a-c1M8QwK84,5
@avalagum7957,a-c1M8QwK84,1
@er97g2x5hbyt,a-c1M8QwK84,1
@kaustavhalder,a-c1M8QwK84,1
@prexzone,a-c1M8QwK84,1
@shopcia,a-c1M8QwK84,1
@sterling-baird,a-c1M8QwK84,2
@0xWorthy,a1BR6K3E4zs,1
@ItsABitNutty,a1BR6K3E4zs,1
@Lukas_H-z1x,a1BR6K3E4zs,1
@TQwando,a1BR6K3E4zs,1
@benlucky4254,a1BR6K3E4zs,1
@bmp713,a1BR6K3E4zs,1
@calmhorizons,a1BR6K3E4zs,1
@catalinul1461,a1BR6K3E4zs,1
@chatpranks9518,a1BR6K3E4zs,1
@exploittutorial8689,a1BR6K3E4zs,1
@johng5295,a1BR6K3E4zs,1
@junkname9983,a1BR6K3E4zs,1
@lunar-ix9vu,a1BR6K3E4zs,1
@mannaraps,a1BR6K3E4zs,1
@paul_devos,a1BR6K3E4zs,1
@peaceofjo,a1BR6K3E4zs,1
@piotrowicki,a1BR6K3E4zs,1
@reg20222,a1BR6K3E4zs,1
@ziyadshow-h5q,a1BR6K3E4zs,1
@automatalearninglab,aEjoKWvaSX8,2
@sakthivel-tl6wb,aEjoKWvaSX8,1
@tomeum9704,aEjoKWvaSX8,1
@zischer666,aEjoKWvaSX8,1
@0x8341,aefn-HldCi4,1
@1998tb,aefn-HldCi4,1
@2012perl,aefn-HldCi4,1
@76y56ytyy,aefn-HldCi4,4
@AkashKumar-jw8tb,aefn-HldCi4,1
@AkashiSenju-1,aefn-HldCi4,3
@Alfalfaprime,aefn-HldCi4,3
@AllThingsReddit_,aefn-HldCi4,2
@Animyoutube,aefn-HldCi4,1
@Anony584,aefn-HldCi4,1
@AnonymousUser-i1x,aefn-HldCi4,1
@AntonyStarkk,aefn-HldCi4,1
@AtacamaHumanoid,aefn-HldCi4,1
@BBWFan1776,aefn-HldCi4,2
@BK_VV3H,aefn-HldCi4,1
@BURl_BURl_ZAEM0N,aefn-HldCi4,1
@BabunSarkar-hw1fi,aefn-HldCi4,1
@BeAsadisticPerson,aefn-HldCi4,1
@BoogiemanGamingHD,aefn-HldCi4,1
@Brodragon2225,aefn-HldCi4,2
@ButtermilkBurden,aefn-HldCi4,1
@ChicoiGonzales,aefn-HldCi4,1
@ChillingStory-NANI,aefn-HldCi4,1
@ChristopherR1981,aefn-HldCi4,1
@CodyKampain-u4r9u,aefn-HldCi4,2
@Comment_Boss,aefn-HldCi4,1
@Consultant3152,aefn-HldCi4,1
@CrashExhibition,aefn-HldCi4,1
@Culturelens,aefn-HldCi4,1
@DataLog,aefn-HldCi4,1
@DeGame-Plays,aefn-HldCi4,1
@DeependraKhadk,aefn-HldCi4,1
@DilakhNamraye,aefn-HldCi4,1
@Egzvorg,aefn-HldCi4,1
@EngineAware,aefn-HldCi4,1
@EsaHonkonen,aefn-HldCi4,1
@FZ-DEV,aefn-HldCi4,1
@FinalOmission,aefn-HldCi4,1
@Flutterwithalan,aefn-HldCi4,2
@Gamingworld-hg1cx,aefn-HldCi4,1
@Hacktivist12,aefn-HldCi4,1
@HappyCat-v2c,aefn-HldCi4,2
@HiddenView1977,aefn-HldCi4,2
@ImranShaikh-gb6js,aefn-HldCi4,1
@JA-gz6cj,aefn-HldCi4,1
@JayKennedy-vr5ej,aefn-HldCi4,2
@JessyLingard-i4m,aefn-HldCi4,1
@JusticePeaceLoveHarmony,aefn-HldCi4,1
@JustinMozzer,aefn-HldCi4,1
@Jxst-Mhdx,aefn-HldCi4,1
@KartavyaSingh-o2d,aefn-HldCi4,1
@Katze-41,aefn-HldCi4,1
@KkUNIVERSE-f6y,aefn-HldCi4,1
@Kumar_honey,aefn-HldCi4,1
@LakeJet-i3s,aefn-HldCi4,2
@Lee-p4m4j,aefn-HldCi4,1
@MajorPerceptron,aefn-HldCi4,1
@MasuMintoff,aefn-HldCi4,1
@Mono_small_soul,aefn-HldCi4,1
@MrBenMhidi,aefn-HldCi4,1
@MrHuntervad,aefn-HldCi4,1
@Mysticmingle22,aefn-HldCi4,1
@Nberry1,aefn-HldCi4,2
@NurikAbrams,aefn-HldCi4,2
@Paogrin,aefn-HldCi4,1
@Prasanthsubramaniancouponbus,aefn-HldCi4,1
@PutchaDickawayWaltuh,aefn-HldCi4,1
@Rashed_8i,aefn-HldCi4,1
@RequiemMask31,aefn-HldCi4,1
@Rohit-tp7qx,aefn-HldCi4,1
@S.U.K.U.N.A.,aefn-HldCi4,1
@SAUL_GOODMAN_lawyer,aefn-HldCi4,1
@SahilSharma-ug8xk,aefn-HldCi4,1
@Second_Law,aefn-HldCi4,1
@ShahzadAshrafi,aefn-HldCi4,1
@SherrylFernandes-c8e,aefn-HldCi4,1
@Siphakid,aefn-HldCi4,1
@SoftWorkDotNg,aefn-HldCi4,1
@Soya8827,aefn-HldCi4,1
@Stern4EVERx,aefn-HldCi4,1
@StocksTimeLapse,aefn-HldCi4,1
@Swanzo,aefn-HldCi4,6
@TECHEMPIRESOFT,aefn-HldCi4,2
@TRKBHH55456,aefn-HldCi4,1
@TheRealNarutoUzumaki,aefn-HldCi4,1
@TheSk2020,aefn-HldCi4,1
@TheTravelEdits,aefn-HldCi4,1
@Tom-nm9wf,aefn-HldCi4,1
@TrevorPhilps69,aefn-HldCi4,1
@Tux0xFF,aefn-HldCi4,1
@UPI-karo,aefn-HldCi4,1
@Uranwarrior,aefn-HldCi4,1
@VixtorValentin,aefn-HldCi4,1
@YashThakur-m3r,aefn-HldCi4,1
@YousifYahya-g3d,aefn-HldCi4,1
@Zzan369,aefn-HldCi4,1
@__BD__________8,aefn-HldCi4,1
@__________________________4073,aefn-HldCi4,1
@aRCHIECooper-v5u,aefn-HldCi4,1
@abelgomez1719,aefn-HldCi4,1
@abhisheksinha3111,aefn-HldCi4,1
@ankitait2,aefn-HldCi4,1
@anonymous_dev9472,aefn-HldCi4,1
@arielgoldfarb4118,aefn-HldCi4,2
@arkadihughes4893,aefn-HldCi4,1
@arshadsyed4640,aefn-HldCi4,1
@asak1991,aefn-HldCi4,1
@ashischatterjee7729,aefn-HldCi4,1
@ashrafkhan4097,aefn-HldCi4,1
@axelisaacrijosantana9465,aefn-HldCi4,1
@ayushtewari2826,aefn-HldCi4,2
@baderbadrouch2036,aefn-HldCi4,2
@bahriyeli9,aefn-HldCi4,1
@bambinoesu,aefn-HldCi4,1
@barrygaming7242,aefn-HldCi4,1
@berlin8539,aefn-HldCi4,1
@bitter__truthss,aefn-HldCi4,1
@brittanywilliams4174,aefn-HldCi4,1
@brujafe666,aefn-HldCi4,1
@canisiuskaaria716,aefn-HldCi4,1
@carltonlambert7608,aefn-HldCi4,3
@carsongutierrez7072,aefn-HldCi4,1
@chillmarko477,aefn-HldCi4,1
@cihannesvat4261,aefn-HldCi4,1
@cloudboysmusic5223,aefn-HldCi4,1
@codewithshriekdj,aefn-HldCi4,1
@computer_science10,aefn-HldCi4,1
@craigreeves5465,aefn-HldCi4,1
@crem44,aefn-HldCi4,1
@debiduttakanungo902,aefn-HldCi4,1
@deepakjaswal2609,aefn-HldCi4,1
@degualbosav9754,aefn-HldCi4,1
@dennismarks6133,aefn-HldCi4,1
@destinyegbuaba4963,aefn-HldCi4,1
@dfasdsaf,aefn-HldCi4,1
@dikshasfood,aefn-HldCi4,1
@dogstorme9333,aefn-HldCi4,2
@drdzdd,aefn-HldCi4,1
@dudestravel8934,aefn-HldCi4,1
@dukeofear,aefn-HldCi4,1
@egavin8509,aefn-HldCi4,1
@emailbox-xz2ow,aefn-HldCi4,1
@ettagideon7526,aefn-HldCi4,2
@everyonesview,aefn-HldCi4,2
@eziohunt2751,aefn-HldCi4,1
@farmer_fromIndia,aefn-HldCi4,1
@fenderjazzbrian,aefn-HldCi4,1
@fireplayer1349,aefn-HldCi4,1
@friedfrenzy525,aefn-HldCi4,1
@furqantarique3484,aefn-HldCi4,1
@gabrielcastro7027,aefn-HldCi4,1
@garageboyz2634,aefn-HldCi4,2
@geraldsidd3922,aefn-HldCi4,1
@gilian2587,aefn-HldCi4,1
@growbgl,aefn-HldCi4,2
@guest-l1n,aefn-HldCi4,1
@guywithclass,aefn-HldCi4,1
@hajarelalit,aefn-HldCi4,1
@hardworkerarmy5090,aefn-HldCi4,1
@harotsa,aefn-HldCi4,2
@harrisn3693,aefn-HldCi4,1
@honestperson0007,aefn-HldCi4,1
@imbatman999,aefn-HldCi4,1
@imdad111,aefn-HldCi4,1
@imnugget8085,aefn-HldCi4,3
@innocent_devil22,aefn-HldCi4,1
@iqwebserve3973,aefn-HldCi4,1
@itsurguy7756,aefn-HldCi4,1
@j0hnk120,aefn-HldCi4,1
@jacksonpaulitzki8771,aefn-HldCi4,1
@jamestucker4800,aefn-HldCi4,1
@jeffcurrie123,aefn-HldCi4,1
@jessecunningham4283,aefn-HldCi4,1
@jibbs051,aefn-HldCi4,1
@johnflorence2672,aefn-HldCi4,1
@justendeavor,aefn-HldCi4,1
@kameshwarchurendra160,aefn-HldCi4,1
@kartheekchinthada1733,aefn-HldCi4,1
@kasozar3800,aefn-HldCi4,1
@kleczkovsky2r588,aefn-HldCi4,1
@krdheeraj_yadav,aefn-HldCi4,1
@ksaravanakumar8042,aefn-HldCi4,1
@lancodex,aefn-HldCi4,2
@landstalkerreda5507,aefn-HldCi4,1
@larryfinley9221,aefn-HldCi4,1
@leo-an0zu,aefn-HldCi4,1
@levimelo6599,aefn-HldCi4,3
@llothar68,aefn-HldCi4,1
@luiggymacias5735,aefn-HldCi4,1
@markm7411,aefn-HldCi4,2
@minimee2908,aefn-HldCi4,1
@mktvm3839,aefn-HldCi4,1
@mmm-ie5ws,aefn-HldCi4,1
@mohamedsarr1795,aefn-HldCi4,1
@mohammadilyas540,aefn-HldCi4,1
@molvor1996,aefn-HldCi4,1
@mongi244,aefn-HldCi4,1
@moniesh_e,aefn-HldCi4,1
@muhammadrahim4712,aefn-HldCi4,1
@murmur9152,aefn-HldCi4,1
@mushikamatomd2793,aefn-HldCi4,1
@myselfyuvi,aefn-HldCi4,1
@nbelgium,aefn-HldCi4,1
@newaivn,aefn-HldCi4,1
@nicholasacosta5207,aefn-HldCi4,1
@ninja11120,aefn-HldCi4,1
@now_or_never_07,aefn-HldCi4,1
@oooowl10,aefn-HldCi4,2
@padhyswostik,aefn-HldCi4,1
@perfectsplit5515,aefn-HldCi4,1
@petartoshev1172,aefn-HldCi4,1
@petrlaskevic1948,aefn-HldCi4,1
@pinoyrunningpenguin,aefn-HldCi4,4
@piyushprajapati1870,aefn-HldCi4,1
@pleb__bear4157,aefn-HldCi4,1
@prasadawhale,aefn-HldCi4,1
@quranwahadeeskiraoshnimein3315,aefn-HldCi4,4
@qwzy-654,aefn-HldCi4,1
@rahulbhagwat4010,aefn-HldCi4,1
@rahulprodev,aefn-HldCi4,1
@rakeshbute,aefn-HldCi4,1
@ravibathula9105,aefn-HldCi4,1
@raynovicio7332,aefn-HldCi4,2
@rcmag13,aefn-HldCi4,1
@rein556,aefn-HldCi4,1
@rhymetime-y2o,aefn-HldCi4,1
@rihamission487,aefn-HldCi4,1
@ritamsarkar3156,aefn-HldCi4,2
@rithickchowdhury7116,aefn-HldCi4,1
@rumaadhikary185,aefn-HldCi4,1
@sabbar_shakoor,aefn-HldCi4,1
@sabisho1,aefn-HldCi4,1
@sagaraiwale,aefn-HldCi4,1
@sahoopradipta,aefn-HldCi4,1
@saitamathecoder1386,aefn-HldCi4,2
@saluran1733,aefn-HldCi4,1
@samuelgeorge3823,aefn-HldCi4,1
@saurabhdadhich5485,aefn-HldCi4,2
@sauravthegreat,aefn-HldCi4,1
@shaswaths2802,aefn-HldCi4,2
@sketchionic6356,aefn-HldCi4,1
@stevendaley4439,aefn-HldCi4,1
@sudhirsalunkhe7996,aefn-HldCi4,1
@sunnymitra6372,aefn-HldCi4,1
@synriser6742,aefn-HldCi4,1
@systx01,aefn-HldCi4,1
@takenow2550,aefn-HldCi4,1
@tanalson,aefn-HldCi4,2
@teycitek,aefn-HldCi4,1
@thanostsokas8715,aefn-HldCi4,2
@the-real-i9,aefn-HldCi4,1
@thewiseowl8804,aefn-HldCi4,1
@tmehussain,aefn-HldCi4,1
@torpedo-p2m,aefn-HldCi4,4
@twentyonetwentysix,aefn-HldCi4,1
@usmanmahmood3276,aefn-HldCi4,1
@vaskogood1580,aefn-HldCi4,1
@virisia5448,aefn-HldCi4,3
@vlad6075,aefn-HldCi4,1
@vladbarbu3372,aefn-HldCi4,1
@wiizzaarrddd,aefn-HldCi4,1
@winniethepooh4891,aefn-HldCi4,1
@wisemonk3992,aefn-HldCi4,1
@wmalexfinlayson,aefn-HldCi4,1
@yoda_zen,aefn-HldCi4,1
@yoyoz333,aefn-HldCi4,1
@zjohnson22,aefn-HldCi4,1
@AdityaSutar-k6z,ap_aTqpL3Ik,1
@CodeSnippetByChetanGhate,ap_aTqpL3Ik,8
@MDFIROZ-te8wz,ap_aTqpL3Ik,1
@PareshgadhaviJava-t4l7g,ap_aTqpL3Ik,1
@ParthDabhiOfficial,ap_aTqpL3Ik,1
@SurajGaikwad-x3k,ap_aTqpL3Ik,1
@albella7773,ap_aTqpL3Ik,1
@aldogutierrez8240,ap_aTqpL3Ik,1
@anushkaghosh313,ap_aTqpL3Ik,1
@kokasrikanth4323,ap_aTqpL3Ik,1
@lokeshr9794,ap_aTqpL3Ik,1
@nainitalhills4280,ap_aTqpL3Ik,1
@pritiranjanbarad4804,ap_aTqpL3Ik,1
@rameshragolu330,ap_aTqpL3Ik,1
@richJinny,ap_aTqpL3Ik,1
@rishiraj2548,ap_aTqpL3Ik,1
@sanjusanjeev5851,ap_aTqpL3Ik,1
@siddharthsanas,ap_aTqpL3Ik,2
@vikaskamble7044,ap_aTqpL3Ik,1
@-R-.,bcFTdbvYEi0,3
@111rtik,bcFTdbvYEi0,1
@Alex.Vantaa,bcFTdbvYEi0,1
@ApexDevHQ,bcFTdbvYEi0,1
@BTTREdits,bcFTdbvYEi0,1
@Bleepoh,bcFTdbvYEi0,2
@Buildwith_sonia,bcFTdbvYEi0,1
@CHzY6767,bcFTdbvYEi0,1
@DerexArchives,bcFTdbvYEi0,1
@Dixon_tec,bcFTdbvYEi0,1
@EpticityOG,bcFTdbvYEi0,1
@Erariz,bcFTdbvYEi0,1
@Flubberio,bcFTdbvYEi0,1
@GOAT_RONNIE,bcFTdbvYEi0,2
@GT9653,bcFTdbvYEi0,1
@Hunnybutter91,bcFTdbvYEi0,1
@Israelxwilliams,bcFTdbvYEi0,1
@JT-ky9gr,bcFTdbvYEi0,2
@JacobIsNotaToad,bcFTdbvYEi0,1
@JamalSWE,bcFTdbvYEi0,1
@Javsha,bcFTdbvYEi0,1
@Lalaooke-c4q,bcFTdbvYEi0,1
@LuizMoureau,bcFTdbvYEi0,1
@M3mphis._,bcFTdbvYEi0,1
@PRANAV_BHASKAR-DEVELOPER,bcFTdbvYEi0,1
@RoseyCRSL,bcFTdbvYEi0,1
@Soviaat,bcFTdbvYEi0,1
@TheBlackHandOfTime,bcFTdbvYEi0,1
@TheDiaryOfFounder,bcFTdbvYEi0,1
@TheWinnieston,bcFTdbvYEi0,1
@ThomasRodriguez-e6r,bcFTdbvYEi0,1
@TooMuchGas420,bcFTdbvYEi0,1
@UrbanSky-b4c,bcFTdbvYEi0,1
@Uxdkkkhcddvbh,bcFTdbvYEi0,1
@ZlatkoTestDerkoskiTest,bcFTdbvYEi0,1
@_D_avid,bcFTdbvYEi0,1
@_aidid,bcFTdbvYEi0,1
@a.m_blueberries,bcFTdbvYEi0,1
@aliyeuluc3133,bcFTdbvYEi0,1
@ameliagabble,bcFTdbvYEi0,1
@bboombayah4662,bcFTdbvYEi0,1
@bobbyyyy,bcFTdbvYEi0,1
@brunofaninp9281,bcFTdbvYEi0,1
@careers101,bcFTdbvYEi0,1
@carlo_m,bcFTdbvYEi0,1
@cherrkong,bcFTdbvYEi0,1
@cozycasasmr4510,bcFTdbvYEi0,1
@createwroman,bcFTdbvYEi0,1
@cronopios20,bcFTdbvYEi0,1
@diptirani3896,bcFTdbvYEi0,1
@dojd3000,bcFTdbvYEi0,1
@drummerlovesthis,bcFTdbvYEi0,3
@foreignwarren7361,bcFTdbvYEi0,2
@geovanyhernandez8640,bcFTdbvYEi0,1
@handybobandy,bcFTdbvYEi0,1
@ielz8657,bcFTdbvYEi0,1
@ihandle24,bcFTdbvYEi0,1
@jai.forsure,bcFTdbvYEi0,1
@jdotoz,bcFTdbvYEi0,1
@kiki_the_creator,bcFTdbvYEi0,1
@koyp6060,bcFTdbvYEi0,1
@kuenholmstrom4525,bcFTdbvYEi0,1
@lazycornchip,bcFTdbvYEi0,2
@lemonlemonkiwimango,bcFTdbvYEi0,1
@levibelliveau3812,bcFTdbvYEi0,1
@lufemega7137,bcFTdbvYEi0,1
@magg1e,bcFTdbvYEi0,1
@markp.8329,bcFTdbvYEi0,4
@mattcodez,bcFTdbvYEi0,1
@metanacomputercoding,bcFTdbvYEi0,1
@mightymovse,bcFTdbvYEi0,1
@moeunvannroth,bcFTdbvYEi0,1
@mouaadjaaidi5011,bcFTdbvYEi0,1
@mzaim7153,bcFTdbvYEi0,1
@newtmyutals,bcFTdbvYEi0,1
@nilaakshinilaakshi3027,bcFTdbvYEi0,1
@notorioustcy,bcFTdbvYEi0,2
@ns2304,bcFTdbvYEi0,1
@oglothenerd,bcFTdbvYEi0,1
@p0r5ch3911,bcFTdbvYEi0,1
@pathsystems,bcFTdbvYEi0,1
@sevuszeld,bcFTdbvYEi0,1
@shresthashreya5418,bcFTdbvYEi0,1
@sophiel-pb4tx,bcFTdbvYEi0,1
@ssaifon.t,bcFTdbvYEi0,1
@theasianjames5053,bcFTdbvYEi0,1
@theawesomeness29,bcFTdbvYEi0,1
@thecrazycreeper7959,bcFTdbvYEi0,1
@theinnertraveler,bcFTdbvYEi0,1
@thekristaleffect,bcFTdbvYEi0,1
@theoddtacoo,bcFTdbvYEi0,1
@thomasschulzz,bcFTdbvYEi0,2
@vieirav,bcFTdbvYEi0,1
@warrenarnoldmusic,bcFTdbvYEi0,3
@willy4170,bcFTdbvYEi0,1
@wojciechduranowski5515,bcFTdbvYEi0,1
@yuuuuuu-02,bcFTdbvYEi0,5
@АняМихайлова-ъ1н,bcFTdbvYEi0,1
@102_ShreyaDey_IT,cgD-bTTe20I,1
@1skeletoner,cgD-bTTe20I,2
@67cf-l1x,cgD-bTTe20I,1
@AXZ505,cgD-bTTe20I,1
@AffectionateAntenna-sn2wq,cgD-bTTe20I,1
@AleKetsaal,cgD-bTTe20I,1
@Alex.Vantaa,cgD-bTTe20I,1
@Andy79Elite,cgD-bTTe20I,1
@AndyJMacLeod,cgD-bTTe20I,1
@Anthony31416,cgD-bTTe20I,1
@AnthonyDickerson,cgD-bTTe20I,1
@ArnieIsSkhizo,cgD-bTTe20I,1
@AureliusInvictuss,cgD-bTTe20I,1
@Autopilot-Dates,cgD-bTTe20I,1
@BP369PLS,cgD-bTTe20I,1
@BasicBrute,cgD-bTTe20I,1
@BenHoehn-m5g,cgD-bTTe20I,1
@Big_-O,cgD-bTTe20I,1
@BoxPlays,cgD-bTTe20I,1
@Br7c3n,cgD-bTTe20I,1
@BridgeStack,cgD-bTTe20I,1
@Buildwithsady,cgD-bTTe20I,1
@Coco_Amare,cgD-bTTe20I,1
@ContentCentral007,cgD-bTTe20I,1
@CustomContent,cgD-bTTe20I,1
@CwazyStowies,cgD-bTTe20I,1
@David-gu8hv,cgD-bTTe20I,1
@DeEnigeEchte-B,cgD-bTTe20I,1
@Dev-or8cu,cgD-bTTe20I,1
@DevAsFaq,cgD-bTTe20I,1
@EdiBig_88,cgD-bTTe20I,1
@ErikvsLenny,cgD-bTTe20I,1
@ExecutiveFrequency,cgD-bTTe20I,1
@FactsHenNet,cgD-bTTe20I,1
@GenAIstudiioZ,cgD-bTTe20I,1
@Getitdone-l9g,cgD-bTTe20I,1
@HandHanzo,cgD-bTTe20I,1
@Hushout,cgD-bTTe20I,1
@IbrahimDar-nu5tz,cgD-bTTe20I,1
@JMoney744,cgD-bTTe20I,1
@Jack-ox3rd,cgD-bTTe20I,1
@JasonKing-m6m,cgD-bTTe20I,1
@JerricaHalim,cgD-bTTe20I,1
@JustaProductGuy,cgD-bTTe20I,1
@Kaiaualad,cgD-bTTe20I,1
@Likhith-o9q,cgD-bTTe20I,1
@Logic01Real,cgD-bTTe20I,1
@Luggruff,cgD-bTTe20I,1
@Lutheranon,cgD-bTTe20I,1
@Luv1920,cgD-bTTe20I,1
@MartinDlabaja,cgD-bTTe20I,1
@Medjed-pi5pw,cgD-bTTe20I,1
@Miguel_Thorpe,cgD-bTTe20I,1
@Monte4B,cgD-bTTe20I,1
@MrtrenchTrucker,cgD-bTTe20I,1
@MyTravelOdyssey,cgD-bTTe20I,1
@NEWBOLD33,cgD-bTTe20I,1
@Northstar2000,cgD-bTTe20I,1
@POLTERGIE5T,cgD-bTTe20I,1
@PatriotBobTPUSA,cgD-bTTe20I,1
@PavlovsDogg,cgD-bTTe20I,1
@Pit_Crew_F1,cgD-bTTe20I,1
@PixelTrainer.,cgD-bTTe20I,1
@PixelWasBytten,cgD-bTTe20I,1
@PixelatedSquid-s7c,cgD-bTTe20I,1
@PiyushGupta-vx6qi,cgD-bTTe20I,1
@Polliterroristi,cgD-bTTe20I,1
@ProsperPeter-x4u,cgD-bTTe20I,1
@QuyTheLuck,cgD-bTTe20I,2
@RatherBeCancelledThanHandled,cgD-bTTe20I,1
@ReasonavleGlyph,cgD-bTTe20I,1
@Rijoware,cgD-bTTe20I,1
@RipFussxl,cgD-bTTe20I,2
@Sady.builds,cgD-bTTe20I,1
@Sharkcool10000,cgD-bTTe20I,1
@Shawbslol,cgD-bTTe20I,2
@SubQKyle,cgD-bTTe20I,1
@TK_121,cgD-bTTe20I,1
@TazBo-wd2ig,cgD-bTTe20I,1
@ThaBigBear,cgD-bTTe20I,1
@ThabangMoilo,cgD-bTTe20I,1
@TheGreatDonaldJFuckingTrump,cgD-bTTe20I,1
@TheLUCKYONETutorials,cgD-bTTe20I,1
@TheLedgerArchive1,cgD-bTTe20I,1
@TheMuslimApologist,cgD-bTTe20I,1
@TheSinEater-Silk,cgD-bTTe20I,1
@ThomasConover,cgD-bTTe20I,1
@Tolly1882,cgD-bTTe20I,1
@Tomax99,cgD-bTTe20I,1
@Warrior-of-the-Living-God,cgD-bTTe20I,1
@Xurkon,cgD-bTTe20I,2
@YhungProf,cgD-bTTe20I,1
@YouTuberImpersonator,cgD-bTTe20I,1
@abhishekpaul6094,cgD-bTTe20I,1
@aiden-fp9ts,cgD-bTTe20I,1
@alienwatchers934,cgD-bTTe20I,1
@animeodyssey777,cgD-bTTe20I,1
@anishkamble7111,cgD-bTTe20I,1
@ashenonesol,cgD-bTTe20I,1
@babokanal4223,cgD-bTTe20I,1
@bantykumar.sh999,cgD-bTTe20I,1
@beejay860,cgD-bTTe20I,1
@bettertoaster,cgD-bTTe20I,1
@bhavinpadia,cgD-bTTe20I,1
@brian0167,cgD-bTTe20I,1
@bufflehead_RBMK,cgD-bTTe20I,1
@cars_with_monte,cgD-bTTe20I,1
@caughtLackin,cgD-bTTe20I,1
@chynoid,cgD-bTTe20I,1
@crazystyles3256,cgD-bTTe20I,1
@dabinchen9182,cgD-bTTe20I,1
@davidbutler9323,cgD-bTTe20I,1
@diabeticvirus374,cgD-bTTe20I,1
@dogapeduel,cgD-bTTe20I,1
@dracodracodracodracodraco,cgD-bTTe20I,1
@elLaboratorioDeLenin,cgD-bTTe20I,1
@emak9412,cgD-bTTe20I,1
@enricosagnelli9329,cgD-bTTe20I,1
@enzyme3531,cgD-bTTe20I,1
@fact_tronix6993,cgD-bTTe20I,1
@fankrys,cgD-bTTe20I,1
@fatulcosmin,cgD-bTTe20I,1
@filipinoTOFU,cgD-bTTe20I,1
@firstcome5740,cgD-bTTe20I,1
@fruitpunchsan1471,cgD-bTTe20I,1
@georgejohnson6879,cgD-bTTe20I,1
@gforcetx-z4z,cgD-bTTe20I,1
@ghiva22,cgD-bTTe20I,1
@giaenuuu,cgD-bTTe20I,1
@gojo2132,cgD-bTTe20I,1
@guyeshel9316,cgD-bTTe20I,1
@honkhonk8009,cgD-bTTe20I,1
@illuminator847,cgD-bTTe20I,1
@indiandeveloper4624,cgD-bTTe20I,1
@iplayguitar1000,cgD-bTTe20I,1
@isaacbluejack3572,cgD-bTTe20I,1
@jacksonpedlar,cgD-bTTe20I,1
@jal051,cgD-bTTe20I,1
@jason_v12345,cgD-bTTe20I,1
@javonwells1354,cgD-bTTe20I,1
@jeffreysevinga9398,cgD-bTTe20I,1
@jemersonfd,cgD-bTTe20I,1
@jeremyseay,cgD-bTTe20I,1
@joelmalinao1202,cgD-bTTe20I,1
@joeyp978,cgD-bTTe20I,1
@josuemartinez6929,cgD-bTTe20I,1
@juangv8002,cgD-bTTe20I,1
@juliancousins2867,cgD-bTTe20I,1
@karrapato,cgD-bTTe20I,1
@katocamtec,cgD-bTTe20I,1
@kingjudecole,cgD-bTTe20I,1
@kir11,cgD-bTTe20I,1
@koalak7456,cgD-bTTe20I,1
@kobidbhardwaj8964,cgD-bTTe20I,1
@konstantinoskefalas3954,cgD-bTTe20I,1
@kp9883,cgD-bTTe20I,1
@kryologik,cgD-bTTe20I,1
@ktk1144,cgD-bTTe20I,1
@lipinglin1994,cgD-bTTe20I,1
@ltownandfriends4531,cgD-bTTe20I,1
@lucasbigandt,cgD-bTTe20I,1
@m_p_5k,cgD-bTTe20I,1
@macastell90,cgD-bTTe20I,1
@marshmama,cgD-bTTe20I,1
@matthewstar2880,cgD-bTTe20I,1
@monse-t7y,cgD-bTTe20I,1
@moonmoonn8871,cgD-bTTe20I,1
@n1h1L1sticc,cgD-bTTe20I,1
@namankaushal7458,cgD-bTTe20I,1
@nerkTV,cgD-bTTe20I,1
@nightcoremaster911,cgD-bTTe20I,1
@noctuss86,cgD-bTTe20I,1
@omerozmen5632,cgD-bTTe20I,1
@oniichann-gaming,cgD-bTTe20I,1
@orcunkoraliseri9214,cgD-bTTe20I,1
@padmad3k63,cgD-bTTe20I,1
@parasitius,cgD-bTTe20I,1
@pk3donyt,cgD-bTTe20I,1
@po6-com,cgD-bTTe20I,1
@pontedevsmain,cgD-bTTe20I,1
@puspandas5961,cgD-bTTe20I,1
@rodrigaumm42,cgD-bTTe20I,1
@roguel1ke,cgD-bTTe20I,1
@roniravikumar1048,cgD-bTTe20I,1
@rossco_paddison,cgD-bTTe20I,1
@seppdaniel_,cgD-bTTe20I,1
@shiyowastaken,cgD-bTTe20I,1
@sigfriedl,cgD-bTTe20I,1
@snowdier4771,cgD-bTTe20I,1
@soumyajitdey5720,cgD-bTTe20I,1
@stefan.wohlgensinger.coaching,cgD-bTTe20I,1
@stefanlise7590,cgD-bTTe20I,1
@susovanghosh3535,cgD-bTTe20I,1
@swagwizardpost,cgD-bTTe20I,1
@teddymarkov,cgD-bTTe20I,1
@thavith,cgD-bTTe20I,1
@thejaskrishnantc,cgD-bTTe20I,1
@thestoryteller23,cgD-bTTe20I,1
@theviper3479,cgD-bTTe20I,1
@trn-w3y,cgD-bTTe20I,1
@uniatrix,cgD-bTTe20I,1
@user-gu7bt2me9m,cgD-bTTe20I,1
@user-ib6km8kh7f,cgD-bTTe20I,1
@v.f.38,cgD-bTTe20I,1
@vibeappsdev,cgD-bTTe20I,1
@vishnurajbhar007,cgD-bTTe20I,1
@vitorpar6,cgD-bTTe20I,1
@vitquack4078,cgD-bTTe20I,1
@w00dy420,cgD-bTTe20I,1
@wali-h1v,cgD-bTTe20I,1
@wheredidileavemycell,cgD-bTTe20I,1
@whipskimaroc,cgD-bTTe20I,1
@wowpeter,cgD-bTTe20I,1
@xbxb,cgD-bTTe20I,1
@2A9D8F,cyPaAkRfEBQ,1
@AK-tz4it,cyPaAkRfEBQ,1
@AhmedMoussa147,cyPaAkRfEBQ,1
@Butters4Lyfe,cyPaAkRfEBQ,2
@Iranianyoutubers,cyPaAkRfEBQ,1
@ItayBia,cyPaAkRfEBQ,1
@JohanBautista-s3i,cyPaAkRfEBQ,1
@MarusykRoman,cyPaAkRfEBQ,1
@PedroOliveira-sl6nw,cyPaAkRfEBQ,1
@RudySarmiento750,cyPaAkRfEBQ,1
@abbody121,cyPaAkRfEBQ,1
@bazookaman3,cyPaAkRfEBQ,2
@bscodev,cyPaAkRfEBQ,1
@koodauskanava9096,cyPaAkRfEBQ,1
@lucasew,cyPaAkRfEBQ,2
@neozoid7009,cyPaAkRfEBQ,2
@nlogn-xf7ly,cyPaAkRfEBQ,1
@rohitmania1,cyPaAkRfEBQ,1
@rude_people_die_young,cyPaAkRfEBQ,1
@rutvaydhami367,cyPaAkRfEBQ,1
@showmethemoney824,cyPaAkRfEBQ,1
@techscratch35898,cyPaAkRfEBQ,1
@2FAyes,dgiBc4-LSrM,1
@444mikeee,dgiBc4-LSrM,2
@CbdToilette,dgiBc4-LSrM,1
@CookieCoder2025,dgiBc4-LSrM,1
@Corbin_Brown,dgiBc4-LSrM,10
@DrEverythingBAlright,dgiBc4-LSrM,1
@EmeraldHenry-ro9bb,dgiBc4-LSrM,1
@GavinMcCloy,dgiBc4-LSrM,1
@HadiMalik-y6w,dgiBc4-LSrM,1
@IGodzSouljaI,dgiBc4-LSrM,1
@Itsmejabs,dgiBc4-LSrM,1
@Kanemachine,dgiBc4-LSrM,1
@MariodelaCuadraIzquierdo,dgiBc4-LSrM,1
@MyMooD1600,dgiBc4-LSrM,1
@Partiallyjacked,dgiBc4-LSrM,1
@RamirosLab,dgiBc4-LSrM,1
@SatouTatsuhiro-o8d,dgiBc4-LSrM,1
@Shizzymynizzy,dgiBc4-LSrM,1
@Silver.vision,dgiBc4-LSrM,1
@StupidInternetPeople,dgiBc4-LSrM,1
@ThisisMastermind,dgiBc4-LSrM,1
@X-DIAMONDZ,dgiBc4-LSrM,1
@_Holy_Lance_,dgiBc4-LSrM,1
@abdullahshahel6909,dgiBc4-LSrM,1
@affiliatemarketingbasics,dgiBc4-LSrM,1
@allabay,dgiBc4-LSrM,2
@cap.grozelha,dgiBc4-LSrM,1
@chadnelson8906,dgiBc4-LSrM,1
@christianm4906,dgiBc4-LSrM,1
@clarke4552,dgiBc4-LSrM,1
@drewdavis597,dgiBc4-LSrM,1
@edmoremunedzimwe1802,dgiBc4-LSrM,1
@ewerton15,dgiBc4-LSrM,1
@frankv8858,dgiBc4-LSrM,1
@fritzstudios8571,dgiBc4-LSrM,1
@instead5,dgiBc4-LSrM,1
@jairtzinio,dgiBc4-LSrM,1
@jamesh4129,dgiBc4-LSrM,1
@jamesxxxxxx,dgiBc4-LSrM,1
@jeno.javori_music,dgiBc4-LSrM,1
@joshbottube,dgiBc4-LSrM,1
@jumpmanz5,dgiBc4-LSrM,1
@konrawatch,dgiBc4-LSrM,1
@legrab42,dgiBc4-LSrM,1
@milomadeagame,dgiBc4-LSrM,1
@mraaaaaaa,dgiBc4-LSrM,1
@mrapsouthern,dgiBc4-LSrM,1
@openroomxyz,dgiBc4-LSrM,1
@osamaalsanani,dgiBc4-LSrM,1
@override367,dgiBc4-LSrM,1
@paulovrampim1180,dgiBc4-LSrM,1
@perriceitconsulting718,dgiBc4-LSrM,2
@pezcue937,dgiBc4-LSrM,1
@proflead,dgiBc4-LSrM,1
@rahulraj12313,dgiBc4-LSrM,1
@samuelsm,dgiBc4-LSrM,1
@sasoritaiga,dgiBc4-LSrM,1
@shangobashi,dgiBc4-LSrM,1
@sifat21-n7r,dgiBc4-LSrM,1
@sirakinb,dgiBc4-LSrM,2
@sivasudhan-dc9iq,dgiBc4-LSrM,1
@superresistant0,dgiBc4-LSrM,1
@thebasketllc,dgiBc4-LSrM,1
@theeagle7054,dgiBc4-LSrM,1
@xGamecoolx,dgiBc4-LSrM,1
@zezz453,dgiBc4-LSrM,1
@1gatuquan,eMZmDH3T2bY,1
@1lucas,eMZmDH3T2bY,1
@4acae86,eMZmDH3T2bY,1
@AI96HU,eMZmDH3T2bY,1
@APS0195,eMZmDH3T2bY,1
@ARGraphX,eMZmDH3T2bY,1
@AdityaBorah16,eMZmDH3T2bY,1
@AdityaRLama,eMZmDH3T2bY,1
@AdolfoRamirez-z6r,eMZmDH3T2bY,1
@Allthingsworktogether1125,eMZmDH3T2bY,1
@Ammmiggoo,eMZmDH3T2bY,1
@AppliedaiLabs,eMZmDH3T2bY,1
@Aracnacon1,eMZmDH3T2bY,1
@Assim99,eMZmDH3T2bY,2
@AthelstanEngland,eMZmDH3T2bY,1
@B.Champagne,eMZmDH3T2bY,1
@BassByTheBay,eMZmDH3T2bY,1
@Belial-k7c,eMZmDH3T2bY,1
@Bioanare,eMZmDH3T2bY,1
@BlakeHemsworth-k5j,eMZmDH3T2bY,1
@CAT.Creative,eMZmDH3T2bY,1
@Coldchaintheory,eMZmDH3T2bY,1
@CoreyMarlin,eMZmDH3T2bY,1
@Daniel_calli,eMZmDH3T2bY,1
@Deewinter00,eMZmDH3T2bY,1
@Drashawnx9,eMZmDH3T2bY,1
@Dusty2455433,eMZmDH3T2bY,2
@Eddie-gb3bn,eMZmDH3T2bY,1
@EhiLovesGaming,eMZmDH3T2bY,1
@EmilLacar,eMZmDH3T2bY,1
@EnidLin-z3g,eMZmDH3T2bY,1
@EquityJunkies,eMZmDH3T2bY,1
@Everything_Evie432,eMZmDH3T2bY,1
@Eyring.Brandon,eMZmDH3T2bY,1
@FotisMystakopoulos,eMZmDH3T2bY,1
@Fuzzaratales,eMZmDH3T2bY,1
@GODSWILLMEDIAANDPHOTOGRAPHY,eMZmDH3T2bY,1
@H3Et,eMZmDH3T2bY,1
@ImranMomin,eMZmDH3T2bY,1
@InfoLunix,eMZmDH3T2bY,1
@IslamicStudio-v,eMZmDH3T2bY,1
@JB-Creative-AI,eMZmDH3T2bY,1
@JoLoremipsum,eMZmDH3T2bY,1
@JonLam.Builds,eMZmDH3T2bY,1
@Josébasquez-z9m,eMZmDH3T2bY,1
@KVKAutomates,eMZmDH3T2bY,1
@KennyTheKonnect,eMZmDH3T2bY,1
@KevinStratvert,eMZmDH3T2bY,2
@LahuSonavne-r1v,eMZmDH3T2bY,1
@LarsLarssonggwp,eMZmDH3T2bY,1
@LaurelS-33,eMZmDH3T2bY,1
@MERIAMSIKINI,eMZmDH3T2bY,1
@MajiDreamer-pe6tg,eMZmDH3T2bY,1
@Marcin_Plaza2,eMZmDH3T2bY,1
@Markush12345,eMZmDH3T2bY,1
@MarlonAndrews,eMZmDH3T2bY,1
@MarriedWithBackpacks,eMZmDH3T2bY,1
@MeesvanPuijenbroek,eMZmDH3T2bY,1
@MinjonWorldAffairs-zc2iv,eMZmDH3T2bY,1
@Mr.digitailor,eMZmDH3T2bY,1
@Musriq,eMZmDH3T2bY,1
@NIKOcloudfox,eMZmDH3T2bY,1
@NilsDom-j6v,eMZmDH3T2bY,1
@NorbertDoetsch,eMZmDH3T2bY,1
@PJsunstrom,eMZmDH3T2bY,1
@Pookie-manio,eMZmDH3T2bY,1
@RajdeepSingh-yl6dk,eMZmDH3T2bY,2
@RangaPrakashs,eMZmDH3T2bY,1
@Red-y3p5e,eMZmDH3T2bY,1
@RedLion88,eMZmDH3T2bY,1
@RoaringKing,eMZmDH3T2bY,1
@RodolfoNoelLozada-t8b,eMZmDH3T2bY,1
@SGvB-pb7bw,eMZmDH3T2bY,1
@SOULCLINIC2.0,eMZmDH3T2bY,1
@SPB157,eMZmDH3T2bY,1
@SamuelStevens-ff7wn,eMZmDH3T2bY,1
@SecretOfMonkeyIsland784,eMZmDH3T2bY,2
@SongOfStorms411,eMZmDH3T2bY,1
@StanREFFERAL39,eMZmDH3T2bY,1
@StatelessChad,eMZmDH3T2bY,1
@TF-qt3jh,eMZmDH3T2bY,1
@TMDAthlete,eMZmDH3T2bY,1
@TheOpenChurchProject,eMZmDH3T2bY,1
@TheRightHandedNeutrino,eMZmDH3T2bY,1
@TheTerminusX,eMZmDH3T2bY,1
@TheWillischillis,eMZmDH3T2bY,1
@Tito_1982,eMZmDH3T2bY,1
@Tncollector,eMZmDH3T2bY,1
@UttamPanara,eMZmDH3T2bY,1
@VallarasuVallarasu-l4t,eMZmDH3T2bY,1
@Wackelstein1,eMZmDH3T2bY,1
@Xialoh,eMZmDH3T2bY,1
@YellowOrangeMoneky,eMZmDH3T2bY,1
@_Juicy,eMZmDH3T2bY,1
@aYn_5Y,eMZmDH3T2bY,1
@aarrkellz,eMZmDH3T2bY,2
@abdurrehman6597,eMZmDH3T2bY,1
@adebisiolaoluwa2125,eMZmDH3T2bY,1
@adilsinbekesh4454,eMZmDH3T2bY,2
@adityarajput5820,eMZmDH3T2bY,1
@ahmedsherif7505,eMZmDH3T2bY,1
@ailaG,eMZmDH3T2bY,1
@ajauffret,eMZmDH3T2bY,1
@al_wombat,eMZmDH3T2bY,3
@alaric19,eMZmDH3T2bY,1
@alexisnangle5105,eMZmDH3T2bY,1
@alksdng97834y,eMZmDH3T2bY,1
@amoghskulkarni,eMZmDH3T2bY,1
@andreysobolev244,eMZmDH3T2bY,1
@angelotv3043,eMZmDH3T2bY,1
@antiapofis135,eMZmDH3T2bY,1
@antonskv,eMZmDH3T2bY,1
@asadbilal591,eMZmDH3T2bY,1
@bashirabdelwahed,eMZmDH3T2bY,1
@bellewesly6704,eMZmDH3T2bY,1
@benjaminroberts85,eMZmDH3T2bY,1
@bigbadallybaby,eMZmDH3T2bY,1
@blancers7881,eMZmDH3T2bY,1
@blushandrush9584,eMZmDH3T2bY,1
@bradsmith5311,eMZmDH3T2bY,1
@bystiai,eMZmDH3T2bY,1
@capravasranjan2121,eMZmDH3T2bY,1
@castorviolet,eMZmDH3T2bY,1
@cekirdekci32,eMZmDH3T2bY,1
@cheesesneezee,eMZmDH3T2bY,1
@cheyrasmussen264,eMZmDH3T2bY,1
@christootell,eMZmDH3T2bY,1
@circusfreakRob,eMZmDH3T2bY,1
@cjrobinson0828999,eMZmDH3T2bY,1
@climatebabes,eMZmDH3T2bY,1
@clyde._,eMZmDH3T2bY,1
@cnk2323,eMZmDH3T2bY,1
@codprawn,eMZmDH3T2bY,1
@curtisnewton895,eMZmDH3T2bY,2
@cynthia.supports,eMZmDH3T2bY,1
@darksambal,eMZmDH3T2bY,1
@davidwalz94,eMZmDH3T2bY,2
@dealermode,eMZmDH3T2bY,1
@dicomdan,eMZmDH3T2bY,1
@dsantosfranco,eMZmDH3T2bY,1
@ethanbeacom,eMZmDH3T2bY,1
@ethanradd,eMZmDH3T2bY,1
@euss-x9h,eMZmDH3T2bY,1
@extrat6495,eMZmDH3T2bY,1
@fb30xhk,eMZmDH3T2bY,1
@flyingbutter.246,eMZmDH3T2bY,1
@fredfinger7092,eMZmDH3T2bY,1
@gaeldilamh2572,eMZmDH3T2bY,1
@gautamchandrasekharan3,eMZmDH3T2bY,1
@ggbuyceps,eMZmDH3T2bY,1
@giddydigs,eMZmDH3T2bY,1
@glickyaron9490,eMZmDH3T2bY,1
@hammondsoftware,eMZmDH3T2bY,3
@hathspider9763,eMZmDH3T2bY,1
@henrythai6375,eMZmDH3T2bY,1
@igorthelight,eMZmDH3T2bY,1
@jacobharris2373,eMZmDH3T2bY,1
@james_builds_brands,eMZmDH3T2bY,1
@jayistic,eMZmDH3T2bY,1
@jayseb,eMZmDH3T2bY,2
@jesper5259,eMZmDH3T2bY,2
@jhg388,eMZmDH3T2bY,1
@jimmy-h7z2s,eMZmDH3T2bY,2
@jimtenn8857,eMZmDH3T2bY,1
@joeb3548,eMZmDH3T2bY,1
@joecee6862,eMZmDH3T2bY,1
@joedougs,eMZmDH3T2bY,1
@johnp7158,eMZmDH3T2bY,1
@jonathansalm92,eMZmDH3T2bY,1
@joshuafarrell8877,eMZmDH3T2bY,1
@josnaiberdejesusjasperodri9590,eMZmDH3T2bY,1
@k_2187,eMZmDH3T2bY,1
@kamiljangarbacz,eMZmDH3T2bY,2
@khermoucheali8600,eMZmDH3T2bY,1
@krishheals2386,eMZmDH3T2bY,1
@kyuhyunpark2239,eMZmDH3T2bY,1
@lateefmaleek9190,eMZmDH3T2bY,1
@madankaran21,eMZmDH3T2bY,1
@manwithnocode,eMZmDH3T2bY,1
@marcocordero2233,eMZmDH3T2bY,1
@markk364,eMZmDH3T2bY,1
@mercynik2019,eMZmDH3T2bY,1
@merlin8675309,eMZmDH3T2bY,1
@mewmew5125,eMZmDH3T2bY,1
@michael102387,eMZmDH3T2bY,1
@mikecoppa1,eMZmDH3T2bY,1
@mikeforslund7375,eMZmDH3T2bY,1
@mofos2872,eMZmDH3T2bY,1
@mrigammusic,eMZmDH3T2bY,3
@mrohailiqbal,eMZmDH3T2bY,1
@msyslo,eMZmDH3T2bY,1
@mudassirmoin8368,eMZmDH3T2bY,1
@mygoldenvalley,eMZmDH3T2bY,1
@na_wu,eMZmDH3T2bY,1
@ndacc72,eMZmDH3T2bY,1
@neilfpv,eMZmDH3T2bY,1
@nelsongomes-zj8uc,eMZmDH3T2bY,1
@neveriamcaesar,eMZmDH3T2bY,2
@nitish9662,eMZmDH3T2bY,1
@norwegianzound,eMZmDH3T2bY,2
@nuks84,eMZmDH3T2bY,2
@obsidianwolf-yt,eMZmDH3T2bY,1
@olozmada,eMZmDH3T2bY,2
@onlineorchid,eMZmDH3T2bY,1
@onyourpocket8642,eMZmDH3T2bY,1
@pedroquerido2268,eMZmDH3T2bY,1
@polaris1985,eMZmDH3T2bY,3
@praveennarender9423,eMZmDH3T2bY,1
@quincyxan23,eMZmDH3T2bY,1
@r0b0ho3o,eMZmDH3T2bY,1
@radityawaliulu,eMZmDH3T2bY,4
@ragibrownak5712,eMZmDH3T2bY,1
@raja__ff__045,eMZmDH3T2bY,1
@readyproce-r1i,eMZmDH3T2bY,1
@rgautam0320,eMZmDH3T2bY,1
@ruyik01,eMZmDH3T2bY,1
@sanjeevp,eMZmDH3T2bY,1
@sayow55,eMZmDH3T2bY,1
@schemagroup1,eMZmDH3T2bY,1
@severtone263,eMZmDH3T2bY,1
@shaunmoyle8136,eMZmDH3T2bY,1
@shayan4197,eMZmDH3T2bY,1
@sidequestchan,eMZmDH3T2bY,2
@southisacknova,eMZmDH3T2bY,1
@spawnterror,eMZmDH3T2bY,1
@srinathpadmanabhan,eMZmDH3T2bY,2
@sunitjoshi3573,eMZmDH3T2bY,1
@swarnalatha5243,eMZmDH3T2bY,1
@tannyxie8328,eMZmDH3T2bY,1
@taslima7051,eMZmDH3T2bY,1
@taylorgledhill,eMZmDH3T2bY,1
@tgn623,eMZmDH3T2bY,1
@theclayj,eMZmDH3T2bY,1
@thedinosham,eMZmDH3T2bY,1
@thegreatflyingbenjamin,eMZmDH3T2bY,1
@theloniousMac,eMZmDH3T2bY,1
@thetazlord,eMZmDH3T2bY,1
@tiercitierci,eMZmDH3T2bY,1
@todortodorov6056,eMZmDH3T2bY,1
@tonyareyes7496,eMZmDH3T2bY,1
@tracylam6823,eMZmDH3T2bY,1
@twenteee,eMZmDH3T2bY,1
@txtasosxt,eMZmDH3T2bY,1
@uSlackr,eMZmDH3T2bY,1
@usajimary,eMZmDH3T2bY,1
@vigneshpadmanabhan4088,eMZmDH3T2bY,1
@vssantos,eMZmDH3T2bY,1
@warfaceuk,eMZmDH3T2bY,1
@wbjxfkwsklejfde34d,eMZmDH3T2bY,1
@xshivan,eMZmDH3T2bY,1
@xtianiyke7623,eMZmDH3T2bY,1
@yazi27,eMZmDH3T2bY,1
@yevasss3439,eMZmDH3T2bY,1
@方四公子,eMZmDH3T2bY,1
@Aarunseege,eaRGX9wVlU0,1
@Agent007-v1b,eaRGX9wVlU0,1
@Ap_twsh,eaRGX9wVlU0,3
@BaruchNave,eaRGX9wVlU0,1
@BayuSamasta,eaRGX9wVlU0,1
@BramYuda-d8w,eaRGX9wVlU0,1
@BrooklynBambi,eaRGX9wVlU0,1
@ChiefLiviz,eaRGX9wVlU0,1
@DJTweet-d1d,eaRGX9wVlU0,1
@DRHARISHVENKATKULKARNI,eaRGX9wVlU0,1
@DevOps-007-v5h,eaRGX9wVlU0,1
@Divine_wave23,eaRGX9wVlU0,1
@Falcon_797,eaRGX9wVlU0,1
@Gemini-meet,eaRGX9wVlU0,1
@I.AM.Mr.A12,eaRGX9wVlU0,1
@J1Jordy,eaRGX9wVlU0,3
@JamalSWE,eaRGX9wVlU0,1
@Khl8122,eaRGX9wVlU0,1
@KokumBalani,eaRGX9wVlU0,1
@LeadStartupsTelugu,eaRGX9wVlU0,1
@MRJBPU,eaRGX9wVlU0,1
@MajorPerceptron,eaRGX9wVlU0,1
@Maxwell-y8t7z,eaRGX9wVlU0,1
@MeetTiwoeeM,eaRGX9wVlU0,1
@MikeFFR,eaRGX9wVlU0,1
@Momo-nosuga,eaRGX9wVlU0,1
@NataliaGems-p5o,eaRGX9wVlU0,1
@NickBarratt110,eaRGX9wVlU0,2
@NikhilDheeman,eaRGX9wVlU0,1
@OziokoCyril,eaRGX9wVlU0,1
@PrajwalDevanga-z4o,eaRGX9wVlU0,1
@Raj_phonic,eaRGX9wVlU0,1
@S.YousafAli,eaRGX9wVlU0,1
@Santhosh-r8i7i,eaRGX9wVlU0,1
@SurprisedDivingBoard-vu9rz,eaRGX9wVlU0,1
@TheJosephIbrahimShow,eaRGX9wVlU0,1
@The_AverageFarmer,eaRGX9wVlU0,1
@Utuber459,eaRGX9wVlU0,1
@Vision_10101,eaRGX9wVlU0,1
@VrkPeru-nw2uv,eaRGX9wVlU0,1
@YOUTUBEPARADISE-e5p,eaRGX9wVlU0,2
@abillin6398,eaRGX9wVlU0,2
@adamgolan8443,eaRGX9wVlU0,1
@alexandern9075,eaRGX9wVlU0,1
@anacebotari8604,eaRGX9wVlU0,1
@ashutoshsingh1247,eaRGX9wVlU0,1
@awaisqureshi2931,eaRGX9wVlU0,1
@bahaibragimov2516,eaRGX9wVlU0,1
@blackpaper9169,eaRGX9wVlU0,1
@bobdeni244,eaRGX9wVlU0,4
@bobo-n1o,eaRGX9wVlU0,3
@chaz-e,eaRGX9wVlU0,3
@coder5411,eaRGX9wVlU0,1
@cynamonstudio,eaRGX9wVlU0,1
@dan-g8e2f,eaRGX9wVlU0,1
@davidkuda,eaRGX9wVlU0,1
@devilboss9063,eaRGX9wVlU0,1
@diary-of-x,eaRGX9wVlU0,1
@dominicfrain1265,eaRGX9wVlU0,1
@georgeageorgopoulos,eaRGX9wVlU0,1
@gh5q-k4s,eaRGX9wVlU0,1
@graemejones9707,eaRGX9wVlU0,2
@hxkdneuxbxjdidndnxj,eaRGX9wVlU0,1
@iitzgodofmischief,eaRGX9wVlU0,1
@itsmeamol1,eaRGX9wVlU0,1
@jeeps4-life,eaRGX9wVlU0,1
@kanthdigitalstudio,eaRGX9wVlU0,1
@khumbulanimavuma4173,eaRGX9wVlU0,1
@lidefsomar5291,eaRGX9wVlU0,1
@lockdowntrendings1207,eaRGX9wVlU0,1
@lucemlumen,eaRGX9wVlU0,1
@maintaininganonymity221,eaRGX9wVlU0,2
@manioommen871,eaRGX9wVlU0,1
@marcusrosales3344,eaRGX9wVlU0,1
@mmm-ie5ws,eaRGX9wVlU0,1
@odairsilva10,eaRGX9wVlU0,4
@pingoo969,eaRGX9wVlU0,1
@priapushk996,eaRGX9wVlU0,1
@prime1965,eaRGX9wVlU0,1
@rajadon2071,eaRGX9wVlU0,1
@ricardobessoni9717,eaRGX9wVlU0,1
@rohanp8354,eaRGX9wVlU0,1
@safsfsfdfgdg,eaRGX9wVlU0,1
@searchwikipediafallacy5567,eaRGX9wVlU0,1
@seraphim-official-sh,eaRGX9wVlU0,1
@shanxutube,eaRGX9wVlU0,1
@sharanr2667,eaRGX9wVlU0,1
@sjaedn,eaRGX9wVlU0,1
@skylinecreations.1634,eaRGX9wVlU0,2
@sri3730,eaRGX9wVlU0,1
@susmitbanerjee6092,eaRGX9wVlU0,2
@sykal,eaRGX9wVlU0,1
@tariqimran3743,eaRGX9wVlU0,1
@techtricks7594,eaRGX9wVlU0,1
@the-real-i9,eaRGX9wVlU0,1
@thereal415er,eaRGX9wVlU0,1
@toonsofmetaverse,eaRGX9wVlU0,1
@tyagrajbhatt603,eaRGX9wVlU0,1
@tyleroberts,eaRGX9wVlU0,1
@velofficialAI,eaRGX9wVlU0,1
@vfgrfbgrb,eaRGX9wVlU0,1
@zohaib0335,eaRGX9wVlU0,2
@ಸೀತಾರಾಮಾಂಜನೇಯ,eaRGX9wVlU0,1
@AIsustainable,exjhaHmZk8g,1
@AkshayRajpurohitt,exjhaHmZk8g,1
@Briggie,exjhaHmZk8g,1
@Djellowman,exjhaHmZk8g,2
@MaxSteele-w1b,exjhaHmZk8g,1
@Mr-f1t-v2v,exjhaHmZk8g,1
@Mykolau1m,exjhaHmZk8g,1
@Some0ne_0n_di_lnternet,exjhaHmZk8g,1
@TheEranTalmor,exjhaHmZk8g,1
@TheMisterGuy,exjhaHmZk8g,2
@VarunSaiNadiminti,exjhaHmZk8g,1
@armaanamatya935,exjhaHmZk8g,1
@beyond-the-model,exjhaHmZk8g,1
@codehead01,exjhaHmZk8g,1
@console.memory,exjhaHmZk8g,1
@farukada,exjhaHmZk8g,1
@heavestern,exjhaHmZk8g,1
@jpgundertanner,exjhaHmZk8g,1
@mkhwanazicebo4448,exjhaHmZk8g,1
@nholanl1952,exjhaHmZk8g,1
@saladhead2345,exjhaHmZk8g,1
@shivam-shah,exjhaHmZk8g,2
@warclarin,exjhaHmZk8g,1
@womagrid,exjhaHmZk8g,1
@zakuro8532,exjhaHmZk8g,1
@12crenshaw,fP5URbP30j0,1
@1devndogs,fP5URbP30j0,1
@21Million,fP5URbP30j0,1
@3r2s4A4q,fP5URbP30j0,1
@AIRRAZOR44,fP5URbP30j0,1
@Abdennour_Ab,fP5URbP30j0,1
@AetasDave,fP5URbP30j0,1
@AgentJohnson1,fP5URbP30j0,1
@Alcardian_0,fP5URbP30j0,1
@AnkushKun,fP5URbP30j0,1
@ArchitecturalAesthetics2046,fP5URbP30j0,1
@AzulaAlwaysLies,fP5URbP30j0,1
@BShivanshu,fP5URbP30j0,1
@BigBl4nk,fP5URbP30j0,2
@Blooblyblolbo212,fP5URbP30j0,1
@BoldSound-f2f,fP5URbP30j0,1
@Brent_P,fP5URbP30j0,1
@BrutusAlbion,fP5URbP30j0,1
@CR26898,fP5URbP30j0,1
@CzPhantom,fP5URbP30j0,1
@DMoneys36,fP5URbP30j0,1
@DailyFaithPrayerCindyTrimm,fP5URbP30j0,1
@Daniel-ir4ki,fP5URbP30j0,1
@Deckhead74,fP5URbP30j0,1
@Derekzparty,fP5URbP30j0,1
@Einimas,fP5URbP30j0,1
@Emilgod,fP5URbP30j0,1
@Fafix666,fP5URbP30j0,1
@G1Fabian,fP5URbP30j0,1
@Gadrawingz,fP5URbP30j0,1
@GodOfMacro,fP5URbP30j0,1
@GreatValueBleach-l2z,fP5URbP30j0,1
@IcedLance,fP5URbP30j0,1
@Jack-t5u9j,fP5URbP30j0,1
@JacobSean-iy3tl,fP5URbP30j0,1
@Jenkkimie,fP5URbP30j0,1
@JimLecka,fP5URbP30j0,1
@JohnnyMikeDeLaRochefoucault,fP5URbP30j0,1
@Johnzen03,fP5URbP30j0,1
@K0r0k0_17,fP5URbP30j0,1
@KobeBlackMamba24,fP5URbP30j0,1
@MattRioux-t2n,fP5URbP30j0,1
@MentalzCk,fP5URbP30j0,1
@MlaskiMlask,fP5URbP30j0,1
@Moshiur_r000,fP5URbP30j0,1
@MrAsmontero,fP5URbP30j0,1
@NathanSmutz,fP5URbP30j0,1
@NeuroplasticTransformation,fP5URbP30j0,1
@NicolasGryman,fP5URbP30j0,1
@Nightsd01,fP5URbP30j0,1
@Omegaessalt,fP5URbP30j0,1
@Ondal1,fP5URbP30j0,1
@Patrick-ui7vf,fP5URbP30j0,1
@Planeta1951,fP5URbP30j0,1
@Psyda,fP5URbP30j0,1
@Pupan0102,fP5URbP30j0,1
@PyckledNyk,fP5URbP30j0,1
@Quantris,fP5URbP30j0,1
@Rocinante808,fP5URbP30j0,1
@Rotaszko,fP5URbP30j0,1
@SoulmaN69420,fP5URbP30j0,1
@SpeakChinglish,fP5URbP30j0,1
@StaceyWilsonlosangeles,fP5URbP30j0,1
@Stajh,fP5URbP30j0,1
@SuccessMindset2180,fP5URbP30j0,1
@TejAgarwal,fP5URbP30j0,1
@TheFBerger,fP5URbP30j0,1
@TheLucanicLord,fP5URbP30j0,1
@TheNQwithJohnQ,fP5URbP30j0,1
@ThePrimeTimeagen,fP5URbP30j0,1
@TheUmbroDragon,fP5URbP30j0,1
@ThnkIaA,fP5URbP30j0,1
@ToddWBucy-lf8yz,fP5URbP30j0,1
@Traditional_Force,fP5URbP30j0,1
@UberKingTJ01,fP5URbP30j0,2
@VladimirGolev,fP5URbP30j0,1
@WEB3GISEL,fP5URbP30j0,1
@Xerathiel,fP5URbP30j0,1
@Zach-s5g,fP5URbP30j0,1
@abhilashpandey283,fP5URbP30j0,1
@abubakar-z3s8i,fP5URbP30j0,1
@afiq980,fP5URbP30j0,1
@ahsaniqbaltechsoft,fP5URbP30j0,1
@akaashthesky,fP5URbP30j0,1
@alecdotdev,fP5URbP30j0,2
@alejandrofonseca405,fP5URbP30j0,1
@alidahud337,fP5URbP30j0,1
@andreasgottardi8770,fP5URbP30j0,1
@andreashauschild7757,fP5URbP30j0,1
@ansambel3170,fP5URbP30j0,1
@antonioreyes6203,fP5URbP30j0,1
@aradan3913,fP5URbP30j0,1
@arkano22,fP5URbP30j0,1
@ashoka9306,fP5URbP30j0,1
@bereketteketel1128,fP5URbP30j0,1
@blimpalim,fP5URbP30j0,1
@boonbroadcast,fP5URbP30j0,1
@bradw2k,fP5URbP30j0,1
@cdes68,fP5URbP30j0,1
@charlesumesi,fP5URbP30j0,1
@chrikke,fP5URbP30j0,1
@clippyclipface,fP5URbP30j0,1
@connorharvey9137,fP5URbP30j0,1
@danieldalton1757,fP5URbP30j0,1
@danrm5674,fP5URbP30j0,1
@dayknight29,fP5URbP30j0,1
@definitelynotadam,fP5URbP30j0,2
@designbyamirul,fP5URbP30j0,1
@doober4309,fP5URbP30j0,1
@doriandavi8955,fP5URbP30j0,1
@ellenberes4888,fP5URbP30j0,1
@esaith9852,fP5URbP30j0,1
@floopygoober,fP5URbP30j0,1
@funicon3689,fP5URbP30j0,1
@galsherp6173,fP5URbP30j0,1
@games4us132,fP5URbP30j0,1
@geekworthy7938,fP5URbP30j0,1
@geekyAbhijeet,fP5URbP30j0,1
@gerritvanmol,fP5URbP30j0,1
@gsgregory2022,fP5URbP30j0,1
@hagalaz793,fP5URbP30j0,1
@honkhonk8009,fP5URbP30j0,1
@howyoutubesmells,fP5URbP30j0,1
@iam_qwerty,fP5URbP30j0,1
@imBurre,fP5URbP30j0,1
@imjuszay1470,fP5URbP30j0,1
@inv0019,fP5URbP30j0,1
@j.stribling2565,fP5URbP30j0,1
@jaysmitty-dev,fP5URbP30j0,1
@jayvee4787,fP5URbP30j0,1
@jedielson31,fP5URbP30j0,1
@joejohnyeah7098,fP5URbP30j0,1
@johnbarnhill386,fP5URbP30j0,1
@johncmunson91,fP5URbP30j0,1
@jondelarr,fP5URbP30j0,1
@joneskamikaze6228,fP5URbP30j0,1
@karbofoss,fP5URbP30j0,1
@kdss7535,fP5URbP30j0,1
@khabibownsmysoul7836,fP5URbP30j0,1
@khealer,fP5URbP30j0,1
@kostialev,fP5URbP30j0,1
@kuhluhOG,fP5URbP30j0,1
@l1nuxguy646,fP5URbP30j0,1
@leftoverpizza01,fP5URbP30j0,1
@lidu6363,fP5URbP30j0,1
@loicmiralles8367,fP5URbP30j0,1
@lovelindhonijb,fP5URbP30j0,1
@lucsspace,fP5URbP30j0,1
@lukronos1,fP5URbP30j0,1
@m.r.itran.1234,fP5URbP30j0,1
@maintaininganonymity221,fP5URbP30j0,1
@markm5927,fP5URbP30j0,1
@matt4590,fP5URbP30j0,1
@matthew_berman,fP5URbP30j0,1
@matthewgower689,fP5URbP30j0,1
@matthiaszielinski2343,fP5URbP30j0,1
@michaelferguson1514,fP5URbP30j0,1
@michakocher1392,fP5URbP30j0,1
@mola8973,fP5URbP30j0,1
@motazabdelazeem3533,fP5URbP30j0,1
@mr.rabbit5642,fP5URbP30j0,1
@mvm8816,fP5URbP30j0,1
@narrativeless404,fP5URbP30j0,1
@nc737,fP5URbP30j0,1
@oldandtired-555,fP5URbP30j0,1
@ov3rcl0cked,fP5URbP30j0,1
@pixelnomad4931,fP5URbP30j0,1
@poondaddy9992,fP5URbP30j0,1
@praveenpg,fP5URbP30j0,1
@profrollchen9946,fP5URbP30j0,1
@programmar8000,fP5URbP30j0,1
@pumpkineater31699,fP5URbP30j0,1
@qet-lab,fP5URbP30j0,1
@quentins8165,fP5URbP30j0,1
@randyvolters7719,fP5URbP30j0,1
@rfn900,fP5URbP30j0,1
@rmidifferent8906,fP5URbP30j0,1
@rubbercable,fP5URbP30j0,1
@rufaloice,fP5URbP30j0,1
@sakshamvasishth2805,fP5URbP30j0,1
@sarora8629,fP5URbP30j0,1
@scotmcpherson,fP5URbP30j0,1
@scottspitlerII,fP5URbP30j0,1
@shakamangululu7075,fP5URbP30j0,1
@softwaretechnologyengineering,fP5URbP30j0,1
@srinathShresthaSucks,fP5URbP30j0,2
@stephenkolostyak4087,fP5URbP30j0,2
@sveik_,fP5URbP30j0,1
@swagmuffin9000,fP5URbP30j0,1
@theb3654,fP5URbP30j0,1
@thebach9231,fP5URbP30j0,1
@thijssmits9608,fP5URbP30j0,3
@timberhoff,fP5URbP30j0,1
@tomtommyl805,fP5URbP30j0,1
@ubeydk,fP5URbP30j0,1
@vladimirarevshatyan4622,fP5URbP30j0,2
@wasitworthitQM,fP5URbP30j0,1
@webmaster-p1k,fP5URbP30j0,1
@woocashtech,fP5URbP30j0,1
@zapoyou2,fP5URbP30j0,1
@zenxi2681,fP5URbP30j0,1
@zizah69,fP5URbP30j0,1
@2dorrr-t4t,fQeybL6w-Wo,1
@32zim32,fQeybL6w-Wo,1
@Akhil_Balan_A,fQeybL6w-Wo,1
@Alphunter4,fQeybL6w-Wo,1
@AmericatheBeautiful-p4z,fQeybL6w-Wo,1
@AndrewTSq,fQeybL6w-Wo,1
@Antebios,fQeybL6w-Wo,1
@AnythingGodamnit,fQeybL6w-Wo,1
@Baskoro-l9x,fQeybL6w-Wo,1
@Bazixxx,fQeybL6w-Wo,1
@Bharatesh-uj4ki,fQeybL6w-Wo,1
@BrunkenDrawler,fQeybL6w-Wo,1
@Clinomania23,fQeybL6w-Wo,1
@CodeCharmer,fQeybL6w-Wo,1
@CoffeeSlaps,fQeybL6w-Wo,1
@DanielDogeanu,fQeybL6w-Wo,1
@Dav-jj2jb,fQeybL6w-Wo,1
@EduardKaresli,fQeybL6w-Wo,1
@El-Aminoh,fQeybL6w-Wo,1
@ElyseGiroux,fQeybL6w-Wo,1
@Eon_Judge,fQeybL6w-Wo,1
@EsculachoPolítico-k1o,fQeybL6w-Wo,3
@ExploringAI42,fQeybL6w-Wo,1
@FG-td4vs,fQeybL6w-Wo,1
@FredoCorleone,fQeybL6w-Wo,1
@FurkanKalli,fQeybL6w-Wo,1
@GuilhermeHenrique-tz5mn,fQeybL6w-Wo,1
@Guywiththetypewriter,fQeybL6w-Wo,1
@Gypelayo,fQeybL6w-Wo,1
@Hashbrown1816,fQeybL6w-Wo,1
@HexaCypher_x,fQeybL6w-Wo,1
@ImSoPerplexed,fQeybL6w-Wo,1
@IvanProtsyk1998,fQeybL6w-Wo,1
@JamesMcGhee,fQeybL6w-Wo,1
@JeBongusBingus,fQeybL6w-Wo,1
@JudahHelland,fQeybL6w-Wo,1
@Kurious_George,fQeybL6w-Wo,1
@LocutionJulia,fQeybL6w-Wo,1
@LordOfElm,fQeybL6w-Wo,1
@Ma1ne2,fQeybL6w-Wo,1
@MarkyBoom-zc5sz,fQeybL6w-Wo,1
@MartyViolio,fQeybL6w-Wo,1
@MichaelThomasOFlaherty,fQeybL6w-Wo,1
@Mindgamer2702,fQeybL6w-Wo,1
@MoMoadeli,fQeybL6w-Wo,1
@Mossmyr,fQeybL6w-Wo,1
@MrMrCureit,fQeybL6w-Wo,1
@MultiDeivas,fQeybL6w-Wo,1
@NeoElix,fQeybL6w-Wo,1
@NikolaMatković-h9i,fQeybL6w-Wo,1
@NikosAnimals,fQeybL6w-Wo,1
@Nix-zv9jz,fQeybL6w-Wo,1
@Olllieeg,fQeybL6w-Wo,1
@OriginBullet,fQeybL6w-Wo,2
@PeterVerhas,fQeybL6w-Wo,1
@PlaySecond,fQeybL6w-Wo,2
@RAJEEVCHAUDHARY160,fQeybL6w-Wo,1
@Rotaszko,fQeybL6w-Wo,1
@SXsoft99,fQeybL6w-Wo,1
@SatanIsTheLord,fQeybL6w-Wo,1
@ScientifikX1,fQeybL6w-Wo,1
@ShadowR4ze,fQeybL6w-Wo,1
@ShortThePig,fQeybL6w-Wo,1
@SirThomMik,fQeybL6w-Wo,1
@Skadongle,fQeybL6w-Wo,1
@StAbPdd5793,fQeybL6w-Wo,1
@SteelHeart5813,fQeybL6w-Wo,2
@StephanLie-t7s,fQeybL6w-Wo,1
@TAP7a,fQeybL6w-Wo,1
@Teting7484f,fQeybL6w-Wo,1
@TheDimanoid999,fQeybL6w-Wo,1
@TheFreshMakerHD,fQeybL6w-Wo,1
@TheHermitProcess,fQeybL6w-Wo,1
@TheNefastor,fQeybL6w-Wo,1
@TheRatsintheWalls,fQeybL6w-Wo,1
@TheRealMrGreen,fQeybL6w-Wo,1
@Tom-nm9wf,fQeybL6w-Wo,1
@Tony-dp1rl,fQeybL6w-Wo,1
@Twentyone-s2y,fQeybL6w-Wo,1
@Viking_Fish,fQeybL6w-Wo,1
@WilliamMungas,fQeybL6w-Wo,1
@Y2Kvids,fQeybL6w-Wo,1
@ZlatkoTestDerkoskiTest,fQeybL6w-Wo,1
@Zwork101,fQeybL6w-Wo,1
@_Cfocus,fQeybL6w-Wo,1
@_sky_3123,fQeybL6w-Wo,1
@adams-home-lab,fQeybL6w-Wo,2
@adrianlazar3120,fQeybL6w-Wo,2
@akhilboby2442,fQeybL6w-Wo,1
@alexgreenwood3868,fQeybL6w-Wo,1
@alexios2263,fQeybL6w-Wo,1
@amunet9245,fQeybL6w-Wo,1
@anonymousperson4466,fQeybL6w-Wo,1
@araibirshad8294,fQeybL6w-Wo,1
@arrrghh,fQeybL6w-Wo,1
@atlantaen,fQeybL6w-Wo,1
@awesome-coding,fQeybL6w-Wo,13
@azs06,fQeybL6w-Wo,1
@baophan408,fQeybL6w-Wo,1
@benjaminhon86,fQeybL6w-Wo,1
@black53342,fQeybL6w-Wo,1
@blueSpirit137,fQeybL6w-Wo,1
@boilingsausage8049,fQeybL6w-Wo,2
@brambasiel,fQeybL6w-Wo,1
@bramburn,fQeybL6w-Wo,3
@burrybondz225,fQeybL6w-Wo,1
@caco8292,fQeybL6w-Wo,1
@cahva2,fQeybL6w-Wo,1
@catenjoeyerhixo,fQeybL6w-Wo,1
@cete66,fQeybL6w-Wo,1
@cfuendev,fQeybL6w-Wo,1
@chili209,fQeybL6w-Wo,1
@coc1841,fQeybL6w-Wo,1
@codeman99-dev,fQeybL6w-Wo,1
@codokit,fQeybL6w-Wo,1
@commonsensedev,fQeybL6w-Wo,1
@cybergodkek6618,fQeybL6w-Wo,1
@darkSlayerx77,fQeybL6w-Wo,1
@davidgorgan0408,fQeybL6w-Wo,1
@descriptive_aura,fQeybL6w-Wo,1
@designerdenin,fQeybL6w-Wo,1
@doguy8650,fQeybL6w-Wo,1
@earther-traveler,fQeybL6w-Wo,1
@eduardo-cat,fQeybL6w-Wo,1
@ehm-wg8pd,fQeybL6w-Wo,1
@eman3144,fQeybL6w-Wo,1
@emilichannel,fQeybL6w-Wo,1
@ericmackrodt9441,fQeybL6w-Wo,2
@esgn.design,fQeybL6w-Wo,1
@evertonc1448,fQeybL6w-Wo,1
@eygs493,fQeybL6w-Wo,3
@fc6827,fQeybL6w-Wo,1
@flecko5,fQeybL6w-Wo,1
@fooorio,fQeybL6w-Wo,1
@franciscoparejo,fQeybL6w-Wo,1
@funnyanimalworld7579,fQeybL6w-Wo,2
@furqantarique3484,fQeybL6w-Wo,1
@getoutfromheresuar,fQeybL6w-Wo,1
@ginger-viking,fQeybL6w-Wo,1
@glowlog,fQeybL6w-Wo,1
@glynnwright1699,fQeybL6w-Wo,1
@grapy83,fQeybL6w-Wo,1
@greendickandyams,fQeybL6w-Wo,1
@gregcarlson8438,fQeybL6w-Wo,1
@grimcloud2701,fQeybL6w-Wo,1
@gro967,fQeybL6w-Wo,1
@henryvaneyk3769,fQeybL6w-Wo,1
@hermana1016,fQeybL6w-Wo,1
@hermes6910,fQeybL6w-Wo,2
@himcrookedvulture2265,fQeybL6w-Wo,1
@honkhonk8009,fQeybL6w-Wo,1
@hugodasilva9050,fQeybL6w-Wo,1
@ionizePlaying,fQeybL6w-Wo,1
@jamesp9304,fQeybL6w-Wo,1
@jamtart22,fQeybL6w-Wo,1
@jonathanoyervides7647,fQeybL6w-Wo,1
@jyk3732,fQeybL6w-Wo,1
@karolstopinski8350,fQeybL6w-Wo,1
@kbm-iy9tj,fQeybL6w-Wo,1
@kc12394,fQeybL6w-Wo,1
@keshavkumar1843,fQeybL6w-Wo,1
@kirill4531,fQeybL6w-Wo,1
@kristjanu444,fQeybL6w-Wo,1
@kryptoknight992,fQeybL6w-Wo,1
@kyriosity-at-github,fQeybL6w-Wo,1
@lauconmarmusic9591,fQeybL6w-Wo,1
@lenargilmanov7893,fQeybL6w-Wo,1
@leonballoni4371,fQeybL6w-Wo,1
@limonicello,fQeybL6w-Wo,2
@llmcoder,fQeybL6w-Wo,1
@llortaton2834,fQeybL6w-Wo,1
@lolwhatever7307,fQeybL6w-Wo,1
@lorentzdev123,fQeybL6w-Wo,1
@madhawapriyashantha3722,fQeybL6w-Wo,2
@manoelramon8283,fQeybL6w-Wo,1
@marcotroster8247,fQeybL6w-Wo,1
@marcusolsson202,fQeybL6w-Wo,1
@marju101010,fQeybL6w-Wo,1
@mateomaderas5504,fQeybL6w-Wo,1
@mattymattffs,fQeybL6w-Wo,2
@mattyrjackson4261,fQeybL6w-Wo,1
@maximmelnik7998,fQeybL6w-Wo,1
@mohamedarbi7,fQeybL6w-Wo,1
@nein9420,fQeybL6w-Wo,1
@neriassaf419,fQeybL6w-Wo,1
@niklassoderberg2168,fQeybL6w-Wo,1
@njancodes6011,fQeybL6w-Wo,1
@noctuss86,fQeybL6w-Wo,1
@notactuallyarealperson2267,fQeybL6w-Wo,1
@notatall1944,fQeybL6w-Wo,1
@offrocksdev,fQeybL6w-Wo,1
@ohwhoaitzjoe,fQeybL6w-Wo,1
@omomer3506,fQeybL6w-Wo,1
@ouarhoulhoussaine5013,fQeybL6w-Wo,1
@petersouthwell5971,fQeybL6w-Wo,1
@peterszarvas94,fQeybL6w-Wo,1
@philippecourtemanche7667,fQeybL6w-Wo,1
@prashantkumar4217,fQeybL6w-Wo,1
@r-gart,fQeybL6w-Wo,1
@ricardofilipegomes4396,fQeybL6w-Wo,1
@riri91100,fQeybL6w-Wo,2
@ritabrataroychowdhury8958,fQeybL6w-Wo,1
@rodrigodip,fQeybL6w-Wo,1
@romkahehe,fQeybL6w-Wo,1
@roysegall2570,fQeybL6w-Wo,1
@rudzon,fQeybL6w-Wo,1
@sammysalami-dl,fQeybL6w-Wo,1
@senseibenji-san327,fQeybL6w-Wo,1
@sergarrick,fQeybL6w-Wo,1
@shreyas.sihasane,fQeybL6w-Wo,1
@shujaatali8414,fQeybL6w-Wo,2
@sinTheUnadulterated,fQeybL6w-Wo,2
@sketchionic6356,fQeybL6w-Wo,2
@skulver,fQeybL6w-Wo,1
@smarteveryday1606,fQeybL6w-Wo,1
@sockpastarock7082,fQeybL6w-Wo,1
@son_canucku,fQeybL6w-Wo,1
@spartan246,fQeybL6w-Wo,1
@stephan24297,fQeybL6w-Wo,1
@steven7846,fQeybL6w-Wo,1
@sylvereleipertz955,fQeybL6w-Wo,1
@szemespeter,fQeybL6w-Wo,1
@tatiarengas,fQeybL6w-Wo,1
@tbkswagg,fQeybL6w-Wo,1
@techtalkbyravindra,fQeybL6w-Wo,1
@thai-stylez,fQeybL6w-Wo,1
@therealkratos7453,fQeybL6w-Wo,1
@thx1200,fQeybL6w-Wo,1
@tranpaul4550,fQeybL6w-Wo,1
@v1k37,fQeybL6w-Wo,1
@vampiro4236,fQeybL6w-Wo,1
@vaolin1703,fQeybL6w-Wo,1
@vijayramachandran3559,fQeybL6w-Wo,1
@vinapocalypse,fQeybL6w-Wo,1
@vio-tu-dum-du-tum,fQeybL6w-Wo,1
@vireaknou8835,fQeybL6w-Wo,1
@vishalhegde5238,fQeybL6w-Wo,1
@voovvvv,fQeybL6w-Wo,1
@watermelonapple3132,fQeybL6w-Wo,1
@wayfa13,fQeybL6w-Wo,1
@who8myfish,fQeybL6w-Wo,1
@willkrummeck,fQeybL6w-Wo,2
@wisecat324,fQeybL6w-Wo,1
@wlc-welovecars,fQeybL6w-Wo,1
@xxxzeranxxx,fQeybL6w-Wo,1
@yadayada3593,fQeybL6w-Wo,1
@yogichopra6606,fQeybL6w-Wo,1
@yourintrovertedengineer,fQeybL6w-Wo,1
@zacmurdaugh,fQeybL6w-Wo,1
@zhsloe,fQeybL6w-Wo,1
@zo5esi4i57,fQeybL6w-Wo,1
@MilaKitty7,h0AT3GagswQ,1
@SoftwareDev1431-e8u,h0AT3GagswQ,1
@Tony-dp1rl,h0AT3GagswQ,1
@julian_pp,h0AT3GagswQ,1
@moxopixel,h0AT3GagswQ,1
@phenry9999,h0AT3GagswQ,3
@satishsingh9053,h0AT3GagswQ,1
@simonweiguny,h0AT3GagswQ,1
@xqasazas2026,h0AT3GagswQ,1
@yudhishthirkulkarni6431,h0AT3GagswQ,1
@zaidalruwaishan1915,h0AT3GagswQ,1
@00x-d2i,h0hdaHPKDdI,1
@2199SPUDMAN,h0hdaHPKDdI,1
@922mitch,h0hdaHPKDdI,1
@AdeptusChristians,h0hdaHPKDdI,1
@Arbram9727,h0hdaHPKDdI,1
@Blackconnection-,h0hdaHPKDdI,1
@BrettDalton,h0hdaHPKDdI,1
@CC58,h0hdaHPKDdI,1
@CS-rz8xf,h0hdaHPKDdI,1
@Cloudy-es3hs,h0hdaHPKDdI,1
@CodeCrafterStef,h0hdaHPKDdI,1
@Coldethel123456,h0hdaHPKDdI,1
@CoreDump07,h0hdaHPKDdI,1
@CrepuljaVideo,h0hdaHPKDdI,1
@DCxDemo,h0hdaHPKDdI,1
@DanaTokerNadler,h0hdaHPKDdI,1
@DarioVolaric,h0hdaHPKDdI,1
@DarrenHill-l5p,h0hdaHPKDdI,1
@Derloopkat,h0hdaHPKDdI,1
@DevNull-j3s,h0hdaHPKDdI,1
@DigiArchLab,h0hdaHPKDdI,1
@ElCidOfZen,h0hdaHPKDdI,1
@EugeneMkrtumyan,h0hdaHPKDdI,1
@FFTACTICSGUY,h0hdaHPKDdI,1
@Frisbieinstein,h0hdaHPKDdI,1
@Husky_Passion,h0hdaHPKDdI,1
@JesseAimonMusic,h0hdaHPKDdI,2
@JohnArktor,h0hdaHPKDdI,1
@JpShadowGames,h0hdaHPKDdI,1
@KrzysztofPadzik-j5y,h0hdaHPKDdI,1
@MR-vj8dn,h0hdaHPKDdI,1
@MarblesOnRobert,h0hdaHPKDdI,1
@MegaBaellchen,h0hdaHPKDdI,2
@Meowbay,h0hdaHPKDdI,1
@MoreCowbellBBQ,h0hdaHPKDdI,1
@MyMusic-lj3oh,h0hdaHPKDdI,1
@O_salmonix,h0hdaHPKDdI,1
@PauloOreda,h0hdaHPKDdI,1
@PolgarMiklós,h0hdaHPKDdI,1
@ProgrammistMusic,h0hdaHPKDdI,1
@RonHeusdens,h0hdaHPKDdI,1
@SakVaan,h0hdaHPKDdI,1
@SeeingBackward,h0hdaHPKDdI,1
@SergeRibalchenko,h0hdaHPKDdI,2
@SkateCode,h0hdaHPKDdI,1
@SolidAir54321,h0hdaHPKDdI,2
@StefanSchmidt-c2o,h0hdaHPKDdI,1
@TPDazzle,h0hdaHPKDdI,2
@Torsten_digits,h0hdaHPKDdI,1
@UltraKillpc,h0hdaHPKDdI,1
@ValCh-p1h,h0hdaHPKDdI,1
@VictorKinzer,h0hdaHPKDdI,1
@VoltLover00,h0hdaHPKDdI,1
@WeaveApp_download_it_today,h0hdaHPKDdI,1
@Wildcard2Kplus,h0hdaHPKDdI,1
@Woodooclack,h0hdaHPKDdI,1
@a.modestproposal2038,h0hdaHPKDdI,1
@aaaaaa2206,h0hdaHPKDdI,1
@aan8752,h0hdaHPKDdI,1
@abc123evoturbobonker,h0hdaHPKDdI,1
@adedamoladaniel5515,h0hdaHPKDdI,1
@adodragicevic3786,h0hdaHPKDdI,1
@alexandruolaru7855,h0hdaHPKDdI,1
@alicecantsleeep,h0hdaHPKDdI,1
@alifedesignedteamcoaching,h0hdaHPKDdI,1
@alpheusmadsen8485,h0hdaHPKDdI,1
@ambydupuis,h0hdaHPKDdI,1
@ami7mina,h0hdaHPKDdI,1
@ana_carol89,h0hdaHPKDdI,1
@andrewfarrow4699,h0hdaHPKDdI,1
@andyyap5132,h0hdaHPKDdI,1
@annamoiseeva5258,h0hdaHPKDdI,1
@antesmolcic4354,h0hdaHPKDdI,1
@auisgolden-ce9qi,h0hdaHPKDdI,1
@axelmolist,h0hdaHPKDdI,51
@azend889,h0hdaHPKDdI,1
@bajatoma,h0hdaHPKDdI,1
@benjaminbeier4036,h0hdaHPKDdI,1
@blaawk,h0hdaHPKDdI,1
@bobjohnbowles,h0hdaHPKDdI,1
@bringingbacktheboogie,h0hdaHPKDdI,1
@cellphone7223,h0hdaHPKDdI,1
@cembora4849,h0hdaHPKDdI,1
@chrisminnoy3637,h0hdaHPKDdI,1
@colleenforrest7936,h0hdaHPKDdI,1
@crank4life,h0hdaHPKDdI,1
@dafyddrees2287,h0hdaHPKDdI,1
@daigriffiths399,h0hdaHPKDdI,1
@danielbeccar269,h0hdaHPKDdI,1
@davidgriffin79,h0hdaHPKDdI,1
@dirtywhitellama,h0hdaHPKDdI,1
@disgruntledtoons,h0hdaHPKDdI,1
@dj_jiffy_pop,h0hdaHPKDdI,1
@donaldkasper8346,h0hdaHPKDdI,1
@douglascrawford2563,h0hdaHPKDdI,1
@dtkedtyjrtyj,h0hdaHPKDdI,1
@e-e40,h0hdaHPKDdI,1
@edj8253,h0hdaHPKDdI,1
@emersonrex820,h0hdaHPKDdI,1
@emerynoel567,h0hdaHPKDdI,1
@engelanna,h0hdaHPKDdI,1
@erictremblay3044,h0hdaHPKDdI,1
@ethereal_body7763,h0hdaHPKDdI,1
@etienneb.6956,h0hdaHPKDdI,1
@f-s-r,h0hdaHPKDdI,1
@fPonias1,h0hdaHPKDdI,1
@fs4972,h0hdaHPKDdI,1
@fuzz_spl,h0hdaHPKDdI,1
@galapiat,h0hdaHPKDdI,1
@geoffprice9583,h0hdaHPKDdI,1
@glimmer289,h0hdaHPKDdI,1
@goatofdeath,h0hdaHPKDdI,1
@goffe2282,h0hdaHPKDdI,1
@grimus,h0hdaHPKDdI,1
@hizzly8127,h0hdaHPKDdI,1
@hunormenyhart,h0hdaHPKDdI,1
@ijutsu2438,h0hdaHPKDdI,1
@itsverygreen532,h0hdaHPKDdI,1
@jameshartley7794,h0hdaHPKDdI,1
@jamiefenner9443,h0hdaHPKDdI,1
@janemckay6979,h0hdaHPKDdI,1
@jasminjager,h0hdaHPKDdI,1
@jaydenrareproto,h0hdaHPKDdI,1
@jchampanzee8561,h0hdaHPKDdI,1
@jeepwran,h0hdaHPKDdI,1
@jimbo5603,h0hdaHPKDdI,2
@joemucchiello4542,h0hdaHPKDdI,1
@johncarlocaraan9331,h0hdaHPKDdI,1
@joho0,h0hdaHPKDdI,1
@koboglo6973,h0hdaHPKDdI,1
@krystianjarzenko4528,h0hdaHPKDdI,1
@leftg1631,h0hdaHPKDdI,1
@lemeshenko,h0hdaHPKDdI,1
@lucapignata-acc,h0hdaHPKDdI,1
@lucascurintcha1,h0hdaHPKDdI,1
@mariaelenarjlbarbieri,h0hdaHPKDdI,1
@markn1978,h0hdaHPKDdI,1
@matthewstott3493,h0hdaHPKDdI,1
@mdruk2003,h0hdaHPKDdI,1
@meelooxavier6502,h0hdaHPKDdI,4
@micahneveu4633,h0hdaHPKDdI,2
@michaellatta,h0hdaHPKDdI,1
@mikerodent3164,h0hdaHPKDdI,1
@mikeyytube00,h0hdaHPKDdI,1
@mkubista,h0hdaHPKDdI,1
@mujkocka,h0hdaHPKDdI,1
@nkbdl,h0hdaHPKDdI,1
@normbograham3,h0hdaHPKDdI,1
@obakatare,h0hdaHPKDdI,1
@octoBadger,h0hdaHPKDdI,1
@oneszeross,h0hdaHPKDdI,1
@openversity_ESHi,h0hdaHPKDdI,1
@pancreasdragonheart9765,h0hdaHPKDdI,1
@pavliv,h0hdaHPKDdI,1
@pekkoh75,h0hdaHPKDdI,1
@peterixxx,h0hdaHPKDdI,1
@pip25hu,h0hdaHPKDdI,1
@porterneon,h0hdaHPKDdI,1
@portugesesardine,h0hdaHPKDdI,1
@priolo22,h0hdaHPKDdI,1
@qrsimon,h0hdaHPKDdI,1
@ralfulrich6254,h0hdaHPKDdI,2
@raphaelreitzig5984,h0hdaHPKDdI,1
@rh4009,h0hdaHPKDdI,1
@rshaffer4444,h0hdaHPKDdI,1
@rubiteve,h0hdaHPKDdI,1
@schniekolay,h0hdaHPKDdI,1
@scott_itall8638,h0hdaHPKDdI,1
@slacker_DIY,h0hdaHPKDdI,1
@smokeythecat8967,h0hdaHPKDdI,1
@sonjoysengupto,h0hdaHPKDdI,1
@sorin86ytb,h0hdaHPKDdI,1
@ssokolow,h0hdaHPKDdI,1
@stenovitz,h0hdaHPKDdI,1
@supernsansa,h0hdaHPKDdI,2
@tamirbg2,h0hdaHPKDdI,1
@theelmonk,h0hdaHPKDdI,1
@theodoredelezene1533,h0hdaHPKDdI,1
@thephysicsphilosopher,h0hdaHPKDdI,1
@timoteejii,h0hdaHPKDdI,1
@tribble1,h0hdaHPKDdI,1
@typedef04,h0hdaHPKDdI,2
@ukaszlech4368,h0hdaHPKDdI,1
@ultrametric9317,h0hdaHPKDdI,1
@unskeptable,h0hdaHPKDdI,1
@user-sd8ob5yp7f,h0hdaHPKDdI,1
@username-mc7jw,h0hdaHPKDdI,1
@vadimshabanov1095,h0hdaHPKDdI,1
@visceralvids,h0hdaHPKDdI,1
@whateverwhenever8170,h0hdaHPKDdI,1
@wolfblaide,h0hdaHPKDdI,1
@yurikolovsky,h0hdaHPKDdI,1
@zbyszeks3657,h0hdaHPKDdI,1
@깡철-u1i,h0hdaHPKDdI,1
@AfterMidnightWork,hDOUzlJwM1E,1
@AlekseiGavrilov-s1z,hDOUzlJwM1E,1
@Alexcamillas,hDOUzlJwM1E,1
@AnshikaJainYT,hDOUzlJwM1E,1
@AntonioVasquez-p5s,hDOUzlJwM1E,1
@Axlg,hDOUzlJwM1E,1
@Axs179,hDOUzlJwM1E,1
@Blind_Minds,hDOUzlJwM1E,1
@BossChinburi,hDOUzlJwM1E,1
@BrandonLausser,hDOUzlJwM1E,1
@Catchthesehands,hDOUzlJwM1E,1
@ChatComparison-ai,hDOUzlJwM1E,1
@Dribbles88,hDOUzlJwM1E,1
@DustinPorchia,hDOUzlJwM1E,1
@Ezra-j2l3x,hDOUzlJwM1E,1
@GGT199,hDOUzlJwM1E,1
@Himanshu-l6c3i,hDOUzlJwM1E,1
@Hou-no,hDOUzlJwM1E,1
@Jonathasdesign,hDOUzlJwM1E,1
@MediaUnleashed,hDOUzlJwM1E,1
@Mkvkuv,hDOUzlJwM1E,2
@MotoMatsalleh,hDOUzlJwM1E,2
@PradeepKumar-ed4gl,hDOUzlJwM1E,1
@SaifAliKhan-rl1ol,hDOUzlJwM1E,1
@ShortBuzz101,hDOUzlJwM1E,1
@ShreyPatel,hDOUzlJwM1E,3
@YusufEbr,hDOUzlJwM1E,1
@YükselToprak-r9y,hDOUzlJwM1E,1
@ZZH511-b4h,hDOUzlJwM1E,1
@ZlatkoTestDerkoskiTest,hDOUzlJwM1E,1
@acch78i,hDOUzlJwM1E,1
@ahmedtthassan,hDOUzlJwM1E,1
@alewarte,hDOUzlJwM1E,1
@alisherzak,hDOUzlJwM1E,2
@antarus6338,hDOUzlJwM1E,1
@arrrghh,hDOUzlJwM1E,1
@bordacsbalazs6014,hDOUzlJwM1E,2
@chaseXchaos,hDOUzlJwM1E,1
@cristihp,hDOUzlJwM1E,1
@crypt0nubie111,hDOUzlJwM1E,1
@daniel_bartosiewicz,hDOUzlJwM1E,1
@ediranerikles9594,hDOUzlJwM1E,1
@egidiovidal,hDOUzlJwM1E,1
@entrepreneurweb3.019,hDOUzlJwM1E,1
@fatihilhan8495,hDOUzlJwM1E,1
@ferastwal,hDOUzlJwM1E,1
@fillz-333,hDOUzlJwM1E,1
@freedomring3022,hDOUzlJwM1E,1
@gaurav-ow9kj,hDOUzlJwM1E,1
@gt777p,hDOUzlJwM1E,1
@hirunguyen4522,hDOUzlJwM1E,1
@hoanganpv,hDOUzlJwM1E,1
@im_kc_justkc,hDOUzlJwM1E,1
@ing.anthony7097,hDOUzlJwM1E,1
@j4dyt,hDOUzlJwM1E,1
@jiminkim3690,hDOUzlJwM1E,1
@kbcash35,hDOUzlJwM1E,1
@keazyado,hDOUzlJwM1E,1
@kieranwhittemore1010,hDOUzlJwM1E,1
@killergo0s364,hDOUzlJwM1E,1
@lola_rose,hDOUzlJwM1E,1
@luca1243,hDOUzlJwM1E,1
@lukkash,hDOUzlJwM1E,2
@munnakuzino,hDOUzlJwM1E,1
@newjx,hDOUzlJwM1E,1
@niubige,hDOUzlJwM1E,1
@nxkyt,hDOUzlJwM1E,1
@rajeshjsl,hDOUzlJwM1E,1
@ramoncole6797,hDOUzlJwM1E,1
@ramylame,hDOUzlJwM1E,1
@rdhcreations,hDOUzlJwM1E,1
@ribbit-o9o,hDOUzlJwM1E,1
@rigocortez1837,hDOUzlJwM1E,1
@ro_ohitt,hDOUzlJwM1E,1
@rw9866,hDOUzlJwM1E,1
@t.b.3511,hDOUzlJwM1E,1
@tawshiquecreates,hDOUzlJwM1E,1
@thebicycleman8062,hDOUzlJwM1E,1
@tuts351,hDOUzlJwM1E,1
@vasillogashov4055,hDOUzlJwM1E,1
@ved_ituas,hDOUzlJwM1E,1
@viralshortvideos922,hDOUzlJwM1E,1
@weblogic7723,hDOUzlJwM1E,2
@will8115,hDOUzlJwM1E,1
@xaxetherion,hDOUzlJwM1E,1
@xshigjuku,hDOUzlJwM1E,1
@yangarang-1,hDOUzlJwM1E,1
@yonimak9701,hDOUzlJwM1E,1
@zarkkhah9160,hDOUzlJwM1E,1
@zdrux,hDOUzlJwM1E,1
@zmorphy,hDOUzlJwM1E,1
@АлександрШохнин-о9н,hDOUzlJwM1E,1
@ДенисКлимашин,hDOUzlJwM1E,1
@ОлегБарышев-э8м,hDOUzlJwM1E,1
@ЭллаСтародубец-к5з,hDOUzlJwM1E,1
@3113VN,howz8BKRUQM,1
@510f,howz8BKRUQM,1
@A1W0RLDSS,howz8BKRUQM,1
@AdesanyaPraise-o6b,howz8BKRUQM,1
@Ailogeneous,howz8BKRUQM,1
@Anonymously957,howz8BKRUQM,1
@BK2O198,howz8BKRUQM,1
@BardOfThothApollon,howz8BKRUQM,1
@BitFlip42,howz8BKRUQM,1
@Bobby-Bologna0451,howz8BKRUQM,1
@Bradleybus,howz8BKRUQM,1
@BroseidonTheMerman,howz8BKRUQM,7
@CarmenBelvoire,howz8BKRUQM,1
@CayoBuay,howz8BKRUQM,2
@Cognitoman,howz8BKRUQM,2
@CorporateData6,howz8BKRUQM,2
@DaddyWarCrimes78,howz8BKRUQM,1
@DarthVader11912,howz8BKRUQM,1
@DennisRudin,howz8BKRUQM,1
@DmitrySF,howz8BKRUQM,1
@DreamingAstro,howz8BKRUQM,2
@DropAndHook7574,howz8BKRUQM,1
@Eagle.355,howz8BKRUQM,1
@Ghio__123,howz8BKRUQM,1
@Gizmo-1337,howz8BKRUQM,1
@GoombaaGhost,howz8BKRUQM,1
@GregFirehawk,howz8BKRUQM,2
@Hawkeye-q4h,howz8BKRUQM,1
@Ianstark0071,howz8BKRUQM,1
@IronCook67,howz8BKRUQM,1
@JohnLinux-v4s,howz8BKRUQM,1
@Jollyprez,howz8BKRUQM,1
@Joshua-je6pg,howz8BKRUQM,1
@JuanCoto-l8y,howz8BKRUQM,1
@LeeK301,howz8BKRUQM,1
@Marco-dr2on,howz8BKRUQM,1
@MartinDlabaja,howz8BKRUQM,1
@Matt90541,howz8BKRUQM,1
@MatteBlackSilhouette,howz8BKRUQM,1
@MontyPython82,howz8BKRUQM,1
@MusicByJC,howz8BKRUQM,2
@NaveedAli-n5g,howz8BKRUQM,2
@Neon_Noir,howz8BKRUQM,1
@NogbouEmmanuelASSAMOI-ic8fl,howz8BKRUQM,1
@OM-ls9bb,howz8BKRUQM,1
@Rami_Zaki-k2b,howz8BKRUQM,1
@RedWaveComing2024,howz8BKRUQM,1
@RoeyPrat,howz8BKRUQM,1
@Rover-x2l,howz8BKRUQM,1
@SaranshV,howz8BKRUQM,1
@ScorchedEarthRevenge,howz8BKRUQM,1
@SkunkWorksEmpire,howz8BKRUQM,1
@Slashx92,howz8BKRUQM,1
@SomeRandom-x4k,howz8BKRUQM,1
@StuartLoria,howz8BKRUQM,1
@TheMachina42,howz8BKRUQM,1
@TheWebIsYourFriend,howz8BKRUQM,1
@TickleMeTner,howz8BKRUQM,2
@Tobsson,howz8BKRUQM,1
@Tyler500x,howz8BKRUQM,1
@Vekikev1,howz8BKRUQM,1
@VixtorValentin,howz8BKRUQM,1
@WIImotionmasher,howz8BKRUQM,2
@ZDL679,howz8BKRUQM,1
@ZephyrFox-y3k,howz8BKRUQM,1
@Zeraltz,howz8BKRUQM,1
@ZlatkoTestDerkoskiTest,howz8BKRUQM,1
@abhinavzar,howz8BKRUQM,1
@alessioandreoli2145,howz8BKRUQM,1
@alexaneals8194,howz8BKRUQM,1
@alexk20z3,howz8BKRUQM,1
@amitdhir,howz8BKRUQM,1
@amusEcode_,howz8BKRUQM,1
@andrewbrakey6214,howz8BKRUQM,5
@anonymous-42.1,howz8BKRUQM,1
@artmusic6937,howz8BKRUQM,1
@asyncasync,howz8BKRUQM,1
@attackhelicopter588,howz8BKRUQM,1
@based_rabbit,howz8BKRUQM,1
@bestevaer1977,howz8BKRUQM,1
@blackhole1376,howz8BKRUQM,1
@bloonfarmer3657,howz8BKRUQM,1
@boodaddytvs,howz8BKRUQM,1
@brewnotbombs_5097,howz8BKRUQM,1
@caksocker,howz8BKRUQM,2
@chillycaty,howz8BKRUQM,1
@chn1971-1,howz8BKRUQM,1
@corygrewohl8180,howz8BKRUQM,1
@cowboydiver87-z6m,howz8BKRUQM,1
@creative_cooper,howz8BKRUQM,1
@dalvetc,howz8BKRUQM,1
@daudimwenyewe7372,howz8BKRUQM,1
@deondupreez4713,howz8BKRUQM,1
@derHodrig,howz8BKRUQM,1
@dougsholly9323,howz8BKRUQM,14
@draftsbysydalt,howz8BKRUQM,1
@emnz1003,howz8BKRUQM,1
@everydayfanclips,howz8BKRUQM,1
@first275,howz8BKRUQM,1
@freshouttathebag7725,howz8BKRUQM,1
@frrgretge43,howz8BKRUQM,1
@furikakez,howz8BKRUQM,3
@gamedesign007,howz8BKRUQM,1
@gamingsnake1769,howz8BKRUQM,1
@goatinginmountains,howz8BKRUQM,2
@gouthambolt,howz8BKRUQM,1
@hacksawhackmann,howz8BKRUQM,1
@hanibachi5228,howz8BKRUQM,1
@iii-ei5cv,howz8BKRUQM,1
@itsteelworks,howz8BKRUQM,1
@ivanjezakonful,howz8BKRUQM,1
@jacksonsingleton,howz8BKRUQM,1
@jakehadley4044,howz8BKRUQM,1
@jameskim2007,howz8BKRUQM,1
@jan8382,howz8BKRUQM,1
@jayesh117,howz8BKRUQM,1
@jenstornell,howz8BKRUQM,1
@jessr1698,howz8BKRUQM,1
@jfdev01,howz8BKRUQM,1
@jl_117,howz8BKRUQM,1
@jr-yn4lk,howz8BKRUQM,1
@kevdawgsports7503,howz8BKRUQM,1
@kevinbtube,howz8BKRUQM,1
@kolavithonduraski5031,howz8BKRUQM,2
@koshvorlondk,howz8BKRUQM,2
@lnplum,howz8BKRUQM,1
@magen6233,howz8BKRUQM,1
@makingstuffinhere,howz8BKRUQM,1
@medical-informatics,howz8BKRUQM,1
@mgusa9372,howz8BKRUQM,1
@minecraftfan23446,howz8BKRUQM,1
@mjcodesdaily,howz8BKRUQM,1
@mohamedabdul633,howz8BKRUQM,1
@oestian,howz8BKRUQM,1
@orepstein,howz8BKRUQM,1
@phatfly1,howz8BKRUQM,1
@pif5023,howz8BKRUQM,1
@polemodx1,howz8BKRUQM,1
@possiblyhuman3,howz8BKRUQM,1
@praneetsinghbutran6925,howz8BKRUQM,1
@pyroghost11,howz8BKRUQM,1
@regneratillo9115,howz8BKRUQM,1
@rein556,howz8BKRUQM,1
@relebohilemotsau7112,howz8BKRUQM,1
@rhettharrison3631,howz8BKRUQM,1
@rmbl349,howz8BKRUQM,1
@robertattaway7866,howz8BKRUQM,1
@saf271828,howz8BKRUQM,1
@samwise.builds31,howz8BKRUQM,1
@saurav1096,howz8BKRUQM,1
@schrodingerscat1863,howz8BKRUQM,1
@shibii,howz8BKRUQM,1
@siphamandlambokazi331,howz8BKRUQM,1
@softwave4483,howz8BKRUQM,1
@somedude9987,howz8BKRUQM,1
@summteach,howz8BKRUQM,1
@sveniro8996,howz8BKRUQM,1
@takenzo2406,howz8BKRUQM,1
@techwingmanage,howz8BKRUQM,1
@temiz81,howz8BKRUQM,1
@th3pr01234,howz8BKRUQM,1
@theanswer1993,howz8BKRUQM,2
@thelaughingmanofficial,howz8BKRUQM,5
@theprogressivemichigander6588,howz8BKRUQM,1
@theteob689,howz8BKRUQM,3
@tomasslavik1119,howz8BKRUQM,1
@valizeth4073,howz8BKRUQM,1
@vieura,howz8BKRUQM,2
@viewerone,howz8BKRUQM,1
@vijayakabajo,howz8BKRUQM,1
@vilenius187,howz8BKRUQM,1
@vince77Z,howz8BKRUQM,1
@yechielb,howz8BKRUQM,1
@yiyoascen,howz8BKRUQM,2
@zfold4702,howz8BKRUQM,4
@zlatkoflash,howz8BKRUQM,1
@zvxcvxcz,howz8BKRUQM,4
@zyzopath,howz8BKRUQM,1
@ジャネズ,howz8BKRUQM,6
@AbhayGhosh-l5p,iLCDSY2XX7E,1
@AbubakaliSozigwa,iLCDSY2XX7E,1
@AjayKumar-j9w9w,iLCDSY2XX7E,1
@AliHasson-l5f,iLCDSY2XX7E,1
@AllieZhao,iLCDSY2XX7E,1
@AndrewJLee1,iLCDSY2XX7E,1
@Anulaxmi45,iLCDSY2XX7E,1
@AppBuilderPro97,iLCDSY2XX7E,1
@Arcticroberto9376,iLCDSY2XX7E,1
@ArcturianPrince,iLCDSY2XX7E,2
@ArishMalik-e6o,iLCDSY2XX7E,1
@ArmyLover-tc1bs,iLCDSY2XX7E,1
@AskMyTuto,iLCDSY2XX7E,1
@AyatHoseiniusa,iLCDSY2XX7E,1
@BenSha0x,iLCDSY2XX7E,1
@BenjaminJabik,iLCDSY2XX7E,4
@BertaBrito-m9r,iLCDSY2XX7E,1
@BibhashRoy-s4g,iLCDSY2XX7E,1
@BitanyaDemissie-fd5mt,iLCDSY2XX7E,1
@Boring-Opinion-8864,iLCDSY2XX7E,1
@Carlos-y9q9b,iLCDSY2XX7E,1
@ChrisNolan-w4d,iLCDSY2XX7E,1
@Claire022-w1n,iLCDSY2XX7E,1
@DAI-AIII,iLCDSY2XX7E,1
@Daloriginal,iLCDSY2XX7E,1
@DaviTik-d4g,iLCDSY2XX7E,1
@Defender2101,iLCDSY2XX7E,1
@Desai_Janvi,iLCDSY2XX7E,1
@DevEhsan,iLCDSY2XX7E,1
@Divinekingdom06,iLCDSY2XX7E,1
@DonGillies-b3u,iLCDSY2XX7E,1
@Dscanvas,iLCDSY2XX7E,1
@DurgeshChauhan-m7p,iLCDSY2XX7E,1
@FrostsorrowGaming,iLCDSY2XX7E,1
@GizMo-p4w,iLCDSY2XX7E,1
@HLfromZ2,iLCDSY2XX7E,1
@HPorterfield,iLCDSY2XX7E,1
@HdhfcxBFGdcccx,iLCDSY2XX7E,1
@HonestGuy-gh9yn,iLCDSY2XX7E,1
@IsTheUnknown,iLCDSY2XX7E,1
@Janet-j7n,iLCDSY2XX7E,1
@JessifurC,iLCDSY2XX7E,1
@Jhcriket,iLCDSY2XX7E,1
@JinaDonald,iLCDSY2XX7E,1
@JorgeMarcosDeCarvalho-n4d,iLCDSY2XX7E,1
@Karl-BarnimReincke-x7g,iLCDSY2XX7E,1
@KennedyPerez-j1b,iLCDSY2XX7E,1
@LaceySJDarwin,iLCDSY2XX7E,1
@LaxmanKumar-j8x,iLCDSY2XX7E,1
@MarisaCorreia-it6pb,iLCDSY2XX7E,1
@MarkoTrapani,iLCDSY2XX7E,1
@MdShopon-l2n,iLCDSY2XX7E,1
@MetaMorphosis3D,iLCDSY2XX7E,2
@MildredAlvarezz,iLCDSY2XX7E,1
@MogdadMogdad-d9w,iLCDSY2XX7E,1
@MohumiRamafalo,iLCDSY2XX7E,1
@MosaddekMondal-s8b1o,iLCDSY2XX7E,1
@MrCatFromOuterSpace,iLCDSY2XX7E,1
@NEPALITUTORIAL4219,iLCDSY2XX7E,1
@NargaKuruga,iLCDSY2XX7E,1
@NijirvanSido,iLCDSY2XX7E,1
@NizarNoraldeen,iLCDSY2XX7E,1
@OshadaAdithya-bs3up,iLCDSY2XX7E,1
@Professional360Zone,iLCDSY2XX7E,1
@Ps_VIP1999,iLCDSY2XX7E,1
@RaisaIslam-v8n,iLCDSY2XX7E,1
@RajuNikalje-y7g,iLCDSY2XX7E,1
@RayhanShorif-z7z,iLCDSY2XX7E,1
@RichardJucewicz,iLCDSY2XX7E,1
@Rk_aman_100k,iLCDSY2XX7E,1
@Rumblefiah,iLCDSY2XX7E,1
@SOLLUNA-b9y,iLCDSY2XX7E,3
@SadiEila-v3k,iLCDSY2XX7E,1
@Sady.builds,iLCDSY2XX7E,1
@SakaSimon-n9c,iLCDSY2XX7E,1
@SanamKumar-g5x,iLCDSY2XX7E,1
@SangamChy-b8p,iLCDSY2XX7E,1
@ShaadNaqvi-z6f,iLCDSY2XX7E,1
@SunitaTimsina-n2n,iLCDSY2XX7E,1
@TeXasCaNoN,iLCDSY2XX7E,1
@Teja-h6w,iLCDSY2XX7E,1
@The-United_States-of-Americah,iLCDSY2XX7E,1
@TinaHuang1,iLCDSY2XX7E,1
@TrEndFeVeR22,iLCDSY2XX7E,1
@TylerMcNamer,iLCDSY2XX7E,1
@UsmanJana-g7k,iLCDSY2XX7E,1
@VasavaKamleshKavitha,iLCDSY2XX7E,1
@VeronikaFrank-m7c,iLCDSY2XX7E,1
@VioletRunyararoMudheredhe,iLCDSY2XX7E,1
@YaneisyPerezCateura,iLCDSY2XX7E,1
@ZiggieReviews,iLCDSY2XX7E,1
@abdulrahmansulaimaninuwa4846,iLCDSY2XX7E,1
@alekseydev,iLCDSY2XX7E,1
@ananyakamra4070,iLCDSY2XX7E,1
@aniruddharokade7750,iLCDSY2XX7E,1
@antongunasingam9426,iLCDSY2XX7E,1
@ashfaqashfuu,iLCDSY2XX7E,1
@askaristejano9564,iLCDSY2XX7E,1
@bashirbhai5063,iLCDSY2XX7E,1
@bluntly3963,iLCDSY2XX7E,1
@buildwithjhyrom,iLCDSY2XX7E,1
@byteseq,iLCDSY2XX7E,1
@cdunsford,iLCDSY2XX7E,1
@computernerd8157,iLCDSY2XX7E,1
@damnpirate1259,iLCDSY2XX7E,1
@dasharathivlogs1327,iLCDSY2XX7E,1
@davidlloyd5656,iLCDSY2XX7E,1
@dawitmucheMD,iLCDSY2XX7E,1
@dharmikmoradiya-e8j,iLCDSY2XX7E,1
@dylanpintado566,iLCDSY2XX7E,1
@falconheavy595,iLCDSY2XX7E,1
@fatematulkhadiza1,iLCDSY2XX7E,1
@fredericocorrea9814,iLCDSY2XX7E,1
@geoffreyarthur3333,iLCDSY2XX7E,1
@god-G10,iLCDSY2XX7E,1
@gourbar5755,iLCDSY2XX7E,1
@hacrrrr1038,iLCDSY2XX7E,1
@hassnkadour841,iLCDSY2XX7E,1
@hoodhunter3262,iLCDSY2XX7E,1
@iSaidwhatisaid2you,iLCDSY2XX7E,1
@iam.master.control,iLCDSY2XX7E,1
@iamOFFtheAIR,iLCDSY2XX7E,1
@immortalinside,iLCDSY2XX7E,1
@insanelypositive,iLCDSY2XX7E,1
@instabuii,iLCDSY2XX7E,1
@jeanuthomas1286,iLCDSY2XX7E,1
@jennyebuiza5173,iLCDSY2XX7E,1
@jeramiahseidl7619,iLCDSY2XX7E,1
@johanndirry,iLCDSY2XX7E,1
@joshola-r7p,iLCDSY2XX7E,1
@josurke,iLCDSY2XX7E,1
@jsegor,iLCDSY2XX7E,1
@kakashihataki-s8o,iLCDSY2XX7E,1
@katelynmudry2425,iLCDSY2XX7E,1
@kristala-k8e,iLCDSY2XX7E,1
@lavida_onchain,iLCDSY2XX7E,1
@llamaSHORTS1,iLCDSY2XX7E,1
@mahavir17_,iLCDSY2XX7E,1
@maokakreative,iLCDSY2XX7E,1
@marcuskelly7836,iLCDSY2XX7E,1
@micheletoscano1273,iLCDSY2XX7E,1
@mjjanni5605,iLCDSY2XX7E,1
@mohamadmohamad-z6z3n,iLCDSY2XX7E,1
@mohammadirshad2409,iLCDSY2XX7E,1
@morningstar3741,iLCDSY2XX7E,1
@mugunthanbaalaji7532,iLCDSY2XX7E,1
@mynameiscorenhel,iLCDSY2XX7E,1
@mystifyingdude,iLCDSY2XX7E,1
@neVessential,iLCDSY2XX7E,1
@nexgenstemschool,iLCDSY2XX7E,1
@nikhiltaak2698,iLCDSY2XX7E,1
@nilfux,iLCDSY2XX7E,1
@noctuss86,iLCDSY2XX7E,1
@odai.aklofi,iLCDSY2XX7E,1
@olusanyaolamide9764,iLCDSY2XX7E,1
@omark8379,iLCDSY2XX7E,1
@onlypotato2,iLCDSY2XX7E,1
@ouznali-s1u,iLCDSY2XX7E,1
@paulinecedo9836,iLCDSY2XX7E,1
@pete-ex7qt,iLCDSY2XX7E,1
@pushtytv,iLCDSY2XX7E,1
@qasimsiddiqui201,iLCDSY2XX7E,1
@rafageist,iLCDSY2XX7E,1
@ringi1123,iLCDSY2XX7E,1
@rjwije4874,iLCDSY2XX7E,1
@ryanwei7182,iLCDSY2XX7E,1
@s.m.4198,iLCDSY2XX7E,1
@sakeynii,iLCDSY2XX7E,1
@sirinongorur5676,iLCDSY2XX7E,1
@skulves9677,iLCDSY2XX7E,1
@smzxi,iLCDSY2XX7E,1
@starshayar09,iLCDSY2XX7E,1
@sunilgurjar-xk1ic,iLCDSY2XX7E,1
@sunsant,iLCDSY2XX7E,1
@surafelakal,iLCDSY2XX7E,1
@surajitdutta2823,iLCDSY2XX7E,1
@surmaishukla5958,iLCDSY2XX7E,1
@tallkenchit.7219,iLCDSY2XX7E,1
@tamimahmedtusar,iLCDSY2XX7E,1
@tbadj649,iLCDSY2XX7E,2
@tesb7040,iLCDSY2XX7E,1
@tojonirinafenoarimanana8714,iLCDSY2XX7E,1
@twentyonce831,iLCDSY2XX7E,1
@usamakabir5193,iLCDSY2XX7E,4
@volmarrwyrd,iLCDSY2XX7E,1
@webnet9285,iLCDSY2XX7E,1
@wysejp,iLCDSY2XX7E,1
@xXxXHitmanXxXx,iLCDSY2XX7E,1
@xbxb,iLCDSY2XX7E,1
@xxzerog2xx,iLCDSY2XX7E,1
@yeabsiramussie1501,iLCDSY2XX7E,1
@yohbhbvhhv5588,iLCDSY2XX7E,1
@yolanday9200,iLCDSY2XX7E,1
@احمداطراش-ل9ض,iLCDSY2XX7E,1
@بيداءعبدالكريم-ث4ي,iLCDSY2XX7E,1
@حيدرالبركان,iLCDSY2XX7E,1
@صقرحلب-د2ث,iLCDSY2XX7E,1
@عليحاجعلي-ي1ل,iLCDSY2XX7E,1
@ليانالبياتي-ع7ك,iLCDSY2XX7E,1
@مصطفي.الشاذلي.م,iLCDSY2XX7E,1
@शैलेषबामनिया-य6ङ,iLCDSY2XX7E,1
@1337kaas,iRJZIdiu_yM,1
@AlexGordon-j6u,iRJZIdiu_yM,1
@AlphaLukTutoriály,iRJZIdiu_yM,1
@GijsDeMunck,iRJZIdiu_yM,1
@MaurkezBeats,iRJZIdiu_yM,1
@Nunya45036,iRJZIdiu_yM,1
@OptaIgin,iRJZIdiu_yM,1
@RIASGREMMORY225,iRJZIdiu_yM,1
@Rin-lb7bu,iRJZIdiu_yM,1
@SajeelurRehman-b7k,iRJZIdiu_yM,1
@Shubham-et8qk,iRJZIdiu_yM,1
@TuningLunaWjx,iRJZIdiu_yM,1
@TwistedRS,iRJZIdiu_yM,1
@XBEAST666-X,iRJZIdiu_yM,6
@fvbson,iRJZIdiu_yM,1
@heartrippersenpai,iRJZIdiu_yM,1
@mohamadmosally8440,iRJZIdiu_yM,1
@mrCrashCube,iRJZIdiu_yM,1
@mr_kaipulla_28,iRJZIdiu_yM,1
@narayannaik9041,iRJZIdiu_yM,1
@owenrossikeen,iRJZIdiu_yM,1
@real_socrates_not_fake,iRJZIdiu_yM,1
@samimm17,iRJZIdiu_yM,1
@sanjay_deoram,iRJZIdiu_yM,1
@snaphaan5049,iRJZIdiu_yM,1
@w3ryfrate535,iRJZIdiu_yM,2
@yasin5603,iRJZIdiu_yM,1
@zome59,iRJZIdiu_yM,1
@Ρ.Ε.Κ.Κ.Α,iRJZIdiu_yM,1
@56DaveBramley,i_yXrxUwbdE,1
@AIJerkyBytes,i_yXrxUwbdE,1
@Aladdin_Amazing,i_yXrxUwbdE,1
@AliEskandari-x2i,i_yXrxUwbdE,1
@Amelia-ns8xj,i_yXrxUwbdE,1
@Anonymous-he3pi,i_yXrxUwbdE,1
@BERIALWIGLAF,i_yXrxUwbdE,1
@Ben-w4u6n,i_yXrxUwbdE,1
@BenLiisinHongKong,i_yXrxUwbdE,1
@BuhuNganba,i_yXrxUwbdE,1
@Bunni6006,i_yXrxUwbdE,1
@Coolkegcomputer,i_yXrxUwbdE,1
@DavidVicenteLopesPaulino,i_yXrxUwbdE,1
@Donnirononon,i_yXrxUwbdE,1
@Golgibaby,i_yXrxUwbdE,1
@Greg_M1,i_yXrxUwbdE,1
@H.ILLUSTR8S,i_yXrxUwbdE,3
@HerrTiSo,i_yXrxUwbdE,1
@InPursuitOfCuriosity,i_yXrxUwbdE,1
@InsightfulUndercurrents,i_yXrxUwbdE,2
@J_Machine,i_yXrxUwbdE,2
@JellyFinch,i_yXrxUwbdE,2
@JuniorAlphonse-t4m,i_yXrxUwbdE,1
@Junkyard_Cybertruck,i_yXrxUwbdE,1
@Kalleskaviarriddare,i_yXrxUwbdE,1
@LaceyHayward,i_yXrxUwbdE,1
@LeonX00X,i_yXrxUwbdE,1
@MYTENGRIWAY,i_yXrxUwbdE,1
@MarioBrosJediKnightXD,i_yXrxUwbdE,1
@MatéDrinker,i_yXrxUwbdE,1
@MomoTrader809,i_yXrxUwbdE,2
@MrtrenchTrucker,i_yXrxUwbdE,1
@Nalters,i_yXrxUwbdE,1
@Nick-yv1rm,i_yXrxUwbdE,1
@NickArcade,i_yXrxUwbdE,1
@Nicolas-os8in,i_yXrxUwbdE,1
@OneAtFaultMedia,i_yXrxUwbdE,1
@OrizonMeows,i_yXrxUwbdE,1
@RS-303,i_yXrxUwbdE,1
@Rainer_Landes,i_yXrxUwbdE,2
@RajevskVonNevski-c2q,i_yXrxUwbdE,1
@Revolutarian,i_yXrxUwbdE,1
@SardonixYZ,i_yXrxUwbdE,1
@Sarvam-q1d,i_yXrxUwbdE,1
@SeaDevils,i_yXrxUwbdE,1
@SergKhrypun,i_yXrxUwbdE,1
@TheUnderblack,i_yXrxUwbdE,1
@TyrianDunaédine,i_yXrxUwbdE,1
@Vikoboi,i_yXrxUwbdE,1
@Viv-id9fr,i_yXrxUwbdE,1
@WickdPerfekT,i_yXrxUwbdE,1
@WilsonFChannel,i_yXrxUwbdE,1
@WorldRecordRapper,i_yXrxUwbdE,1
@ahmo4781,i_yXrxUwbdE,1
@aijeong7684,i_yXrxUwbdE,1
@alexkaa,i_yXrxUwbdE,3
@asasoo22,i_yXrxUwbdE,1
@azizakhmedov3516,i_yXrxUwbdE,2
@baconberries8097,i_yXrxUwbdE,1
@cherylj7460,i_yXrxUwbdE,1
@christcombiccombichrist2651,i_yXrxUwbdE,1
@conciseyoga,i_yXrxUwbdE,1
@concordiart,i_yXrxUwbdE,1
@daryo_m,i_yXrxUwbdE,1
@daviddivad777,i_yXrxUwbdE,2
@dbds7292,i_yXrxUwbdE,1
@delibedriful,i_yXrxUwbdE,1
@elvfn123,i_yXrxUwbdE,1
@emansipassion,i_yXrxUwbdE,1
@genin69,i_yXrxUwbdE,1
@gentlycz,i_yXrxUwbdE,1
@giantslayerclub,i_yXrxUwbdE,1
@goodvibesonlyx,i_yXrxUwbdE,1
@griffinpeter84,i_yXrxUwbdE,1
@hannah51238,i_yXrxUwbdE,1
@hassansong7630,i_yXrxUwbdE,2
@heejinsmole,i_yXrxUwbdE,1
@ice7mayu,i_yXrxUwbdE,1
@independentcreatoracademy,i_yXrxUwbdE,2
@insanecuckooman8342,i_yXrxUwbdE,1
@itstarci,i_yXrxUwbdE,1
@izensplash.,i_yXrxUwbdE,1
@jarofclay762,i_yXrxUwbdE,1
@jaskiratsingh3302,i_yXrxUwbdE,2
@joasama9763,i_yXrxUwbdE,1
@johannes579,i_yXrxUwbdE,2
@johnathanvargas5594,i_yXrxUwbdE,1
@juanbenavidesj,i_yXrxUwbdE,1
@kareemyoussef2304,i_yXrxUwbdE,1
@kashulovesmusic3139,i_yXrxUwbdE,1
@krenn08,i_yXrxUwbdE,1
@mansoor3159,i_yXrxUwbdE,1
@matthewlean9367,i_yXrxUwbdE,1
@maynnemillares,i_yXrxUwbdE,1
@mbes3,i_yXrxUwbdE,1
@merlinssearch,i_yXrxUwbdE,1
@mikaeljaderberg6147,i_yXrxUwbdE,1
@muadusa8014,i_yXrxUwbdE,1
@noamkred,i_yXrxUwbdE,1
@ogworker72,i_yXrxUwbdE,1
@omark999,i_yXrxUwbdE,1
@paolosavino22,i_yXrxUwbdE,1
@peachyjumpy,i_yXrxUwbdE,1
@phavixeysayavong2789,i_yXrxUwbdE,1
@phen-themoogle7651,i_yXrxUwbdE,2
@princeandshorts,i_yXrxUwbdE,1
@ravshanravshan981,i_yXrxUwbdE,1
@robm435,i_yXrxUwbdE,1
@rudezworld4560,i_yXrxUwbdE,1
@ruriohama,i_yXrxUwbdE,9
@safiire,i_yXrxUwbdE,1
@sayedhossainkingdom,i_yXrxUwbdE,1
@scalpinglordFaze,i_yXrxUwbdE,1
@solidus2360,i_yXrxUwbdE,1
@soundscape26,i_yXrxUwbdE,2
@specialofficerdoofus9297,i_yXrxUwbdE,1
@stooge3126,i_yXrxUwbdE,1
@thorstendiederichs4398,i_yXrxUwbdE,1
@totaldailypay,i_yXrxUwbdE,1
@tranceadict11,i_yXrxUwbdE,1
@uiaura,i_yXrxUwbdE,1
@userbunny,i_yXrxUwbdE,1
@videshpa,i_yXrxUwbdE,1
@xjaguar92,i_yXrxUwbdE,3
@yalandanposta5190,i_yXrxUwbdE,1
@yan_dj,i_yXrxUwbdE,1
@zyrotv_com,i_yXrxUwbdE,1
@ぽーいず,i_yXrxUwbdE,1
@最強のキャタピー使い,i_yXrxUwbdE,1
@Andrey-xv9fl,ikIosF_iiz4,1
@LuckyDjaya-f8i,ikIosF_iiz4,1
@RZRRR1337,ikIosF_iiz4,1
@draft-ietf-pkix-rfc3280bis,ikIosF_iiz4,1
@slushytheslush8347,ikIosF_iiz4,1
@AashiKaria,j7d5rs0iMlE,1
@AlifKhan-g9z,j7d5rs0iMlE,1
@AminaBasiru-r2s,j7d5rs0iMlE,1
@ComexVisigoths,j7d5rs0iMlE,1
@Eddy_Matrix,j7d5rs0iMlE,1
@Emanon04,j7d5rs0iMlE,1
@Hard-Won-Ignorance,j7d5rs0iMlE,1
@ItsAtomFit,j7d5rs0iMlE,1
@LeakingShip,j7d5rs0iMlE,1
@Michael_Valen,j7d5rs0iMlE,1
@MuhammadShehroz-ty4bq,j7d5rs0iMlE,1
@Onkeldoc1234,j7d5rs0iMlE,1
@Ozan-i3y,j7d5rs0iMlE,1
@PaulSolt,j7d5rs0iMlE,2
@RationalAUS,j7d5rs0iMlE,1
@ShahmeerMostafa,j7d5rs0iMlE,1
@aar021,j7d5rs0iMlE,1
@adityabhattacharyya6811,j7d5rs0iMlE,1
@aniketapanjwani,j7d5rs0iMlE,36
@avian6051,j7d5rs0iMlE,1
@cmd-space,j7d5rs0iMlE,1
@erkanduman-f4q,j7d5rs0iMlE,1
@gantulgaganzorig251,j7d5rs0iMlE,1
@hugodessomme8188,j7d5rs0iMlE,1
@jdepew,j7d5rs0iMlE,1
@joshtasoff1175,j7d5rs0iMlE,1
@lucyn.7501,j7d5rs0iMlE,1
@maca8888,j7d5rs0iMlE,2
@mettaxaman,j7d5rs0iMlE,2
@michaelwells6075,j7d5rs0iMlE,1
@omer8418,j7d5rs0iMlE,1
@onebluestone,j7d5rs0iMlE,1
@pavelfilippov8116,j7d5rs0iMlE,1
@pencarirupiah2858,j7d5rs0iMlE,1
@phylosophymusic4865,j7d5rs0iMlE,1
@quickbeam1,j7d5rs0iMlE,1
@rishismsm,j7d5rs0iMlE,2
@rojinnnnnnnnn,j7d5rs0iMlE,1
@samplesd3656,j7d5rs0iMlE,1
@theresaelliott1784,j7d5rs0iMlE,1
@tomasgil2533,j7d5rs0iMlE,1
@tomimartins9208,j7d5rs0iMlE,1
@viacheslavivakin8298,j7d5rs0iMlE,1
@yosivin1,j7d5rs0iMlE,2
@ywueeee,j7d5rs0iMlE,3
@2099EK,jXp5D5ZnxGM,1
@2pac2pac2pac,jXp5D5ZnxGM,1
@AdalbertoCaccia,jXp5D5ZnxGM,1
@AdamsTaiwan,jXp5D5ZnxGM,1
@AhmetKizilay0,jXp5D5ZnxGM,1
@AlexandreDias18,jXp5D5ZnxGM,1
@AllisonBernard_RI,jXp5D5ZnxGM,1
@Andy_B.,jXp5D5ZnxGM,1
@AwaisAli-bb7rk,jXp5D5ZnxGM,1
@CaseyHendley,jXp5D5ZnxGM,1
@Cbulaki,jXp5D5ZnxGM,1
@Charles.5277,jXp5D5ZnxGM,1
@CodeAsm,jXp5D5ZnxGM,1
@ColossalTrend,jXp5D5ZnxGM,1
@DD-coder,jXp5D5ZnxGM,1
@DanFrederiksen,jXp5D5ZnxGM,1
@DarioDAversa,jXp5D5ZnxGM,1
@DmitriZaitsev,jXp5D5ZnxGM,1
@FerjanaMousomi,jXp5D5ZnxGM,1
@GB-nn2cx,jXp5D5ZnxGM,1
@GOODBOY-vt1cf,jXp5D5ZnxGM,1
@GabenGiveaways,jXp5D5ZnxGM,1
@GypsyPaz,jXp5D5ZnxGM,1
@Hobnockers,jXp5D5ZnxGM,1
@IliyaDamyanov,jXp5D5ZnxGM,1
@Indrius,jXp5D5ZnxGM,1
@Kayzewolf,jXp5D5ZnxGM,1
@Lukas_H-z1x,jXp5D5ZnxGM,1
@MPee76,jXp5D5ZnxGM,1
@MarkJones-bc5vx,jXp5D5ZnxGM,1
@MrNareshProMax,jXp5D5ZnxGM,1
@Naej7,jXp5D5ZnxGM,4
@NotHuman-bc1cc,jXp5D5ZnxGM,2
@RohanRaj-h6i,jXp5D5ZnxGM,2
@SigmaScorpion,jXp5D5ZnxGM,1
@TamilSelvanB-u4q,jXp5D5ZnxGM,1
@TheMelo1993,jXp5D5ZnxGM,1
@Tzalive,jXp5D5ZnxGM,1
@VishGuru01,jXp5D5ZnxGM,1
@Wastl42,jXp5D5ZnxGM,1
@Wulan_Purnomo,jXp5D5ZnxGM,1
@XinhuiZENG,jXp5D5ZnxGM,1
@aar021,jXp5D5ZnxGM,1
@adibmohamed8356,jXp5D5ZnxGM,1
@adiorthotos,jXp5D5ZnxGM,1
@adrielomalley,jXp5D5ZnxGM,1
@akashbarot9299,jXp5D5ZnxGM,1
@aleksas9388,jXp5D5ZnxGM,1
@alsacs3635,jXp5D5ZnxGM,1
@andrez76,jXp5D5ZnxGM,1
@aquaprofile,jXp5D5ZnxGM,1
@ardenttechie,jXp5D5ZnxGM,1
@arijanrahimic3210,jXp5D5ZnxGM,1
@artemis_russo,jXp5D5ZnxGM,1
@ashikeron9975,jXp5D5ZnxGM,1
@basinxrandomstuff7264,jXp5D5ZnxGM,1
@bdjfbjvcrbxbx5560,jXp5D5ZnxGM,1
@beuzbeuz-dq4vy,jXp5D5ZnxGM,1
@cedmixon2993,jXp5D5ZnxGM,1
@charlietunaable,jXp5D5ZnxGM,1
@chitomi,jXp5D5ZnxGM,1
@code,jXp5D5ZnxGM,7
@coopernik,jXp5D5ZnxGM,2
@cornsalad14,jXp5D5ZnxGM,1
@creativehacksolutions,jXp5D5ZnxGM,2
@cringebunny5886,jXp5D5ZnxGM,2
@cyclone760,jXp5D5ZnxGM,1
@dangtin277,jXp5D5ZnxGM,1
@davevernon99,jXp5D5ZnxGM,1
@devangborkar5652,jXp5D5ZnxGM,1
@devgatling,jXp5D5ZnxGM,1
@devlim,jXp5D5ZnxGM,1
@diegoj4382,jXp5D5ZnxGM,2
@dreamsfloatjoe,jXp5D5ZnxGM,1
@dyarawilliams,jXp5D5ZnxGM,1
@earthskysea1111,jXp5D5ZnxGM,1
@ebk_west,jXp5D5ZnxGM,1
@fengz-x7z,jXp5D5ZnxGM,1
@firstlast-ty4di,jXp5D5ZnxGM,1
@ghostkee5031,jXp5D5ZnxGM,1
@haha-eg8fj,jXp5D5ZnxGM,1
@hecktorzr,jXp5D5ZnxGM,1
@intellect.dev5,jXp5D5ZnxGM,1
@jamesmor5305,jXp5D5ZnxGM,1
@jchanning72,jXp5D5ZnxGM,1
@jered1,jXp5D5ZnxGM,1
@jmonge1,jXp5D5ZnxGM,1
@kenniealbritton6390,jXp5D5ZnxGM,1
@keshavgupta4807,jXp5D5ZnxGM,1
@kiesun,jXp5D5ZnxGM,1
@kmunson007,jXp5D5ZnxGM,1
@kp_kovilakam,jXp5D5ZnxGM,1
@kryptorick5120,jXp5D5ZnxGM,1
@kushtrims01,jXp5D5ZnxGM,1
@leshiq4214,jXp5D5ZnxGM,1
@litojose22,jXp5D5ZnxGM,1
@lordiblees,jXp5D5ZnxGM,1
@majorgear1021,jXp5D5ZnxGM,1
@maneshipocrates,jXp5D5ZnxGM,1
@marcalbrecht6518,jXp5D5ZnxGM,1
@martapfahl940,jXp5D5ZnxGM,1
@maurod.asuajeg.73,jXp5D5ZnxGM,1
@moxopixel,jXp5D5ZnxGM,1
@nahomtewelde7400,jXp5D5ZnxGM,1
@neilm9400,jXp5D5ZnxGM,1
@nicholasferreira451,jXp5D5ZnxGM,1
@nomoredarts42,jXp5D5ZnxGM,1
@notasandworm,jXp5D5ZnxGM,2
@one_step_sideways,jXp5D5ZnxGM,1
@parasight,jXp5D5ZnxGM,1
@pedromota987,jXp5D5ZnxGM,1
@planetawesome8791,jXp5D5ZnxGM,1
@prashantghewari3018,jXp5D5ZnxGM,1
@robertf57,jXp5D5ZnxGM,1
@robl39,jXp5D5ZnxGM,1
@s_madhan623,jXp5D5ZnxGM,1
@sachinmogha5168,jXp5D5ZnxGM,1
@sanjeevsethi6330,jXp5D5ZnxGM,1
@sirkato7751,jXp5D5ZnxGM,1
@sivajinandimandalam6329,jXp5D5ZnxGM,1
@skystar3,jXp5D5ZnxGM,1
@sonuchiha1834,jXp5D5ZnxGM,1
@soubhagyak3061,jXp5D5ZnxGM,1
@starshiptexas,jXp5D5ZnxGM,1
@syntaxsavvy2708,jXp5D5ZnxGM,1
@techtransformers7464,jXp5D5ZnxGM,1
@testexamchannel5542,jXp5D5ZnxGM,1
@thanasisathanasi4965,jXp5D5ZnxGM,1
@thenanook,jXp5D5ZnxGM,1
@thudtheace,jXp5D5ZnxGM,1
@trannhathungnguyen352,jXp5D5ZnxGM,1
@tranuclinh5026,jXp5D5ZnxGM,1
@tray0ne,jXp5D5ZnxGM,1
@us4bn,jXp5D5ZnxGM,1
@user-h2q3z,jXp5D5ZnxGM,1
@vPsuYmqwR2eqgTAXUhXcT5mqLzrjJ6,jXp5D5ZnxGM,1
@vancekang,jXp5D5ZnxGM,1
@vazzdoin,jXp5D5ZnxGM,1
@vignesh_m_1995,jXp5D5ZnxGM,1
@vlastastojkovaurbanova3676,jXp5D5ZnxGM,1
@wachirarisky4284,jXp5D5ZnxGM,1
@wolfmib,jXp5D5ZnxGM,1
@yahik,jXp5D5ZnxGM,1
@yuriygerasimovich4187,jXp5D5ZnxGM,1
@zmagicsolutions,jXp5D5ZnxGM,3
@zzzaaasg,jXp5D5ZnxGM,1
@H4KnSL4K,jsy3m7Emkr0,2
@JustinKJohnson,jsy3m7Emkr0,1
@KumR,jsy3m7Emkr0,1
@LexGonSep,jsy3m7Emkr0,2
@SlashSung,jsy3m7Emkr0,1
@TechWithTim,jsy3m7Emkr0,2
@b-llam,jsy3m7Emkr0,1
@chosen-m,jsy3m7Emkr0,1
@cn7abc,jsy3m7Emkr0,1
@imperialTech,jsy3m7Emkr0,1
@jeffclark5268,jsy3m7Emkr0,1
@jonathandelapaz6436,jsy3m7Emkr0,1
@palashjyotiborah9888,jsy3m7Emkr0,2
@patrickmateus-iq8bi,jsy3m7Emkr0,1
@swoopsavvy7560,jsy3m7Emkr0,1
@КонстантинБойцов-ы4д,jsy3m7Emkr0,1
@0levvant,k_D_C3ExypU,1
@0xHush,k_D_C3ExypU,1
@A.B.C.2000,k_D_C3ExypU,1
@ADHDOCD,k_D_C3ExypU,1
@AbdelmoezBoucetta,k_D_C3ExypU,1
@AbdouAbdou-px7me,k_D_C3ExypU,1
@AbdulRehman-pb5od,k_D_C3ExypU,1
@AbdullahiMomoh-o9j,k_D_C3ExypU,1
@AjaySingh-jz8qx,k_D_C3ExypU,1
@Alex-xt8rz,k_D_C3ExypU,1
@AngeCesarMadick,k_D_C3ExypU,1
@Antony-s4y,k_D_C3ExypU,1
@Ateszika,k_D_C3ExypU,1
@AustinRoger-n4b,k_D_C3ExypU,1
@BOOKHUB2,k_D_C3ExypU,1
@Biglu193,k_D_C3ExypU,1
@Brandcode-yq2wn,k_D_C3ExypU,1
@Bryant004-z4n,k_D_C3ExypU,1
@CarlosTello-m8h,k_D_C3ExypU,1
@CodeKiKahaniya,k_D_C3ExypU,1
@CutVortez,k_D_C3ExypU,1
@DeepakSankhyan,k_D_C3ExypU,1
@Deus-lo-Vuilt,k_D_C3ExypU,1
@DevZoneCodes,k_D_C3ExypU,2
@Echoes-of-Humanity-c7h,k_D_C3ExypU,1
@EduardoCosta-vk3yc,k_D_C3ExypU,1
@FactFromBones,k_D_C3ExypU,1
@Fardin396,k_D_C3ExypU,1
@GarvitAroraOfficial,k_D_C3ExypU,1
@GenAImagic,k_D_C3ExypU,1
@HamidRehman-j1f,k_D_C3ExypU,1
@JacksonRoosCFT,k_D_C3ExypU,1
@Kalaculator,k_D_C3ExypU,1
@Kitler-n4y,k_D_C3ExypU,1
@MANGO23-i6r,k_D_C3ExypU,1
@MattBeckman-lk8jf,k_D_C3ExypU,1
@MradulGarg-x2l,k_D_C3ExypU,1
@MuhammadNehal-g7c,k_D_C3ExypU,2
@NexGenStudioDev,k_D_C3ExypU,1
@OfirGenish,k_D_C3ExypU,1
@OneFlex3,k_D_C3ExypU,5
@Peter_Anthony283,k_D_C3ExypU,1
@Plaswin,k_D_C3ExypU,1
@PrithiviMagar-vv7vz,k_D_C3ExypU,1
@RichyDalima,k_D_C3ExypU,1
@RonitRai-oo5hh,k_D_C3ExypU,1
@ShuaibuYau-q9q,k_D_C3ExypU,1
@Softianix,k_D_C3ExypU,1
@SteveBClark,k_D_C3ExypU,3
@SuperMethas,k_D_C3ExypU,1
@Suresh-iu2tx,k_D_C3ExypU,1
@TSMCCruz,k_D_C3ExypU,1
@TaktAkira,k_D_C3ExypU,1
@TrendingHaiBe,k_D_C3ExypU,1
@Varna-m7r,k_D_C3ExypU,1
@VikOtis-Deploys-zl1bz,k_D_C3ExypU,1
@VonjiniainaMirado,k_D_C3ExypU,3
@Webmaster-s3t,k_D_C3ExypU,1
@ZarifWahidAriq,k_D_C3ExypU,1
@ZentrixEditor,k_D_C3ExypU,2
@abdullahnadeem9987,k_D_C3ExypU,1
@ahsangulzarbhutta1,k_D_C3ExypU,1
@alexxarasho1138,k_D_C3ExypU,1
@amanrubey,k_D_C3ExypU,1
@amigos786,k_D_C3ExypU,1
@aminbusiness3139,k_D_C3ExypU,1
@animation_fans5,k_D_C3ExypU,1
@antonyefanov,k_D_C3ExypU,1
@aouamachraf2760,k_D_C3ExypU,1
@arshitrupani,k_D_C3ExypU,1
@asmedeus448,k_D_C3ExypU,1
@avikhandakar,k_D_C3ExypU,1
@awakenwithoutcoffee,k_D_C3ExypU,2
@aydoooo,k_D_C3ExypU,1
@bestthegamer07,k_D_C3ExypU,1
@bindenlibejohn7378,k_D_C3ExypU,1
@biovawan,k_D_C3ExypU,1
@capt41,k_D_C3ExypU,1
@casompallipraveen860,k_D_C3ExypU,1
@chandanm4090,k_D_C3ExypU,1
@codewithantonio,k_D_C3ExypU,23
@crazy_anuj_12,k_D_C3ExypU,2
@danbeth7713,k_D_C3ExypU,1
@danieldavidoff7485,k_D_C3ExypU,1
@dev.vanderson,k_D_C3ExypU,1
@dev_insights783,k_D_C3ExypU,1
@dinand28,k_D_C3ExypU,1
@dreamsachiever212,k_D_C3ExypU,1
@emretrn,k_D_C3ExypU,1
@emyrax,k_D_C3ExypU,1
@falbyarts,k_D_C3ExypU,1
@fridoper124,k_D_C3ExypU,1
@funnyclock101,k_D_C3ExypU,1
@funyalker,k_D_C3ExypU,1
@gobiwebdev,k_D_C3ExypU,1
@grenishrai611,k_D_C3ExypU,2
@hindivines462,k_D_C3ExypU,1
@howsthephysics5822,k_D_C3ExypU,1
@idkwhat337,k_D_C3ExypU,1
@imsurafeldotdev,k_D_C3ExypU,1
@ivanamilinkovich,k_D_C3ExypU,1
@jamesWorth77,k_D_C3ExypU,1
@jeancarlomorales4496,k_D_C3ExypU,1
@jorgechibante,k_D_C3ExypU,1
@joshua5617,k_D_C3ExypU,1
@junangameplays3271,k_D_C3ExypU,1
@kesabmaharana4130,k_D_C3ExypU,1
@kiprotichMaritim,k_D_C3ExypU,1
@kora7223,k_D_C3ExypU,1
@kvs7720,k_D_C3ExypU,1
@lebogangsekwati1331,k_D_C3ExypU,1
@manastechhub,k_D_C3ExypU,1
@marufbepary100,k_D_C3ExypU,1
@mateocarino,k_D_C3ExypU,1
@megaq4979,k_D_C3ExypU,1
@mohitmouryaa143,k_D_C3ExypU,1
@musasanilamu2,k_D_C3ExypU,2
@nabin-5523,k_D_C3ExypU,1
@nedpham0204,k_D_C3ExypU,1
@nitinbhatt3635,k_D_C3ExypU,1
@nivashhhh,k_D_C3ExypU,1
@olamideakinrinlola1220,k_D_C3ExypU,1
@oussama-g9p,k_D_C3ExypU,1
@rahulchaudhari3007,k_D_C3ExypU,1
@returnZeroo,k_D_C3ExypU,1
@robertspidey8136,k_D_C3ExypU,1
@rohitgawande7596,k_D_C3ExypU,1
@siadialiga,k_D_C3ExypU,1
@siddhant1048,k_D_C3ExypU,1
@sjwreal,k_D_C3ExypU,1
@sofianerealm,k_D_C3ExypU,1
@softaculas,k_D_C3ExypU,1
@superhero-zj5qc,k_D_C3ExypU,2
@szachgr43,k_D_C3ExypU,1
@technoboss9192,k_D_C3ExypU,1
@testy_cool,k_D_C3ExypU,1
@theamargupta-i2p,k_D_C3ExypU,1
@thecritiquer9407,k_D_C3ExypU,1
@thegamingworld100,k_D_C3ExypU,1
@this_katharsis2227,k_D_C3ExypU,1
@top5noblefacts,k_D_C3ExypU,1
@totitaa-li5uo,k_D_C3ExypU,2
@tranthanhlan1685,k_D_C3ExypU,1
@tsoueid,k_D_C3ExypU,1
@tutorailking696,k_D_C3ExypU,1
@umakantyadav885,k_D_C3ExypU,1
@unknown-7458,k_D_C3ExypU,1
@val7dev,k_D_C3ExypU,2
@vivekgohel9794,k_D_C3ExypU,1
@vladsazon,k_D_C3ExypU,1
@youngjojo3052,k_D_C3ExypU,3
@ธีรพงศ์อินทร์ตุ้ม-ห7ข,k_D_C3ExypU,1
@1mystic,l30Eb76Tk5s,1
@8ender1969,l30Eb76Tk5s,1
@Brlitzkreig,l30Eb76Tk5s,1
@CormacMaher,l30Eb76Tk5s,1
@DCWilliam24,l30Eb76Tk5s,1
@Dailydrops-cloud,l30Eb76Tk5s,1
@DaleThomasNYC,l30Eb76Tk5s,1
@ElenaS-de9hq,l30Eb76Tk5s,1
@Emil_m,l30Eb76Tk5s,1
@FirmwarePhantom,l30Eb76Tk5s,1
@ILyaCyclone,l30Eb76Tk5s,1
@IbamChucks,l30Eb76Tk5s,1
@JamieCrew,l30Eb76Tk5s,1
@JerksonHancock,l30Eb76Tk5s,1
@KrishnaKumar-ng9sx,l30Eb76Tk5s,1
@LadySalemRaven,l30Eb76Tk5s,1
@MoIntertains-hk1ix,l30Eb76Tk5s,1
@MohsanAli-bq5ld,l30Eb76Tk5s,2
@MrSoloDev,l30Eb76Tk5s,2
@Mr_Molie,l30Eb76Tk5s,1
@Mrbean770-s7r,l30Eb76Tk5s,1
@NarrativeController,l30Eb76Tk5s,1
@Oggi19641,l30Eb76Tk5s,1
@Okayjxnr,l30Eb76Tk5s,1
@Olaf-y5v,l30Eb76Tk5s,1
@RainDustTech,l30Eb76Tk5s,1
@RickeyJSimas,l30Eb76Tk5s,1
@RigVader,l30Eb76Tk5s,1
@RusBuffet,l30Eb76Tk5s,1
@TheEricsondalusong,l30Eb76Tk5s,1
@Tony-dp1rl,l30Eb76Tk5s,1
@TouchofExcellence,l30Eb76Tk5s,1
@UberDurable,l30Eb76Tk5s,1
@WhiteNight9096,l30Eb76Tk5s,1
@Xecter_Shorts,l30Eb76Tk5s,1
@ZFEditor,l30Eb76Tk5s,1
@aloneguid,l30Eb76Tk5s,1
@andrenovaes007,l30Eb76Tk5s,1
@avanibrandt4547,l30Eb76Tk5s,1
@benarcher372,l30Eb76Tk5s,2
@celotrovi,l30Eb76Tk5s,1
@coastofkonkan,l30Eb76Tk5s,1
@cpubuff,l30Eb76Tk5s,1
@cyb3r_asad,l30Eb76Tk5s,1
@danbrown4205,l30Eb76Tk5s,1
@deathineyes,l30Eb76Tk5s,2
@dm5665,l30Eb76Tk5s,1
@ebanboris393,l30Eb76Tk5s,1
@ekuwam8989,l30Eb76Tk5s,1
@faizelnoorgat7141,l30Eb76Tk5s,1
@fibo12358,l30Eb76Tk5s,1
@gelosoor4281,l30Eb76Tk5s,2
@haidersyed6554,l30Eb76Tk5s,2
@hoangvantrong1,l30Eb76Tk5s,3
@hoodie607,l30Eb76Tk5s,1
@hydtechietalks3607,l30Eb76Tk5s,1
@intertechard,l30Eb76Tk5s,1
@iwillwander,l30Eb76Tk5s,1
@jiyo404,l30Eb76Tk5s,1
@jmsolorzano13,l30Eb76Tk5s,1
@johnvoorhees2331,l30Eb76Tk5s,1
@kevinnasim8508,l30Eb76Tk5s,1
@kshilkrot007,l30Eb76Tk5s,1
@majorbeats1775,l30Eb76Tk5s,1
@mallninja9805,l30Eb76Tk5s,1
@marcoszan9504,l30Eb76Tk5s,1
@mattsnackattack,l30Eb76Tk5s,1
@mavsocc,l30Eb76Tk5s,1
@mharish83,l30Eb76Tk5s,1
@michaellamb134,l30Eb76Tk5s,1
@mikeoffenbecher2416,l30Eb76Tk5s,1
@minhazhalim2097,l30Eb76Tk5s,1
@mrbartuss1,l30Eb76Tk5s,1
@msoler1976,l30Eb76Tk5s,1
@nwatibrand,l30Eb76Tk5s,1
@pauldandurandboots,l30Eb76Tk5s,1
@rackstar2,l30Eb76Tk5s,1
@redmaxy,l30Eb76Tk5s,1
@rikeshkhanna,l30Eb76Tk5s,1
@rjabrm,l30Eb76Tk5s,1
@robt6127,l30Eb76Tk5s,1
@rodrigolumi,l30Eb76Tk5s,1
@sameerasuhail2158,l30Eb76Tk5s,1
@sgt.snowiee9195,l30Eb76Tk5s,2
@sillystuff6247,l30Eb76Tk5s,1
@stanislavhristakiev1881,l30Eb76Tk5s,1
@theculturewatch2414,l30Eb76Tk5s,1
@this_katharsis2227,l30Eb76Tk5s,1
@ttaylor9916,l30Eb76Tk5s,1
@usamashami11,l30Eb76Tk5s,1
@vijoyjoseph9734,l30Eb76Tk5s,1
@wyattx008,l30Eb76Tk5s,1
@xiu-li,l30Eb76Tk5s,1
@xxxEdfghdrt,l30Eb76Tk5s,1
@yw6387,l30Eb76Tk5s,1
@zixianfrancislin6119,l30Eb76Tk5s,1
@黄晓辉-b9c,l30Eb76Tk5s,1
@0B486B,mViFYTwWvcM,1
@3brothersfun,mViFYTwWvcM,1
@ALONE_RAPS,mViFYTwWvcM,1
@AMITbHUREYA,mViFYTwWvcM,1
@AboHemed,mViFYTwWvcM,1
@Ahbiggie007,mViFYTwWvcM,1
@Animationkiduniya2444,mViFYTwWvcM,1
@AnttiBrax,mViFYTwWvcM,1
@AnujGamer-v6s,mViFYTwWvcM,1
@BigBeesNase,mViFYTwWvcM,1
@BladeAndrade,mViFYTwWvcM,1
@BurningR,mViFYTwWvcM,1
@Byamarro2,mViFYTwWvcM,1
@Capitated101,mViFYTwWvcM,1
@CarlosGallo-t3g,mViFYTwWvcM,1
@ChhotuKumarsah-n8f,mViFYTwWvcM,1
@ChinmayaSwain-x4c,mViFYTwWvcM,1
@CreatorsadSad-s3p,mViFYTwWvcM,1
@DagnegashawDagne,mViFYTwWvcM,1
@DavidGende-vs1tv,mViFYTwWvcM,1
@Dede_Stepas,mViFYTwWvcM,1
@DevLife717,mViFYTwWvcM,1
@DevSaini_007v,mViFYTwWvcM,1
@Elbapah9,mViFYTwWvcM,2
@EzbonPaul-t7x,mViFYTwWvcM,1
@FX__ZICO__369,mViFYTwWvcM,1
@GilberObando-k3c,mViFYTwWvcM,1
@GuardianADSF,mViFYTwWvcM,1
@HariboTagada,mViFYTwWvcM,1
@HeathHoward512,mViFYTwWvcM,1
@HyperRex808,mViFYTwWvcM,1
@JU0DAS,mViFYTwWvcM,1
@JuanFuentes-yt3us,mViFYTwWvcM,1
@Jwz84,mViFYTwWvcM,1
@KedirAya,mViFYTwWvcM,1
@LeonardoMomoPedrosa,mViFYTwWvcM,1
@LeonardoSapucaia,mViFYTwWvcM,1
@Loebe12,mViFYTwWvcM,1
@Mac-vn5rf,mViFYTwWvcM,1
@MaqsoodAnsari-i6k,mViFYTwWvcM,1
@Medstudent-p5j,mViFYTwWvcM,1
@MosesTalkmoreMandizvidza,mViFYTwWvcM,1
@MrLapedos,mViFYTwWvcM,1
@MrQinTheUK,mViFYTwWvcM,1
@MrinmoyRoy1990,mViFYTwWvcM,1
@Mrlucky-m6n,mViFYTwWvcM,1
@NEXT_LEVEL-20,mViFYTwWvcM,1
@NaviKhan-z5l,mViFYTwWvcM,1
@Noob-oc1wp,mViFYTwWvcM,1
@NuScorpii,mViFYTwWvcM,2
@OnuongaLucy,mViFYTwWvcM,1
@OsamaTurk-c5r,mViFYTwWvcM,1
@OtakJelinger,mViFYTwWvcM,1
@PatrickFaith,mViFYTwWvcM,1
@RafalAndHisThoughts,mViFYTwWvcM,1
@Rakibgamer402,mViFYTwWvcM,1
@RanjeetgontiyaGontiya,mViFYTwWvcM,1
@RasAlHaq,mViFYTwWvcM,1
@Richind12-e8v,mViFYTwWvcM,1
@Rob_Redmond,mViFYTwWvcM,1
@RomanAndriiv,mViFYTwWvcM,1
@SagniAbera,mViFYTwWvcM,1
@SamadhanBarde-m3w5z,mViFYTwWvcM,1
@Sangram876,mViFYTwWvcM,1
@SaranyaSaranya-o6f,mViFYTwWvcM,1
@Simranmasih_17,mViFYTwWvcM,1
@SpaceGravy,mViFYTwWvcM,1
@Spec-Kitty,mViFYTwWvcM,1
@SubashaNishad-o9r,mViFYTwWvcM,1
@Subontangchangya,mViFYTwWvcM,1
@Suchi_v,mViFYTwWvcM,1
@Sulamannsulamann,mViFYTwWvcM,1
@SwedishGuy42,mViFYTwWvcM,1
@Tommy-BB,mViFYTwWvcM,1
@TommyTheJ,mViFYTwWvcM,1
@TotalGaming94-g2t9u,mViFYTwWvcM,1
@UNgineering,mViFYTwWvcM,1
@USA_ANIMATION_09,mViFYTwWvcM,1
@Usqunknowns,mViFYTwWvcM,1
@Varadhan-n5t,mViFYTwWvcM,1
@Vedantraut.7666,mViFYTwWvcM,1
@YusufSertkaya-o7v,mViFYTwWvcM,1
@ZabiulallahZabiulallah-i9y,mViFYTwWvcM,1
@ZiZU4851,mViFYTwWvcM,1
@Zindawg02,mViFYTwWvcM,1
@absolute___zero,mViFYTwWvcM,1
@agamemnonc,mViFYTwWvcM,1
@akhlaqabro8341,mViFYTwWvcM,1
@ambarishkapil8004,mViFYTwWvcM,1
@analisamelojete1966,mViFYTwWvcM,1
@andig72,mViFYTwWvcM,1
@anurag985,mViFYTwWvcM,1
@arunachalamramasamy9677,mViFYTwWvcM,1
@asteriondaedalus6859,mViFYTwWvcM,1
@astyy,mViFYTwWvcM,1
@bernaridho,mViFYTwWvcM,1
@blzspti909,mViFYTwWvcM,1
@bokehbeauty,mViFYTwWvcM,1
@budihartonohoo,mViFYTwWvcM,1
@bullpup1337,mViFYTwWvcM,1
@carrati3,mViFYTwWvcM,1
@chotumotu11,mViFYTwWvcM,1
@chrisgedling361,mViFYTwWvcM,1
@cloojure,mViFYTwWvcM,1
@cmumad,mViFYTwWvcM,1
@cosmochaosmaker,mViFYTwWvcM,1
@cours458,mViFYTwWvcM,1
@crystalfarr5560,mViFYTwWvcM,1
@darkshiftyzero,mViFYTwWvcM,1
@dashie4yt,mViFYTwWvcM,1
@davew2040x,mViFYTwWvcM,1
@davidorayo5659,mViFYTwWvcM,1
@dodehsn4783,mViFYTwWvcM,1
@elendal,mViFYTwWvcM,1
@emptysense,mViFYTwWvcM,1
@ericmuijs1938,mViFYTwWvcM,1
@erik....,mViFYTwWvcM,1
@eronsoft_com,mViFYTwWvcM,1
@factorfitness3713,mViFYTwWvcM,1
@familiekontoen1955,mViFYTwWvcM,1
@fisherkingpoet,mViFYTwWvcM,1
@flickerblip9044,mViFYTwWvcM,1
@geoffreycollins6627,mViFYTwWvcM,1
@gerrcass1,mViFYTwWvcM,1
@ghelmstetter-AI,mViFYTwWvcM,1
@guigolazo,mViFYTwWvcM,1
@haccrr4,mViFYTwWvcM,1
@harshavardhansahoo,mViFYTwWvcM,1
@hassangamer1214-y6z,mViFYTwWvcM,1
@heliobessonirodrigues6632,mViFYTwWvcM,1
@hiko-studio,mViFYTwWvcM,1
@hubertk2952,mViFYTwWvcM,1
@iam_qwerty,mViFYTwWvcM,1
@ibealion1,mViFYTwWvcM,1
@imranmunibkhan,mViFYTwWvcM,1
@is-sam,mViFYTwWvcM,1
@ivanhornak7644,mViFYTwWvcM,1
@jacksjr2,mViFYTwWvcM,1
@jacobcukjati6112,mViFYTwWvcM,1
@jasonpollock1054,mViFYTwWvcM,1
@jean-phil,mViFYTwWvcM,1
@jfroco,mViFYTwWvcM,1
@jijin2450,mViFYTwWvcM,1
@jimmycd69,mViFYTwWvcM,1
@jingwencai2345,mViFYTwWvcM,1
@joaooliveirarocha,mViFYTwWvcM,1
@joelluth6384,mViFYTwWvcM,1
@johanoscarsson3413,mViFYTwWvcM,1
@jonathanmerritt8712,mViFYTwWvcM,1
@joshnabhakta60,mViFYTwWvcM,1
@kaljan787,mViFYTwWvcM,1
@kaotictube,mViFYTwWvcM,1
@kavinduvindikasomadasa352,mViFYTwWvcM,1
@kevincampos3418,mViFYTwWvcM,1
@khalidelgazzar,mViFYTwWvcM,1
@kid105,mViFYTwWvcM,1
@koekoekstraat,mViFYTwWvcM,1
@kzrider8,mViFYTwWvcM,1
@lenden0,mViFYTwWvcM,1
@libnerrr,mViFYTwWvcM,1
@lifehacker123,mViFYTwWvcM,1
@linowirag8494,mViFYTwWvcM,1
@listigt,mViFYTwWvcM,1
@luiseduardo1458,mViFYTwWvcM,1
@luxraider5384,mViFYTwWvcM,1
@markandangie2,mViFYTwWvcM,1
@mcgamer-125,mViFYTwWvcM,1
@michaelfinlan1538,mViFYTwWvcM,2
@michaelmackend4153,mViFYTwWvcM,1
@miraculixxs,mViFYTwWvcM,1
@mohammedhewedy8231,mViFYTwWvcM,1
@mokoboko2482,mViFYTwWvcM,1
@muisokoiyawomuisolayideoko4295,mViFYTwWvcM,1
@mujahidalimujahidthaheemmu8081,mViFYTwWvcM,1
@necronlord52,mViFYTwWvcM,1
@noahz,mViFYTwWvcM,1
@ocinart3603,mViFYTwWvcM,1
@omshukla-g9t,mViFYTwWvcM,1
@oneautumnleaf47,mViFYTwWvcM,1
@opmdevil,mViFYTwWvcM,1
@paulhammond8583,mViFYTwWvcM,1
@pavlovalor,mViFYTwWvcM,1
@pavlvs_maximvs,mViFYTwWvcM,1
@paz80917,mViFYTwWvcM,1
@permiek,mViFYTwWvcM,1
@personalaccount1515,mViFYTwWvcM,1
@pixolut,mViFYTwWvcM,1
@rao180677,mViFYTwWvcM,1
@rd95mi,mViFYTwWvcM,1
@rdxgamer9949,mViFYTwWvcM,1
@rikadiana1894,mViFYTwWvcM,1
@ritik_raj_7070,mViFYTwWvcM,1
@rosendungu7124,mViFYTwWvcM,1
@salinTamang-c4u,mViFYTwWvcM,1
@samuellerner4174,mViFYTwWvcM,1
@shanelee007,mViFYTwWvcM,1
@silverioleo8621,mViFYTwWvcM,1
@simeon8360,mViFYTwWvcM,1
@simonmartin2816,mViFYTwWvcM,1
@snakebigboss8646,mViFYTwWvcM,1
@snapman218,mViFYTwWvcM,1
@soliveirajr,mViFYTwWvcM,1
@stevebula9369,mViFYTwWvcM,1
@tb_hacker_show_77,mViFYTwWvcM,1
@theehans,mViFYTwWvcM,1
@tobogranyte,mViFYTwWvcM,1
@tuzaguilar4201,mViFYTwWvcM,1
@u.roselli,mViFYTwWvcM,1
@vladara7226,mViFYTwWvcM,1
@vlads-r7k,mViFYTwWvcM,1
@xiongxiong3674,mViFYTwWvcM,1
@xneoangel,mViFYTwWvcM,1
@xwilliam1x,mViFYTwWvcM,1
@xyzing99,mViFYTwWvcM,1
@yasararafath3524,mViFYTwWvcM,1
@yosemite7651,mViFYTwWvcM,1
@youtuberpiyush0,mViFYTwWvcM,1
@ytbkm,mViFYTwWvcM,1
@حسینموسوی-ي6غ,mViFYTwWvcM,1
@-mod1304,mZzhfPle9QU,1
@04donaldo,mZzhfPle9QU,1
@0x2AI,mZzhfPle9QU,1
@9999ssjvegeta,mZzhfPle9QU,1
@AAAA-b7m6r,mZzhfPle9QU,1
@AGunzOw,mZzhfPle9QU,2
@AasmanKashyap-w5f,mZzhfPle9QU,1
@Aitechs-m5p,mZzhfPle9QU,1
@Amanda-bg7ib,mZzhfPle9QU,1
@AndyWongXeraph,mZzhfPle9QU,1
@Ashish-y1h3k,mZzhfPle9QU,1
@AyanKhan-t9d6s,mZzhfPle9QU,1
@Ayofashakaa,mZzhfPle9QU,2
@BLACK-444-r8i,mZzhfPle9QU,1
@BLACK__DEVIL11.60,mZzhfPle9QU,1
@BobertDTV,mZzhfPle9QU,1
@BrunoDurante-g2w,mZzhfPle9QU,1
@ChandraShekhar-by3cd,mZzhfPle9QU,1
@Chavez3d,mZzhfPle9QU,1
@Code-With-Robby,mZzhfPle9QU,5
@Cryptodany21,mZzhfPle9QU,1
@DevBolat,mZzhfPle9QU,1
@DrJones117,mZzhfPle9QU,1
@Entertainment10657,mZzhfPle9QU,1
@EsunaYT,mZzhfPle9QU,1
@FardusAttia-t9x,mZzhfPle9QU,1
@FitzSturgill,mZzhfPle9QU,1
@FlaskerGaming,mZzhfPle9QU,1
@FlowKy_ai,mZzhfPle9QU,1
@Gauravsharma-yg4nn,mZzhfPle9QU,1
@GaytriGuvhade,mZzhfPle9QU,1
@GodLevel-b1v6c,mZzhfPle9QU,1
@GoriIIaTactics,mZzhfPle9QU,1
@Helix-AI-Labs,mZzhfPle9QU,1
@ItsMudfish,mZzhfPle9QU,1
@JinaDonald,mZzhfPle9QU,1
@JohnKimLife,mZzhfPle9QU,39
@KHEMRAJMEENA-b8s,mZzhfPle9QU,1
@KalaDon-h9c,mZzhfPle9QU,1
@KarthikSwamy-o5d,mZzhfPle9QU,1
@KashyapBhai-r5e,mZzhfPle9QU,1
@KhanSalman-g8h7e,mZzhfPle9QU,1
@KomiviBatoka,mZzhfPle9QU,1
@Kuruma_Cha,mZzhfPle9QU,1
@MRWANAKAD-r7c,mZzhfPle9QU,1
@ManyouRisms,mZzhfPle9QU,1
@Mebartos,mZzhfPle9QU,1
@MohammedUzairnewsfortheland,mZzhfPle9QU,1
@Mortenkp1,mZzhfPle9QU,1
@MuhammadAliShaikh-m7f,mZzhfPle9QU,1
@NSENGIYAREMYEJeandeDieu-x2m,mZzhfPle9QU,1
@Navak_,mZzhfPle9QU,1
@NohelibethPérez,mZzhfPle9QU,1
@Noney8078,mZzhfPle9QU,1
@OdPravatGaming07,mZzhfPle9QU,1
@PetukhovArt,mZzhfPle9QU,1
@RM-xr8lq,mZzhfPle9QU,2
@RahulKhatriPanthi,mZzhfPle9QU,1
@RedDevilNL,mZzhfPle9QU,1
@Sankarbro9,mZzhfPle9QU,1
@SayWhaaaaaaaaaaaaaaaaaaaaaaat,mZzhfPle9QU,1
@SpencerDezart-Smith,mZzhfPle9QU,1
@Stradigos,mZzhfPle9QU,1
@SubeerZ,mZzhfPle9QU,1
@TayyabAil-i1b,mZzhfPle9QU,1
@TechHDHwang,mZzhfPle9QU,1
@TheThinkingBenchTheory,mZzhfPle9QU,1
@TinyCinemuh,mZzhfPle9QU,1
@TitovValek,mZzhfPle9QU,1
@TulshiChettri-h6l,mZzhfPle9QU,1
@TuncTurel,mZzhfPle9QU,1
@Turing-Complete,mZzhfPle9QU,1
@VarshaDilor,mZzhfPle9QU,1
@Wackelstein1,mZzhfPle9QU,2
@WillyAmwayi,mZzhfPle9QU,1
@Writergirl420,mZzhfPle9QU,1
@adgo57,mZzhfPle9QU,1
@aijokker,mZzhfPle9QU,1
@alexanderfaucher1619,mZzhfPle9QU,1
@ami07071993,mZzhfPle9QU,1
@andrewchen4280,mZzhfPle9QU,1
@andyqhpeng1,mZzhfPle9QU,1
@aquasaxoncode,mZzhfPle9QU,1
@beyondai-real,mZzhfPle9QU,1
@binaryum,mZzhfPle9QU,1
@bobert6644,mZzhfPle9QU,1
@bolke8056,mZzhfPle9QU,1
@chloeshih,mZzhfPle9QU,1
@christinahastenrath1829,mZzhfPle9QU,1
@clearVue101,mZzhfPle9QU,1
@codevars,mZzhfPle9QU,1
@codingkaksha70,mZzhfPle9QU,1
@cpflamesYT,mZzhfPle9QU,1
@cpy,mZzhfPle9QU,1
@dannyy8619,mZzhfPle9QU,1
@davidli4527,mZzhfPle9QU,1
@davidm3614,mZzhfPle9QU,1
@diazwatson,mZzhfPle9QU,1
@dillonhansen71,mZzhfPle9QU,1
@divyansh1583,mZzhfPle9QU,1
@drendelous,mZzhfPle9QU,1
@edwinroman30,mZzhfPle9QU,1
@esbilo,mZzhfPle9QU,1
@ethanlane7831,mZzhfPle9QU,1
@eystolov,mZzhfPle9QU,1
@feelbad294,mZzhfPle9QU,1
@gabetiger4104,mZzhfPle9QU,1
@gagecates7210,mZzhfPle9QU,1
@grechmann6631,mZzhfPle9QU,1
@hacmahoalong,mZzhfPle9QU,1
@hafizartstone1850,mZzhfPle9QU,1
@hasamfazal4060,mZzhfPle9QU,1
@hemanshuverma0415,mZzhfPle9QU,1
@henrythai6375,mZzhfPle9QU,1
@hg5418-u8d,mZzhfPle9QU,1
@himankyadavHY,mZzhfPle9QU,1
@houssemgharbi6206,mZzhfPle9QU,1
@husseinhasan7758,mZzhfPle9QU,1
@hydrogxn,mZzhfPle9QU,1
@iamanski2387,mZzhfPle9QU,1
@ibrahimmerie8604,mZzhfPle9QU,1
@iosascha1,mZzhfPle9QU,1
@ishaila2079,mZzhfPle9QU,1
@j.p.8595,mZzhfPle9QU,1
@jackeynirmalkar4153,mZzhfPle9QU,1
@javimuinelo3110,mZzhfPle9QU,1
@jcarvallo,mZzhfPle9QU,1
@jejutime,mZzhfPle9QU,1
@jfchevrette,mZzhfPle9QU,1
@jm-lc3jp,mZzhfPle9QU,1
@jmhill79,mZzhfPle9QU,1
@jonatan.cirqueira3925,mZzhfPle9QU,1
@jtcrawfo1,mZzhfPle9QU,1
@jyntv,mZzhfPle9QU,1
@kallubhai-P,mZzhfPle9QU,1
@kamok1017,mZzhfPle9QU,1
@kauanmocelin,mZzhfPle9QU,1
@ksikluks,mZzhfPle9QU,1
@kuroexmachina,mZzhfPle9QU,1
@lendumore,mZzhfPle9QU,1
@liewweijun6728,mZzhfPle9QU,1
@lnewman2402,mZzhfPle9QU,1
@lursWombe,mZzhfPle9QU,1
@mapioca,mZzhfPle9QU,1
@marcusfriese31,mZzhfPle9QU,1
@marklnz,mZzhfPle9QU,1
@matheusbarros5709,mZzhfPle9QU,1
@matshedisomahundu6997,mZzhfPle9QU,1
@maxthomarino,mZzhfPle9QU,1
@mimo89891,mZzhfPle9QU,1
@mohammadtina2536,mZzhfPle9QU,1
@mohanrao-fw5ln,mZzhfPle9QU,1
@my3m,mZzhfPle9QU,1
@navaneethakrishnan8040,mZzhfPle9QU,1
@neveriamcaesar,mZzhfPle9QU,1
@oleksii5138,mZzhfPle9QU,1
@passingmagic,mZzhfPle9QU,1
@patilshreyas-pt,mZzhfPle9QU,1
@practiseChen1,mZzhfPle9QU,1
@pusan09,mZzhfPle9QU,1
@r4jivaim,mZzhfPle9QU,1
@ramyadam6280,mZzhfPle9QU,2
@recording2945,mZzhfPle9QU,1
@sameeranand6439,mZzhfPle9QU,1
@shaheermannan7540,mZzhfPle9QU,1
@shillster,mZzhfPle9QU,1
@smakarevich,mZzhfPle9QU,1
@snowie030,mZzhfPle9QU,1
@softwareEngineerKunwar,mZzhfPle9QU,1
@sohit_ff_00,mZzhfPle9QU,1
@soong9906,mZzhfPle9QU,1
@sorcerer-fox,mZzhfPle9QU,1
@spacecamplofi,mZzhfPle9QU,1
@spovisenko,mZzhfPle9QU,1
@srikarvattigunta5215,mZzhfPle9QU,1
@sroebert,mZzhfPle9QU,1
@ssekyanzihenry6676,mZzhfPle9QU,1
@sumitwadhwa8823,mZzhfPle9QU,1
@sunburst8810,mZzhfPle9QU,1
@tamerguerrero4398,mZzhfPle9QU,1
@tbone_ka_right_tatta,mZzhfPle9QU,1
@teddward418,mZzhfPle9QU,2
@tessyalozie7571,mZzhfPle9QU,1
@tomford1509,mZzhfPle9QU,1
@tommy-harty,mZzhfPle9QU,1
@torontoyes,mZzhfPle9QU,1
@troeten,mZzhfPle9QU,1
@umermaqsood4346,mZzhfPle9QU,1
@valentinrudloff,mZzhfPle9QU,2
@vikasaga,mZzhfPle9QU,1
@vinoddevops3000,mZzhfPle9QU,1
@virajchapaneri336,mZzhfPle9QU,1
@volsere,mZzhfPle9QU,1
@wbbaskqbsoowbwlz,mZzhfPle9QU,1
@x_isnt_my_name,mZzhfPle9QU,1
@xaby996,mZzhfPle9QU,1
@yerko_squadrito,mZzhfPle9QU,1
@zandilemhlanga3199,mZzhfPle9QU,1
@zorro161,mZzhfPle9QU,1
@zzzz-m6n6r,mZzhfPle9QU,1
@пашарябченко-к9ч,mZzhfPle9QU,1
@لحلىالحليلحلىالحلي,mZzhfPle9QU,1
@محمودزلط-ي6م,mZzhfPle9QU,1
@ناصرجرادات-ق6د,mZzhfPle9QU,1
@6699t,mi4hcipESKQ,1
@7hr1LL_,mi4hcipESKQ,1
@AIEdge-p4n,mi4hcipESKQ,1
@AI_for_Finance_with_Alex,mi4hcipESKQ,1
@AdaptandTriumph,mi4hcipESKQ,1
@AkunnaCynthia-jz5jy,mi4hcipESKQ,1
@AlexMunoz-rj6qc,mi4hcipESKQ,1
@AlexandreBarbosaIT,mi4hcipESKQ,2
@Anefecious,mi4hcipESKQ,1
@ArtherreroDoP,mi4hcipESKQ,2
@AustinPoweredd,mi4hcipESKQ,1
@AustinWilhite,mi4hcipESKQ,1
@Baryonyx32,mi4hcipESKQ,1
@Basiliold,mi4hcipESKQ,1
@Botanical4038,mi4hcipESKQ,1
@BrandieScott-xi4jn,mi4hcipESKQ,1
@CJKaufmanZA,mi4hcipESKQ,1
@ChrisBoulas,mi4hcipESKQ,1
@ClubbDirection,mi4hcipESKQ,1
@ConsensusDeep,mi4hcipESKQ,1
@DerekMurawsky,mi4hcipESKQ,1
@DrewPia81,mi4hcipESKQ,1
@Eddylive,mi4hcipESKQ,2
@EvolvingRichie,mi4hcipESKQ,1
@EyalShahar,mi4hcipESKQ,2
@Flugsvampar,mi4hcipESKQ,1
@GaryDWhatley,mi4hcipESKQ,1
@GreenLiv-254,mi4hcipESKQ,1
@GregsAIWorkshop,mi4hcipESKQ,1
@GridlessGrind,mi4hcipESKQ,4
@Haakon.Jensen,mi4hcipESKQ,1
@Haytch500,mi4hcipESKQ,1
@Hendrix312002,mi4hcipESKQ,1
@InterstellarML,mi4hcipESKQ,3
@JROD809,mi4hcipESKQ,1
@JamalFreeman-v7s,mi4hcipESKQ,1
@JanVandenEeckhout,mi4hcipESKQ,2
@JassSk,mi4hcipESKQ,2
@JessieS,mi4hcipESKQ,1
@Julia-g4x4d,mi4hcipESKQ,2
@JustinNadeau,mi4hcipESKQ,1
@Kuvool,mi4hcipESKQ,1
@LM-xz1rc,mi4hcipESKQ,1
@LaurentPerche,mi4hcipESKQ,1
@LighthouseFoundation501c3,mi4hcipESKQ,1
@MHBlackAce,mi4hcipESKQ,1
@Mani-Kanuru,mi4hcipESKQ,1
@MaryimAlfaro,mi4hcipESKQ,1
@MatthewEccles,mi4hcipESKQ,1
@MilesHChandler,mi4hcipESKQ,1
@MrColeHawk,mi4hcipESKQ,1
@Mr_Big_Head,mi4hcipESKQ,3
@Musa-lf5yn,mi4hcipESKQ,1
@NeuralprofitAi-l7j,mi4hcipESKQ,1
@Numbersssssss,mi4hcipESKQ,1
@Panzerboy006,mi4hcipESKQ,1
@Piotrek_Michalski,mi4hcipESKQ,1
@RAMLALYADAV1000,mi4hcipESKQ,1
@RehanRaza-n4b1o,mi4hcipESKQ,1
@RingooStarr91,mi4hcipESKQ,1
@SeanMcCannMusic,mi4hcipESKQ,1
@SophieAbrams,mi4hcipESKQ,1
@SudipDas-p9d,mi4hcipESKQ,1
@SunitaYadav-f1k2l,mi4hcipESKQ,1
@TQSenkungu,mi4hcipESKQ,1
@Taskade,mi4hcipESKQ,1
@TearsOfJoyIncOpenSoulAI,mi4hcipESKQ,1
@TheMattPearce,mi4hcipESKQ,1
@TheRealDanielsan,mi4hcipESKQ,1
@Tito_1982,mi4hcipESKQ,1
@UnusualAttitudes,mi4hcipESKQ,1
@Viadeicolli,mi4hcipESKQ,2
@VideoTestingGrounds,mi4hcipESKQ,1
@Weareteamsuccess,mi4hcipESKQ,1
@Werleatar,mi4hcipESKQ,1
@XunnnD-hz4pi,mi4hcipESKQ,1
@Yesar1,mi4hcipESKQ,3
@ZachHeinrich,mi4hcipESKQ,1
@Zaibuddinnn,mi4hcipESKQ,1
@alecstephenstech,mi4hcipESKQ,1
@alisyed909,mi4hcipESKQ,1
@ankursahnimotivationalspea8908,mi4hcipESKQ,1
@ayoubabedrabbo,mi4hcipESKQ,4
@ayshrmaa,mi4hcipESKQ,2
@bananacapitala,mi4hcipESKQ,1
@bedesigngfx,mi4hcipESKQ,1
@benitofrio,mi4hcipESKQ,1
@bigv772,mi4hcipESKQ,1
@bonecircuit,mi4hcipESKQ,1
@boonedocksfl2012,mi4hcipESKQ,1
@brvheavyhitter20,mi4hcipESKQ,1
@byjorinde,mi4hcipESKQ,1
@camilocarrillo2132,mi4hcipESKQ,1
@candi0503,mi4hcipESKQ,1
@carlos-o7z-s6e,mi4hcipESKQ,1
@cv542,mi4hcipESKQ,1
@dettek01,mi4hcipESKQ,1
@eddieurbano1328,mi4hcipESKQ,2
@eddify,mi4hcipESKQ,1
@emal8323,mi4hcipESKQ,1
@fiftheffect,mi4hcipESKQ,1
@gabman-lh5wd,mi4hcipESKQ,1
@genesisrondon9689,mi4hcipESKQ,1
@ginasaysthings,mi4hcipESKQ,2
@ginocipperoni9277,mi4hcipESKQ,1
@gregory7406,mi4hcipESKQ,1
@gunnarbjorn2664,mi4hcipESKQ,1
@h4mil70n,mi4hcipESKQ,1
@henryg4195,mi4hcipESKQ,2
@iamanantgupta,mi4hcipESKQ,1
@iamkelseymiles,mi4hcipESKQ,1
@jimcostello4611,mi4hcipESKQ,1
@kingjr3310,mi4hcipESKQ,1
@linhNPgraphic,mi4hcipESKQ,1
@ltybc425,mi4hcipESKQ,1
@marcelo.biblia,mi4hcipESKQ,1
@mart0shi9,mi4hcipESKQ,1
@micahwinss,mi4hcipESKQ,1
@michaelmackrell3283,mi4hcipESKQ,1
@michaelwildman3848,mi4hcipESKQ,1
@michailkoutchiach8779,mi4hcipESKQ,1
@mikoschde,mi4hcipESKQ,1
@min-k2689,mi4hcipESKQ,1
@mxteo-psd,mi4hcipESKQ,2
@nasimautomates,mi4hcipESKQ,2
@natedawg4273,mi4hcipESKQ,1
@nateherk,mi4hcipESKQ,30
@nelsonlam96,mi4hcipESKQ,1
@nickkurtz5097,mi4hcipESKQ,1
@nightlifeking,mi4hcipESKQ,1
@nilsmattern,mi4hcipESKQ,1
@nolow_life,mi4hcipESKQ,3
@notan3144,mi4hcipESKQ,1
@ocean645,mi4hcipESKQ,1
@panman2632,mi4hcipESKQ,1
@parleybae4321,mi4hcipESKQ,1
@pb34r46,mi4hcipESKQ,1
@pieroiglesias946,mi4hcipESKQ,1
@prima_z6210,mi4hcipESKQ,1
@procrastipractice,mi4hcipESKQ,1
@przemysawidasiak9758,mi4hcipESKQ,1
@rahulbhavsar_com,mi4hcipESKQ,1
@rajiv7,mi4hcipESKQ,2
@rasanathescalona2960,mi4hcipESKQ,1
@real.k.d,mi4hcipESKQ,1
@ree1ez442,mi4hcipESKQ,1
@riaanmaree1132,mi4hcipESKQ,1
@ricardogomez5879,mi4hcipESKQ,1
@rickmorty9735,mi4hcipESKQ,1
@rishikreddy4526,mi4hcipESKQ,4
@roamingdev,mi4hcipESKQ,1
@ruigomes8,mi4hcipESKQ,1
@ruu-iw5wuk9x,mi4hcipESKQ,1
@ryanlubon,mi4hcipESKQ,1
@rywmark,mi4hcipESKQ,1
@sagarjaid,mi4hcipESKQ,1
@sam9s,mi4hcipESKQ,1
@samholliday8225,mi4hcipESKQ,1
@saym2756,mi4hcipESKQ,1
@seblapinski1064,mi4hcipESKQ,1
@shimmy-TYH,mi4hcipESKQ,1
@shreyansh0gg,mi4hcipESKQ,1
@stephenwalker5832,mi4hcipESKQ,1
@stevenatanoto,mi4hcipESKQ,2
@stevewithsix4429,mi4hcipESKQ,1
@strategic-design,mi4hcipESKQ,1
@subpakk,mi4hcipESKQ,1
@sunburst8810,mi4hcipESKQ,2
@talktejas,mi4hcipESKQ,1
@thesamadekoya,mi4hcipESKQ,1
@thousandmile9477,mi4hcipESKQ,1
@tonyrougebusiness,mi4hcipESKQ,2
@toufikahmed-f9q,mi4hcipESKQ,1
@tutormeafter3253,mi4hcipESKQ,1
@udaikaranthakur4997,mi4hcipESKQ,1
@uros9050,mi4hcipESKQ,1
@victoralcazar,mi4hcipESKQ,1
@viniciusmendes7693,mi4hcipESKQ,1
@wellnessduo8396,mi4hcipESKQ,1
@wklowe00,mi4hcipESKQ,1
@workout246,mi4hcipESKQ,1
@xRiiVALx,mi4hcipESKQ,1
@xs-cyber,mi4hcipESKQ,1
@ylkwek,mi4hcipESKQ,1
@you3bi4b,mi4hcipESKQ,2
@ДимаЖуков-р4я,mi4hcipESKQ,1
@AdvestHQ,mjJ7dILxki8,1
@Azid_Fx,mjJ7dILxki8,1
@DavidBrown-X,mjJ7dILxki8,1
@DoctorTweak,mjJ7dILxki8,1
@EinstonReborn,mjJ7dILxki8,1
@Hogsley,mjJ7dILxki8,1
@Julian-fm6lr,mjJ7dILxki8,2
@Kelz_v,mjJ7dILxki8,1
@Mark85_06,mjJ7dILxki8,1
@PassionBrains,mjJ7dILxki8,1
@Rey-i6u,mjJ7dILxki8,1
@S.A.F707,mjJ7dILxki8,1
@Sherlock-e7f,mjJ7dILxki8,1
@SurajVarma-le4ud,mjJ7dILxki8,1
@TboneSteak1992,mjJ7dILxki8,1
@TheTraderPapa,mjJ7dILxki8,1
@The_Harsh_Truth,mjJ7dILxki8,1
@Vitamin-Tonic,mjJ7dILxki8,1
@ahmedalnafy6332,mjJ7dILxki8,1
@andrewcodesmith,mjJ7dILxki8,2
@animeodyssey777,mjJ7dILxki8,1
@anson-if9st,mjJ7dILxki8,1
@choochye3956,mjJ7dILxki8,1
@drewbadwolf5182,mjJ7dILxki8,1
@earthssatisfaction6878,mjJ7dILxki8,1
@envolated,mjJ7dILxki8,2
@gameranters,mjJ7dILxki8,1
@iamhoracio,mjJ7dILxki8,1
@jamesWorth77,mjJ7dILxki8,1
@joedorben3504,mjJ7dILxki8,2
@ladyphay,mjJ7dILxki8,1
@larsjansen4245,mjJ7dILxki8,1
@marcolindner9557,mjJ7dILxki8,1
@marq2729,mjJ7dILxki8,1
@oyinbra,mjJ7dILxki8,1
@paolocavalli7,mjJ7dILxki8,1
@thrillvilled111,mjJ7dILxki8,1
@AnthroLover225,n0NlxUyA7FI,1
@Aryan-pi6ek,n0NlxUyA7FI,1
@AzharAli-n5c,n0NlxUyA7FI,1
@Brandon-ob9rg,n0NlxUyA7FI,3
@CootChick,n0NlxUyA7FI,1
@CurryGoatz,n0NlxUyA7FI,2
@DaneshHarki,n0NlxUyA7FI,3
@Daylanbb99,n0NlxUyA7FI,1
@DrManarAdnanSalkini-d7p,n0NlxUyA7FI,1
@GitHub,n0NlxUyA7FI,1
@IssacBerry-nd8pt,n0NlxUyA7FI,1
@JohelSouza,n0NlxUyA7FI,1
@JulietaSolayaoJuliet,n0NlxUyA7FI,1
@Maheshc27,n0NlxUyA7FI,1
@MartinPuedes,n0NlxUyA7FI,1
@Nira-g9b,n0NlxUyA7FI,1
@NormTurtle,n0NlxUyA7FI,1
@Parkerlogic,n0NlxUyA7FI,1
@RabidSBF,n0NlxUyA7FI,1
@RayPaden-g6v,n0NlxUyA7FI,1
@SHABBIRahmedZ6452,n0NlxUyA7FI,1
@ScaryLasers,n0NlxUyA7FI,1
@Shru_DT,n0NlxUyA7FI,1
@Stanley33338,n0NlxUyA7FI,1
@TusharAgarwal8415,n0NlxUyA7FI,2
@baburavi9640,n0NlxUyA7FI,1
@chadnelson8906,n0NlxUyA7FI,2
@chidiamaechi-wp1yb,n0NlxUyA7FI,1
@codingromatondus7218,n0NlxUyA7FI,1
@developerLifethings,n0NlxUyA7FI,1
@dragonek_gnu_linux_pl,n0NlxUyA7FI,1
@harsita12221,n0NlxUyA7FI,1
@hiteshpunjabi9413,n0NlxUyA7FI,1
@huguesbomo9297,n0NlxUyA7FI,1
@itsthatladydev,n0NlxUyA7FI,1
@izenski,n0NlxUyA7FI,1
@jonatasdp,n0NlxUyA7FI,1
@jorgepedraza1275,n0NlxUyA7FI,2
@jurybunn4051,n0NlxUyA7FI,1
@katieprice9757,n0NlxUyA7FI,1
@ladykerrgithub,n0NlxUyA7FI,3
@lovro1423,n0NlxUyA7FI,1
@mohamedkarim-p7j,n0NlxUyA7FI,1
@nathrichcpp,n0NlxUyA7FI,1
@nnivo,n0NlxUyA7FI,1
@person800,n0NlxUyA7FI,1
@powermyapps,n0NlxUyA7FI,1
@rajeshpurwar4406,n0NlxUyA7FI,1
@rendainteligence,n0NlxUyA7FI,1
@richochet,n0NlxUyA7FI,1
@sadikulhaquesadi6003,n0NlxUyA7FI,1
@stefans.6858,n0NlxUyA7FI,1
@swetajain4389,n0NlxUyA7FI,1
@tamedcrazyness,n0NlxUyA7FI,1
@tompompom,n0NlxUyA7FI,1
@trentmozingo7176,n0NlxUyA7FI,1
@webmaster2600,n0NlxUyA7FI,2
@yeres_0389,n0NlxUyA7FI,1
@A.S-m7t9m,nUxuCoqJzlA,1
@Amin-c3v6f,nUxuCoqJzlA,1
@ApexDevHQ,nUxuCoqJzlA,1
@BlueBearOne,nUxuCoqJzlA,1
@DavidOndrej,nUxuCoqJzlA,1
@Fish10000,nUxuCoqJzlA,1
@Gai-i5x,nUxuCoqJzlA,1
@GustafHauRuck,nUxuCoqJzlA,1
@KBTheCoder,nUxuCoqJzlA,1
@KonradTamas,nUxuCoqJzlA,1
@LearnWithBahman,nUxuCoqJzlA,1
@MARTINBRNO,nUxuCoqJzlA,1
@Makesens0,nUxuCoqJzlA,1
@Mike-o8i7b,nUxuCoqJzlA,1
@MikeMTech,nUxuCoqJzlA,1
@Mojogotmilk,nUxuCoqJzlA,1
@Navigata1,nUxuCoqJzlA,1
@R3ND3RR0R,nUxuCoqJzlA,4
@StabbyMcStabStab,nUxuCoqJzlA,1
@TheSheepDipped,nUxuCoqJzlA,1
@VFchizuru,nUxuCoqJzlA,1
@ZeNashB,nUxuCoqJzlA,1
@a.........1._.2..__..._.....__,nUxuCoqJzlA,1
@anonymeforliberty4387,nUxuCoqJzlA,2
@bestvexer,nUxuCoqJzlA,1
@bharathmadduri,nUxuCoqJzlA,1
@brunhildehipster3951,nUxuCoqJzlA,3
@desteban3uluaga,nUxuCoqJzlA,1
@fabioluisguerraferreira1682,nUxuCoqJzlA,1
@gilcd85,nUxuCoqJzlA,1
@grandtech1748,nUxuCoqJzlA,1
@hofimastah,nUxuCoqJzlA,1
@jamesf3801,nUxuCoqJzlA,3
@jaysidd,nUxuCoqJzlA,1
@jss672006,nUxuCoqJzlA,1
@komenskyborg,nUxuCoqJzlA,1
@l1v360,nUxuCoqJzlA,1
@theheatpipe,nUxuCoqJzlA,1
@timetraveler_0,nUxuCoqJzlA,1
@trendhouse6799,nUxuCoqJzlA,1
@10COLOUR,nWcEjZYeeVo,1
@1XO-03,nWcEjZYeeVo,1
@1YEARSGO,nWcEjZYeeVo,1
@ADITECH_BOSS,nWcEjZYeeVo,1
@AaronMukalay-j7t,nWcEjZYeeVo,1
@AbeselomGetachew,nWcEjZYeeVo,1
@Acrylicpainting25,nWcEjZYeeVo,1
@AdnanSami-u6k,nWcEjZYeeVo,1
@AdrianMusic-official,nWcEjZYeeVo,1
@AkbarKhan-fm3bz,nWcEjZYeeVo,1
@AmairaPatel-vw7iv,nWcEjZYeeVo,1
@AnkitaDutta-f3w,nWcEjZYeeVo,1
@ApkeFact_07,nWcEjZYeeVo,1
@AriyoErshadian,nWcEjZYeeVo,1
@Arslan78697,nWcEjZYeeVo,1
@Asadmazher4,nWcEjZYeeVo,1
@Ashish_gojiya_3663,nWcEjZYeeVo,1
@Ayeshaoffical585,nWcEjZYeeVo,1
@AyushMedatiya,nWcEjZYeeVo,1
@BOBZIEB,nWcEjZYeeVo,1
@BgmiCreator-j4d,nWcEjZYeeVo,1
@Bishalsubedivlogs,nWcEjZYeeVo,1
@Blogs_myra,nWcEjZYeeVo,1
@BongLuchcha97,nWcEjZYeeVo,1
@Cemaos_Webtoon,nWcEjZYeeVo,1
@China_vibes_tv1,nWcEjZYeeVo,1
@CpmKing1021,nWcEjZYeeVo,1
@Cristiano-Ronaldo1-m7y,nWcEjZYeeVo,1
@CyberSQUID9000,nWcEjZYeeVo,1
@Cybernursingequilíbriovital,nWcEjZYeeVo,1
@David-l1q5m,nWcEjZYeeVo,1
@Discoveringhistory-y3u,nWcEjZYeeVo,1
@DjGautamBashwariyaSimraungadh,nWcEjZYeeVo,1
@Djharigawnvlogs,nWcEjZYeeVo,1
@DreamCatcher_11.23,nWcEjZYeeVo,1
@Eicher4x,nWcEjZYeeVo,1
@Elkigo-p9w,nWcEjZYeeVo,1
@Eskeyking,nWcEjZYeeVo,1
@FFGamer30222,nWcEjZYeeVo,1
@FRIENDVLOG313,nWcEjZYeeVo,1
@FikrewoldeGenene,nWcEjZYeeVo,1
@FireGamar-si8mv,nWcEjZYeeVo,1
@FizanKhan-s6k,nWcEjZYeeVo,1
@FunTouch-y1k,nWcEjZYeeVo,1
@GrannyVR,nWcEjZYeeVo,1
@HaiderUsman-dh5nw,nWcEjZYeeVo,1
@Hamzatariq2196,nWcEjZYeeVo,1
@HarryEvans-p8x,nWcEjZYeeVo,1
@HatakèSinji,nWcEjZYeeVo,1
@Iam-h8b,nWcEjZYeeVo,1
@IswarChatterjee,nWcEjZYeeVo,1
@JASMEETSINGHVLOGS-21,nWcEjZYeeVo,1
@JaiGauMata-8811,nWcEjZYeeVo,1
@JakierHossen,nWcEjZYeeVo,1
@Jyoti_vlog-utttakhandi,nWcEjZYeeVo,1
@Karanbhavik,nWcEjZYeeVo,1
@Khushibanik74,nWcEjZYeeVo,1
@KidsCartoonVideos-i8m,nWcEjZYeeVo,1
@Lofiviberock,nWcEjZYeeVo,1
@Longshorts42,nWcEjZYeeVo,1
@Maashaktichoru562m,nWcEjZYeeVo,1
@Magictv789o,nWcEjZYeeVo,1
@MakeMoney-k2i,nWcEjZYeeVo,1
@Mamodo-ec2xx,nWcEjZYeeVo,1
@MarieMendou,nWcEjZYeeVo,1
@MdHasanIslam-om1tx,nWcEjZYeeVo,1
@MindBytes-yk4cg,nWcEjZYeeVo,1
@Minh36vlog,nWcEjZYeeVo,1
@MirjalolOtabekov-y3k,nWcEjZYeeVo,1
@Mouad-maroki,nWcEjZYeeVo,1
@MssThakor,nWcEjZYeeVo,1
@MubinaKhan011,nWcEjZYeeVo,1
@Murtaza__20iraq,nWcEjZYeeVo,1
@Muzamalmalik-m1t,nWcEjZYeeVo,1
@Naeemalisid-v5b,nWcEjZYeeVo,1
@NakimuliBridget-dt8dq,nWcEjZYeeVo,1
@NguyenHieu_535,nWcEjZYeeVo,1
@Official_surya_08-04,nWcEjZYeeVo,1
@OladepoAbibat-ow8by,nWcEjZYeeVo,1
@Oscar.c2004,nWcEjZYeeVo,1
@PROWORXmedia,nWcEjZYeeVo,1
@Pak_Facts.001,nWcEjZYeeVo,1
@Parasvaidya999,nWcEjZYeeVo,1
@Pawan_sahu0777-qp4lm,nWcEjZYeeVo,1
@Paws283,nWcEjZYeeVo,1
@PinkiRamPradhan,nWcEjZYeeVo,1
@Pratiksha1307,nWcEjZYeeVo,1
@Pratishwww,nWcEjZYeeVo,1
@R.G.Vitanov,nWcEjZYeeVo,1
@RONXK7-791,nWcEjZYeeVo,1
@RaganiUmesh,nWcEjZYeeVo,1
@RaviKumar_shayar_10k,nWcEjZYeeVo,1
@Rev-Quansah1,nWcEjZYeeVo,1
@RitulOfficialShortsFacts,nWcEjZYeeVo,1
@RoosGallery,nWcEjZYeeVo,1
@Rudra_ki_kalaa,nWcEjZYeeVo,1
@SAMYAS29,nWcEjZYeeVo,1
@SHADOWASMR10,nWcEjZYeeVo,1
@SHAFIWU-y5t,nWcEjZYeeVo,1
@SOULFULISLAM-f6i,nWcEjZYeeVo,1
@Sad__boy__chagala__143,nWcEjZYeeVo,1
@SameenaBegum-y1t,nWcEjZYeeVo,1
@Samu013ele,nWcEjZYeeVo,1
@SenyAlves.1,nWcEjZYeeVo,1
@Sewing996,nWcEjZYeeVo,1
@Sujan-ob5or,nWcEjZYeeVo,1
@TOONWORLD-YT08,nWcEjZYeeVo,1
@TailsPlayz010,nWcEjZYeeVo,1
@TechnoGamerzofficial-5,nWcEjZYeeVo,1
@TheNeon2010band,nWcEjZYeeVo,1
@TheProGoofy,nWcEjZYeeVo,1
@TuanAnh-tb6iw,nWcEjZYeeVo,1
@Ujjarkacha,nWcEjZYeeVo,1
@VuHaiAn98,nWcEjZYeeVo,1
@YVESPATRICKVAH,nWcEjZYeeVo,1
@YazidBb-s7i,nWcEjZYeeVo,1
@Youtube-Harshshukla,nWcEjZYeeVo,1
@YtBro-ke6sc,nWcEjZYeeVo,1
@YtOp-xe6st,nWcEjZYeeVo,1
@abgimon1.0,nWcEjZYeeVo,1
@anime_artist-c4g24sd24,nWcEjZYeeVo,1
@anishort-p3j,nWcEjZYeeVo,1
@annaduda3477,nWcEjZYeeVo,1
@anuragzff99,nWcEjZYeeVo,1
@aselkanatovna,nWcEjZYeeVo,1
@badmashgemini,nWcEjZYeeVo,1
@bangbang78-mobile,nWcEjZYeeVo,1
@banula_s_tech,nWcEjZYeeVo,1
@bendaoud856,nWcEjZYeeVo,1
@bhagaBhagaram-l5x,nWcEjZYeeVo,1
@bharatkasach7271,nWcEjZYeeVo,1
@bongD84806,nWcEjZYeeVo,1
@camarakhalifa,nWcEjZYeeVo,1
@cattech-12,nWcEjZYeeVo,1
@darly28blaise48,nWcEjZYeeVo,1
@deeplife5342,nWcEjZYeeVo,1
@different-life-u1i,nWcEjZYeeVo,1
@drian6669,nWcEjZYeeVo,1
@eastered,nWcEjZYeeVo,1
@ebro294,nWcEjZYeeVo,1
@ehiosuogboe3055,nWcEjZYeeVo,1
@elvish_hang_007,nWcEjZYeeVo,1
@fanda10,nWcEjZYeeVo,1
@filmfreelancer,nWcEjZYeeVo,1
@financeinformationhindi,nWcEjZYeeVo,1
@footballnexus23y,nWcEjZYeeVo,1
@gokuson8526,nWcEjZYeeVo,1
@gullzaibakram.,nWcEjZYeeVo,1
@haroonsandhujutt,nWcEjZYeeVo,1
@hermansinnoh8251,nWcEjZYeeVo,1
@hidayatfootwearmobail749,nWcEjZYeeVo,1
@indiecrypto,nWcEjZYeeVo,1
@its.randomshort,nWcEjZYeeVo,1
@izle.beyen1a,nWcEjZYeeVo,1
@jaat_Dj,nWcEjZYeeVo,1
@jac556,nWcEjZYeeVo,1
@jahangir.a98,nWcEjZYeeVo,1
@janvlogs-k2u,nWcEjZYeeVo,1
@jeyabashkaranj2182,nWcEjZYeeVo,1
@jojoandjoshua,nWcEjZYeeVo,1
@kellyfranck-kq4nv,nWcEjZYeeVo,1
@kennsrdev,nWcEjZYeeVo,1
@killgramgaming,nWcEjZYeeVo,1
@kingofaryan-t1i,nWcEjZYeeVo,1
@kiran-Saleem,nWcEjZYeeVo,1
@kyana_last,nWcEjZYeeVo,1
@magar-x5m,nWcEjZYeeVo,1
@mark_1_1_1_1,nWcEjZYeeVo,1
@mirandoteee,nWcEjZYeeVo,1
@moatax4199,nWcEjZYeeVo,1
@moeezcreations,nWcEjZYeeVo,1
@mrinaltazz96,nWcEjZYeeVo,1
@musayahaya-6234,nWcEjZYeeVo,1
@onegamer1749,nWcEjZYeeVo,1
@plopsafan1776,nWcEjZYeeVo,1
@pulsarbikerider,nWcEjZYeeVo,1
@ramkumarn.5581,nWcEjZYeeVo,1
@relaxing_music-et9ip,nWcEjZYeeVo,1
@rubeesgill3457,nWcEjZYeeVo,1
@sameeralakmal11,nWcEjZYeeVo,1
@sarojnisingh1148,nWcEjZYeeVo,1
@semko47,nWcEjZYeeVo,1
@sheronelijah,nWcEjZYeeVo,1
@ssab9063,nWcEjZYeeVo,1
@syedayan0u,nWcEjZYeeVo,1
@terrylajhon,nWcEjZYeeVo,1
@thebrickslayer8768,nWcEjZYeeVo,1
@tirthb,nWcEjZYeeVo,1
@tom_angelacat,nWcEjZYeeVo,1
@totiwar1798,nWcEjZYeeVo,1
@tseriesgamer8201,nWcEjZYeeVo,1
@wojciechorzechowski2211,nWcEjZYeeVo,1
@xiu-li,nWcEjZYeeVo,1
@yisbchsuc,nWcEjZYeeVo,1
@zain_ahsan,nWcEjZYeeVo,1
@zohanch3653,nWcEjZYeeVo,1
@şirinov_015,nWcEjZYeeVo,1
@Кроузан,nWcEjZYeeVo,1
@علیمهدوی-ج1ش,nWcEjZYeeVo,1
@佐々木倉道花,nWcEjZYeeVo,1
@12Soldieroffortune12,ntDIxaeo3Wg,1
@AABradyKK,ntDIxaeo3Wg,1
@AdolfDevSur,ntDIxaeo3Wg,1
@AdrianMoseley,ntDIxaeo3Wg,1
@AkiAkiV,ntDIxaeo3Wg,1
@AkunaDev,ntDIxaeo3Wg,1
@AndresCharry,ntDIxaeo3Wg,1
@AngelinaGokhale,ntDIxaeo3Wg,1
@Anna-u6s6f,ntDIxaeo3Wg,1
@ArseniyIvanov-p9h,ntDIxaeo3Wg,1
@AxisInt,ntDIxaeo3Wg,1
@BakariSoul,ntDIxaeo3Wg,1
@Bare.Frame.BF.z,ntDIxaeo3Wg,1
@BenjaminFranklinAcademyNH,ntDIxaeo3Wg,1
@Blackcatgfxx,ntDIxaeo3Wg,1
@BranGaming20,ntDIxaeo3Wg,1
@C4tey,ntDIxaeo3Wg,1
@CarlosMartinez-mj6cu,ntDIxaeo3Wg,1
@Carnivore69,ntDIxaeo3Wg,1
@ChienThien-ns4wr,ntDIxaeo3Wg,1
@ChimaNweke-q9x,ntDIxaeo3Wg,1
@Cleora-m9p,ntDIxaeo3Wg,1
@Cloude-Learn-h6c,ntDIxaeo3Wg,1
@CraciunAlexandruGh,ntDIxaeo3Wg,1
@Daniel-xaogjeyh,ntDIxaeo3Wg,1
@David-hc7bx,ntDIxaeo3Wg,1
@DharmikBadheka,ntDIxaeo3Wg,1
@Diego01201,ntDIxaeo3Wg,1
@DiegoAlejandroJaimeBaron,ntDIxaeo3Wg,1
@DonaldPlugge,ntDIxaeo3Wg,1
@Elshad_Gojayev,ntDIxaeo3Wg,1
@EricRDavid,ntDIxaeo3Wg,1
@Eyring.Brandon,ntDIxaeo3Wg,1
@ForwardToFifty,ntDIxaeo3Wg,1
@GaneshM-l9i,ntDIxaeo3Wg,1
@Ginoworkpm,ntDIxaeo3Wg,1
@GreyWoof64,ntDIxaeo3Wg,1
@GuanGuanly,ntDIxaeo3Wg,1
@GuanglinDu,ntDIxaeo3Wg,1
@H4KnSL4K,ntDIxaeo3Wg,1
@HarlanShelton-ly3br,ntDIxaeo3Wg,1
@IM-sk4wj,ntDIxaeo3Wg,1
@Infinitelymoved,ntDIxaeo3Wg,1
@Its_final,ntDIxaeo3Wg,1
@JeffAltemus,ntDIxaeo3Wg,1
@JoelDubey,ntDIxaeo3Wg,1
@KVKAutomates,ntDIxaeo3Wg,1
@KarthikSwamy-o5d,ntDIxaeo3Wg,1
@Kim-x5n7c,ntDIxaeo3Wg,1
@Kostis-u7v,ntDIxaeo3Wg,1
@Lapupoop,ntDIxaeo3Wg,1
@Lmn-b4o,ntDIxaeo3Wg,1
@MagicWok,ntDIxaeo3Wg,1
@Mcquendie,ntDIxaeo3Wg,1
@Midnight_Ramen_Theory,ntDIxaeo3Wg,1
@MisterPynk,ntDIxaeo3Wg,1
@Mr.Whiskers-o3l,ntDIxaeo3Wg,1
@MrPinyworld,ntDIxaeo3Wg,1
@MyFutureBusiness,ntDIxaeo3Wg,1
@NatsuDragneel-0507,ntDIxaeo3Wg,1
@NiRo_O,ntDIxaeo3Wg,1
@Nitroboba1,ntDIxaeo3Wg,1
@OpenSourceSpotlight,ntDIxaeo3Wg,1
@PawsBlue,ntDIxaeo3Wg,1
@PhilipElisa,ntDIxaeo3Wg,1
@PremChand-sb3vq,ntDIxaeo3Wg,1
@RichardVelozSalazar,ntDIxaeo3Wg,1
@SavannaBanana205,ntDIxaeo3Wg,1
@SayWhaaaaaaaaaaaaaaaaaaaaaaat,ntDIxaeo3Wg,1
@StephenHsiang,ntDIxaeo3Wg,1
@SumerS-j7e,ntDIxaeo3Wg,1
@TheEublepharis1,ntDIxaeo3Wg,1
@TheOnlyMainChannel,ntDIxaeo3Wg,1
@TheWebgecko,ntDIxaeo3Wg,1
@The_guy_from_Brazil,ntDIxaeo3Wg,1
@TiSIWO,ntDIxaeo3Wg,1
@TrophyNYC,ntDIxaeo3Wg,1
@UniverseBig-b1d,ntDIxaeo3Wg,1
@VoidXNetwork,ntDIxaeo3Wg,1
@Wackelstein1,ntDIxaeo3Wg,2
@Workpath_media_UK,ntDIxaeo3Wg,1
@Yfjgditddit,ntDIxaeo3Wg,1
@_isDev,ntDIxaeo3Wg,1
@aaronjameshorne,ntDIxaeo3Wg,1
@abdulsubhan4868,ntDIxaeo3Wg,1
@abhijeetsingh7202,ntDIxaeo3Wg,1
@adimassaa8353,ntDIxaeo3Wg,1
@adityahpatel,ntDIxaeo3Wg,1
@ai.aspirations,ntDIxaeo3Wg,1
@alexgeelan1789,ntDIxaeo3Wg,1
@alfdj5057,ntDIxaeo3Wg,1
@amazon5665,ntDIxaeo3Wg,1
@anaroidd7851,ntDIxaeo3Wg,1
@andreeadeac1382,ntDIxaeo3Wg,1
@ankushgattani,ntDIxaeo3Wg,1
@armvieri99,ntDIxaeo3Wg,1
@ashwathsrinivasan9720,ntDIxaeo3Wg,1
@autodriverPL,ntDIxaeo3Wg,1
@autohog,ntDIxaeo3Wg,2
@behnaz6513,ntDIxaeo3Wg,1
@benlong1062,ntDIxaeo3Wg,1
@bhuvneshkumra4938,ntDIxaeo3Wg,1
@bluesbasscovers,ntDIxaeo3Wg,1
@boost1438,ntDIxaeo3Wg,1
@brettfairbairn,ntDIxaeo3Wg,1
@brotherskutnu8585,ntDIxaeo3Wg,1
@callj8522,ntDIxaeo3Wg,1
@cpbimal,ntDIxaeo3Wg,1
@danieldesignsgames,ntDIxaeo3Wg,1
@dankogulsoy,ntDIxaeo3Wg,1
@davidminaei6764,ntDIxaeo3Wg,1
@delphiguy23,ntDIxaeo3Wg,1
@desertglowprints,ntDIxaeo3Wg,1
@diegodaly,ntDIxaeo3Wg,1
@dmitryshishov021,ntDIxaeo3Wg,1
@ducks742,ntDIxaeo3Wg,1
@edwarddizengoff8414,ntDIxaeo3Wg,1
@emics4696,ntDIxaeo3Wg,1
@entrepreneur724,ntDIxaeo3Wg,1
@erku9026,ntDIxaeo3Wg,1
@eudiogocarlos,ntDIxaeo3Wg,1
@everydaybeybladebattleswit1744,ntDIxaeo3Wg,1
@f5edy117,ntDIxaeo3Wg,1
@fergalkeaney1134,ntDIxaeo3Wg,1
@filipkolman3615,ntDIxaeo3Wg,1
@gabbym6192,ntDIxaeo3Wg,1
@habibmgadmi926,ntDIxaeo3Wg,1
@hankbalony,ntDIxaeo3Wg,1
@i11usion,ntDIxaeo3Wg,1
@iamjuliogerrard,ntDIxaeo3Wg,1
@ir0nsight280,ntDIxaeo3Wg,1
@j9raw,ntDIxaeo3Wg,1
@jacobrossdev,ntDIxaeo3Wg,1
@jalensmith2000,ntDIxaeo3Wg,1
@janscas,ntDIxaeo3Wg,1
@joachimauster,ntDIxaeo3Wg,1
@joaocapitao437,ntDIxaeo3Wg,1
@joenord,ntDIxaeo3Wg,1
@joeyp978,ntDIxaeo3Wg,2
@johnrayfield11,ntDIxaeo3Wg,1
@joyceannyap1934,ntDIxaeo3Wg,1
@juanmelena9058,ntDIxaeo3Wg,1
@katieburney2098,ntDIxaeo3Wg,1
@kdanisman,ntDIxaeo3Wg,1
@kevikiru,ntDIxaeo3Wg,1
@kingmike40,ntDIxaeo3Wg,1
@kpwhitfield1244,ntDIxaeo3Wg,1
@lave0524,ntDIxaeo3Wg,1
@lullilu2,ntDIxaeo3Wg,1
@majiddehbi9186,ntDIxaeo3Wg,1
@maninderkaur-w6d,ntDIxaeo3Wg,1
@manish15711,ntDIxaeo3Wg,1
@mariohidalgo1345,ntDIxaeo3Wg,1
@marrcins,ntDIxaeo3Wg,1
@maxusers,ntDIxaeo3Wg,1
@meowlengchia9568,ntDIxaeo3Wg,1
@miathorne_0,ntDIxaeo3Wg,1
@mincinoiu,ntDIxaeo3Wg,1
@mudassarmtz5993,ntDIxaeo3Wg,1
@muhannedalogaidi7877,ntDIxaeo3Wg,1
@naamarivlin599,ntDIxaeo3Wg,1
@nandaglhp,ntDIxaeo3Wg,1
@nayanghosh7100,ntDIxaeo3Wg,1
@nemesis0720,ntDIxaeo3Wg,1
@nick_moser,ntDIxaeo3Wg,1
@nielsentomazini,ntDIxaeo3Wg,1
@nileshjeram7540,ntDIxaeo3Wg,1
@oblivionnnn-y3v,ntDIxaeo3Wg,1
@ogpinoyraider2749,ntDIxaeo3Wg,1
@oleksandrboiko554,ntDIxaeo3Wg,1
@outsidethebox262,ntDIxaeo3Wg,1
@phyllis-h1l,ntDIxaeo3Wg,1
@prabhats860,ntDIxaeo3Wg,1
@queenawzq,ntDIxaeo3Wg,1
@realrelaxingsounds,ntDIxaeo3Wg,1
@rondesilva3077,ntDIxaeo3Wg,1
@salat,ntDIxaeo3Wg,1
@sameeshoncloud9,ntDIxaeo3Wg,1
@skid06,ntDIxaeo3Wg,1
@sotirisdepinto7519,ntDIxaeo3Wg,1
@spacextreme1,ntDIxaeo3Wg,1
@stachowi,ntDIxaeo3Wg,1
@stanislasdecock4698,ntDIxaeo3Wg,1
@stephenholt,ntDIxaeo3Wg,1
@tarajano1980,ntDIxaeo3Wg,1
@theronindev,ntDIxaeo3Wg,1
@thewatcher7699,ntDIxaeo3Wg,1
@treyditto8986,ntDIxaeo3Wg,1
@trinib1,ntDIxaeo3Wg,1
@troywest,ntDIxaeo3Wg,1
@user-nbfkxngjmyb,ntDIxaeo3Wg,1
@utilityy,ntDIxaeo3Wg,1
@vishwajeetsb694,ntDIxaeo3Wg,1
@vrajgajjar-cm7fq,ntDIxaeo3Wg,1
@xarakus,ntDIxaeo3Wg,1
@xenos321,ntDIxaeo3Wg,1
@yaredalmawAI-Y,ntDIxaeo3Wg,1
@yellowman617,ntDIxaeo3Wg,3
@yevasss3439,ntDIxaeo3Wg,1
@youraibulletin,ntDIxaeo3Wg,1
@zabesiddique8027,ntDIxaeo3Wg,1
@zarif-automates,ntDIxaeo3Wg,1
@ЅАВО,ntDIxaeo3Wg,1
@АлександрИгнатьев-р2у,ntDIxaeo3Wg,1
@江贤-w7c,ntDIxaeo3Wg,1
@20chocsaday,oDOaTakbKNI,1
@Acetyl53,oDOaTakbKNI,1
@AndrewRoberts11,oDOaTakbKNI,2
@AverageJoe-tu5sr,oDOaTakbKNI,1
@BerndFelsche,oDOaTakbKNI,3
@BobNobody-p6l,oDOaTakbKNI,1
@BrilliantBatgirl,oDOaTakbKNI,6
@CandyGramForMongo_,oDOaTakbKNI,1
@ChrisSeltzer,oDOaTakbKNI,1
@ComatoseMN,oDOaTakbKNI,2
@DavidtheSwarfer,oDOaTakbKNI,3
@DiabloMonk,oDOaTakbKNI,1
@EddyGurge,oDOaTakbKNI,1
@EthelbertCoyote,oDOaTakbKNI,1
@Fr33dan,oDOaTakbKNI,2
@GlenHHodges,oDOaTakbKNI,6
@GlennHamblin,oDOaTakbKNI,1
@GouRP2022,oDOaTakbKNI,1
@GregM,oDOaTakbKNI,1
@HelloKittyFanMan..,oDOaTakbKNI,11
@Intothefog4C52,oDOaTakbKNI,1
@JasonKjellberg,oDOaTakbKNI,1
@JeffRyman69,oDOaTakbKNI,1
@JibunnoKage-YouTube-Channel,oDOaTakbKNI,1
@Johan-rm6ec,oDOaTakbKNI,1
@JohnGodwin777,oDOaTakbKNI,1
@KameraShy,oDOaTakbKNI,3
@KillerSpud,oDOaTakbKNI,1
@Le3eFrereBrunet,oDOaTakbKNI,1
@LuisMontes,oDOaTakbKNI,1
@Mark-Lebowitz,oDOaTakbKNI,1
@McSlobo,oDOaTakbKNI,3
@MikeHoughtonasUnit8720,oDOaTakbKNI,1
@MrJohnShamelessaxe,oDOaTakbKNI,1
@NickSmuts42,oDOaTakbKNI,3
@Notyep1776,oDOaTakbKNI,1
@Peter_Booth,oDOaTakbKNI,1
@RARKNAZ1,oDOaTakbKNI,1
@RBLevin,oDOaTakbKNI,1
@RPrice_OG,oDOaTakbKNI,1
@Ranchhand320,oDOaTakbKNI,3
@RowdyDonnyDriver,oDOaTakbKNI,1
@Sipheren,oDOaTakbKNI,1
@SirArtanis7,oDOaTakbKNI,1
@Supercon57,oDOaTakbKNI,1
@Sylvan_dB,oDOaTakbKNI,1
@TheArtofEngineering,oDOaTakbKNI,1
@TheGreatAtario,oDOaTakbKNI,1
@TheWafflesalsa,oDOaTakbKNI,1
@TheYashakami,oDOaTakbKNI,1
@ThomasHaynes,oDOaTakbKNI,1
@TignMeg,oDOaTakbKNI,1
@TokkanFX,oDOaTakbKNI,1
@TylerSwarm,oDOaTakbKNI,1
@VE5SAR-Hamnetics,oDOaTakbKNI,1
@VideoGameDeveloper,oDOaTakbKNI,2
@VoiceInTheDarkness,oDOaTakbKNI,1
@WhiteDieselShed,oDOaTakbKNI,1
@Wizardess,oDOaTakbKNI,1
@WolfPeace82,oDOaTakbKNI,1
@ZlatkoTestDerkoskiTest,oDOaTakbKNI,1
@_zproxy,oDOaTakbKNI,1
@ad5mq,oDOaTakbKNI,1
@adfaklsdjf,oDOaTakbKNI,6
@aguilarvarsovian,oDOaTakbKNI,1
@alphabusinesscommunicatiio3733,oDOaTakbKNI,1
@amdenis,oDOaTakbKNI,1
@attribute-4677,oDOaTakbKNI,2
@barbaric3547,oDOaTakbKNI,1
@bastardferret869,oDOaTakbKNI,1
@begelston,oDOaTakbKNI,1
@billj5645,oDOaTakbKNI,1
@billytk1225,oDOaTakbKNI,1
@bmobert,oDOaTakbKNI,1
@bnewland1958,oDOaTakbKNI,2
@bonecircuit,oDOaTakbKNI,2
@briggsxstratton,oDOaTakbKNI,1
@btantlinger,oDOaTakbKNI,2
@bzert281,oDOaTakbKNI,1
@cageliner,oDOaTakbKNI,1
@calculusentropy,oDOaTakbKNI,1
@cbm_doomworld,oDOaTakbKNI,1
@chronixchaos7081,oDOaTakbKNI,1
@churblefurbles,oDOaTakbKNI,2
@craigfreeman9521,oDOaTakbKNI,1
@csengo70,oDOaTakbKNI,1
@cyborgcetacean,oDOaTakbKNI,1
@dahlia695,oDOaTakbKNI,1
@dalestevens8282,oDOaTakbKNI,1
@danlong1946,oDOaTakbKNI,1
@davetown,oDOaTakbKNI,1
@davidhawley1132,oDOaTakbKNI,4
@davidholder3207,oDOaTakbKNI,2
@dennyfox3139,oDOaTakbKNI,1
@derto8i,oDOaTakbKNI,1
@dougbas3980,oDOaTakbKNI,2
@dyson9422,oDOaTakbKNI,1
@eddie5484,oDOaTakbKNI,1
@electricstoner,oDOaTakbKNI,1
@elel928,oDOaTakbKNI,1
@endintiers,oDOaTakbKNI,1
@erobbyd,oDOaTakbKNI,1
@evankalbach9985,oDOaTakbKNI,1
@ezvic420,oDOaTakbKNI,1
@frankkaplan5811,oDOaTakbKNI,1
@fromgermany271,oDOaTakbKNI,1
@gladiumcaeli,oDOaTakbKNI,1
@gregrice1354,oDOaTakbKNI,2
@groundedmike,oDOaTakbKNI,1
@gsestream,oDOaTakbKNI,1
@henrygoogleplus457,oDOaTakbKNI,1
@incandescentwithrage,oDOaTakbKNI,2
@jamessauve2419,oDOaTakbKNI,1
@jdilksjr,oDOaTakbKNI,1
@jdonwells,oDOaTakbKNI,1
@jeffreykalb9752,oDOaTakbKNI,1
@jim_hewes,oDOaTakbKNI,2
@joeblow8047,oDOaTakbKNI,1
@joeuser1858,oDOaTakbKNI,1
@joseoncrack,oDOaTakbKNI,1
@jporterz2873,oDOaTakbKNI,1
@jtwhite2084,oDOaTakbKNI,1
@kaba_me,oDOaTakbKNI,2
@keiichicom7891,oDOaTakbKNI,2
@kenniejp23,oDOaTakbKNI,2
@kjrehberg,oDOaTakbKNI,1
@kymcha,oDOaTakbKNI,1
@laser-sj,oDOaTakbKNI,2
@llmcoder,oDOaTakbKNI,1
@macartm,oDOaTakbKNI,1
@mark36ngnt44,oDOaTakbKNI,1
@markellis7961,oDOaTakbKNI,1
@markusmcgee,oDOaTakbKNI,1
@martindooley4439,oDOaTakbKNI,1
@michaelflood5951,oDOaTakbKNI,1
@michaelhillpot,oDOaTakbKNI,1
@michaelkaercher,oDOaTakbKNI,1
@michaellangwaller,oDOaTakbKNI,1
@mizrachayit,oDOaTakbKNI,1
@mojloginjuzzajety4071,oDOaTakbKNI,1
@mswalsh68,oDOaTakbKNI,1
@mytechnotalent,oDOaTakbKNI,1
@nathanharris7500,oDOaTakbKNI,2
@necronom,oDOaTakbKNI,1
@neolithicnewbie,oDOaTakbKNI,5
@nerdobject5351,oDOaTakbKNI,1
@nhzxboi,oDOaTakbKNI,1
@nicobar44,oDOaTakbKNI,1
@nikodemus21,oDOaTakbKNI,1
@noko-f3e,oDOaTakbKNI,1
@nyckid,oDOaTakbKNI,1
@oliverw.douglas285,oDOaTakbKNI,1
@oysteinsoreide4323,oDOaTakbKNI,1
@palladini9718,oDOaTakbKNI,1
@pavelperina7629,oDOaTakbKNI,1
@penvzila,oDOaTakbKNI,1
@perplearner,oDOaTakbKNI,1
@puregameplay4243,oDOaTakbKNI,1
@qtrax100,oDOaTakbKNI,2
@rayl6599,oDOaTakbKNI,1
@redtetrahedron,oDOaTakbKNI,1
@rfowkes1185,oDOaTakbKNI,1
@rhodaborrocks1654,oDOaTakbKNI,1
@roberthealey7238,oDOaTakbKNI,2
@ronm6585,oDOaTakbKNI,1
@s2t4i6n9e,oDOaTakbKNI,2
@saitamataipei9586,oDOaTakbKNI,1
@seanburke997,oDOaTakbKNI,1
@sguttag,oDOaTakbKNI,1
@shyfilmmaker,oDOaTakbKNI,1
@solabiblia,oDOaTakbKNI,1
@spartanboxing1,oDOaTakbKNI,1
@springford9511,oDOaTakbKNI,2
@stephenrichards3221,oDOaTakbKNI,1
@stevebradshaw6178,oDOaTakbKNI,1
@steveedmunds1050,oDOaTakbKNI,1
@stuart4858,oDOaTakbKNI,1
@sumikomei,oDOaTakbKNI,1
@tefrenatgmail,oDOaTakbKNI,1
@therealknewman,oDOaTakbKNI,1
@timstevens3361,oDOaTakbKNI,1
@toby9999,oDOaTakbKNI,3
@tpaine666,oDOaTakbKNI,1
@unhinged-menagerie,oDOaTakbKNI,1
@uploadJ,oDOaTakbKNI,1
@velzekt,oDOaTakbKNI,1
@10ffkaka,ocMOZpuAMw4,1
@1993r33gtst,ocMOZpuAMw4,1
@2025Ödevler,ocMOZpuAMw4,1
@AMindGame,ocMOZpuAMw4,1
@Abdirizakmoho-m6c,ocMOZpuAMw4,1
@AbuBakr1,ocMOZpuAMw4,1
@AliSajidCS,ocMOZpuAMw4,1
@AlirezaHoushmand-g7y,ocMOZpuAMw4,1
@AlmogYosef520,ocMOZpuAMw4,1
@AmmarTheTrainer,ocMOZpuAMw4,1
@Amtermater,ocMOZpuAMw4,1
@ArmenAgaronian,ocMOZpuAMw4,1
@Astral100,ocMOZpuAMw4,1
@BL-zq7vd,ocMOZpuAMw4,1
@BaeristaVR,ocMOZpuAMw4,1
@BamaPatriot61,ocMOZpuAMw4,1
@Bambiestudio,ocMOZpuAMw4,1
@BillBrutzman,ocMOZpuAMw4,1
@ChargedPulsar,ocMOZpuAMw4,1
@CristhianMurcia-s1y,ocMOZpuAMw4,2
@Davestulsabuybacks,ocMOZpuAMw4,2
@David-im1fp,ocMOZpuAMw4,1
@DievestorsNeverLearn,ocMOZpuAMw4,1
@Dor-l7k,ocMOZpuAMw4,1
@FarangFiftyOne,ocMOZpuAMw4,1
@G-Pie,ocMOZpuAMw4,2
@Go.flexrcords,ocMOZpuAMw4,1
@GreyHatCartel,ocMOZpuAMw4,1
@IAPCI-r5e,ocMOZpuAMw4,1
@IngaPrikule,ocMOZpuAMw4,1
@IsraeliteLife,ocMOZpuAMw4,1
@ItSamiraclelol,ocMOZpuAMw4,2
@Jdekbws,ocMOZpuAMw4,1
@JerryAgenyi,ocMOZpuAMw4,1
@Jonathan-ru9zl,ocMOZpuAMw4,1
@JānisGrīnvalds,ocMOZpuAMw4,1
@KSanthoshkumarV,ocMOZpuAMw4,1
@KattKingston,ocMOZpuAMw4,1
@LetsFactCheck-j3v,ocMOZpuAMw4,1
@LucyChristine-wq8jr,ocMOZpuAMw4,1
@MarceloNunesPOA,ocMOZpuAMw4,1
@Moe-os4qr,ocMOZpuAMw4,1
@Moustafa_MM,ocMOZpuAMw4,1
@MuutasimMohamed,ocMOZpuAMw4,1
@Mvrck44,ocMOZpuAMw4,1
@NervusEnergy,ocMOZpuAMw4,1
@Nik-rx9rj,ocMOZpuAMw4,1
@Nubsnivel,ocMOZpuAMw4,1
@Olaf-y5v,ocMOZpuAMw4,1
@Omar-Farhat,ocMOZpuAMw4,1
@PapaGioConfessions,ocMOZpuAMw4,1
@Segually,ocMOZpuAMw4,1
@ShakiizWrOficial,ocMOZpuAMw4,1
@ShamimCodes,ocMOZpuAMw4,1
@StanislavPozdnyakov,ocMOZpuAMw4,1
@SuperJV4x,ocMOZpuAMw4,1
@TechWithTim,ocMOZpuAMw4,4
@TheTechFai,ocMOZpuAMw4,1
@ThinkcodeAI-h1d,ocMOZpuAMw4,1
@Tilo_123,ocMOZpuAMw4,1
@TochStyle,ocMOZpuAMw4,1
@Tony-j9v8t,ocMOZpuAMw4,1
@TruongHoangQuang-,ocMOZpuAMw4,1
@UnderstandingIslamNow,ocMOZpuAMw4,1
@VasaMusic438,ocMOZpuAMw4,1
@VectorAlphaSec,ocMOZpuAMw4,1
@Vis-zh3vs,ocMOZpuAMw4,1
@WIMMYY,ocMOZpuAMw4,1
@WaffleWaffles,ocMOZpuAMw4,1
@Wako_san91,ocMOZpuAMw4,1
@YT.WillArcher,ocMOZpuAMw4,1
@YogeshJadhav-f2n,ocMOZpuAMw4,1
@_rkrd,ocMOZpuAMw4,1
@adammackintosh9645,ocMOZpuAMw4,1
@adityaabhiram1230,ocMOZpuAMw4,1
@agathambrose,ocMOZpuAMw4,1
@ahmadbiztech,ocMOZpuAMw4,1
@ahmadgazzz,ocMOZpuAMw4,1
@ahmedabdellatif2152,ocMOZpuAMw4,1
@aidengonzalez8073,ocMOZpuAMw4,1
@akmalshukri8667,ocMOZpuAMw4,1
@alexanderbock7460,ocMOZpuAMw4,1
@andre_bella,ocMOZpuAMw4,1
@andyvarella6336,ocMOZpuAMw4,1
@anmjubaer,ocMOZpuAMw4,1
@anuragojha124,ocMOZpuAMw4,1
@aoccza7,ocMOZpuAMw4,1
@asghar_lotfi,ocMOZpuAMw4,1
@asrn1739,ocMOZpuAMw4,1
@avrieldilfuizza4902,ocMOZpuAMw4,1
@b7wL9cJk3,ocMOZpuAMw4,1
@babayodamisa2655,ocMOZpuAMw4,1
@bambinoesu,ocMOZpuAMw4,1
@bcycleafrica8857,ocMOZpuAMw4,1
@bestofallkp,ocMOZpuAMw4,1
@bhavanavallepu05,ocMOZpuAMw4,1
@bjay6054,ocMOZpuAMw4,1
@blankslate6393,ocMOZpuAMw4,2
@bloggyboo,ocMOZpuAMw4,1
@bobfluencer,ocMOZpuAMw4,1
@buchangas,ocMOZpuAMw4,1
@buddysteve5543,ocMOZpuAMw4,3
@carlomatiga,ocMOZpuAMw4,1
@coolnameproductions2180,ocMOZpuAMw4,1
@dabroad4086,ocMOZpuAMw4,1
@danielleivy8180,ocMOZpuAMw4,1
@dannyng370,ocMOZpuAMw4,2
@davereviewsyt,ocMOZpuAMw4,1
@devin_leary,ocMOZpuAMw4,1
@devnull0x01,ocMOZpuAMw4,1
@dinorossi6611,ocMOZpuAMw4,2
@ditz3ntech,ocMOZpuAMw4,1
@downtown9508,ocMOZpuAMw4,1
@e555t66,ocMOZpuAMw4,1
@edddw1601,ocMOZpuAMw4,1
@edmMusicIsLife443,ocMOZpuAMw4,1
@elixer_prince,ocMOZpuAMw4,2
@emil8367,ocMOZpuAMw4,1
@ethanartworks1737,ocMOZpuAMw4,1
@eugenepark,ocMOZpuAMw4,1
@expwithkem,ocMOZpuAMw4,1
@fahadnaveed8641,ocMOZpuAMw4,1
@fdasazevedo,ocMOZpuAMw4,1
@firdous_dev_guy,ocMOZpuAMw4,1
@flippercode,ocMOZpuAMw4,1
@ftwtf,ocMOZpuAMw4,1
@fudgesauce,ocMOZpuAMw4,1
@gaming-la3nah810,ocMOZpuAMw4,1
@garrymacphee8328,ocMOZpuAMw4,1
@gayanchaminda2207,ocMOZpuAMw4,1
@gazallee,ocMOZpuAMw4,1
@gecsus,ocMOZpuAMw4,1
@glorytoIAM,ocMOZpuAMw4,1
@godzilla8540,ocMOZpuAMw4,1
@haidersyed6554,ocMOZpuAMw4,1
@hamedjafari5539,ocMOZpuAMw4,1
@haneulkim4902,ocMOZpuAMw4,1
@historyred-w6m,ocMOZpuAMw4,1
@iSyx.,ocMOZpuAMw4,1
@ibnuhajarulinnuha6288,ocMOZpuAMw4,1
@imajay786,ocMOZpuAMw4,1
@infernovictores2483,ocMOZpuAMw4,1
@itsmeben604,ocMOZpuAMw4,1
@jakepiz,ocMOZpuAMw4,1
@jason2224jb,ocMOZpuAMw4,1
@jeffbarnhart6441,ocMOZpuAMw4,1
@jeromecamus4660,ocMOZpuAMw4,1
@jesuslovesyou-i1u,ocMOZpuAMw4,2
@jimmythepagina7989,ocMOZpuAMw4,1
@jjmarcos,ocMOZpuAMw4,1
@jorgesandoval4602,ocMOZpuAMw4,1
@jowadulkader9006,ocMOZpuAMw4,1
@kamaleshpramanik7645,ocMOZpuAMw4,1
@kedidjein,ocMOZpuAMw4,1
@keinsent,ocMOZpuAMw4,1
@khalifabadir8211,ocMOZpuAMw4,1
@klol7957,ocMOZpuAMw4,1
@kokila221,ocMOZpuAMw4,1
@komidawi,ocMOZpuAMw4,1
@kotlinModder,ocMOZpuAMw4,1
@kuldeep4yt,ocMOZpuAMw4,1
@lampucoklat,ocMOZpuAMw4,1
@lamtranpartners_,ocMOZpuAMw4,1
@lassiecoder,ocMOZpuAMw4,1
@life_score,ocMOZpuAMw4,1
@lmn-npl,ocMOZpuAMw4,1
@luislhsc1,ocMOZpuAMw4,1
@manuuppal8798,ocMOZpuAMw4,1
@marciemusa1507,ocMOZpuAMw4,1
@markpatrickmullen7905,ocMOZpuAMw4,1
@markymate9617,ocMOZpuAMw4,1
@matthewhatch9871,ocMOZpuAMw4,1
@mattwest2050,ocMOZpuAMw4,1
@minevicg,ocMOZpuAMw4,1
@missameliafrancis,ocMOZpuAMw4,1
@mohammmedarkiaq,ocMOZpuAMw4,1
@mrwebman2.0,ocMOZpuAMw4,1
@mtvmousetelevision,ocMOZpuAMw4,1
@myhendry,ocMOZpuAMw4,1
@newprogrammer-xo8yf,ocMOZpuAMw4,1
@nimblerich,ocMOZpuAMw4,1
@now_or_never_07,ocMOZpuAMw4,1
@olanpinto358,ocMOZpuAMw4,1
@omerutkuerzengin3061,ocMOZpuAMw4,1
@oranahh,ocMOZpuAMw4,1
@oscar.arroliga,ocMOZpuAMw4,1
@oshadhaedirisinghe1455,ocMOZpuAMw4,1
@othmanaljbory3649,ocMOZpuAMw4,1
@otnarps,ocMOZpuAMw4,1
@pakalupapito3202,ocMOZpuAMw4,1
@paulroberts8799,ocMOZpuAMw4,1
@paulswift6302,ocMOZpuAMw4,1
@pavelnikulin2366,ocMOZpuAMw4,1
@peterholzer98,ocMOZpuAMw4,1
@petitsebastien6697,ocMOZpuAMw4,1
@plutopulp,ocMOZpuAMw4,1
@poyrazuzun61,ocMOZpuAMw4,1
@profesorr4938,ocMOZpuAMw4,1
@rachel2046,ocMOZpuAMw4,1
@remydk,ocMOZpuAMw4,1
@richard2845,ocMOZpuAMw4,1
@rosarioborgesi,ocMOZpuAMw4,1
@rrrrranch,ocMOZpuAMw4,1
@runerocker3194,ocMOZpuAMw4,1
@sagarpraveen-n6z,ocMOZpuAMw4,2
@samanvithasr1427,ocMOZpuAMw4,1
@sammysamuelsammies,ocMOZpuAMw4,1
@sayantaniguha8519,ocMOZpuAMw4,1
@scififan698,ocMOZpuAMw4,1
@seasoned593,ocMOZpuAMw4,1
@setnop2307,ocMOZpuAMw4,1
@shabgard7h,ocMOZpuAMw4,1
@shahramshaygani2407,ocMOZpuAMw4,1
@stanislavhristakiev1881,ocMOZpuAMw4,1
@thanazio,ocMOZpuAMw4,1
@thebowerbirdcollective-au,ocMOZpuAMw4,1
@thisbridgehascables,ocMOZpuAMw4,1
@tjb465,ocMOZpuAMw4,1
@tribalwhispers,ocMOZpuAMw4,1
@useronetwothree-z6f,ocMOZpuAMw4,1
@uv5455,ocMOZpuAMw4,1
@vulkanosaure,ocMOZpuAMw4,1
@vytorbrb3568,ocMOZpuAMw4,1
@williamarias815,ocMOZpuAMw4,1
@winwithai-2026,ocMOZpuAMw4,1
@xarakus,ocMOZpuAMw4,1
@xiu-li,ocMOZpuAMw4,1
@ydoucare55,ocMOZpuAMw4,1
@yellowman617,ocMOZpuAMw4,1
@yourwatchingmawaka,ocMOZpuAMw4,1
@zenchannel_,ocMOZpuAMw4,1
@zeonos,ocMOZpuAMw4,1
@zizouyoussef7944,ocMOZpuAMw4,1
@釋義,ocMOZpuAMw4,1
@1stOfThaMonth,ocQ7ZKhHU5Q,1
@AdamMeuli,ocQ7ZKhHU5Q,1
@Affan-o7r,ocQ7ZKhHU5Q,1
@AkshayPossible7123,ocQ7ZKhHU5Q,1
@AmeadEshpari,ocQ7ZKhHU5Q,1
@BOBLAF88,ocQ7ZKhHU5Q,1
@BenKraal,ocQ7ZKhHU5Q,1
@Boluggg,ocQ7ZKhHU5Q,1
@BrandonCamerer,ocQ7ZKhHU5Q,1
@BrianScotland,ocQ7ZKhHU5Q,1
@CJNC4,ocQ7ZKhHU5Q,1
@ChirpatGaming,ocQ7ZKhHU5Q,1
@CodysGuideToAI,ocQ7ZKhHU5Q,1
@CorEsan,ocQ7ZKhHU5Q,1
@CowLevel-r5z,ocQ7ZKhHU5Q,1
@CraigRispin-Futurist,ocQ7ZKhHU5Q,1
@Cyb3rSag3,ocQ7ZKhHU5Q,1
@D3zRmz,ocQ7ZKhHU5Q,1
@DJSterf,ocQ7ZKhHU5Q,1
@Dmac4362,ocQ7ZKhHU5Q,1
@Eddie-gb3bn,ocQ7ZKhHU5Q,1
@El_Espada,ocQ7ZKhHU5Q,1
@EpicDev12,ocQ7ZKhHU5Q,1
@Ervgotti31,ocQ7ZKhHU5Q,1
@FederalReserveOfOpioids,ocQ7ZKhHU5Q,1
@GamewizDeluxe,ocQ7ZKhHU5Q,1
@GideonMaree,ocQ7ZKhHU5Q,1
@GoblinSnacks-c6v,ocQ7ZKhHU5Q,1
@HeresMo,ocQ7ZKhHU5Q,1
@IMAWSOME9,ocQ7ZKhHU5Q,1
@Icyy-n8n,ocQ7ZKhHU5Q,1
@IvanRosaT,ocQ7ZKhHU5Q,1
@JacobCapper,ocQ7ZKhHU5Q,1
@JamieJhouston,ocQ7ZKhHU5Q,1
@Jivs90,ocQ7ZKhHU5Q,1
@Joachimrye,ocQ7ZKhHU5Q,1
@JohnDoe-be2nb,ocQ7ZKhHU5Q,1
@KUEHMOO,ocQ7ZKhHU5Q,1
@KenTradesICT,ocQ7ZKhHU5Q,1
@KevinNicholas-d3r,ocQ7ZKhHU5Q,1
@KingRecycle69,ocQ7ZKhHU5Q,1
@Kobelco1452,ocQ7ZKhHU5Q,1
@LemanBeats,ocQ7ZKhHU5Q,1
@LisaSame,ocQ7ZKhHU5Q,1
@LouisBeaumont-p6i,ocQ7ZKhHU5Q,1
@LupuAlex,ocQ7ZKhHU5Q,1
@Manichouseai,ocQ7ZKhHU5Q,1
@MartySkibosh,ocQ7ZKhHU5Q,1
@MattBowling-un4mr,ocQ7ZKhHU5Q,1
@Mr.Samodien,ocQ7ZKhHU5Q,2
@MrSilesrafael,ocQ7ZKhHU5Q,1
@Nele_BiH,ocQ7ZKhHU5Q,1
@NetworkChuck,ocQ7ZKhHU5Q,1
@NigmaSix,ocQ7ZKhHU5Q,1
@NihatMesimzade-e4p,ocQ7ZKhHU5Q,1
@OpenSourceSpotlight,ocQ7ZKhHU5Q,1
@PabloBablo-d4u5b,ocQ7ZKhHU5Q,1
@Policiano,ocQ7ZKhHU5Q,1
@RakshiYuvaraj,ocQ7ZKhHU5Q,1
@RanShalit,ocQ7ZKhHU5Q,1
@Rkcuddles,ocQ7ZKhHU5Q,1
@RobertJuniorDowny,ocQ7ZKhHU5Q,1
@RolandoLewis,ocQ7ZKhHU5Q,1
@RonSheely,ocQ7ZKhHU5Q,1
@SamChicquen,ocQ7ZKhHU5Q,1
@Shyne7886,ocQ7ZKhHU5Q,1
@SinchanAntonio,ocQ7ZKhHU5Q,1
@SteVanPvt,ocQ7ZKhHU5Q,1
@Sterlinxvii,ocQ7ZKhHU5Q,1
@Sunny-303x,ocQ7ZKhHU5Q,1
@SuperNoneoftheabove,ocQ7ZKhHU5Q,1
@TahirG-h2d,ocQ7ZKhHU5Q,1
@Technikfussel_Elias,ocQ7ZKhHU5Q,1
@TheGruian,ocQ7ZKhHU5Q,1
@Timinix,ocQ7ZKhHU5Q,1
@TomVanSeveren-j1r,ocQ7ZKhHU5Q,1
@Topo_Bear,ocQ7ZKhHU5Q,1
@TyDarapiza,ocQ7ZKhHU5Q,1
@Unineil,ocQ7ZKhHU5Q,1
@Venicord,ocQ7ZKhHU5Q,1
@Werwolf89,ocQ7ZKhHU5Q,1
@YngstrPhat,ocQ7ZKhHU5Q,1
@YuvalBenjamin,ocQ7ZKhHU5Q,1
@_sonicfive,ocQ7ZKhHU5Q,1
@abdullahsadiq-i7s,ocQ7ZKhHU5Q,1
@ahmeddavids8634,ocQ7ZKhHU5Q,1
@alanbell9564,ocQ7ZKhHU5Q,1
@alstonbarretto,ocQ7ZKhHU5Q,1
@andreslira2736,ocQ7ZKhHU5Q,1
@andreygorbenko7785,ocQ7ZKhHU5Q,1
@antek_st,ocQ7ZKhHU5Q,1
@aslankhmaisy1597,ocQ7ZKhHU5Q,1
@average_youtube_person100,ocQ7ZKhHU5Q,1
@avfactsindia,ocQ7ZKhHU5Q,1
@ayanmaity2605,ocQ7ZKhHU5Q,1
@barryevans1067,ocQ7ZKhHU5Q,1
@bestjammer,ocQ7ZKhHU5Q,1
@bevanzenti,ocQ7ZKhHU5Q,1
@billj.5440,ocQ7ZKhHU5Q,1
@bluebloodredwolf,ocQ7ZKhHU5Q,1
@carlos-og9ll,ocQ7ZKhHU5Q,1
@charleskrueger5523,ocQ7ZKhHU5Q,1
@chrissym8611,ocQ7ZKhHU5Q,1
@christopherstodghill1171,ocQ7ZKhHU5Q,1
@cmacpher2009,ocQ7ZKhHU5Q,1
@danc9291,ocQ7ZKhHU5Q,1
@davidberry8463,ocQ7ZKhHU5Q,1
@deanhogbin7798,ocQ7ZKhHU5Q,1
@deathbyninja11,ocQ7ZKhHU5Q,1
@devaSUSstudy,ocQ7ZKhHU5Q,1
@eb37fnrcty19,ocQ7ZKhHU5Q,1
@eddiezubu,ocQ7ZKhHU5Q,1
@edithavalos16,ocQ7ZKhHU5Q,1
@efijeremiah,ocQ7ZKhHU5Q,1
@efikkert,ocQ7ZKhHU5Q,1
@ehm-wg8pd,ocQ7ZKhHU5Q,1
@emera1750,ocQ7ZKhHU5Q,1
@emilianofernandezcervantes4042,ocQ7ZKhHU5Q,1
@enmanuel_,ocQ7ZKhHU5Q,1
@epiren,ocQ7ZKhHU5Q,1
@exilethejungle,ocQ7ZKhHU5Q,1
@exossss,ocQ7ZKhHU5Q,2
@fernando_her85,ocQ7ZKhHU5Q,1
@francaeosguri,ocQ7ZKhHU5Q,1
@frantzbazile1554,ocQ7ZKhHU5Q,1
@freedomlivingteam1525,ocQ7ZKhHU5Q,1
@fsport5.0,ocQ7ZKhHU5Q,1
@garyingle7440,ocQ7ZKhHU5Q,1
@geinge82,ocQ7ZKhHU5Q,1
@gowthamkodali,ocQ7ZKhHU5Q,1
@gregorymullins8873,ocQ7ZKhHU5Q,1
@guyfbx,ocQ7ZKhHU5Q,1
@henriquecorrea6850,ocQ7ZKhHU5Q,1
@infyy77,ocQ7ZKhHU5Q,1
@investradelearn,ocQ7ZKhHU5Q,1
@jamesLG1,ocQ7ZKhHU5Q,1
@jamesanderson5629,ocQ7ZKhHU5Q,1
@jayesh_15,ocQ7ZKhHU5Q,1
@jefferyeckhoff5271,ocQ7ZKhHU5Q,1
@jkimrey,ocQ7ZKhHU5Q,1
@joeygarcia4277,ocQ7ZKhHU5Q,1
@johnvardy9559,ocQ7ZKhHU5Q,1
@jonasa7704,ocQ7ZKhHU5Q,1
@jonnycage2435,ocQ7ZKhHU5Q,1
@juicyiscoolcrxxx,ocQ7ZKhHU5Q,1
@justinb217,ocQ7ZKhHU5Q,1
@justinray6570,ocQ7ZKhHU5Q,1
@karmadrone6647,ocQ7ZKhHU5Q,1
@kevinalmeida5347,ocQ7ZKhHU5Q,1
@kidd142,ocQ7ZKhHU5Q,1
@kjabasini,ocQ7ZKhHU5Q,1
@kyamagerojeremiah,ocQ7ZKhHU5Q,1
@lasantiagoa,ocQ7ZKhHU5Q,1
@levityone,ocQ7ZKhHU5Q,1
@lightwavesmediastudios,ocQ7ZKhHU5Q,1
@limpqizbuit,ocQ7ZKhHU5Q,1
@lrdmnki,ocQ7ZKhHU5Q,1
@mariop310,ocQ7ZKhHU5Q,1
@mattkrapf2124,ocQ7ZKhHU5Q,1
@maxxwellwalt,ocQ7ZKhHU5Q,1
@michaelwassef1203,ocQ7ZKhHU5Q,1
@midnightrainlofi-1,ocQ7ZKhHU5Q,1
@moomoo5198,ocQ7ZKhHU5Q,1
@mynameisnobody1386,ocQ7ZKhHU5Q,1
@natikameen7325,ocQ7ZKhHU5Q,1
@nftforest951,ocQ7ZKhHU5Q,1
@nickdj4612,ocQ7ZKhHU5Q,1
@nissestordiau,ocQ7ZKhHU5Q,1
@no_______one,ocQ7ZKhHU5Q,1
@nolastowe,ocQ7ZKhHU5Q,1
@patrickpuma,ocQ7ZKhHU5Q,1
@pickle9703,ocQ7ZKhHU5Q,1
@pravinjohn-j5y,ocQ7ZKhHU5Q,1
@reder3189,ocQ7ZKhHU5Q,1
@ripEZ-theog,ocQ7ZKhHU5Q,1
@rogue11788,ocQ7ZKhHU5Q,1
@rohitpawar3603,ocQ7ZKhHU5Q,1
@sagar-kale,ocQ7ZKhHU5Q,1
@sakost,ocQ7ZKhHU5Q,2
@samiurias,ocQ7ZKhHU5Q,1
@seethruhead7119,ocQ7ZKhHU5Q,1
@selvaKumaresra,ocQ7ZKhHU5Q,1
@shanes.6227,ocQ7ZKhHU5Q,1
@sob3ygrime,ocQ7ZKhHU5Q,1
@softcoda,ocQ7ZKhHU5Q,1
@somethingsomeone5440,ocQ7ZKhHU5Q,1
@srvictorbatista,ocQ7ZKhHU5Q,1
@stevegarland4307,ocQ7ZKhHU5Q,1
@stouser1296,ocQ7ZKhHU5Q,1
@svampefett,ocQ7ZKhHU5Q,1
@swaysfamilyadventures1264,ocQ7ZKhHU5Q,1
@swiss_crypto6596,ocQ7ZKhHU5Q,1
@tarkanbulut4492,ocQ7ZKhHU5Q,1
@techtechnique4875,ocQ7ZKhHU5Q,1
@teebmaseej9742,ocQ7ZKhHU5Q,2
@toddmartin9023,ocQ7ZKhHU5Q,1
@torbenzeuge1031,ocQ7ZKhHU5Q,1
@trevorbotha3548,ocQ7ZKhHU5Q,1
@triXtyle,ocQ7ZKhHU5Q,1
@twn2rbo,ocQ7ZKhHU5Q,1
@vegaleonardo,ocQ7ZKhHU5Q,1
@x-xGODFATHERx-x,ocQ7ZKhHU5Q,1
@xandf,ocQ7ZKhHU5Q,1
@عبوديعبودي-س1ظ,ocQ7ZKhHU5Q,1
@AIToolSquare,onVn-lnHZ9s,1
@AamirFarooq,onVn-lnHZ9s,1
@AbdulrhmanKb,onVn-lnHZ9s,1
@AbodemhmdAzar,onVn-lnHZ9s,1
@AnittaYatthaisong,onVn-lnHZ9s,1
@Ariccio123,onVn-lnHZ9s,1
@AtitChhetri-kp3mc,onVn-lnHZ9s,1
@ChaymaCv,onVn-lnHZ9s,1
@DecemberNames,onVn-lnHZ9s,1
@ElvisHernandez-py7pr,onVn-lnHZ9s,1
@FajerAlhamed-t6j,onVn-lnHZ9s,1
@KhalifamuhammadTafida-z3t,onVn-lnHZ9s,1
@MakunaHatata-d3m,onVn-lnHZ9s,1
@MhamadAlali-tv8fz,onVn-lnHZ9s,1
@MohanadSulaiman-q2x,onVn-lnHZ9s,1
@MonalisaCabotaje-w1u,onVn-lnHZ9s,1
@NaikGanesh-t1z,onVn-lnHZ9s,1
@NarendraMahanta-j2p5f,onVn-lnHZ9s,1
@SlemanAessa,onVn-lnHZ9s,1
@Wasem_r6,onVn-lnHZ9s,1
@aahilkk31,onVn-lnHZ9s,1
@arianagushi6168,onVn-lnHZ9s,1
@bbs32,onVn-lnHZ9s,1
@ccvv2625,onVn-lnHZ9s,1
@chandankumarMrchandankumar-e5u,onVn-lnHZ9s,1
@chlvrs,onVn-lnHZ9s,1
@darkomuj,onVn-lnHZ9s,1
@dhannusinghdee,onVn-lnHZ9s,1
@hrock7558,onVn-lnHZ9s,1
@pranjalmandavkar9179,onVn-lnHZ9s,1
@sagarnarote9353,onVn-lnHZ9s,1
@sameersingh790,onVn-lnHZ9s,1
@sathamhussain9252,onVn-lnHZ9s,1
@solihinsan,onVn-lnHZ9s,1
@zapy422,onVn-lnHZ9s,1
@AlexandraWilliams-lp6qc,pR7FfNWjEe8,1
@AtikuSalihu-e4c,pR7FfNWjEe8,1
@AviOz-i2h,pR7FfNWjEe8,1
@BG0178,pR7FfNWjEe8,1
@Cat-m8m9y,pR7FfNWjEe8,1
@Crazy1Clive,pR7FfNWjEe8,1
@Dylan-mo9fq,pR7FfNWjEe8,1
@Faww-Q,pR7FfNWjEe8,1
@GeetanjaliPusapati123,pR7FfNWjEe8,1
@IshanJoshi-n9v,pR7FfNWjEe8,1
@KellyWei-x5l6c,pR7FfNWjEe8,1
@MrISHANJOSHI,pR7FfNWjEe8,1
@QueLastima,pR7FfNWjEe8,2
@QuiChiYang2,pR7FfNWjEe8,1
@SuccessMindset2180,pR7FfNWjEe8,1
@airawat5856,pR7FfNWjEe8,1
@apeforceone1789,pR7FfNWjEe8,1
@asankapathirana,pR7FfNWjEe8,1
@bobanmilisavljevic420,pR7FfNWjEe8,1
@dvn8ter,pR7FfNWjEe8,1
@foreverman-ai-certified,pR7FfNWjEe8,1
@jeffcrume,pR7FfNWjEe8,11
@kent_calvin,pR7FfNWjEe8,1
@kushkushmango,pR7FfNWjEe8,1
@michaeljean-jacques7413,pR7FfNWjEe8,1
@mohamedatef6,pR7FfNWjEe8,1
@mr.peabody3509,pR7FfNWjEe8,1
@nijatrzayev9962,pR7FfNWjEe8,1
@nimishagarwal3883,pR7FfNWjEe8,1
@otegirma,pR7FfNWjEe8,1
@sangatdhanda48,pR7FfNWjEe8,1
@shekujabbie7506,pR7FfNWjEe8,1
@snigdhachourasia8403,pR7FfNWjEe8,1
@sssubarusss,pR7FfNWjEe8,1
@stanleyyao2461,pR7FfNWjEe8,1
@summer.breeze22,pR7FfNWjEe8,1
@techchanx,pR7FfNWjEe8,1
@the_xcrown,pR7FfNWjEe8,1
@tyrojames9937,pR7FfNWjEe8,1
@zax01,pR7FfNWjEe8,1
@流言-v6n,pR7FfNWjEe8,1
@AngusMayer-i6w,pvMGRSZJ4Jw,1
@Biglu193,pvMGRSZJ4Jw,1
@Carter_W83,pvMGRSZJ4Jw,1
@CodeWithVibeCoder,pvMGRSZJ4Jw,1
@Codevolution,pvMGRSZJ4Jw,3
@DanielHarry-od6ny,pvMGRSZJ4Jw,1
@FriedWiFi-99,pvMGRSZJ4Jw,1
@Gemax-hope,pvMGRSZJ4Jw,1
@HazelZoe-i8x,pvMGRSZJ4Jw,1
@SajeMohammed,pvMGRSZJ4Jw,1
@WhizPill,pvMGRSZJ4Jw,1
@_Redu,pvMGRSZJ4Jw,1
@adimardev1550,pvMGRSZJ4Jw,1
@aliahad-com,pvMGRSZJ4Jw,1
@atabakfakhouri5599,pvMGRSZJ4Jw,1
@dragonballmysteries7580,pvMGRSZJ4Jw,1
@goldeeenn,pvMGRSZJ4Jw,1
@gonewild6596,pvMGRSZJ4Jw,1
@jeffreykenoandutan2086,pvMGRSZJ4Jw,1
@joemathan6101,pvMGRSZJ4Jw,1
@john_doe_2231,pvMGRSZJ4Jw,1
@juhandvan,pvMGRSZJ4Jw,1
@knightshift8137,pvMGRSZJ4Jw,1
@komal_menaria,pvMGRSZJ4Jw,1
@lipmichal,pvMGRSZJ4Jw,1
@maddyc-p8z,pvMGRSZJ4Jw,1
@mest4201,pvMGRSZJ4Jw,1
@nikita_poyr,pvMGRSZJ4Jw,1
@nimbalyst,pvMGRSZJ4Jw,1
@raghavenderkuppireddy7158,pvMGRSZJ4Jw,1
@saikgamingproductions,pvMGRSZJ4Jw,1
@simphiwenhlabati4971,pvMGRSZJ4Jw,1
@solutionsforyou100,pvMGRSZJ4Jw,1
@srimani5189,pvMGRSZJ4Jw,1
@sylar7780,pvMGRSZJ4Jw,1
@thualfiqar87,pvMGRSZJ4Jw,1
@vishnumu5417,pvMGRSZJ4Jw,1
@vjimmers1,pvMGRSZJ4Jw,1
@120devida,qYqIhX9hTQk,1
@5hadRak,qYqIhX9hTQk,1
@AdityaSharma-rp7ry,qYqIhX9hTQk,1
@AnkitJaiswal1201,qYqIhX9hTQk,1
@ArhamAmiin,qYqIhX9hTQk,1
@ArvindhKalirajan,qYqIhX9hTQk,1
@AtiqurRahman-cm7di,qYqIhX9hTQk,1
@Banana-1241,qYqIhX9hTQk,1
@Bosbit007,qYqIhX9hTQk,1
@ChristofferHilton,qYqIhX9hTQk,3
@Commentsaremyown,qYqIhX9hTQk,1
@CoolF-jd7rr,qYqIhX9hTQk,1
@Coolbreez3,qYqIhX9hTQk,1
@CreateTravelTV,qYqIhX9hTQk,1
@CyperPol5000,qYqIhX9hTQk,1
@DZlAmir,qYqIhX9hTQk,1
@Dailydrops-cloud,qYqIhX9hTQk,1
@Desilokk001,qYqIhX9hTQk,1
@EasyGoingOne,qYqIhX9hTQk,1
@EdwardLeeson-cf6sy,qYqIhX9hTQk,1
@ElevateAutimationSolutions,qYqIhX9hTQk,1
@Environomics.,qYqIhX9hTQk,1
@Freddiechavira,qYqIhX9hTQk,1
@FromDesertTown,qYqIhX9hTQk,1
@GharacDurac,qYqIhX9hTQk,1
@HessLTD,qYqIhX9hTQk,1
@ILTOMBA,qYqIhX9hTQk,1
@Infinityhoops1111,qYqIhX9hTQk,1
@Itsuu.,qYqIhX9hTQk,1
@JeffreyAdams-kt5gv,qYqIhX9hTQk,1
@KarthikSwamy-o5d,qYqIhX9hTQk,1
@Kpchan112,qYqIhX9hTQk,1
@LM-ty8xg,qYqIhX9hTQk,1
@LOLLOF90,qYqIhX9hTQk,1
@LeatheryTendons,qYqIhX9hTQk,1
@LifeofTariq,qYqIhX9hTQk,1
@LittleManBigWorld-r1x,qYqIhX9hTQk,1
@Lucassherry-l1y,qYqIhX9hTQk,1
@MFG2738,qYqIhX9hTQk,1
@MHaugum,qYqIhX9hTQk,1
@MarinaWyssAI,qYqIhX9hTQk,1
@Mathew-Maged,qYqIhX9hTQk,1
@MohitChawla-br8rs,qYqIhX9hTQk,1
@MohitGujarati-l5f,qYqIhX9hTQk,1
@MordorsEye,qYqIhX9hTQk,1
@MrPastich3,qYqIhX9hTQk,2
@NickRomanek,qYqIhX9hTQk,1
@NoureddineChammakhi,qYqIhX9hTQk,1
@Ozh,qYqIhX9hTQk,1
@RahmanDigitalAgency,qYqIhX9hTQk,1
@Richard_Vidzz,qYqIhX9hTQk,1
@RickardApps,qYqIhX9hTQk,2
@Rivenix,qYqIhX9hTQk,1
@SaahilNaik,qYqIhX9hTQk,2
@Shockingshorts3,qYqIhX9hTQk,1
@Sikaros,qYqIhX9hTQk,1
@SreejaNair-711,qYqIhX9hTQk,1
@SuperPhexx,qYqIhX9hTQk,1
@TechWithTim,qYqIhX9hTQk,6
@TidsEpok,qYqIhX9hTQk,1
@TimBauerTT,qYqIhX9hTQk,1
@Tony-m1t1i,qYqIhX9hTQk,1
@UnchainedSky,qYqIhX9hTQk,1
@VictorAithen,qYqIhX9hTQk,1
@Wackelstein1,qYqIhX9hTQk,2
@WithRakshith,qYqIhX9hTQk,1
@aashwinsharma1859,qYqIhX9hTQk,1
@abdulrahmanabunabhan4919,qYqIhX9hTQk,1
@akileshreddy2150,qYqIhX9hTQk,1
@alex_wip,qYqIhX9hTQk,1
@alexandermoev9395,qYqIhX9hTQk,1
@alvarojunco9362,qYqIhX9hTQk,1
@android89ua,qYqIhX9hTQk,1
@antoniorecku487,qYqIhX9hTQk,1
@artmen1516,qYqIhX9hTQk,1
@aspargo.brasil,qYqIhX9hTQk,1
@atharvamogade,qYqIhX9hTQk,1
@avidwivedi840,qYqIhX9hTQk,1
@boostedbrogg9490,qYqIhX9hTQk,1
@bradparks1788,qYqIhX9hTQk,1
@calendil,qYqIhX9hTQk,1
@calmanoya,qYqIhX9hTQk,1
@catofdeepblack,qYqIhX9hTQk,1
@colorbassdoggo365,qYqIhX9hTQk,1
@copycatz6170,qYqIhX9hTQk,1
@cosmic-minds-origin,qYqIhX9hTQk,1
@crashfellow82,qYqIhX9hTQk,1
@danhorea33,qYqIhX9hTQk,1
@danillohenriquedeoliveiram9246,qYqIhX9hTQk,1
@dannytruong4425,qYqIhX9hTQk,3
@databridgeconsultants9163,qYqIhX9hTQk,1
@donsudduth,qYqIhX9hTQk,1
@eegreyy,qYqIhX9hTQk,1
@enough-sx3ki,qYqIhX9hTQk,1
@fabianvieri1907,qYqIhX9hTQk,1
@fabricetheodore7180,qYqIhX9hTQk,1
@fathallahwael529,qYqIhX9hTQk,1
@fformentif,qYqIhX9hTQk,1
@firefeature45,qYqIhX9hTQk,1
@fromagetriste,qYqIhX9hTQk,2
@g33kadi,qYqIhX9hTQk,1
@gab-n6g,qYqIhX9hTQk,1
@gavinparker5084,qYqIhX9hTQk,1
@gdn5001,qYqIhX9hTQk,1
@georgelza,qYqIhX9hTQk,1
@gerardvazquezai,qYqIhX9hTQk,1
@giovannifrancesco3344,qYqIhX9hTQk,1
@gobettsie8964,qYqIhX9hTQk,2
@haidersyed6554,qYqIhX9hTQk,1
@hpabhishek679,qYqIhX9hTQk,1
@inanitas,qYqIhX9hTQk,3
@ishaanmagon6663,qYqIhX9hTQk,1
@jacerchetoui709,qYqIhX9hTQk,1
@jaldwe,qYqIhX9hTQk,1
@jamiewilliams5121,qYqIhX9hTQk,1
@jaredpaul6877,qYqIhX9hTQk,1
@jeffclark5268,qYqIhX9hTQk,2
@jihokim9759,qYqIhX9hTQk,1
@jimtenn8857,qYqIhX9hTQk,1
@jurknu,qYqIhX9hTQk,1
@k.ashwinkumar7800,qYqIhX9hTQk,1
@kevinakl1092,qYqIhX9hTQk,1
@knimofi,qYqIhX9hTQk,1
@krishancj,qYqIhX9hTQk,1
@kumarvivek02,qYqIhX9hTQk,1
@leebrendalee,qYqIhX9hTQk,1
@leisiyox,qYqIhX9hTQk,1
@lightsaberr_C3PO,qYqIhX9hTQk,1
@lucasmarchiori2102,qYqIhX9hTQk,2
@lucassong6460,qYqIhX9hTQk,1
@luisdanielmesa,qYqIhX9hTQk,1
@marioh5172,qYqIhX9hTQk,1
@martinemond1207,qYqIhX9hTQk,2
@marwataha8943,qYqIhX9hTQk,1
@mdhasanshaikh28,qYqIhX9hTQk,1
@mengseay1450,qYqIhX9hTQk,1
@moavopatal,qYqIhX9hTQk,1
@moonlightsupernova,qYqIhX9hTQk,1
@n55tourist32,qYqIhX9hTQk,1
@nachoKrinkle,qYqIhX9hTQk,1
@noamshmil4842,qYqIhX9hTQk,1
@nonethelessBuff,qYqIhX9hTQk,1
@omoisesmelo,qYqIhX9hTQk,1
@oneasterisk4703,qYqIhX9hTQk,1
@orsova9054,qYqIhX9hTQk,2
@pamelapicota,qYqIhX9hTQk,1
@petterjonasson655,qYqIhX9hTQk,1
@pfabiszewski,qYqIhX9hTQk,3
@philanthonyuk,qYqIhX9hTQk,1
@prostekalorie,qYqIhX9hTQk,1
@qadeer_digital_services,qYqIhX9hTQk,1
@rapid1010,qYqIhX9hTQk,1
@ravenfire77,qYqIhX9hTQk,1
@ricorodriguez2733,qYqIhX9hTQk,1
@rohansachdeva627,qYqIhX9hTQk,1
@sachithjayalath9127,qYqIhX9hTQk,1
@saharyarmohammadtoosky,qYqIhX9hTQk,1
@salmanzafar42,qYqIhX9hTQk,1
@samgreaves8038,qYqIhX9hTQk,1
@saxi384,qYqIhX9hTQk,2
@seungyeoplee8079,qYqIhX9hTQk,1
@sewinvicta9274,qYqIhX9hTQk,1
@shangguan09,qYqIhX9hTQk,1
@shrunkensimon,qYqIhX9hTQk,1
@shubhamdevkota9651,qYqIhX9hTQk,2
@sid98geek,qYqIhX9hTQk,1
@spacewanderern,qYqIhX9hTQk,1
@stayreadyto3dprint,qYqIhX9hTQk,4
@sweetjobs,qYqIhX9hTQk,5
@t.p8190,qYqIhX9hTQk,1
@theaverageitdad4021,qYqIhX9hTQk,2
@thisisbrians,qYqIhX9hTQk,1
@trader_mist,qYqIhX9hTQk,2
@trock536,qYqIhX9hTQk,1
@twincenter9332,qYqIhX9hTQk,1
@username-oz6gz,qYqIhX9hTQk,1
@vibhanshusharma3150,qYqIhX9hTQk,1
@vinovici3204,qYqIhX9hTQk,1
@wolfgangmcgregor,qYqIhX9hTQk,1
@xawqe1,qYqIhX9hTQk,1
@zachbarna9525,qYqIhX9hTQk,1
@zahraarcher,qYqIhX9hTQk,1
@zx-sy1qh,qYqIhX9hTQk,1
@AIStackEngineer,qbV1kQgT4ck,1
@Noob-oc1wp,qbV1kQgT4ck,1
@atulkumar_zip,qbV1kQgT4ck,1
@0x29aNull,ql56K3sveqo,1
@1993dana15,ql56K3sveqo,1
@2Deep.,ql56K3sveqo,1
@AjalaEniola-f5i,ql56K3sveqo,1
@Aomicplane,ql56K3sveqo,1
@Autotrope,ql56K3sveqo,1
@AydenC77,ql56K3sveqo,1
@BairdJonJViyron,ql56K3sveqo,1
@BardOfThothApollon,ql56K3sveqo,1
@BestClaws,ql56K3sveqo,1
@BrainboxccGames,ql56K3sveqo,1
@Bu1lock,ql56K3sveqo,1
@Buildwith_sonia,ql56K3sveqo,1
@CalmSteve,ql56K3sveqo,1
@Coinfox,ql56K3sveqo,1
@CyberAlstor21,ql56K3sveqo,1
@Datadynamo-v1j,ql56K3sveqo,1
@Drkekw,ql56K3sveqo,2
@EclipseAnimates,ql56K3sveqo,1
@FPChris,ql56K3sveqo,1
@FaridSharby,ql56K3sveqo,1
@FarmerBoyio,ql56K3sveqo,1
@Fikar-e-Farda,ql56K3sveqo,1
@FreakyFriday-xg4pp,ql56K3sveqo,1
@ITGamerR-idk,ql56K3sveqo,1
@JForrestFisher--76,ql56K3sveqo,1
@JamesGarvintheGrue,ql56K3sveqo,1
@Jesus_Christ_1985,ql56K3sveqo,1
@KirinFire96,ql56K3sveqo,1
@LemuriaGames,ql56K3sveqo,1
@LolUGotBusted,ql56K3sveqo,1
@Lurking4eva,ql56K3sveqo,1
@Michael_Tabet,ql56K3sveqo,1
@Mish.hustles,ql56K3sveqo,1
@Mowuniverse,ql56K3sveqo,1
@MsMoonDragoon,ql56K3sveqo,1
@NFCompany-l7q,ql56K3sveqo,1
@NapKanT,ql56K3sveqo,1
@NightRunner417,ql56K3sveqo,1
@NullChannel12,ql56K3sveqo,1
@NuraddinBabayev-r5f,ql56K3sveqo,1
@OdotJdot,ql56K3sveqo,1
@OldManSparkplug,ql56K3sveqo,1
@PKFat,ql56K3sveqo,1
@Patrick_Lee_Zepeda,ql56K3sveqo,1
@PencakeO_O,ql56K3sveqo,1
@PlaymeoffSia,ql56K3sveqo,1
@PratayKarali,ql56K3sveqo,1
@Proud_banda,ql56K3sveqo,1
@PsychoEkan,ql56K3sveqo,1
@Radant-m2e,ql56K3sveqo,1
@Raghubiotech,ql56K3sveqo,1
@RoninTheOpossum,ql56K3sveqo,1
@RyansStories,ql56K3sveqo,1
@Rytharr,ql56K3sveqo,1
@S13Reborn,ql56K3sveqo,1
@Saeef2Md,ql56K3sveqo,1
@Savior1911,ql56K3sveqo,1
@Sdpro-d8o,ql56K3sveqo,1
@SeanJacksonTutorials,ql56K3sveqo,1
@ShamFaultman,ql56K3sveqo,1
@Shawbslol,ql56K3sveqo,1
@ShubhamSinghYoutube,ql56K3sveqo,1
@Silva_6_6,ql56K3sveqo,1
@SuperSpod,ql56K3sveqo,1
@SuperbMuffin,ql56K3sveqo,1
@Swiftgringo,ql56K3sveqo,1
@T_Mo271,ql56K3sveqo,1
@Temmyalter,ql56K3sveqo,1
@TheKiwiKlick,ql56K3sveqo,1
@TheMiccoliGroup,ql56K3sveqo,1
@TheOuroborosLoop,ql56K3sveqo,1
@TheRealOGstudios,ql56K3sveqo,1
@TylerMcNamer,ql56K3sveqo,1
@Unk_Cash,ql56K3sveqo,1
@WorseThanWorthlessLoser,ql56K3sveqo,1
@abhishekgourav6144,ql56K3sveqo,1
@algonix11,ql56K3sveqo,1
@alihanmangalov1263,ql56K3sveqo,1
@allisterforest1842,ql56K3sveqo,1
@alsoeris,ql56K3sveqo,1
@amolchaudhari6080,ql56K3sveqo,1
@angelmelendez365,ql56K3sveqo,2
@aniellodimeglio8369,ql56K3sveqo,1
@anikapt8728,ql56K3sveqo,1
@antonjoubert6980,ql56K3sveqo,1
@asdboohah,ql56K3sveqo,1
@ashu-p4m3z,ql56K3sveqo,1
@baronsengir187,ql56K3sveqo,1
@bendarmor12,ql56K3sveqo,1
@benedixtify,ql56K3sveqo,1
@buildwithjhyrom,ql56K3sveqo,1
@buildwithnads,ql56K3sveqo,1
@c3holland,ql56K3sveqo,1
@canadiancreed1,ql56K3sveqo,1
@cbernier3,ql56K3sveqo,1
@charlesmagno_us,ql56K3sveqo,1
@chibuikemonwu_obi-jd9mv,ql56K3sveqo,1
@chrisdleroux,ql56K3sveqo,1
@chrispolk6648,ql56K3sveqo,1
@craigjiggy,ql56K3sveqo,1
@createwroman,ql56K3sveqo,1
@def750_person,ql56K3sveqo,1
@dmitripogosian5084,ql56K3sveqo,1
@dudemannxs,ql56K3sveqo,1
@dwm1795,ql56K3sveqo,2
@dydek007,ql56K3sveqo,1
@earningwithliv,ql56K3sveqo,1
@eating.mangoes,ql56K3sveqo,1
@feerz,ql56K3sveqo,1
@firstcome5740,ql56K3sveqo,1
@getskill3270,ql56K3sveqo,1
@ghetto02143,ql56K3sveqo,1
@glurp1er,ql56K3sveqo,1
@h4rm0n1c,ql56K3sveqo,1
@hari_reddy,ql56K3sveqo,1
@hitbox7422,ql56K3sveqo,1
@ianofliverpool7701,ql56K3sveqo,1
@improvisedchaos8904,ql56K3sveqo,1
@islamabouelata6575,ql56K3sveqo,1
@j0n0n0n3,ql56K3sveqo,1
@jaywulf,ql56K3sveqo,1
@joaoluis654,ql56K3sveqo,1
@joefloyd5766,ql56K3sveqo,1
@jordanpaulee,ql56K3sveqo,1
@jorty.,ql56K3sveqo,1
@julius_fucking_cesar,ql56K3sveqo,1
@jurgle31337,ql56K3sveqo,1
@justicesportsman6020,ql56K3sveqo,1
@kbf2023,ql56K3sveqo,1
@keyliannys,ql56K3sveqo,1
@khkhkhkhkhkhkhkhkhkhkh,ql56K3sveqo,1
@kristianfernbratt2480,ql56K3sveqo,1
@kurtnelle,ql56K3sveqo,1
@lizard_girl,ql56K3sveqo,1
@lostmeme9862,ql56K3sveqo,1
@lpaydat,ql56K3sveqo,1
@m.fantasma7508,ql56K3sveqo,1
@maksipuk17,ql56K3sveqo,1
@markur3138,ql56K3sveqo,1
@matt39581,ql56K3sveqo,1
@mattiafioresi6692,ql56K3sveqo,1
@mcspud,ql56K3sveqo,1
@megane1315,ql56K3sveqo,1
@mikeanderson1810,ql56K3sveqo,1
@minademian,ql56K3sveqo,2
@mklinger23,ql56K3sveqo,1
@mr.snaji.7,ql56K3sveqo,1
@mrfadel,ql56K3sveqo,1
@msc8382,ql56K3sveqo,1
@mybrainbroke2.0,ql56K3sveqo,1
@nakr123,ql56K3sveqo,1
@neo_7864,ql56K3sveqo,1
@neoqueto,ql56K3sveqo,1
@nethermann,ql56K3sveqo,1
@nkosanasiyothula,ql56K3sveqo,1
@nlingrel,ql56K3sveqo,1
@og__arin,ql56K3sveqo,1
@okanime1,ql56K3sveqo,1
@ozybot1330,ql56K3sveqo,1
@padcom,ql56K3sveqo,1
@patrickheney9201,ql56K3sveqo,1
@pauljackson5515,ql56K3sveqo,1
@peresasera535,ql56K3sveqo,1
@phill6859,ql56K3sveqo,1
@pokemercenary6511,ql56K3sveqo,1
@polarfamily6222,ql56K3sveqo,1
@prabhakarmishra9061,ql56K3sveqo,1
@pricerep33ify,ql56K3sveqo,1
@rockstarjazzcat,ql56K3sveqo,1
@rohmadkurniadi1540,ql56K3sveqo,1
@rubydevilofficial,ql56K3sveqo,1
@sakalasiva,ql56K3sveqo,1
@sarablancosays,ql56K3sveqo,1
@savantofillusions,ql56K3sveqo,1
@savantskie,ql56K3sveqo,1
@scienceandmathHandle,ql56K3sveqo,1
@sepsmusic,ql56K3sveqo,1
@sethwright2518,ql56K3sveqo,1
@sophietheaussie,ql56K3sveqo,1
@squidly2112,ql56K3sveqo,1
@startheretashmir,ql56K3sveqo,1
@tami6867,ql56K3sveqo,1
@techcenter1696,ql56K3sveqo,1
@tester3x,ql56K3sveqo,1
@thedataburger,ql56K3sveqo,1
@thedevgangmx,ql56K3sveqo,1
@thenextlayer,ql56K3sveqo,1
@thevashfan12392,ql56K3sveqo,1
@tombonner2799,ql56K3sveqo,1
@tonypalmentera7752,ql56K3sveqo,1
@urbandecay3436,ql56K3sveqo,1
@veronicaguarrera,ql56K3sveqo,1
@veronicarodriguez8094,ql56K3sveqo,1
@vossie-1980,ql56K3sveqo,1
@warrenrross,ql56K3sveqo,1
@wezzaster,ql56K3sveqo,1
@xh3435,ql56K3sveqo,1
@zjin_99,ql56K3sveqo,1
@МакарошкиСПюрешкой,ql56K3sveqo,1
@44mn,rp5EwOogWEw,1
@64jcl,rp5EwOogWEw,1
@AFistfulOf4K,rp5EwOogWEw,2
@Akgis32,rp5EwOogWEw,1
@AlexShurenberg,rp5EwOogWEw,1
@AliMousavi-DE,rp5EwOogWEw,1
@Amanlovespython,rp5EwOogWEw,8
@Andrew_FX,rp5EwOogWEw,1
@AndyPS,rp5EwOogWEw,1
@AnythingGodamnit,rp5EwOogWEw,1
@ArdaKaraduman,rp5EwOogWEw,1
@Art_fun5,rp5EwOogWEw,2
@Ayumu31,rp5EwOogWEw,1
@BelfaraNet-r8j,rp5EwOogWEw,1
@Benjamin-vx2ot,rp5EwOogWEw,2
@Blocked-g1v,rp5EwOogWEw,1
@Bob-Gee,rp5EwOogWEw,1
@BroncoMampfer,rp5EwOogWEw,1
@CaleMcCollough,rp5EwOogWEw,2
@Chex_Mex,rp5EwOogWEw,1
@ChristopherVanZetta,rp5EwOogWEw,2
@CoolioBeans,rp5EwOogWEw,1
@CosmicReef,rp5EwOogWEw,2
@DJ-Music-on-arm,rp5EwOogWEw,1
@DannyNilsson,rp5EwOogWEw,1
@DaoudMclovin,rp5EwOogWEw,1
@DerekRhoads,rp5EwOogWEw,2
@DoppsPkin,rp5EwOogWEw,1
@DriReo,rp5EwOogWEw,1
@EvelynHong-b2z,rp5EwOogWEw,1
@FPChris,rp5EwOogWEw,1
@FadoGhani,rp5EwOogWEw,1
@FloydMeetsClassical,rp5EwOogWEw,1
@Goldmaster,rp5EwOogWEw,1
@ITAngel,rp5EwOogWEw,1
@Jaron-Wilson,rp5EwOogWEw,1
@JesseBarkley-w9h,rp5EwOogWEw,1
@JubayerAhmedZubu,rp5EwOogWEw,1
@Kaboomnz,rp5EwOogWEw,1
@Karlfoo5773,rp5EwOogWEw,1
@Kireita,rp5EwOogWEw,1
@KyGnomestead,rp5EwOogWEw,1
@MaheshJoshi_wellington,rp5EwOogWEw,1
@MarcoGähler,rp5EwOogWEw,2
@MarkFromSomeplace,rp5EwOogWEw,2
@MarmaladeMoe,rp5EwOogWEw,1
@MikeMayori,rp5EwOogWEw,1
@MissingReports,rp5EwOogWEw,1
@Mobin92,rp5EwOogWEw,1
@NekoMizus,rp5EwOogWEw,1
@NocturnePigeon,rp5EwOogWEw,1
@NovaGameGuides,rp5EwOogWEw,1
@NuVibeFM,rp5EwOogWEw,1
@OpenSourceSpotlight,rp5EwOogWEw,2
@PascualCora,rp5EwOogWEw,1
@Pickerelweed,rp5EwOogWEw,1
@Pinebaron-1,rp5EwOogWEw,1
@Queracus,rp5EwOogWEw,1
@RiccardoVisione,rp5EwOogWEw,1
@Sajal89,rp5EwOogWEw,1
@SamuelPortela,rp5EwOogWEw,1
@Samwise_genji,rp5EwOogWEw,1
@Sanozukez,rp5EwOogWEw,1
@Sm1Ling_man,rp5EwOogWEw,1
@SocratesWasRight,rp5EwOogWEw,1
@TalpaDK,rp5EwOogWEw,2
@TedThomasTT,rp5EwOogWEw,1
@TenyoaMorales,rp5EwOogWEw,1
@TheKyroMan,rp5EwOogWEw,1
@Thewaseempk,rp5EwOogWEw,1
@Thor_Asgard_,rp5EwOogWEw,1
@ToddMichaelTV,rp5EwOogWEw,1
@TurboUnderpantsVR,rp5EwOogWEw,1
@US-Air-Forces,rp5EwOogWEw,1
@UltimoLucas,rp5EwOogWEw,1
@V100X,rp5EwOogWEw,1
@Vantrakter,rp5EwOogWEw,1
@ViniciusCorreia,rp5EwOogWEw,1
@VioFax,rp5EwOogWEw,1
@Vovka1759_Watch,rp5EwOogWEw,1
@X-101,rp5EwOogWEw,1
@YTBot47,rp5EwOogWEw,2
@YosophAhmed,rp5EwOogWEw,1
@Yuri-wk8rk,rp5EwOogWEw,1
@_Redu,rp5EwOogWEw,2
@aaronberson8086,rp5EwOogWEw,1
@absabs6742,rp5EwOogWEw,1
@ahmedfarrag2602,rp5EwOogWEw,1
@aleksdeveloper698,rp5EwOogWEw,1
@alessandroblue7,rp5EwOogWEw,2
@alexd3206,rp5EwOogWEw,1
@aliakseilasevich3553,rp5EwOogWEw,1
@allanschramm,rp5EwOogWEw,1
@andrebystrom,rp5EwOogWEw,1
@ankit249,rp5EwOogWEw,1
@anotherelvis,rp5EwOogWEw,1
@artetl,rp5EwOogWEw,1
@banicans5299,rp5EwOogWEw,1
@beetleberries2,rp5EwOogWEw,1
@bertilorickardspelar,rp5EwOogWEw,1
@bestjammer,rp5EwOogWEw,1
@billybbob18,rp5EwOogWEw,1
@billyolsson3340,rp5EwOogWEw,1
@bnolsen,rp5EwOogWEw,1
@bragmore,rp5EwOogWEw,1
@brainiac_entity,rp5EwOogWEw,1
@carlosaragonpelayo674,rp5EwOogWEw,1
@cavinrauch,rp5EwOogWEw,1
@chesterman18g,rp5EwOogWEw,4
@christianmorgan3940,rp5EwOogWEw,1
@coderentity2079,rp5EwOogWEw,1
@coloRADoRADdad,rp5EwOogWEw,4
@cpuneonine,rp5EwOogWEw,1
@cyberjohn44,rp5EwOogWEw,1
@darren-evans-007,rp5EwOogWEw,2
@dtr_cpg,rp5EwOogWEw,1
@eaman11,rp5EwOogWEw,4
@eladbari,rp5EwOogWEw,1
@elyakimlev,rp5EwOogWEw,2
@enadiz246,rp5EwOogWEw,1
@ericnewton5720,rp5EwOogWEw,1
@ethaneisenhard,rp5EwOogWEw,1
@exlr8in,rp5EwOogWEw,2
@ff0rtyy,rp5EwOogWEw,1
@frankie-tr6gf,rp5EwOogWEw,1
@franklegarreta,rp5EwOogWEw,2
@futuregovernance9584,rp5EwOogWEw,2
@hambugerlelol7482,rp5EwOogWEw,1
@haroldjstinkmeaner,rp5EwOogWEw,1
@hatasmuveletinspiracio,rp5EwOogWEw,1
@heartflame503,rp5EwOogWEw,1
@heymanchan9007,rp5EwOogWEw,1
@hossx2001,rp5EwOogWEw,1
@hx4791,rp5EwOogWEw,1
@isbestlizard,rp5EwOogWEw,1
@ishaat_plays,rp5EwOogWEw,1
@jakke4561,rp5EwOogWEw,1
@jamneym,rp5EwOogWEw,1
@jifi9866,rp5EwOogWEw,1
@jlv-77,rp5EwOogWEw,1
@jodyhoagland8436,rp5EwOogWEw,1
@joecater894,rp5EwOogWEw,1
@johnduggins,rp5EwOogWEw,1
@johnstapleton192,rp5EwOogWEw,1
@jonesjl99,rp5EwOogWEw,1
@jonmoure,rp5EwOogWEw,1
@josephschmidt6535,rp5EwOogWEw,1
@josersleal,rp5EwOogWEw,1
@jul059,rp5EwOogWEw,1
@kRySt4LGaMeR,rp5EwOogWEw,1
@keiichicom7891,rp5EwOogWEw,1
@kencaid1,rp5EwOogWEw,1
@kiSABREWULF007,rp5EwOogWEw,1
@kiwishizzle,rp5EwOogWEw,2
@kloakovalimonada,rp5EwOogWEw,1
@kulumbula317,rp5EwOogWEw,1
@larsandersson8723,rp5EwOogWEw,1
@lowlandtech,rp5EwOogWEw,1
@luisdanielmesa,rp5EwOogWEw,1
@makspain81,rp5EwOogWEw,1
@marcotngsn,rp5EwOogWEw,1
@markbarkell9448,rp5EwOogWEw,1
@markcahalan5698,rp5EwOogWEw,2
@markusi_wagner,rp5EwOogWEw,1
@masteroogvvay,rp5EwOogWEw,1
@mattisanidiot,rp5EwOogWEw,1
@mazzalnx,rp5EwOogWEw,1
@mirek2845,rp5EwOogWEw,2
@mjahid98,rp5EwOogWEw,1
@moliii8809,rp5EwOogWEw,1
@mudasirnazar,rp5EwOogWEw,2
@mukhta-o5i,rp5EwOogWEw,1
@nathaos-music,rp5EwOogWEw,1
@nbzari,rp5EwOogWEw,1
@newchaoz,rp5EwOogWEw,1
@nicholasverastegui8632,rp5EwOogWEw,2
@nileshsanyal3271,rp5EwOogWEw,1
@no_fb,rp5EwOogWEw,1
@oatlegOnYt,rp5EwOogWEw,1
@oleksii.lopasov,rp5EwOogWEw,2
@openroomxyz,rp5EwOogWEw,1
@otnarps,rp5EwOogWEw,1
@outpostbabu676,rp5EwOogWEw,1
@pablomanuelarjonillacobrer1351,rp5EwOogWEw,1
@panteliskasioulis7995,rp5EwOogWEw,1
@pantsgaming759,rp5EwOogWEw,1
@parubok,rp5EwOogWEw,1
@peterchudinov7227,rp5EwOogWEw,1
@philipgonzales3962,rp5EwOogWEw,1
@pk-mh2cx,rp5EwOogWEw,1
@pnunezaguila,rp5EwOogWEw,1
@pokkzSec,rp5EwOogWEw,1
@potatoesareking2026,rp5EwOogWEw,1
@pozytywniezakrecony151,rp5EwOogWEw,1
@qkktech,rp5EwOogWEw,1
@quentinlambert9169,rp5EwOogWEw,1
@randomobserver9488,rp5EwOogWEw,1
@razorree,rp5EwOogWEw,2
@rebelScience,rp5EwOogWEw,1
@renderwood,rp5EwOogWEw,1
@retakenroots,rp5EwOogWEw,2
@rickgeyer9685,rp5EwOogWEw,1
@riz_atx,rp5EwOogWEw,3
@rodgeroliverb,rp5EwOogWEw,1
@saltytango1337,rp5EwOogWEw,1
@selvaKumaresra,rp5EwOogWEw,1
@side-room-21,rp5EwOogWEw,1
@sitefabservices,rp5EwOogWEw,1
@skittlzism,rp5EwOogWEw,1
@slotsmaster8877,rp5EwOogWEw,1
@sonic55193,rp5EwOogWEw,1
@staticwhisperss,rp5EwOogWEw,1
@steffenmuller2888,rp5EwOogWEw,1
@stevebrown8824,rp5EwOogWEw,1
@sufyanshah1031,rp5EwOogWEw,1
@symphony86,rp5EwOogWEw,1
@tannymann,rp5EwOogWEw,1
@techdiyer5290,rp5EwOogWEw,1
@technics6215,rp5EwOogWEw,1
@thenextension9160,rp5EwOogWEw,1
@thomashansen1309,rp5EwOogWEw,1
@treasurehunt7812,rp5EwOogWEw,1
@ttone2330,rp5EwOogWEw,1
@tubebility,rp5EwOogWEw,1
@userasdf1546,rp5EwOogWEw,2
@valiblaj,rp5EwOogWEw,1
@vel5724,rp5EwOogWEw,1
@vetriselvan9807,rp5EwOogWEw,1
@viniciusmoura9105,rp5EwOogWEw,1
@weeboppa9093,rp5EwOogWEw,1
@wgsmit02,rp5EwOogWEw,1
@wintham,rp5EwOogWEw,1
@yulazdu69,rp5EwOogWEw,1
@yuv-ai,rp5EwOogWEw,1
@zenvanriel,rp5EwOogWEw,33
@zfold4702,rp5EwOogWEw,2
@小可爱-p1h,rp5EwOogWEw,1
@0Perhaps,rriStH1eTH0,1
@2rx_bni,rriStH1eTH0,1
@3750gustavo,rriStH1eTH0,1
@714acedeck,rriStH1eTH0,1
@AFalconer,rriStH1eTH0,1
@AndreaMazzola,rriStH1eTH0,1
@Anondady,rriStH1eTH0,1
@AravindhKumar007,rriStH1eTH0,1
@AzuraiFrostwing,rriStH1eTH0,1
@BarrieBrown,rriStH1eTH0,1
@Bentons_Place,rriStH1eTH0,1
@BigSaaSsolutions,rriStH1eTH0,1
@BillinSD,rriStH1eTH0,1
@BlissfulRebirth,rriStH1eTH0,1
@BloodStripe1775,rriStH1eTH0,1
@Buisness-m4q,rriStH1eTH0,1
@Chuck8541,rriStH1eTH0,1
@CoverageAwarenessStudio,rriStH1eTH0,1
@CryztalSeth,rriStH1eTH0,1
@DS-uz7nd,rriStH1eTH0,1
@Damons-Old-Soul,rriStH1eTH0,1
@DanJackson26,rriStH1eTH0,1
@DarkBullCapital,rriStH1eTH0,1
@Darren777Au,rriStH1eTH0,1
@David-sj6dj,rriStH1eTH0,1
@DeGoogled0,rriStH1eTH0,1
@DipikaDighe-j4r,rriStH1eTH0,1
@DokterWho,rriStH1eTH0,1
@Dougie-,rriStH1eTH0,1
@Dragonluna69,rriStH1eTH0,1
@Eiret-cp7xr,rriStH1eTH0,1
@EvasiveCrow,rriStH1eTH0,1
@ExpressoJack,rriStH1eTH0,1
@FergusWhite88,rriStH1eTH0,1
@Ficho.,rriStH1eTH0,1
@FrigginM16,rriStH1eTH0,1
@FruityHachi,rriStH1eTH0,2
@Grott1C7ZAyelh,rriStH1eTH0,1
@HakonJohansenKampen,rriStH1eTH0,1
@Hexenv88-VAM,rriStH1eTH0,1
@IveLearnedSomeThings,rriStH1eTH0,2
@JacquesDupuis,rriStH1eTH0,3
@JasonSpielberg,rriStH1eTH0,1
@Je.Suis.Flaneur,rriStH1eTH0,1
@Joywith3LastNames,rriStH1eTH0,2
@KarolineLeavitt-29a,rriStH1eTH0,1
@LivingLinux,rriStH1eTH0,1
@Lruiz3865,rriStH1eTH0,1
@Lunamanihinjsturpt,rriStH1eTH0,1
@MarkTrombonee,rriStH1eTH0,1
@MatveiBronstein1,rriStH1eTH0,1
@MotSter,rriStH1eTH0,1
@Mr.Mister96,rriStH1eTH0,1
@MrMysterious420,rriStH1eTH0,1
@Mythhammer,rriStH1eTH0,1
@NBoo-n5r,rriStH1eTH0,1
@NaomiBrockwellTV,rriStH1eTH0,22
@NefilimPL,rriStH1eTH0,1
@NetRvn,rriStH1eTH0,1
@NicholsTech,rriStH1eTH0,1
@Ninja_NJA,rriStH1eTH0,1
@Nitrowing1500,rriStH1eTH0,1
@Omnihilo,rriStH1eTH0,2
@Peter_1512,rriStH1eTH0,1
@PlanetLinuxChannel,rriStH1eTH0,1
@ProtectedAccount-d8d,rriStH1eTH0,1
@RedMambaYard,rriStH1eTH0,5
@RoccoMariaAnders,rriStH1eTH0,1
@RomonaFoster,rriStH1eTH0,1
@Scuor2,rriStH1eTH0,1
@SimplyGamingandTech,rriStH1eTH0,1
@SimpsonsRuleForever,rriStH1eTH0,2
@Sonny_V,rriStH1eTH0,1
@SuperWolfkin,rriStH1eTH0,1
@TechnoEveryday,rriStH1eTH0,1
@TheSensationalMr.Science,rriStH1eTH0,1
@UNcommonSenseAUS,rriStH1eTH0,1
@VertegrezNox,rriStH1eTH0,2
@Warframeplayer-s4l,rriStH1eTH0,1
@Watching58,rriStH1eTH0,1
@WickedMuis,rriStH1eTH0,2
@William0271,rriStH1eTH0,1
@WorldT,rriStH1eTH0,1
@aliceb6847,rriStH1eTH0,1
@allenfelix7382,rriStH1eTH0,1
@annacurransmotherofmeghanc1841,rriStH1eTH0,7
@appletreedecorating,rriStH1eTH0,1
@atariplayer3686,rriStH1eTH0,1
@bartkl,rriStH1eTH0,1
@battistimo,rriStH1eTH0,1
@beachbumsailordude,rriStH1eTH0,1
@bieragaino440,rriStH1eTH0,1
@burgercide,rriStH1eTH0,1
@captmulch1,rriStH1eTH0,1
@carlpietrzak967,rriStH1eTH0,1
@charlesdoesmore5488,rriStH1eTH0,1
@chrisharrison7953,rriStH1eTH0,1
@christianc9,rriStH1eTH0,1
@craiggrella,rriStH1eTH0,1
@cryptowealthonyt,rriStH1eTH0,1
@cx3268,rriStH1eTH0,1
@cyberxspeed,rriStH1eTH0,1
@dArtagnan712,rriStH1eTH0,2
@dadlord689,rriStH1eTH0,2
@daniellow426,rriStH1eTH0,1
@davidayers5173,rriStH1eTH0,1
@diotitus,rriStH1eTH0,1
@discodno,rriStH1eTH0,1
@divius-y8m,rriStH1eTH0,1
@djmotion86,rriStH1eTH0,1
@doctor.rajdeep,rriStH1eTH0,1
@eihehe1234-xe3co,rriStH1eTH0,1
@electricalbatross5797,rriStH1eTH0,1
@elsombero1747,rriStH1eTH0,1
@erb34,rriStH1eTH0,1
@ericlawrence9060,rriStH1eTH0,1
@ernies8828,rriStH1eTH0,1
@etziowingeler3173,rriStH1eTH0,1
@fenostalgicmanrooster4898,rriStH1eTH0,1
@ffggvfg4323,rriStH1eTH0,1
@freenewspage,rriStH1eTH0,1
@garydeluce464,rriStH1eTH0,1
@gemiro1234,rriStH1eTH0,2
@generalidea2897,rriStH1eTH0,2
@giddyupNinja,rriStH1eTH0,3
@goldcic,rriStH1eTH0,1
@goodnightmr5892,rriStH1eTH0,1
@graphixkillzzz,rriStH1eTH0,2
@grega36912,rriStH1eTH0,2
@harveybc,rriStH1eTH0,1
@heatherryan9820,rriStH1eTH0,1
@hobbytech8bit,rriStH1eTH0,1
@hoobsgroove,rriStH1eTH0,2
@hu99icane,rriStH1eTH0,1
@huntress_9441,rriStH1eTH0,1
@iamlordking,rriStH1eTH0,1
@iangreen180,rriStH1eTH0,1
@ilyas9104,rriStH1eTH0,1
@imacmill,rriStH1eTH0,4
@invisableobserver,rriStH1eTH0,1
@ivans.935,rriStH1eTH0,2
@jacksteal5991,rriStH1eTH0,1
@javayim,rriStH1eTH0,1
@jayyjay5113,rriStH1eTH0,1
@jb_swamp,rriStH1eTH0,1
@jbrock8596,rriStH1eTH0,1
@jessiebaker6636,rriStH1eTH0,1
@jfkesq,rriStH1eTH0,1
@jjsampo,rriStH1eTH0,1
@johndurrett3573,rriStH1eTH0,1
@johnlegend1360,rriStH1eTH0,1
@johnp4887,rriStH1eTH0,1
@jwb6583,rriStH1eTH0,1
@keithwhite2986,rriStH1eTH0,1
@kellysouter4381,rriStH1eTH0,2
@kelsey_roy,rriStH1eTH0,2
@kroberts6811,rriStH1eTH0,1
@lagringa7518,rriStH1eTH0,1
@lineax5927,rriStH1eTH0,1
@longrider188,rriStH1eTH0,1
@luyzqint3760,rriStH1eTH0,1
@lynchingacers,rriStH1eTH0,1
@mansouralshamri1387,rriStH1eTH0,1
@markldevine,rriStH1eTH0,1
@marktwain5232,rriStH1eTH0,1
@max36047,rriStH1eTH0,1
@mrappe51,rriStH1eTH0,1
@musiqtee,rriStH1eTH0,1
@natemarx4999,rriStH1eTH0,1
@ngbizvn1300,rriStH1eTH0,1
@nikunj10201,rriStH1eTH0,1
@nommindymple6241,rriStH1eTH0,1
@olliestudio45,rriStH1eTH0,1
@paradox4348,rriStH1eTH0,1
@paulmcclaskin362,rriStH1eTH0,2
@pepeontour,rriStH1eTH0,1
@philoleson1780,rriStH1eTH0,1
@punklave,rriStH1eTH0,1
@randomguyontheinternet-q3s,rriStH1eTH0,1
@redone823,rriStH1eTH0,1
@richiebricker,rriStH1eTH0,1
@robtihanyi1155,rriStH1eTH0,1
@roflchopter11,rriStH1eTH0,1
@ronm6585,rriStH1eTH0,1
@rpeart73,rriStH1eTH0,1
@savannahesposito9307,rriStH1eTH0,1
@scronx,rriStH1eTH0,2
@second5992,rriStH1eTH0,1
@sfn-obsvr,rriStH1eTH0,1
@shabang71,rriStH1eTH0,1
@shefe3652,rriStH1eTH0,1
@simon-k7m,rriStH1eTH0,1
@sneakysideeye,rriStH1eTH0,2
@snyderkr0822,rriStH1eTH0,1
@sotecluxan4221,rriStH1eTH0,1
@stanleymazur9728,rriStH1eTH0,1
@stevek7515,rriStH1eTH0,1
@stevenmcgrew869,rriStH1eTH0,1
@su1ka,rriStH1eTH0,1
@terrorists-are-among-us,rriStH1eTH0,1
@terrygolden7726,rriStH1eTH0,1
@tiagotiagot,rriStH1eTH0,2
@trappedcat3615,rriStH1eTH0,2
@user-dixk2rx5gz8f,rriStH1eTH0,1
@user-vb6lq9il5v,rriStH1eTH0,3
@violet_world9385,rriStH1eTH0,1
@wuanma7,rriStH1eTH0,1
@yacahumax1431,rriStH1eTH0,1
@yootoob7048,rriStH1eTH0,1
@zenjifugimoto,rriStH1eTH0,1
@لاتشبهنفسكبإنسانوأفعالكأفعالحي,rriStH1eTH0,1
@3_giga,rwxRoYzwkyM,1
@6Scouts,rwxRoYzwkyM,1
@ADAMROSE-f2f,rwxRoYzwkyM,1
@ANSHUMAN-fp9sd,rwxRoYzwkyM,1
@AR-Naat-Group,rwxRoYzwkyM,1
@ARMY-w7w7f,rwxRoYzwkyM,1
@Acrylicpainting25,rwxRoYzwkyM,1
@Adil.king786-r1f,rwxRoYzwkyM,1
@AllDancerparty,rwxRoYzwkyM,1
@AmeerHamza-w3k8s,rwxRoYzwkyM,1
@AmitRaviSuperHitVlogs,rwxRoYzwkyM,1
@AmolWankhede-v6g,rwxRoYzwkyM,1
@AnandMuktan,rwxRoYzwkyM,1
@AnmolPrajapati-y7b,rwxRoYzwkyM,1
@Avengeranimations0,rwxRoYzwkyM,1
@Ayanjutt804-I,rwxRoYzwkyM,1
@AyatNoor1423,rwxRoYzwkyM,1
@BestBiscuits,rwxRoYzwkyM,1
@Bts_Forever34,rwxRoYzwkyM,1
@BuisnessSpace,rwxRoYzwkyM,1
@CHARGEYT1,rwxRoYzwkyM,1
@CR7-x5r9m,rwxRoYzwkyM,1
@Claughwithme,rwxRoYzwkyM,1
@Creative_Mind_19,rwxRoYzwkyM,1
@DARK_F56,rwxRoYzwkyM,1
@DambaruSabar-y8d,rwxRoYzwkyM,1
@Dear_Tanay,rwxRoYzwkyM,1
@DeepakDutta-o8x,rwxRoYzwkyM,2
@Desi_Beats15,rwxRoYzwkyM,1
@Dharmarao-w5e,rwxRoYzwkyM,1
@Doremon1-y2q,rwxRoYzwkyM,1
@EJIKSBUKO,rwxRoYzwkyM,1
@EddieMakinaTV,rwxRoYzwkyM,1
@Erick-o2m,rwxRoYzwkyM,1
@EvilBro-x5b,rwxRoYzwkyM,1
@Fairy_11223,rwxRoYzwkyM,1
@FarmanAliNaqvi,rwxRoYzwkyM,1
@Foodiessss-craze,rwxRoYzwkyM,1
@Funtechgyan2.0,rwxRoYzwkyM,1
@FunwithAhmed-s5o,rwxRoYzwkyM,1
@GBCJ885,rwxRoYzwkyM,1
@GURSEWAKSingh-s8p,rwxRoYzwkyM,1
@GulamMustafa-b3s,rwxRoYzwkyM,2
@HassanSaleem-z4q,rwxRoYzwkyM,1
@Hellboy_euii,rwxRoYzwkyM,1
@Horrortoons19,rwxRoYzwkyM,1
@HuggyBuggy-v6u,rwxRoYzwkyM,1
@ILLEGALLYGAMING-234vsr,rwxRoYzwkyM,1
@ISLAMIC-CHANEL-Aryan,rwxRoYzwkyM,1
@IbrhimdfaallaAlhmdi,rwxRoYzwkyM,1
@Islamicworldhivr,rwxRoYzwkyM,1
@JUSTLOL2504,rwxRoYzwkyM,1
@Jkrakesh0576,rwxRoYzwkyM,1
@JunaidTvDevice,rwxRoYzwkyM,1
@JustPoems-q2h,rwxRoYzwkyM,1
@KapiTr-ni9hj,rwxRoYzwkyM,1
@Karanrajputyt54,rwxRoYzwkyM,1
@Koreanlove8,rwxRoYzwkyM,1
@KrishnaPardeshi-l2s,rwxRoYzwkyM,1
@LivingDemo,rwxRoYzwkyM,1
@Lokeshdevkota-zv7vp,rwxRoYzwkyM,1
@MagicCuts786,rwxRoYzwkyM,1
@ManojKumar-eu1zk,rwxRoYzwkyM,1
@MohitpreetSingh-cy2gm,rwxRoYzwkyM,1
@MohsinGVR,rwxRoYzwkyM,1
@Motionkeys-321,rwxRoYzwkyM,1
@MrBeest-m9s,rwxRoYzwkyM,1
@Nabahire.B.Amanas,rwxRoYzwkyM,1
@Nhinguyen_2016,rwxRoYzwkyM,1
@NiazGull-q6c,rwxRoYzwkyM,1
@NihadHeyderov-v9u,rwxRoYzwkyM,1
@Odoo-s9w,rwxRoYzwkyM,1
@Olaf-y5v,rwxRoYzwkyM,1
@Oooyie,rwxRoYzwkyM,1
@PrantikFawmiKhamar,rwxRoYzwkyM,1
@Prashant5y,rwxRoYzwkyM,1
@PriyadipDhar-q4q,rwxRoYzwkyM,1
@Priyanshu_tiwari_ji,rwxRoYzwkyM,1
@Proper_gaming1484,rwxRoYzwkyM,1
@Punjabimunda-8675,rwxRoYzwkyM,1
@PushkarSingh-hb4qq,rwxRoYzwkyM,1
@Quillmaze,rwxRoYzwkyM,1
@RAHULKUMAR...-gv1hg,rwxRoYzwkyM,1
@RKSHAKIL-YT,rwxRoYzwkyM,1
@RaVlog-q2o,rwxRoYzwkyM,1
@Rajneshyadav-yb7xs,rwxRoYzwkyM,1
@RanaabdulBasit-v5u,rwxRoYzwkyM,1
@RatnadeepMohanta-g6m,rwxRoYzwkyM,1
@RealCxllum,rwxRoYzwkyM,1
@RohitDate-bw7ez,rwxRoYzwkyM,1
@RuslanMuradov-od4kb,rwxRoYzwkyM,1
@SADIAEVA01,rwxRoYzwkyM,1
@SKC_FACKT,rwxRoYzwkyM,1
@STRAXXXGAMING,rwxRoYzwkyM,1
@SachinGaming___8263,rwxRoYzwkyM,1
@SahebBhai-pp9es,rwxRoYzwkyM,1
@SharryKing-t7o,rwxRoYzwkyM,1
@ShibuGupta-j3k,rwxRoYzwkyM,1
@Shujat-st,rwxRoYzwkyM,1
@Siddhantdestroy,rwxRoYzwkyM,1
@SilentNightsSounds,rwxRoYzwkyM,1
@Skinet01,rwxRoYzwkyM,1
@SpeedexplorerYt,rwxRoYzwkyM,1
@StarNipun8-kq2pv,rwxRoYzwkyM,1
@Striker_Kunwar,rwxRoYzwkyM,1
@SulmanUashtar,rwxRoYzwkyM,2
@SumbalKitchenMenu,rwxRoYzwkyM,1
@TarzanFF888,rwxRoYzwkyM,1
@TheVillainActor,rwxRoYzwkyM,1
@ThriveTreasurer,rwxRoYzwkyM,1
@Tiwarisongs85k,rwxRoYzwkyM,1
@Total_gaming-09397,rwxRoYzwkyM,1
@Unknownfacts886,rwxRoYzwkyM,1
@UsaidWorlds-sb9js,rwxRoYzwkyM,1
@VIVEKgaming-jk4gw,rwxRoYzwkyM,1
@Veergodgaming,rwxRoYzwkyM,1
@Vipinsakets,rwxRoYzwkyM,1
@Vlogger-King-Saurabh,rwxRoYzwkyM,1
@Vlogsbybuland,rwxRoYzwkyM,1
@Yoshofficiel,rwxRoYzwkyM,1
@ZareensOasis.,rwxRoYzwkyM,1
@_ESCOP_,rwxRoYzwkyM,1
@abirkhan-ux2cy,rwxRoYzwkyM,1
@affisalman5982,rwxRoYzwkyM,2
@ahmad-u1w3g,rwxRoYzwkyM,1
@alizainawan5915,rwxRoYzwkyM,1
@allancooper-v5b,rwxRoYzwkyM,1
@anish-opx,rwxRoYzwkyM,4
@arkosarkar9474,rwxRoYzwkyM,1
@asfaqadiv9404,rwxRoYzwkyM,1
@atishmahadik11,rwxRoYzwkyM,1
@auhvocals,rwxRoYzwkyM,1
@awaiswork-c9y,rwxRoYzwkyM,1
@aye_hallo,rwxRoYzwkyM,1
@ayusharma1316,rwxRoYzwkyM,1
@besttopical1853,rwxRoYzwkyM,1
@bong_samrt_1s,rwxRoYzwkyM,1
@brijbihariawadhiya,rwxRoYzwkyM,1
@bryanonon8081,rwxRoYzwkyM,1
@confession_crafts,rwxRoYzwkyM,1
@cookingqueen1996,rwxRoYzwkyM,1
@danambugo523,rwxRoYzwkyM,1
@dancewithashi-2215,rwxRoYzwkyM,1
@debashishsahu4590,rwxRoYzwkyM,1
@dhavalBhadra-f1i,rwxRoYzwkyM,1
@divyeshpuranik6766,rwxRoYzwkyM,1
@dragonknight201,rwxRoYzwkyM,1
@dstarofficial5570,rwxRoYzwkyM,1
@eastered,rwxRoYzwkyM,1
@farmstrategylab,rwxRoYzwkyM,1
@ghoststriker2544,rwxRoYzwkyM,1
@haikuy_talent,rwxRoYzwkyM,1
@hindisong74100,rwxRoYzwkyM,1
@historiascristiana,rwxRoYzwkyM,1
@historyred-w6m,rwxRoYzwkyM,1
@honza-h2r,rwxRoYzwkyM,1
@ilovesazia,rwxRoYzwkyM,1
@joshinaimish9496,rwxRoYzwkyM,1
@kapiljoshi-AI,rwxRoYzwkyM,1
@kd_107-f4s,rwxRoYzwkyM,2
@kingdra108,rwxRoYzwkyM,1
@kymchika,rwxRoYzwkyM,1
@latestsolutions837,rwxRoYzwkyM,1
@lesplusbellesfemmesdugabon6447,rwxRoYzwkyM,1
@maqsad_play,rwxRoYzwkyM,1
@mindgrowthspeech1,rwxRoYzwkyM,1
@minhhettran9253,rwxRoYzwkyM,1
@monty-gestiona-tu-negocio,rwxRoYzwkyM,1
@mr_aditya326,rwxRoYzwkyM,1
@mynameisyourself,rwxRoYzwkyM,1
@navedahmedkhan4899,rwxRoYzwkyM,1
@online__solution,rwxRoYzwkyM,1
@plopsafan1776,rwxRoYzwkyM,1
@poojagopalsingh878,rwxRoYzwkyM,1
@prgamer2841,rwxRoYzwkyM,1
@puneetnagar868,rwxRoYzwkyM,1
@pyaraislam5801,rwxRoYzwkyM,1
@qqqaaa09sssaaa,rwxRoYzwkyM,1
@rahul_10-i3k,rwxRoYzwkyM,1
@random_sucker,rwxRoYzwkyM,1
@rbnblog,rwxRoYzwkyM,1
@rex_ent.clips.001,rwxRoYzwkyM,1
@rohailmadiana8841,rwxRoYzwkyM,1
@rohitmehra5008,rwxRoYzwkyM,1
@sachin_chavan_8282,rwxRoYzwkyM,1
@sayalipatil9876,rwxRoYzwkyM,1
@shayaanrk,rwxRoYzwkyM,1
@showkotYouTub,rwxRoYzwkyM,1
@shubhamgehlod4498,rwxRoYzwkyM,1
@siddhant_tyagi,rwxRoYzwkyM,1
@sidhumoosewala2512,rwxRoYzwkyM,1
@sinothandogilman24,rwxRoYzwkyM,1
@siyaramrauniyar6929,rwxRoYzwkyM,1
@sportclub-f7c,rwxRoYzwkyM,1
@swapnilswami332,rwxRoYzwkyM,1
@sylvestermoseschago,rwxRoYzwkyM,1
@techzsandeep17kviews3houra5,rwxRoYzwkyM,1
@theanimals3958,rwxRoYzwkyM,1
@thecreativeenzymes,rwxRoYzwkyM,1
@tom_angelacat,rwxRoYzwkyM,1
@traveltrekadventureunfold,rwxRoYzwkyM,1
@twinklemaddeshiya1287,rwxRoYzwkyM,1
@vaibahv_25,rwxRoYzwkyM,1
@vatsal-b5l,rwxRoYzwkyM,1
@wowTekBinRaji,rwxRoYzwkyM,1
@yogeshsingh8954,rwxRoYzwkyM,1
@ytb.addict,rwxRoYzwkyM,1
@yunusnlt,rwxRoYzwkyM,1
@اللللربليتنافبعنب,rwxRoYzwkyM,1
@ميدومان,rwxRoYzwkyM,1
@هاشمزوم-ع9ض,rwxRoYzwkyM,1
@6Pope9,saggDHHnmtQ,1
@AnilKumar-mj3xb,saggDHHnmtQ,1
@Asher-f5r,saggDHHnmtQ,1
@AsifAwan6142,saggDHHnmtQ,1
@AymanAyman-yh8py,saggDHHnmtQ,1
@Azacatol,saggDHHnmtQ,1
@BardsMilieu,saggDHHnmtQ,1
@Basiliold,saggDHHnmtQ,1
@BeyondtheObvio_s,saggDHHnmtQ,1
@ChristianSpliid,saggDHHnmtQ,1
@Creagen-l2c,saggDHHnmtQ,1
@CyclonerAI,saggDHHnmtQ,1
@DEEPAKJAYACHANDRAN-e3l2n,saggDHHnmtQ,1
@DEGoodman,saggDHHnmtQ,1
@Doggy-Fi,saggDHHnmtQ,1
@EfranAutomation,saggDHHnmtQ,1
@ErwinZol,saggDHHnmtQ,1
@FREEGEMS,saggDHHnmtQ,1
@Future_Networks,saggDHHnmtQ,1
@Garrettm31,saggDHHnmtQ,1
@GeistOnTV,saggDHHnmtQ,3
@Gontino673,saggDHHnmtQ,1
@HarryPierpoint,saggDHHnmtQ,1
@HassanLatif-x6e,saggDHHnmtQ,4
@HelicopterGirl-s2j,saggDHHnmtQ,1
@How-I-AI-ed-This,saggDHHnmtQ,1
@Iam_Machines,saggDHHnmtQ,1
@Ighart,saggDHHnmtQ,1
@Irradia2.0,saggDHHnmtQ,2
@IshmaeelIqbal,saggDHHnmtQ,1
@JackFrost31162,saggDHHnmtQ,1
@Jorochoro,saggDHHnmtQ,1
@Joy-ib7nh,saggDHHnmtQ,1
@Juhanius,saggDHHnmtQ,1
@Julia.Jakubowska,saggDHHnmtQ,1
@Jzguan,saggDHHnmtQ,1
@KOHLER1122,saggDHHnmtQ,1
@KapitalCityBlog,saggDHHnmtQ,1
@Kaņepe-c9w,saggDHHnmtQ,1
@KrishanDissanayake,saggDHHnmtQ,1
@LNM101,saggDHHnmtQ,1
@LeoCardinale,saggDHHnmtQ,1
@Lmn-b4o,saggDHHnmtQ,1
@MaryroseVelarde-w5q5s,saggDHHnmtQ,1
@MasterChimOfficial,saggDHHnmtQ,1
@MatheusDrummond-pe5gz,saggDHHnmtQ,1
@MattNYC161,saggDHHnmtQ,1
@McCaleb2nd,saggDHHnmtQ,1
@MergulhaoFull,saggDHHnmtQ,1
@MohammadEmalFaizi,saggDHHnmtQ,1
@Mooses09-q3f,saggDHHnmtQ,1
@MotivationMenagerie,saggDHHnmtQ,1
@MrMatheusneris,saggDHHnmtQ,1
@MuhtasimRahman-w4h,saggDHHnmtQ,1
@NM14692,saggDHHnmtQ,1
@NXTLVLAI,saggDHHnmtQ,2
@Novica89,saggDHHnmtQ,1
@Numbersssssss,saggDHHnmtQ,1
@OakHillSolutions,saggDHHnmtQ,1
@OmDabley,saggDHHnmtQ,1
@Omar-lx1er,saggDHHnmtQ,1
@Omar_22-11,saggDHHnmtQ,1
@Omar_AI_Rehan,saggDHHnmtQ,1
@Philligl,saggDHHnmtQ,1
@PramodRao27,saggDHHnmtQ,1
@RXed_EU,saggDHHnmtQ,1
@RaphaelRaeckersYT,saggDHHnmtQ,1
@ReinierScheltema,saggDHHnmtQ,1
@RinuJain-e4b,saggDHHnmtQ,1
@SarahBonella,saggDHHnmtQ,1
@Sm1Ling_man,saggDHHnmtQ,1
@StefanB-f3p,saggDHHnmtQ,1
@SteveHare-j6h,saggDHHnmtQ,1
@SuperLordee,saggDHHnmtQ,1
@SupriyaTechTalks,saggDHHnmtQ,1
@T.N.T.84,saggDHHnmtQ,2
@TZEVAOT-e8e,saggDHHnmtQ,1
@Tayze_Golf,saggDHHnmtQ,1
@TheBusinessMindset_,saggDHHnmtQ,1
@TheRyukDG,saggDHHnmtQ,1
@ThomasDoesBusiness,saggDHHnmtQ,1
@UseAll24Frets,saggDHHnmtQ,1
@VincentOrtizVinova,saggDHHnmtQ,1
@WillieSolomon-r9h,saggDHHnmtQ,1
@_its.just.regi_,saggDHHnmtQ,1
@acrux2061,saggDHHnmtQ,1
@adamwilson7057,saggDHHnmtQ,1
@ahtshamhussain908,saggDHHnmtQ,1
@ahunter-ai,saggDHHnmtQ,1
@alishbagiavani,saggDHHnmtQ,1
@amerrashed6287,saggDHHnmtQ,1
@amirmirza582,saggDHHnmtQ,1
@andreip.8321,saggDHHnmtQ,1
@andriykabanets4493,saggDHHnmtQ,1
@animalsofherewood,saggDHHnmtQ,1
@aquavivianjennawilsoncode,saggDHHnmtQ,1
@ard5017,saggDHHnmtQ,1
@arthurfelde5437,saggDHHnmtQ,1
@artmrl12,saggDHHnmtQ,1
@b58danbackup,saggDHHnmtQ,1
@barrywhittingham6154,saggDHHnmtQ,1
@basenvy,saggDHHnmtQ,1
@bentucky4324,saggDHHnmtQ,1
@biddelyboo1,saggDHHnmtQ,1
@bmhoops1,saggDHHnmtQ,1
@bverenz,saggDHHnmtQ,1
@candi0503,saggDHHnmtQ,1
@canukguy1974,saggDHHnmtQ,1
@charleslyra5458,saggDHHnmtQ,1
@children_time99,saggDHHnmtQ,1
@chri5topher,saggDHHnmtQ,1
@chukwuedo,saggDHHnmtQ,1
@dancingspider7246,saggDHHnmtQ,1
@davidp2567,saggDHHnmtQ,1
@daytenrynsburger1188,saggDHHnmtQ,1
@denniszenanywhere,saggDHHnmtQ,1
@diencai1812,saggDHHnmtQ,1
@dirkackbar2041,saggDHHnmtQ,1
@dreamforge-academy,saggDHHnmtQ,2
@drewski6843,saggDHHnmtQ,1
@eladiomendoza-jn2it,saggDHHnmtQ,1
@english_with_aga,saggDHHnmtQ,1
@ernestofavio6735,saggDHHnmtQ,1
@fabianrenz943,saggDHHnmtQ,1
@filimonf,saggDHHnmtQ,1
@filito589,saggDHHnmtQ,1
@floydmayweather2043,saggDHHnmtQ,1
@gabrielbarrere922,saggDHHnmtQ,1
@gautamsrikrishna,saggDHHnmtQ,1
@glove.parcours,saggDHHnmtQ,1
@goodfilmsonly829,saggDHHnmtQ,1
@gs24x7,saggDHHnmtQ,1
@guillaume_dx,saggDHHnmtQ,2
@hvgaming2347,saggDHHnmtQ,1
@ilikeydonuts1,saggDHHnmtQ,1
@jamesmcdaid84,saggDHHnmtQ,1
@jdonovan19,saggDHHnmtQ,1
@jerome.w.dewald,saggDHHnmtQ,1
@jgojiz,saggDHHnmtQ,2
@jkaramk,saggDHHnmtQ,1
@jmc3179,saggDHHnmtQ,1
@johngeers4023,saggDHHnmtQ,1
@johnmarlon6916,saggDHHnmtQ,1
@johnsapplications,saggDHHnmtQ,1
@jontpt,saggDHHnmtQ,1
@joseantoniogomes6407,saggDHHnmtQ,2
@joshadams8761,saggDHHnmtQ,1
@jt2571,saggDHHnmtQ,1
@justsoetendal4827,saggDHHnmtQ,1
@kofheartsdesigns,saggDHHnmtQ,1
@kristopherbutler4879,saggDHHnmtQ,1
@ladywebdev,saggDHHnmtQ,1
@levarc-hub,saggDHHnmtQ,1
@lifeisnotstill,saggDHHnmtQ,1
@lixiasong3459,saggDHHnmtQ,2
@localcliq,saggDHHnmtQ,1
@luizfilipelopesfialho2612,saggDHHnmtQ,1
@mfangan,saggDHHnmtQ,1
@mhadden,saggDHHnmtQ,1
@minhnguyenbui6827,saggDHHnmtQ,1
@mirkafarkasova2425,saggDHHnmtQ,1
@muhamadfarhankhairolanuar8005,saggDHHnmtQ,2
@mustafarezaei7505,saggDHHnmtQ,1
@nateherk,saggDHHnmtQ,16
@nickjaninja,saggDHHnmtQ,1
@nmaqsood,saggDHHnmtQ,1
@noahhernandez8,saggDHHnmtQ,1
@onemorethompson,saggDHHnmtQ,2
@pablogavirial,saggDHHnmtQ,1
@pabloh.5247,saggDHHnmtQ,1
@petrsamec6856,saggDHHnmtQ,2
@plog-online,saggDHHnmtQ,1
@pradip_suvram283,saggDHHnmtQ,1
@pranvz,saggDHHnmtQ,1
@pravenabaskaran3000,saggDHHnmtQ,1
@premagray,saggDHHnmtQ,1
@pvwetten,saggDHHnmtQ,1
@raymannarwal2468,saggDHHnmtQ,1
@re-flex-xo-2809,saggDHHnmtQ,1
@robingeelen,saggDHHnmtQ,1
@royalewthcheez376,saggDHHnmtQ,1
@ruadhanoculain,saggDHHnmtQ,1
@rusrulet2806,saggDHHnmtQ,1
@sabbirahmed7391,saggDHHnmtQ,1
@sam9s,saggDHHnmtQ,3
@scripted44,saggDHHnmtQ,1
@seanolivas9148,saggDHHnmtQ,1
@sentelmays1826,saggDHHnmtQ,1
@shahinIII,saggDHHnmtQ,1
@shellebelly69,saggDHHnmtQ,2
@siddharthjain49,saggDHHnmtQ,1
@smitcjcj,saggDHHnmtQ,1
@sokolej79sok79,saggDHHnmtQ,1
@soumenroy7518,saggDHHnmtQ,1
@stat11,saggDHHnmtQ,3
@stefancardenas4884,saggDHHnmtQ,1
@stevemelkerson4706,saggDHHnmtQ,1
@stevenmorales2501,saggDHHnmtQ,1
@stevenrenjf,saggDHHnmtQ,1
@talemwaivan374,saggDHHnmtQ,1
@tanousmadja6364,saggDHHnmtQ,1
@tech.inspector,saggDHHnmtQ,1
@tianxia9687,saggDHHnmtQ,1
@timelschner8451,saggDHHnmtQ,1
@tomerbicho,saggDHHnmtQ,1
@user-mx1oc4rr5f,saggDHHnmtQ,1
@varunnishad2219,saggDHHnmtQ,1
@vikramnayani,saggDHHnmtQ,1
@vincentgenna3375,saggDHHnmtQ,1
@vitorzq2999,saggDHHnmtQ,1
@wick3nd,saggDHHnmtQ,1
@williammartin4416,saggDHHnmtQ,1
@xenox8999,saggDHHnmtQ,1
@yanbinhei8673,saggDHHnmtQ,1
@ДмитрийКостюк-г1ф,saggDHHnmtQ,1
@ยิมจึง-ข1ฎ,saggDHHnmtQ,1
@---David---,sd21Igx4HtA,1
@1983Boria,sd21Igx4HtA,1
@27sosite73,sd21Igx4HtA,1
@5xIdeas,sd21Igx4HtA,1
@ALEXliminalAI,sd21Igx4HtA,2
@ARKTech2K,sd21Igx4HtA,1
@AbangSyahri-g4s,sd21Igx4HtA,1
@Abdennour_Ab,sd21Igx4HtA,1
@Akos.1976,sd21Igx4HtA,2
@Alik-w1s7w,sd21Igx4HtA,1
@AllenMackley,sd21Igx4HtA,1
@ArturArturov-h7f,sd21Igx4HtA,1
@Aweheid,sd21Igx4HtA,1
@BillyShpunk,sd21Igx4HtA,1
@DailyManAILab,sd21Igx4HtA,1
@DanRoach,sd21Igx4HtA,1
@DungNguyen-op2tn,sd21Igx4HtA,1
@EWMS,sd21Igx4HtA,2
@Eaglessoft,sd21Igx4HtA,1
@EdwardThomson-PhD,sd21Igx4HtA,1
@Flizyx,sd21Igx4HtA,1
@GeorgeMalerbo,sd21Igx4HtA,1
@GimmyRed,sd21Igx4HtA,1
@HemantCodes1703,sd21Igx4HtA,1
@HolySmokesViral,sd21Igx4HtA,1
@Javier-qk7ms,sd21Igx4HtA,1
@Javo69689,sd21Igx4HtA,1
@Jesse-dc4tg,sd21Igx4HtA,1
@JoeVirella,sd21Igx4HtA,1
@JohnSnow32,sd21Igx4HtA,1
@KevL-t9r,sd21Igx4HtA,1
@Marco-Vavassori,sd21Igx4HtA,1
@MaxFriend7,sd21Igx4HtA,1
@MaxHeadro0m,sd21Igx4HtA,1
@MaximoAlejandro-g7i,sd21Igx4HtA,1
@MishukRahman1,sd21Igx4HtA,1
@MohamedhabibBellaaj,sd21Igx4HtA,1
@MrSpiritmonger,sd21Igx4HtA,1
@MySlavaMorozov2005,sd21Igx4HtA,1
@NeilSchneider-u3h,sd21Igx4HtA,1
@PromeTheus-n6l,sd21Igx4HtA,1
@RezaElborneo,sd21Igx4HtA,1
@RisThinks,sd21Igx4HtA,1
@RishabhSingh-xw1jd,sd21Igx4HtA,1
@Shankaranarayan-Hegde,sd21Igx4HtA,1
@SidSid-kp4ij,sd21Igx4HtA,1
@StanleyExime-p5r,sd21Igx4HtA,1
@Synthstrucplexfyimmunosystemci,sd21Igx4HtA,1
@TechMaster-Dylan,sd21Igx4HtA,1
@TerrenceLP,sd21Igx4HtA,1
@TheBestNameEverMade,sd21Igx4HtA,1
@TheDavidMetcalfe,sd21Igx4HtA,1
@ThinAirElon,sd21Igx4HtA,1
@TyrellJoanna,sd21Igx4HtA,2
@UCs6ktlulE5BEeb3vBBOu6DQ,sd21Igx4HtA,1
@WWBS-Foochur,sd21Igx4HtA,1
@WesleyPereiraSilva-p2r,sd21Igx4HtA,1
@YourIdeaAI,sd21Igx4HtA,1
@Zoufre95,sd21Igx4HtA,1
@_ghafour_,sd21Igx4HtA,1
@abhay.vincent,sd21Igx4HtA,2
@alexanderj4545,sd21Igx4HtA,1
@alexlizogub1,sd21Igx4HtA,1
@alexyung5371,sd21Igx4HtA,1
@anand83r,sd21Igx4HtA,1
@andrewmartinez8340,sd21Igx4HtA,1
@anujdatta1657,sd21Igx4HtA,1
@arosca,sd21Igx4HtA,1
@atineog,sd21Igx4HtA,1
@attoumak,sd21Igx4HtA,1
@benjaminfranklin5843,sd21Igx4HtA,1
@biggreencrocodile,sd21Igx4HtA,1
@bobdavenport5190,sd21Igx4HtA,1
@bradleyc7,sd21Igx4HtA,1
@buzzeins,sd21Igx4HtA,1
@chidera02,sd21Igx4HtA,1
@chrisharring7199,sd21Igx4HtA,1
@cmars7845,sd21Igx4HtA,1
@cristiandeestefani,sd21Igx4HtA,2
@cwesttech,sd21Igx4HtA,1
@daigahou,sd21Igx4HtA,1
@dakshsingh5891,sd21Igx4HtA,1
@davez243,sd21Igx4HtA,1
@davidlowe8597,sd21Igx4HtA,1
@dawwwidpl,sd21Igx4HtA,1
@dennisfarmer1322,sd21Igx4HtA,1
@dmitrijsmironovs7513,sd21Igx4HtA,2
@dominuspiritus,sd21Igx4HtA,1
@dorianhidalgo,sd21Igx4HtA,1
@duytdl,sd21Igx4HtA,1
@edwedw123,sd21Igx4HtA,1
@elielson3ew4234,sd21Igx4HtA,1
@elliotknight5552,sd21Igx4HtA,1
@endlesskwazar,sd21Igx4HtA,1
@everydayismorebeautifultoday,sd21Igx4HtA,1
@familiapeluches,sd21Igx4HtA,1
@famnyblom6321,sd21Igx4HtA,1
@feathars,sd21Igx4HtA,1
@fineline392,sd21Igx4HtA,1
@flexicus1105,sd21Igx4HtA,1
@freakycandies,sd21Igx4HtA,1
@frictionless,sd21Igx4HtA,1
@garotalibertaria,sd21Igx4HtA,1
@geraldopcf,sd21Igx4HtA,1
@goksanisil9107,sd21Igx4HtA,1
@gotsyrvj,sd21Igx4HtA,1
@gufrankanat3383,sd21Igx4HtA,1
@gustavosaidler,sd21Igx4HtA,1
@h0axify,sd21Igx4HtA,1
@hansfpc4103,sd21Igx4HtA,1
@happydays3300,sd21Igx4HtA,1
@herzadinata,sd21Igx4HtA,1
@hestia-labs,sd21Igx4HtA,4
@hhhh1238...,sd21Igx4HtA,1
@hollowman-eb,sd21Igx4HtA,1
@hououinkyouma5372,sd21Igx4HtA,1
@hugodemenez,sd21Igx4HtA,1
@hyrax_attack,sd21Igx4HtA,1
@jaaaee_,sd21Igx4HtA,1
@jakeleventhal4175,sd21Igx4HtA,1
@jamesxxxxxx,sd21Igx4HtA,1
@jawyor-k3t,sd21Igx4HtA,1
@jonathanalvarado6497,sd21Igx4HtA,1
@jose_oui,sd21Igx4HtA,1
@jpdcOficial,sd21Igx4HtA,1
@julianduque,sd21Igx4HtA,1
@justsomegamerwithoutmustache,sd21Igx4HtA,1
@jutrecenti,sd21Igx4HtA,1
@kamelissaoui1265,sd21Igx4HtA,1
@kenge_TRW,sd21Igx4HtA,1
@koolvoid,sd21Igx4HtA,1
@krumbo,sd21Igx4HtA,1
@kylerobins,sd21Igx4HtA,1
@levimelo6599,sd21Igx4HtA,1
@livinstonwhite3388,sd21Igx4HtA,1
@lopa-wt7eg,sd21Igx4HtA,1
@malmoesmurf72,sd21Igx4HtA,1
@mesmo-c,sd21Igx4HtA,1
@mihao-runs,sd21Igx4HtA,1
@mikeg1368,sd21Igx4HtA,1
@mr.arshed6053,sd21Igx4HtA,1
@mr.galilei,sd21Igx4HtA,1
@mullerhi7895,sd21Igx4HtA,1
@mycloudvip,sd21Igx4HtA,1
@navturn,sd21Igx4HtA,1
@nirajmaharjan7495,sd21Igx4HtA,1
@noobbot831,sd21Igx4HtA,1
@nuclearducks7387,sd21Igx4HtA,1
@nvictorme,sd21Igx4HtA,1
@olivertaveras9896,sd21Igx4HtA,1
@osamammursleen,sd21Igx4HtA,1
@parrowman25,sd21Igx4HtA,1
@pokajimon,sd21Igx4HtA,1
@prithviraj1080,sd21Igx4HtA,1
@prndlprndlprndl,sd21Igx4HtA,1
@programmernexus,sd21Igx4HtA,1
@r34ct4,sd21Igx4HtA,1
@radiradinot,sd21Igx4HtA,1
@rajatshubhrad.kumawat9394,sd21Igx4HtA,1
@ralphvid-w7d,sd21Igx4HtA,1
@razaeldotcfg,sd21Igx4HtA,1
@realmeee,sd21Igx4HtA,1
@reypichulero69,sd21Igx4HtA,1
@ricephoto2993,sd21Igx4HtA,1
@rich_in_paradise,sd21Igx4HtA,1
@ringpolitiet,sd21Igx4HtA,1
@rsusesl,sd21Igx4HtA,1
@sagerobot,sd21Igx4HtA,1
@saidimanmagomedov3472,sd21Igx4HtA,1
@sajsaj,sd21Igx4HtA,1
@salimtagemouati8143,sd21Igx4HtA,1
@samerainews,sd21Igx4HtA,1
@sams7619,sd21Igx4HtA,1
@segretoesconociuto,sd21Igx4HtA,1
@seowebservice,sd21Igx4HtA,1
@sergeydmitriev2358,sd21Igx4HtA,1
@sharon8811,sd21Igx4HtA,1
@sharonkuye,sd21Igx4HtA,1
@shootwithabdoul,sd21Igx4HtA,1
@sinistermephisto65,sd21Igx4HtA,1
@spendilpa1559,sd21Igx4HtA,1
@squidink58,sd21Igx4HtA,1
@sunyfilip,sd21Igx4HtA,1
@the0s666,sd21Igx4HtA,1
@theaccidentalentreprenuer,sd21Igx4HtA,1
@theintjengineer,sd21Igx4HtA,1
@thekaizen-14,sd21Igx4HtA,1
@toblamabor7072,sd21Igx4HtA,1
@tophat802,sd21Igx4HtA,1
@tririfandani1876,sd21Igx4HtA,1
@ulysse8182,sd21Igx4HtA,1
@uu-tq4mo,sd21Igx4HtA,1
@veronicaramirez9637,sd21Igx4HtA,1
@vikramgogoi3621,sd21Igx4HtA,1
@vrabota,sd21Igx4HtA,1
@vripiatbuzoi9188,sd21Igx4HtA,1
@wonbon-l2g,sd21Igx4HtA,1
@xJuiceNationx,sd21Igx4HtA,1
@xice111,sd21Igx4HtA,1
@yasiralipechuho5722,sd21Igx4HtA,1
@yemelitc,sd21Igx4HtA,1
@yilei1051,sd21Igx4HtA,1
@yotubekauders,sd21Igx4HtA,1
@Александр-ок,sd21Igx4HtA,1
@ДимаШемет-д9ф,sd21Igx4HtA,1
@СергейС-с8т,sd21Igx4HtA,1
@莫妮卡安娜,sd21Igx4HtA,1
@Airbone69,sqj2ATbL7x8,1
@AndreMazzitelli,sqj2ATbL7x8,1
@BamaPatriot61,sqj2ATbL7x8,2
@HelderCosta-x4z,sqj2ATbL7x8,1
@LonaldBruhn,sqj2ATbL7x8,1
@Luivalis,sqj2ATbL7x8,1
@Martsys1,sqj2ATbL7x8,1
@ModernCentrist,sqj2ATbL7x8,1
@Paul.Dorobantu,sqj2ATbL7x8,2
@Richard_Rz,sqj2ATbL7x8,1
@aiwithbrandon,sqj2ATbL7x8,6
@ak1ra492,sqj2ATbL7x8,1
@aliasraf9632,sqj2ATbL7x8,1
@alvinfrancisco1860,sqj2ATbL7x8,1
@amdubey-yl61,sqj2ATbL7x8,1
@animeedits3133,sqj2ATbL7x8,1
@armyofda12monkeys,sqj2ATbL7x8,1
@ashdev,sqj2ATbL7x8,1
@barbiturat1,sqj2ATbL7x8,1
@bilalkarimbath9147,sqj2ATbL7x8,1
@bnoyan-v7h,sqj2ATbL7x8,2
@domistry,sqj2ATbL7x8,1
@enixmomo,sqj2ATbL7x8,1
@graphicsguy5500,sqj2ATbL7x8,1
@iammoradotheone,sqj2ATbL7x8,1
@jaggyjut,sqj2ATbL7x8,1
@joshraguilar,sqj2ATbL7x8,1
@lemi3d364,sqj2ATbL7x8,1
@leonjankovic,sqj2ATbL7x8,1
@marcoevans2155,sqj2ATbL7x8,1
@mechokuh108,sqj2ATbL7x8,1
@merlinrabens,sqj2ATbL7x8,3
@namenl2205,sqj2ATbL7x8,2
@nomad_manhattan,sqj2ATbL7x8,1
@paulmiller591,sqj2ATbL7x8,1
@pecke86,sqj2ATbL7x8,1
@pexusllc,sqj2ATbL7x8,1
@pgallovich,sqj2ATbL7x8,1
@pokora666,sqj2ATbL7x8,1
@priapushk996,sqj2ATbL7x8,1
@pyronals,sqj2ATbL7x8,1
@sanjay261982,sqj2ATbL7x8,1
@scottmichaelmedia,sqj2ATbL7x8,1
@seriykot1,sqj2ATbL7x8,1
@shubhamkanaskar2660,sqj2ATbL7x8,1
@soloman0102,sqj2ATbL7x8,1
@st-white-z,sqj2ATbL7x8,1
@steves3422,sqj2ATbL7x8,1
@sudeepsolanki,sqj2ATbL7x8,1
@th-shubham,sqj2ATbL7x8,1
@tvannaman2000,sqj2ATbL7x8,1
@undomalum,sqj2ATbL7x8,2
@user32352,sqj2ATbL7x8,1
@vasiovasio,sqj2ATbL7x8,1
@ПотужнийНезламізм,sqj2ATbL7x8,1
@AliyuUsmanHaidar-v6x5t,syrDx15PHCs,1
@ArshKhan-bm8sj,syrDx15PHCs,1
@D_liftsz,syrDx15PHCs,1
@Deben_football,syrDx15PHCs,1
@FilmScopeFrames,syrDx15PHCs,1
@G.benskillz,syrDx15PHCs,1
@IloPilo,syrDx15PHCs,1
@JustFeral,syrDx15PHCs,1
@Manh7861,syrDx15PHCs,1
@MathyasB,syrDx15PHCs,2
@MillieMeijers,syrDx15PHCs,1
@MindMazeFactschannel,syrDx15PHCs,1
@NarcatasCor,syrDx15PHCs,3
@Paul1368y,syrDx15PHCs,3
@Ramses-j6w,syrDx15PHCs,1
@SaciidKhaliif-i1c,syrDx15PHCs,1
@Sam-gu6ub,syrDx15PHCs,1
@Seetha2k,syrDx15PHCs,1
@Skaxarrat,syrDx15PHCs,2
@Starrscream84,syrDx15PHCs,1
@StupidInternetPeople,syrDx15PHCs,1
@SuperRoll2,syrDx15PHCs,1
@TechwithLucy,syrDx15PHCs,6
@TheElephantChin,syrDx15PHCs,1
@TheoWerewolf,syrDx15PHCs,1
@Wealthy_Mindset500,syrDx15PHCs,1
@adebayohabibulah2602,syrDx15PHCs,1
@air26man,syrDx15PHCs,1
@apporvaarya,syrDx15PHCs,1
@ataparag232,syrDx15PHCs,1
@calloused8758,syrDx15PHCs,1
@cclementson1986,syrDx15PHCs,1
@chocobrim9469,syrDx15PHCs,1
@chrisjones2730,syrDx15PHCs,1
@conceptsofplans,syrDx15PHCs,2
@crawdkenny,syrDx15PHCs,1
@cristianhernandezresendiz6733,syrDx15PHCs,1
@danielogbonnaya7885,syrDx15PHCs,1
@dohond8261,syrDx15PHCs,1
@dryburn,syrDx15PHCs,1
@edmiller6864,syrDx15PHCs,1
@gabrielotazo3984,syrDx15PHCs,1
@iHawke,syrDx15PHCs,1
@ifeanyiom,syrDx15PHCs,1
@licandres01,syrDx15PHCs,1
@malayalamwriter,syrDx15PHCs,2
@markl9808,syrDx15PHCs,1
@mayowaade7387,syrDx15PHCs,1
@mayurski,syrDx15PHCs,1
@mrhelmisan,syrDx15PHCs,1
@mrmattlovegrove,syrDx15PHCs,1
@nayebareinnocent3928,syrDx15PHCs,1
@news1232e,syrDx15PHCs,2
@nikolaytkachenko4695,syrDx15PHCs,1
@rachels1020,syrDx15PHCs,1
@sarnoldus7,syrDx15PHCs,1
@shunae86,syrDx15PHCs,1
@stephen-ng,syrDx15PHCs,1
@sumayarahman1412,syrDx15PHCs,1
@tchikkenlittle,syrDx15PHCs,1
@AttakuStudio,t2G0L0cqktw,1
@AyomidePopoola-kr7qz,t2G0L0cqktw,1
@AyoubFartach,t2G0L0cqktw,1
@CombreKon,t2G0L0cqktw,1
@CreativeHubFx,t2G0L0cqktw,1
@David-1-1-4,t2G0L0cqktw,1
@EnglishRain,t2G0L0cqktw,1
@FlorenceAwe,t2G0L0cqktw,1
@FullTimeMotorhome,t2G0L0cqktw,1
@GetGigFin,t2G0L0cqktw,1
@GreekYouTubeUser,t2G0L0cqktw,1
@HurairaTechOfficial,t2G0L0cqktw,1
@Jamestjsp,t2G0L0cqktw,1
@JulianCurrie,t2G0L0cqktw,3
@Mindtrash_,t2G0L0cqktw,1
@Monkeyrides123,t2G0L0cqktw,1
@MrCoppaz,t2G0L0cqktw,1
@N7__7,t2G0L0cqktw,1
@PrinceBrian-b8w,t2G0L0cqktw,1
@Repz98,t2G0L0cqktw,1
@Rockhownd87,t2G0L0cqktw,1
@SaidJama-u2d,t2G0L0cqktw,1
@TechWithTim,t2G0L0cqktw,1
@Tony-dp1rl,t2G0L0cqktw,1
@TrayvonOBanks,t2G0L0cqktw,1
@Wenerrix,t2G0L0cqktw,1
@ZlatkoTestDerkoskiTest,t2G0L0cqktw,1
@abdiwalikhiere8757,t2G0L0cqktw,1
@abduljunaid861,t2G0L0cqktw,1
@alexpascal5403,t2G0L0cqktw,1
@anthonykugel5613,t2G0L0cqktw,1
@antoniisarychev,t2G0L0cqktw,1
@antonischaralambous3351,t2G0L0cqktw,1
@bettereyeai8473,t2G0L0cqktw,1
@bodynn,t2G0L0cqktw,1
@bulletamgc6337,t2G0L0cqktw,1
@caiopjv,t2G0L0cqktw,1
@chrisjones469,t2G0L0cqktw,1
@dvisitormusic,t2G0L0cqktw,1
@everluck35,t2G0L0cqktw,1
@fkxfkx,t2G0L0cqktw,1
@funnyclock101,t2G0L0cqktw,1
@hermannschmidt9788,t2G0L0cqktw,1
@hyakushiki23,t2G0L0cqktw,1
@infinityDrifterLK,t2G0L0cqktw,1
@jonathandelapaz6436,t2G0L0cqktw,1
@jp801snow,t2G0L0cqktw,1
@kartikbureleshorts,t2G0L0cqktw,1
@kshilkrot007,t2G0L0cqktw,1
@mahaveerjain1549,t2G0L0cqktw,1
@matberta706,t2G0L0cqktw,1
@maxbuzindev,t2G0L0cqktw,1
@mcfnord,t2G0L0cqktw,1
@method341,t2G0L0cqktw,1
@n0rmalchasee,t2G0L0cqktw,1
@purrbox7514,t2G0L0cqktw,1
@razial5745,t2G0L0cqktw,1
@redacted1946,t2G0L0cqktw,2
@samuel_ahmed,t2G0L0cqktw,2
@sangeetguha51,t2G0L0cqktw,1
@schifoso,t2G0L0cqktw,1
@solidsnake-om4bi,t2G0L0cqktw,1
@tomimartins9208,t2G0L0cqktw,1
@tonytv66,t2G0L0cqktw,1
@vatren765,t2G0L0cqktw,1
@whizzyy_gtag,t2G0L0cqktw,1
@01rancid10,tbDDYKRFjhk,1
@0xSmarter,tbDDYKRFjhk,1
@4ngry34n9,tbDDYKRFjhk,1
@8_Bitter_At_All,tbDDYKRFjhk,1
@ABaumstumpf,tbDDYKRFjhk,1
@AllanTheBanjo,tbDDYKRFjhk,1
@Anarchyontheweb,tbDDYKRFjhk,1
@AnimatedMovies_09,tbDDYKRFjhk,1
@ArneBab,tbDDYKRFjhk,2
@AutomatizariIndustrialeErp,tbDDYKRFjhk,1
@BlueUltima9999,tbDDYKRFjhk,1
@Bolo74894,tbDDYKRFjhk,1
@BruceWayne15325,tbDDYKRFjhk,1
@Ch17638,tbDDYKRFjhk,1
@Chops00,tbDDYKRFjhk,1
@ChrisKr-ue3ke,tbDDYKRFjhk,1
@Code-With-Robby,tbDDYKRFjhk,1
@CrepuljaVideo,tbDDYKRFjhk,1
@Dave_the_Dave,tbDDYKRFjhk,1
@Ddragon173,tbDDYKRFjhk,1
@DenErDaHvid,tbDDYKRFjhk,1
@EdwinDalorzo,tbDDYKRFjhk,1
@ErikB605,tbDDYKRFjhk,1
@Etcher,tbDDYKRFjhk,1
@Fegro963,tbDDYKRFjhk,1
@ForFun-tk5kd,tbDDYKRFjhk,1
@Frankvegastudio,tbDDYKRFjhk,1
@Godisahomo,tbDDYKRFjhk,1
@Indecirphrus,tbDDYKRFjhk,1
@InnovativeSoft,tbDDYKRFjhk,1
@It-ls666,tbDDYKRFjhk,3
@Jason-d7e,tbDDYKRFjhk,1
@JboJackson,tbDDYKRFjhk,1
@JohnnyQuach,tbDDYKRFjhk,1
@KingCollins-u1p,tbDDYKRFjhk,1
@Kodreanu23,tbDDYKRFjhk,1
@Konstantin-yj4lg,tbDDYKRFjhk,1
@KuldeepYadav-jw7jn,tbDDYKRFjhk,1
@MDz375,tbDDYKRFjhk,1
@MathiasDahl,tbDDYKRFjhk,1
@MeriaDuck,tbDDYKRFjhk,1
@MichauxKelley,tbDDYKRFjhk,1
@MrKar18,tbDDYKRFjhk,1
@Multihuntr0,tbDDYKRFjhk,1
@NazmulHaque-ln1jd,tbDDYKRFjhk,1
@Nieosoba,tbDDYKRFjhk,1
@NoClippin,tbDDYKRFjhk,1
@NoThankYouLeaveMeAlone,tbDDYKRFjhk,1
@OlivierNayraguet,tbDDYKRFjhk,1
@Quietword,tbDDYKRFjhk,1
@RSGR,tbDDYKRFjhk,1
@RomanShkirenko,tbDDYKRFjhk,3
@Rumpelstiltskin357,tbDDYKRFjhk,1
@Samar_Mohanty,tbDDYKRFjhk,1
@Snow-rk4el,tbDDYKRFjhk,1
@StarwoodTech,tbDDYKRFjhk,1
@Swannilization,tbDDYKRFjhk,1
@SyrionFOTA,tbDDYKRFjhk,1
@TRexOne,tbDDYKRFjhk,1
@TheBinaryHappiness,tbDDYKRFjhk,1
@TheLongestConfidence,tbDDYKRFjhk,1
@UdiDol,tbDDYKRFjhk,1
@Umaus,tbDDYKRFjhk,1
@WhoIsWess,tbDDYKRFjhk,1
@Yolo_Swagins,tbDDYKRFjhk,1
@ZacharyYates,tbDDYKRFjhk,1
@ZingsVideos,tbDDYKRFjhk,1
@abstractionmage,tbDDYKRFjhk,2
@adrenaline19,tbDDYKRFjhk,3
@adrianstanczak1127,tbDDYKRFjhk,1
@ajtatosmano2,tbDDYKRFjhk,1
@amitconnect,tbDDYKRFjhk,1
@andeeznuts284,tbDDYKRFjhk,1
@anubis-vibe,tbDDYKRFjhk,3
@azukaabrahamnduka5242,tbDDYKRFjhk,1
@badabing3391,tbDDYKRFjhk,1
@benashbaugh5982,tbDDYKRFjhk,1
@bluebukkitdev,tbDDYKRFjhk,1
@bongkem2723,tbDDYKRFjhk,1
@brainylee1159,tbDDYKRFjhk,1
@brianclark4639,tbDDYKRFjhk,1
@briancolfer415,tbDDYKRFjhk,2
@ccl1195,tbDDYKRFjhk,1
@cesarfigueroa6119,tbDDYKRFjhk,1
@codokit,tbDDYKRFjhk,1
@cv4875,tbDDYKRFjhk,1
@datag1199,tbDDYKRFjhk,1
@davideti2569,tbDDYKRFjhk,1
@djfliq1,tbDDYKRFjhk,2
@doceasye,tbDDYKRFjhk,1
@drdzdd,tbDDYKRFjhk,1
@drkarolwtrojanowski,tbDDYKRFjhk,1
@ellau5850,tbDDYKRFjhk,1
@evgeniimoiseev6196,tbDDYKRFjhk,1
@factorfitness3713,tbDDYKRFjhk,1
@fankrys,tbDDYKRFjhk,1
@flightmode7655,tbDDYKRFjhk,1
@frosky9497,tbDDYKRFjhk,1
@gabrielplouffe3382,tbDDYKRFjhk,1
@gameplay_factory,tbDDYKRFjhk,1
@gammalgris2497,tbDDYKRFjhk,1
@gligom,tbDDYKRFjhk,1
@gregaripekari,tbDDYKRFjhk,1
@guigolum,tbDDYKRFjhk,1
@hauuagdbhshg3604,tbDDYKRFjhk,1
@hazoumsoussi4678,tbDDYKRFjhk,1
@hdxtr,tbDDYKRFjhk,1
@hellowill,tbDDYKRFjhk,1
@hime-j8e,tbDDYKRFjhk,1
@hoihoi8,tbDDYKRFjhk,1
@hotwings9382,tbDDYKRFjhk,1
@iamnatis,tbDDYKRFjhk,1
@jakartax1x-rq8kv,tbDDYKRFjhk,1
@jamesmurphy8052,tbDDYKRFjhk,1
@jasonscala5834,tbDDYKRFjhk,1
@jeffreygreen7860,tbDDYKRFjhk,1
@johncrupi6596,tbDDYKRFjhk,1
@jonassteinberg3779,tbDDYKRFjhk,1
@josephgalante3063,tbDDYKRFjhk,1
@joshuamaserow,tbDDYKRFjhk,1
@jossa90,tbDDYKRFjhk,1
@jsnmad,tbDDYKRFjhk,1
@julianh5167,tbDDYKRFjhk,1
@karlosh9286,tbDDYKRFjhk,1
@kenabol,tbDDYKRFjhk,1
@kevinchadwick8993,tbDDYKRFjhk,2
@kirkhilles523,tbDDYKRFjhk,1
@kyjo72682,tbDDYKRFjhk,1
@leonid123ful,tbDDYKRFjhk,1
@lotheravanti4295,tbDDYKRFjhk,1
@luisalbasanchez3344,tbDDYKRFjhk,1
@manfredlange1853,tbDDYKRFjhk,1
@mariusfacktor3597,tbDDYKRFjhk,1
@markbabin3753,tbDDYKRFjhk,1
@matteoborghi3942,tbDDYKRFjhk,1
@memofromessex,tbDDYKRFjhk,1
@michaelgibney9288,tbDDYKRFjhk,1
@michaelqi5202,tbDDYKRFjhk,1
@milanpospisil8024,tbDDYKRFjhk,1
@miloszivkovic6256,tbDDYKRFjhk,1
@miravlix,tbDDYKRFjhk,1
@mmike87-o2v,tbDDYKRFjhk,1
@monkeyshinserman,tbDDYKRFjhk,1
@moofymoo,tbDDYKRFjhk,1
@moonhussaini5460,tbDDYKRFjhk,1
@mynameisnotyours,tbDDYKRFjhk,1
@ndorfinz,tbDDYKRFjhk,1
@neilreid9005,tbDDYKRFjhk,1
@ontoverse,tbDDYKRFjhk,1
@oscarperezdearce2163,tbDDYKRFjhk,1
@peakhunter-bg,tbDDYKRFjhk,1
@peter8261,tbDDYKRFjhk,1
@peterajohnstone,tbDDYKRFjhk,1
@peterrasmussen4428,tbDDYKRFjhk,1
@petraspurlys3620,tbDDYKRFjhk,1
@pfseri,tbDDYKRFjhk,1
@philipstephens5960,tbDDYKRFjhk,1
@picyay4563,tbDDYKRFjhk,1
@pitacotavo5938,tbDDYKRFjhk,1
@powerhour4602,tbDDYKRFjhk,1
@prashantroyut,tbDDYKRFjhk,1
@realGBx64,tbDDYKRFjhk,1
@ricardocitera8663,tbDDYKRFjhk,1
@rleddy1,tbDDYKRFjhk,1
@rustamfadeev9198,tbDDYKRFjhk,1
@saladien9987,tbDDYKRFjhk,1
@samatoid,tbDDYKRFjhk,1
@samm7334,tbDDYKRFjhk,1
@seq31,tbDDYKRFjhk,1
@sharpieman2035,tbDDYKRFjhk,1
@slowMoe2746,tbDDYKRFjhk,1
@steff1238,tbDDYKRFjhk,1
@stephencollis1453,tbDDYKRFjhk,1
@suriadivi,tbDDYKRFjhk,1
@szeredaiakos,tbDDYKRFjhk,1
@techpro8565,tbDDYKRFjhk,1
@teggerzz,tbDDYKRFjhk,1
@thesparkandtheforge,tbDDYKRFjhk,1
@thisperson-n,tbDDYKRFjhk,1
@tlyt-lol,tbDDYKRFjhk,1
@user-hz1yc6cw6k,tbDDYKRFjhk,1
@vancass1326,tbDDYKRFjhk,1
@vast634,tbDDYKRFjhk,1
@vechnonedovolen666,tbDDYKRFjhk,1
@vegnagunL,tbDDYKRFjhk,1
@vitamincplusplus,tbDDYKRFjhk,1
@vrchannel4622,tbDDYKRFjhk,1
@windskm,tbDDYKRFjhk,1
@xc13z829,tbDDYKRFjhk,1
@xhilusius,tbDDYKRFjhk,1
@yevgenychmykhun6661,tbDDYKRFjhk,1
@zvxcvxcz,tbDDYKRFjhk,3
@Короткоіясно-ь8р,tbDDYKRFjhk,1
@जयमहाराष्ट्र24,tbDDYKRFjhk,1
@3D_Circuit,tcZ1BR6WXN8,1
@ACCESS_DENIIED,tcZ1BR6WXN8,1
@Adeltraut,tcZ1BR6WXN8,1
@AkDavid,tcZ1BR6WXN8,2
@Alchemi5t,tcZ1BR6WXN8,2
@AlexanderLoshkaryov,tcZ1BR6WXN8,2
@AmmarRana-f8e,tcZ1BR6WXN8,1
@Arjun-jn5rn,tcZ1BR6WXN8,1
@Aurelyn,tcZ1BR6WXN8,1
@BaoVuQuoc-c2h,tcZ1BR6WXN8,1
@ByChadz,tcZ1BR6WXN8,1
@CJR-f3w,tcZ1BR6WXN8,1
@CPTZK11,tcZ1BR6WXN8,1
@CR250RidR,tcZ1BR6WXN8,1
@Chippo-e3p,tcZ1BR6WXN8,1
@DannyFavela,tcZ1BR6WXN8,1
@DavidNijman,tcZ1BR6WXN8,1
@Demasys,tcZ1BR6WXN8,1
@DigitalAdamTech,tcZ1BR6WXN8,1
@Easyclick01,tcZ1BR6WXN8,1
@Elevate_Daily_1108,tcZ1BR6WXN8,1
@Emmanuel_Morris,tcZ1BR6WXN8,1
@ExplorerOfTheGalaxy,tcZ1BR6WXN8,2
@Forever-q8e,tcZ1BR6WXN8,1
@GlimpseIntoSpace,tcZ1BR6WXN8,1
@HextorBane,tcZ1BR6WXN8,1
@ITudoko-ci5ku,tcZ1BR6WXN8,1
@InternetMadeCoder,tcZ1BR6WXN8,6
@Jall0-l7z,tcZ1BR6WXN8,1
@JamesBrookT,tcZ1BR6WXN8,1
@JohnDoe-o9t,tcZ1BR6WXN8,1
@JohnVanderbeck,tcZ1BR6WXN8,4
@JonasDemply,tcZ1BR6WXN8,1
@JumboH,tcZ1BR6WXN8,1
@Justashortcomment,tcZ1BR6WXN8,1
@Justin-General,tcZ1BR6WXN8,1
@KeeganSchneider,tcZ1BR6WXN8,1
@KelvinMadeIt,tcZ1BR6WXN8,1
@KernelDash,tcZ1BR6WXN8,1
@KeyserTheRedBeard,tcZ1BR6WXN8,1
@LebJamal23,tcZ1BR6WXN8,2
@LinkLiteSmartServices,tcZ1BR6WXN8,1
@MMB3245,tcZ1BR6WXN8,1
@MetalGearMk3,tcZ1BR6WXN8,1
@MindWarriorDaily,tcZ1BR6WXN8,1
@MrAsteba,tcZ1BR6WXN8,1
@Mr_Fahrenheit_200,tcZ1BR6WXN8,1
@Muiterz,tcZ1BR6WXN8,1
@MultiMohsinkhan,tcZ1BR6WXN8,1
@OfirOrlinsky,tcZ1BR6WXN8,1
@OzanCitoyen,tcZ1BR6WXN8,1
@Pamehr,tcZ1BR6WXN8,1
@Paul-qu4kl,tcZ1BR6WXN8,1
@ProgrammerInAShed,tcZ1BR6WXN8,1
@Ranoth,tcZ1BR6WXN8,2
@RawBSD,tcZ1BR6WXN8,1
@Rhythm.Rhapsody,tcZ1BR6WXN8,2
@Rk-gh4to,tcZ1BR6WXN8,1
@SO-fb4ef,tcZ1BR6WXN8,1
@ShaharHarshuv,tcZ1BR6WXN8,3
@Shkvarka,tcZ1BR6WXN8,2
@StojancheManev-u4g,tcZ1BR6WXN8,1
@Sturziii,tcZ1BR6WXN8,1
@TechTalkAndSocialTrends,tcZ1BR6WXN8,1
@Test-m2w,tcZ1BR6WXN8,1
@TheDrodder,tcZ1BR6WXN8,1
@TheMullela,tcZ1BR6WXN8,2
@TheRealShadowBeacon,tcZ1BR6WXN8,1
@Troy-v9v,tcZ1BR6WXN8,1
@Tstickman,tcZ1BR6WXN8,1
@VíctorGarcía-n7h5s,tcZ1BR6WXN8,1
@Youtuber-p5v,tcZ1BR6WXN8,1
@ZDL679,tcZ1BR6WXN8,1
@_clementpeter,tcZ1BR6WXN8,1
@a.yashwanth,tcZ1BR6WXN8,1
@aaaa-f8g6s,tcZ1BR6WXN8,1
@aar021,tcZ1BR6WXN8,1
@abdulmobinkarimi6846,tcZ1BR6WXN8,1
@adonisengineering5508,tcZ1BR6WXN8,1
@afewthoughts7755,tcZ1BR6WXN8,1
@ags911,tcZ1BR6WXN8,1
@ai-mando,tcZ1BR6WXN8,1
@akilahemal5619,tcZ1BR6WXN8,1
@alanlrivera-muniz5196,tcZ1BR6WXN8,1
@allenzhang7407,tcZ1BR6WXN8,1
@amcadam26,tcZ1BR6WXN8,1
@ampeleu,tcZ1BR6WXN8,1
@andreibudaes3966,tcZ1BR6WXN8,1
@apedregosa,tcZ1BR6WXN8,1
@archardor3392,tcZ1BR6WXN8,1
@azuredominus5739,tcZ1BR6WXN8,1
@b_james_m,tcZ1BR6WXN8,1
@bachirmo7,tcZ1BR6WXN8,1
@beluga8230,tcZ1BR6WXN8,1
@bensmotorbikes,tcZ1BR6WXN8,1
@betterworldwithts,tcZ1BR6WXN8,1
@blubbblubbblubbish,tcZ1BR6WXN8,1
@blue_name_warrior,tcZ1BR6WXN8,1
@bogaczbogacz,tcZ1BR6WXN8,1
@born2bealive644,tcZ1BR6WXN8,1
@boudybahaa4133,tcZ1BR6WXN8,1
@bratnix,tcZ1BR6WXN8,1
@bunnihilator,tcZ1BR6WXN8,1
@chriscarr82,tcZ1BR6WXN8,1
@cojgky,tcZ1BR6WXN8,1
@coninewern,tcZ1BR6WXN8,2
@creggy,tcZ1BR6WXN8,1
@cyrilphenajonez5967,tcZ1BR6WXN8,1
@dagijing,tcZ1BR6WXN8,1
@danielleza908,tcZ1BR6WXN8,1
@daniels0987,tcZ1BR6WXN8,2
@davidvalens3337,tcZ1BR6WXN8,1
@deepteshagrawal,tcZ1BR6WXN8,1
@delux7500,tcZ1BR6WXN8,1
@dennist.9376,tcZ1BR6WXN8,1
@derilas,tcZ1BR6WXN8,2
@derstreber2,tcZ1BR6WXN8,1
@dev4web,tcZ1BR6WXN8,1
@devinhedge,tcZ1BR6WXN8,1
@devnull0x01,tcZ1BR6WXN8,4
@domenicocucinotta2720,tcZ1BR6WXN8,1
@domesticcadiz,tcZ1BR6WXN8,1
@dragusincristian9986,tcZ1BR6WXN8,1
@e_one_m_one,tcZ1BR6WXN8,3
@ek-7,tcZ1BR6WXN8,1
@emanuelcalderon2912,tcZ1BR6WXN8,2
@engineeringmadeasy,tcZ1BR6WXN8,1
@erikjohnson9112,tcZ1BR6WXN8,2
@fivepandas1,tcZ1BR6WXN8,2
@garad123456,tcZ1BR6WXN8,1
@georgezorbas9036,tcZ1BR6WXN8,1
@ghury1,tcZ1BR6WXN8,1
@gs4207,tcZ1BR6WXN8,1
@gus_smith,tcZ1BR6WXN8,1
@h3rald837,tcZ1BR6WXN8,1
@harjeetsingh3120,tcZ1BR6WXN8,1
@hasherpeekpower94,tcZ1BR6WXN8,1
@howitsdone1238,tcZ1BR6WXN8,1
@iPigus.,tcZ1BR6WXN8,1
@iamsorrynishantbro,tcZ1BR6WXN8,1
@imakethesites3048,tcZ1BR6WXN8,1
@ivailoivanov2196,tcZ1BR6WXN8,1
@jairolivares3015,tcZ1BR6WXN8,1
@jamestillman5247,tcZ1BR6WXN8,1
@jeremygl1569,tcZ1BR6WXN8,1
@jerryassan4638,tcZ1BR6WXN8,1
@joaooliveirarocha,tcZ1BR6WXN8,1
@jonnysegway7866,tcZ1BR6WXN8,1
@joshikaran-zm2ju,tcZ1BR6WXN8,1
@julianshaw2000,tcZ1BR6WXN8,1
@k.ryashwanthreddy3265,tcZ1BR6WXN8,1
@kayhantolga,tcZ1BR6WXN8,1
@khashabriGG,tcZ1BR6WXN8,1
@krige,tcZ1BR6WXN8,1
@krstosmusic,tcZ1BR6WXN8,1
@life_is_madness3626,tcZ1BR6WXN8,1
@llmcoder,tcZ1BR6WXN8,1
@lurkingmedal140uk7,tcZ1BR6WXN8,1
@markg5986,tcZ1BR6WXN8,1
@martapfahl940,tcZ1BR6WXN8,1
@masteronepiece6559,tcZ1BR6WXN8,1
@matthiasbendewald1803,tcZ1BR6WXN8,2
@memebro3181,tcZ1BR6WXN8,2
@mesambiancessonores,tcZ1BR6WXN8,1
@mfpears,tcZ1BR6WXN8,2
@mikem9309,tcZ1BR6WXN8,1
@mikeoverthebox,tcZ1BR6WXN8,1
@minkminks,tcZ1BR6WXN8,1
@mothjo,tcZ1BR6WXN8,2
@muhammadzmalik,tcZ1BR6WXN8,1
@mxz2024,tcZ1BR6WXN8,4
@nestaho8399,tcZ1BR6WXN8,1
@nikyabodigital,tcZ1BR6WXN8,2
@niristotleokram999,tcZ1BR6WXN8,1
@notaregard,tcZ1BR6WXN8,2
@nova31337,tcZ1BR6WXN8,1
@noviorlu,tcZ1BR6WXN8,1
@nv.c6,tcZ1BR6WXN8,1
@ohwhatworld5851,tcZ1BR6WXN8,1
@okarin_00,tcZ1BR6WXN8,1
@olcay.seygan,tcZ1BR6WXN8,1
@oytun-oceanlabs,tcZ1BR6WXN8,1
@palpatine6085,tcZ1BR6WXN8,1
@paradoxxjones7851,tcZ1BR6WXN8,1
@peacefulworld397,tcZ1BR6WXN8,1
@pesgamer00,tcZ1BR6WXN8,1
@pneumonoultramicroscopicsi4065,tcZ1BR6WXN8,1
@praweg,tcZ1BR6WXN8,1
@puretech.x,tcZ1BR6WXN8,1
@racapadexxa_,tcZ1BR6WXN8,1
@ravinduabeygunasekara833,tcZ1BR6WXN8,1
@rdemorais,tcZ1BR6WXN8,1
@revoconner,tcZ1BR6WXN8,1
@rjun152,tcZ1BR6WXN8,1
@robosergTV,tcZ1BR6WXN8,2
@robovirtuoso1354,tcZ1BR6WXN8,1
@saitaro,tcZ1BR6WXN8,1
@sam-d-dev,tcZ1BR6WXN8,1
@schassis_eddi,tcZ1BR6WXN8,1
@schechtere,tcZ1BR6WXN8,1
@seanknight9808,tcZ1BR6WXN8,1
@sedawk,tcZ1BR6WXN8,1
@shabgard7h,tcZ1BR6WXN8,1
@shahriarrobbani4235,tcZ1BR6WXN8,1
@shakazullu7734,tcZ1BR6WXN8,1
@shamseerahammed4094,tcZ1BR6WXN8,1
@simonmassey8850,tcZ1BR6WXN8,1
@singlim2327,tcZ1BR6WXN8,1
@sirajAlam049,tcZ1BR6WXN8,1
@smokinglife8980,tcZ1BR6WXN8,1
@spider853,tcZ1BR6WXN8,1
@studbud-qw3yo,tcZ1BR6WXN8,1
@tashpots123,tcZ1BR6WXN8,1
@tech22880,tcZ1BR6WXN8,3
@thekinggamer21,tcZ1BR6WXN8,1
@thepetesmith,tcZ1BR6WXN8,1
@thessksocial,tcZ1BR6WXN8,1
@thisiswill,tcZ1BR6WXN8,2
@threesixlima,tcZ1BR6WXN8,2
@turab202,tcZ1BR6WXN8,1
@uhhDotpy,tcZ1BR6WXN8,1
@unusuario5173,tcZ1BR6WXN8,2
@user-k86hc34g,tcZ1BR6WXN8,1
@vaibhavagg101,tcZ1BR6WXN8,1
@venkynavindla6795,tcZ1BR6WXN8,1
@vffffffff9998,tcZ1BR6WXN8,4
@vijayambrose6848,tcZ1BR6WXN8,1
@vimallama5981,tcZ1BR6WXN8,1
@viniciusprocopio,tcZ1BR6WXN8,1
@volodymyrdatsiuk1191,tcZ1BR6WXN8,1
@watynecc3309,tcZ1BR6WXN8,1
@webfox-mo7sh,tcZ1BR6WXN8,1
@xX_dash_Xx,tcZ1BR6WXN8,1
@yesyes-om1po,tcZ1BR6WXN8,1
@ЕвгенийЛапшинов,tcZ1BR6WXN8,1
@モノクロムセレティクス,tcZ1BR6WXN8,1
@AbdulkarimG,u3wPImWBz7c,1
@AdrianRosarioPR,u3wPImWBz7c,1
@AlchemyCircuit,u3wPImWBz7c,1
@AlexanderBelov-y8o,u3wPImWBz7c,1
@AnthonyGalati,u3wPImWBz7c,1
@BackToTheFort,u3wPImWBz7c,1
@BloodBunn,u3wPImWBz7c,2
@Brain4Brain,u3wPImWBz7c,1
@ChrisSattinger,u3wPImWBz7c,1
@CraftOfProgramming,u3wPImWBz7c,2
@DJMeku,u3wPImWBz7c,1
@Dik131WZD,u3wPImWBz7c,1
@Dom-zy1qy,u3wPImWBz7c,1
@EvgeniyDolzhenko,u3wPImWBz7c,1
@FITOORFACTORY,u3wPImWBz7c,1
@FranciscoDeBarrosPt,u3wPImWBz7c,1
@GSteeZyHD,u3wPImWBz7c,1
@Gabeyre,u3wPImWBz7c,1
@GrizzlyBear42,u3wPImWBz7c,1
@IssacBerry-nd8pt,u3wPImWBz7c,1
@JetBrainsTV,u3wPImWBz7c,1
@JnielMedia,u3wPImWBz7c,1
@JohnSmith-he5xg,u3wPImWBz7c,1
@JohnSmith-zl8rz,u3wPImWBz7c,1
@JustsittingHR,u3wPImWBz7c,1
@LUN-bo2fb,u3wPImWBz7c,1
@Mr_Refino,u3wPImWBz7c,1
@MuhammadKashif-r9m,u3wPImWBz7c,1
@NashBrooklyn,u3wPImWBz7c,3
@NotToji777,u3wPImWBz7c,1
@Okir09,u3wPImWBz7c,1
@ParallaxiMaxime,u3wPImWBz7c,2
@ProjectMayhemOnline,u3wPImWBz7c,1
@QuantumVoid-ro3hi,u3wPImWBz7c,2
@RafaelFleury_00,u3wPImWBz7c,1
@Ramvt211,u3wPImWBz7c,1
@Rea458,u3wPImWBz7c,2
@Sirus20x6,u3wPImWBz7c,2
@SparseTensor,u3wPImWBz7c,1
@Sub0x-x40,u3wPImWBz7c,1
@TipVoyage,u3wPImWBz7c,1
@TwilightTrekker1,u3wPImWBz7c,1
@WaveOfDestiny,u3wPImWBz7c,1
@YourAverageTechBro,u3wPImWBz7c,9
@abhishek0116,u3wPImWBz7c,1
@ahmedebenhassine2828,u3wPImWBz7c,1
@alexandergovorov6708,u3wPImWBz7c,1
@alichamas63,u3wPImWBz7c,1
@amaanahmed7376,u3wPImWBz7c,1
@ann__dreel,u3wPImWBz7c,2
@arlanrakh,u3wPImWBz7c,1
@artisan7574,u3wPImWBz7c,1
@ascendingone,u3wPImWBz7c,1
@baronvonherzenberger2473,u3wPImWBz7c,1
@benisrood,u3wPImWBz7c,2
@bradenwhitcher1485,u3wPImWBz7c,1
@brian_akhtar,u3wPImWBz7c,1
@ccash3290,u3wPImWBz7c,1
@chenrvn,u3wPImWBz7c,2
@christopherwilliams3293,u3wPImWBz7c,2
@commentsonthetube14,u3wPImWBz7c,1
@copypaste_pro,u3wPImWBz7c,1
@cv4875,u3wPImWBz7c,1
@d3vilscry666,u3wPImWBz7c,1
@daniilv-s8q,u3wPImWBz7c,2
@devnull0x01,u3wPImWBz7c,2
@diegofranciscoherreragre1685,u3wPImWBz7c,2
@dollarquantums,u3wPImWBz7c,1
@donutrangerr,u3wPImWBz7c,1
@douglaslassance,u3wPImWBz7c,1
@dzonialucard,u3wPImWBz7c,1
@eckee,u3wPImWBz7c,1
@elektrovert,u3wPImWBz7c,1
@erikjohnson9112,u3wPImWBz7c,1
@fabianletsch1354,u3wPImWBz7c,1
@foxy_robin,u3wPImWBz7c,1
@frabber321,u3wPImWBz7c,1
@gamedeveloper1000,u3wPImWBz7c,2
@gmhussein,u3wPImWBz7c,1
@gold-junge91,u3wPImWBz7c,1
@henriquematias1986,u3wPImWBz7c,1
@houseonhold,u3wPImWBz7c,1
@hwapyongedouard,u3wPImWBz7c,4
@ij9375,u3wPImWBz7c,1
@ikbo,u3wPImWBz7c,1
@itsbare5172,u3wPImWBz7c,1
@ivankukanov4699,u3wPImWBz7c,1
@jaabirahamedsaleem1112,u3wPImWBz7c,1
@jakepiz,u3wPImWBz7c,1
@jamesdrummond187,u3wPImWBz7c,1
@kankadev,u3wPImWBz7c,1
@kathleen9185,u3wPImWBz7c,1
@keslauche1779,u3wPImWBz7c,1
@kevinforshey9259,u3wPImWBz7c,1
@kiaranr,u3wPImWBz7c,1
@lcarv20,u3wPImWBz7c,1
@lordememphis,u3wPImWBz7c,1
@lowrez-v3d,u3wPImWBz7c,1
@lukemelas,u3wPImWBz7c,1
@manupatet,u3wPImWBz7c,1
@marloeleven,u3wPImWBz7c,1
@mawkuri5496,u3wPImWBz7c,1
@maxfrischdev,u3wPImWBz7c,1
@mazewinther1,u3wPImWBz7c,2
@michaelm3404,u3wPImWBz7c,1
@mohabedr5030,u3wPImWBz7c,1
@mystical_videos,u3wPImWBz7c,1
@nakul4387,u3wPImWBz7c,1
@natecodez,u3wPImWBz7c,1
@nickburlakov2974,u3wPImWBz7c,1
@nighteyes360,u3wPImWBz7c,1
@nikcodex,u3wPImWBz7c,1
@nischenrob8139,u3wPImWBz7c,1
@noaxtl,u3wPImWBz7c,1
@nothingtoseehere5760,u3wPImWBz7c,1
@ojikutu,u3wPImWBz7c,1
@ontheruntonowhere,u3wPImWBz7c,1
@owusukenneth1392,u3wPImWBz7c,1
@panman2632,u3wPImWBz7c,2
@perryfrimpongmensah3710,u3wPImWBz7c,1
@pivonroll,u3wPImWBz7c,1
@polybius9089,u3wPImWBz7c,1
@prndlprndlprndl,u3wPImWBz7c,1
@psradebe,u3wPImWBz7c,1
@ralphhardie7492,u3wPImWBz7c,1
@reddeadcobra8295,u3wPImWBz7c,1
@romulodrumond3526,u3wPImWBz7c,1
@sadiqqqqqq,u3wPImWBz7c,1
@samucancld,u3wPImWBz7c,1
@santiagotrias,u3wPImWBz7c,2
@shreenidhibodas6477,u3wPImWBz7c,1
@siosaiafonua9286,u3wPImWBz7c,1
@smudgepost,u3wPImWBz7c,1
@sochimab,u3wPImWBz7c,1
@some84884,u3wPImWBz7c,1
@sortof3337,u3wPImWBz7c,1
@sourabhsingh4515,u3wPImWBz7c,1
@springchan1514,u3wPImWBz7c,1
@tacorevenge87,u3wPImWBz7c,1
@thisiswill,u3wPImWBz7c,1
@ulhaqanwaar1,u3wPImWBz7c,4
@ulrich-tonmoy,u3wPImWBz7c,1
@user-vk9ff9gr4x,u3wPImWBz7c,2
@vasvalstan,u3wPImWBz7c,2
@vd3fyn,u3wPImWBz7c,1
@victorlongon,u3wPImWBz7c,1
@vladkuz6974,u3wPImWBz7c,1
@vuralmecbur9958,u3wPImWBz7c,1
@xilverlight,u3wPImWBz7c,1
@yashsolanki069,u3wPImWBz7c,1
@ykhatat,u3wPImWBz7c,1
@다루루,u3wPImWBz7c,1
@손용준-d9h,u3wPImWBz7c,1
@Douli-z7q,uMJErixE9uI,1
@PrettyFabulousDesigns,uMJErixE9uI,2
@SimpsonsRuleForever,uMJErixE9uI,1
@TarkovRandomGameplay,uMJErixE9uI,1
@byasiaminor,uMJErixE9uI,1
@cogentecho,uMJErixE9uI,1
@4_re_al,uogzSxOw4LU,1
@79Fbanana,uogzSxOw4LU,1
@Adam-dr9cr,uogzSxOw4LU,1
@Code-With-Robby,uogzSxOw4LU,1
@D3ds3c098,uogzSxOw4LU,1
@Deltamass,uogzSxOw4LU,1
@DockayHub,uogzSxOw4LU,1
@FZLAWAL,uogzSxOw4LU,1
@HoangOB,uogzSxOw4LU,1
@IbamChucks,uogzSxOw4LU,1
@Lyric_Lock1,uogzSxOw4LU,1
@MICHAELE44,uogzSxOw4LU,1
@MilhasExp,uogzSxOw4LU,1
@Nikolai-f2n,uogzSxOw4LU,1
@ReadFitzgerald,uogzSxOw4LU,1
@Rogue_Ashura,uogzSxOw4LU,1
@ShahabSheikhzadeh,uogzSxOw4LU,1
@Skynet008-u2k,uogzSxOw4LU,1
@TheMatrixCoder-b5g,uogzSxOw4LU,1
@UnchainedSky,uogzSxOw4LU,1
@abdulbasir8740,uogzSxOw4LU,1
@alirezahaghighat639,uogzSxOw4LU,1
@amaanmajid8218,uogzSxOw4LU,1
@amitsangle1555,uogzSxOw4LU,1
@ancearrbhachmaccaba,uogzSxOw4LU,3
@avigyapaudel3305,uogzSxOw4LU,1
@bdcash,uogzSxOw4LU,1
@brod7783,uogzSxOw4LU,1
@christislight,uogzSxOw4LU,1
@danieladuworae6794,uogzSxOw4LU,1
@danielbaena4691,uogzSxOw4LU,1
@davidlowe8597,uogzSxOw4LU,1
@ericpeck7858,uogzSxOw4LU,1
@ffcsin,uogzSxOw4LU,1
@gunslinger_cat,uogzSxOw4LU,1
@haidersyed6554,uogzSxOw4LU,2
@harshitdy,uogzSxOw4LU,1
@im_the_lyricist,uogzSxOw4LU,1
@incshorts5586,uogzSxOw4LU,1
@infamouse9149,uogzSxOw4LU,1
@jamesallen74,uogzSxOw4LU,1
@jijie133,uogzSxOw4LU,1
@jjfiogarcia,uogzSxOw4LU,1
@jonathandelapaz6436,uogzSxOw4LU,2
@joshspadaro6736,uogzSxOw4LU,1
@kevikiru,uogzSxOw4LU,2
@kimklinh,uogzSxOw4LU,1
@lordbacon4972,uogzSxOw4LU,1
@magiacc-t1z,uogzSxOw4LU,2
@montherasem2057,uogzSxOw4LU,1
@mrbartuss1,uogzSxOw4LU,1
@mt2mgames851,uogzSxOw4LU,2
@nightskies4613,uogzSxOw4LU,1
@no-trick-pony,uogzSxOw4LU,1
@robertoazambuja222,uogzSxOw4LU,1
@rustix3,uogzSxOw4LU,1
@seonghaham,uogzSxOw4LU,1
@theyruinedyoutubeagain,uogzSxOw4LU,1
@this_katharsis2227,uogzSxOw4LU,1
@user-nbfkxngjmyb,uogzSxOw4LU,1
@warwicknexus160,uogzSxOw4LU,1
@yaroslavmakarov2218,uogzSxOw4LU,1
@zewdih3871,uogzSxOw4LU,1
@AILabLive,uwA3MMYBfAQ,1
@AIUser1431,uwA3MMYBfAQ,1
@Afaqplanetscale,uwA3MMYBfAQ,1
@ClemensLaengle,uwA3MMYBfAQ,1
@DrLumosLongevity,uwA3MMYBfAQ,1
@Dually-Citizen,uwA3MMYBfAQ,1
@ImonRizvi,uwA3MMYBfAQ,1
@JacobEwillx,uwA3MMYBfAQ,2
@John316Ministries,uwA3MMYBfAQ,1
@KiRiTO72987,uwA3MMYBfAQ,1
@Leman2003yf,uwA3MMYBfAQ,1
@Linxflasher,uwA3MMYBfAQ,1
@MikeSachs-t3b,uwA3MMYBfAQ,2
@MrCalletennis,uwA3MMYBfAQ,1
@ROKIBULHASANTANZIM,uwA3MMYBfAQ,1
@SoftwareDev1431-e8u,uwA3MMYBfAQ,1
@SouthbayJay_ai,uwA3MMYBfAQ,1
@VoloBuilds,uwA3MMYBfAQ,50
@VuHungNguyen,uwA3MMYBfAQ,1
@ZukeClips,uwA3MMYBfAQ,1
@aijokker,uwA3MMYBfAQ,2
@ajiw_,uwA3MMYBfAQ,1
@alexanderkomanov4151,uwA3MMYBfAQ,1
@anthonymorlett146,uwA3MMYBfAQ,1
@arunjithr5984,uwA3MMYBfAQ,1
@asjayara,uwA3MMYBfAQ,1
@benvsantos,uwA3MMYBfAQ,1
@captain365,uwA3MMYBfAQ,1
@chezanagrofarm153,uwA3MMYBfAQ,1
@davidlopez8421,uwA3MMYBfAQ,1
@dwiii1635,uwA3MMYBfAQ,1
@dylaro0,uwA3MMYBfAQ,1
@eddvdm,uwA3MMYBfAQ,1
@edoron777,uwA3MMYBfAQ,1
@guesshu123,uwA3MMYBfAQ,1
@impydev,uwA3MMYBfAQ,1
@jonmhayden,uwA3MMYBfAQ,1
@juancaceres3836,uwA3MMYBfAQ,1
@kirillvolsky9022,uwA3MMYBfAQ,1
@lazargubezkis4329,uwA3MMYBfAQ,1
@likewolf,uwA3MMYBfAQ,1
@mehrnoushghaffarzadeh4971,uwA3MMYBfAQ,1
@meichi308,uwA3MMYBfAQ,2
@modulezp,uwA3MMYBfAQ,1
@mrbaluba100,uwA3MMYBfAQ,1
@pH7Programming,uwA3MMYBfAQ,1
@patgomez5243,uwA3MMYBfAQ,1
@paulamourad4699,uwA3MMYBfAQ,1
@pookiepats,uwA3MMYBfAQ,1
@ronaldjohnson4470,uwA3MMYBfAQ,1
@rupnikj,uwA3MMYBfAQ,1
@russssety,uwA3MMYBfAQ,2
@satyapras7667,uwA3MMYBfAQ,1
@shahriarmuktadir4457,uwA3MMYBfAQ,1
@shubhamshekhar23,uwA3MMYBfAQ,1
@silvamiracle2347,uwA3MMYBfAQ,1
@sinTheUnadulterated,uwA3MMYBfAQ,1
@sinan6895,uwA3MMYBfAQ,1
@smoothgazi,uwA3MMYBfAQ,1
@soundformovement,uwA3MMYBfAQ,1
@splashshift1,uwA3MMYBfAQ,1
@spoonapple5698,uwA3MMYBfAQ,1
@stevenwall760,uwA3MMYBfAQ,1
@surajgiri1649,uwA3MMYBfAQ,1
@tec_techs,uwA3MMYBfAQ,1
@tobiaskohlschlag5115,uwA3MMYBfAQ,1
@ututanimations3322,uwA3MMYBfAQ,1
@vanquoc81,uwA3MMYBfAQ,1
@w7notes713,uwA3MMYBfAQ,1
@webber7217,uwA3MMYBfAQ,2
@wrightt360,uwA3MMYBfAQ,1
@yinuoqin3044,uwA3MMYBfAQ,1
@ynwicks7142,uwA3MMYBfAQ,1
@yzhang2008,uwA3MMYBfAQ,1
@AIMDtracks,v3tLa5nHz-M,1
@AaronLoomis-n5w,v3tLa5nHz-M,1
@Adam-Jones_1,v3tLa5nHz-M,1
@AdamR-v9w,v3tLa5nHz-M,1
@Ahatain,v3tLa5nHz-M,1
@Alb4418,v3tLa5nHz-M,1
@Ameen-u6k,v3tLa5nHz-M,1
@Anger_soft,v3tLa5nHz-M,1
@Arsh-k7l,v3tLa5nHz-M,1
@BaldZika-v3t,v3tLa5nHz-M,1
@BatmanvanderMerwe,v3tLa5nHz-M,1
@BernhardHimmer,v3tLa5nHz-M,1
@BlueScreenCorp,v3tLa5nHz-M,3
@BohumirZamecnik,v3tLa5nHz-M,1
@Bongooer,v3tLa5nHz-M,1
@BrTheFacts0786,v3tLa5nHz-M,1
@CatsycatPlays_frfr,v3tLa5nHz-M,1
@CrimsonSkald,v3tLa5nHz-M,1
@DanKavcic,v3tLa5nHz-M,1
@DevilsAdvocateChannelNew,v3tLa5nHz-M,1
@DillonBaquetGames,v3tLa5nHz-M,1
@EdwinOnYouTube,v3tLa5nHz-M,1
@EpicBowlingChamp,v3tLa5nHz-M,1
@Eureka-f1c,v3tLa5nHz-M,1
@FionaShrekson,v3tLa5nHz-M,1
@Foxcam_5,v3tLa5nHz-M,1
@GreenAlien2023,v3tLa5nHz-M,1
@Grenzwertiges_Brot,v3tLa5nHz-M,1
@HerozOfficial,v3tLa5nHz-M,1
@IRONSOULMUSIC-ODG,v3tLa5nHz-M,1
@JAGGERNAUT-THE-SCIENTISTS_d1tm,v3tLa5nHz-M,1
@JnR.009,v3tLa5nHz-M,1
@John-e1c7t,v3tLa5nHz-M,1
@JohnMartin-pjasca,v3tLa5nHz-M,1
@JohnnyBGoode-xn9mo,v3tLa5nHz-M,1
@KEEVVY,v3tLa5nHz-M,1
@Kabukkafa,v3tLa5nHz-M,1
@KamiFrost99,v3tLa5nHz-M,1
@KirillNeko,v3tLa5nHz-M,1
@Krokodil986,v3tLa5nHz-M,1
@MBD3222,v3tLa5nHz-M,1
@MindWave-z8i,v3tLa5nHz-M,1
@MrCyberGuy,v3tLa5nHz-M,1
@MuhammdUzairShah23,v3tLa5nHz-M,1
@Necromancy-d5l,v3tLa5nHz-M,1
@NothingToSeeHere185,v3tLa5nHz-M,1
@ORIGINALwhatnow,v3tLa5nHz-M,1
@Oleg_Odarchenko,v3tLa5nHz-M,1
@Ondog-Ondog,v3tLa5nHz-M,1
@Onesaitama123,v3tLa5nHz-M,1
@PaulnJenna,v3tLa5nHz-M,1
@Phantombit,v3tLa5nHz-M,1
@ProcurementScholars,v3tLa5nHz-M,1
@QamarZia-c4i,v3tLa5nHz-M,1
@Qichar,v3tLa5nHz-M,1
@ROForeverMan,v3tLa5nHz-M,1
@RobinOld5,v3tLa5nHz-M,1
@Runner50783,v3tLa5nHz-M,1
@Safineya,v3tLa5nHz-M,1
@SerenityScratch,v3tLa5nHz-M,1
@ServantofAllahForever,v3tLa5nHz-M,1
@SimonSCJP,v3tLa5nHz-M,1
@Stevejames0188,v3tLa5nHz-M,1
@TheDainerss,v3tLa5nHz-M,1
@TheRealMrGreen,v3tLa5nHz-M,1
@TheReal_IdeasAndInventions,v3tLa5nHz-M,1
@Thrill_Motion,v3tLa5nHz-M,1
@TmatoCheatEngine,v3tLa5nHz-M,1
@UltraGameDev4,v3tLa5nHz-M,1
@UnsungSpartan,v3tLa5nHz-M,2
@Youngjorisky,v3tLa5nHz-M,1
@_FushiguroToji,v3tLa5nHz-M,1
@abdullahroomi3088,v3tLa5nHz-M,1
@abdullahsaad8825,v3tLa5nHz-M,1
@agred1519,v3tLa5nHz-M,1
@alexvaiman4966,v3tLa5nHz-M,1
@amansinghal-,v3tLa5nHz-M,1
@anelkaliyeva3281,v3tLa5nHz-M,1
@angrypidgeon1714,v3tLa5nHz-M,1
@arrrghh,v3tLa5nHz-M,1
@arturr5,v3tLa5nHz-M,1
@aurelspecker6740,v3tLa5nHz-M,1
@badopcode,v3tLa5nHz-M,1
@barteko3754,v3tLa5nHz-M,1
@beaker8111,v3tLa5nHz-M,1
@beastgamer2470,v3tLa5nHz-M,1
@beatsbylocked,v3tLa5nHz-M,1
@bingurda,v3tLa5nHz-M,1
@boban7709,v3tLa5nHz-M,1
@brianlittle6262,v3tLa5nHz-M,1
@bruhmoment6720,v3tLa5nHz-M,1
@califur,v3tLa5nHz-M,1
@cemtekin7644,v3tLa5nHz-M,1
@charlesd4572,v3tLa5nHz-M,1
@chrisanderson687,v3tLa5nHz-M,1
@cispower,v3tLa5nHz-M,1
@clv603,v3tLa5nHz-M,1
@cobalius,v3tLa5nHz-M,1
@codecrushers21,v3tLa5nHz-M,2
@danieljensen2626,v3tLa5nHz-M,1
@deant01,v3tLa5nHz-M,1
@desmosss,v3tLa5nHz-M,1
@dhruvzala5548,v3tLa5nHz-M,1
@digibluh,v3tLa5nHz-M,1
@dmytroparfeniuk2670,v3tLa5nHz-M,1
@dookdawg214,v3tLa5nHz-M,1
@duck245,v3tLa5nHz-M,1
@elijawad5415,v3tLa5nHz-M,1
@eliminatedprogrammerz,v3tLa5nHz-M,1
@elscientist,v3tLa5nHz-M,1
@enkindel,v3tLa5nHz-M,1
@ermutanda3802,v3tLa5nHz-M,1
@fahd8787,v3tLa5nHz-M,1
@fahimhusain5542,v3tLa5nHz-M,1
@fernandohiar9985,v3tLa5nHz-M,1
@freddurst4420,v3tLa5nHz-M,1
@frrankdesilva6504,v3tLa5nHz-M,2
@fury2006k,v3tLa5nHz-M,1
@gailjackson,v3tLa5nHz-M,1
@georgevaraboutis6672,v3tLa5nHz-M,1
@givenbread1,v3tLa5nHz-M,2
@graemejones9707,v3tLa5nHz-M,1
@gurgleblaster2282,v3tLa5nHz-M,1
@hahahha-h1f,v3tLa5nHz-M,1
@happysmilesworldandgames8755,v3tLa5nHz-M,1
@hikaikayoken5832,v3tLa5nHz-M,1
@huytyty1231,v3tLa5nHz-M,1
@i_am_groot_25,v3tLa5nHz-M,1
@iagomoreiradasilva2952,v3tLa5nHz-M,1
@ivankaramasov,v3tLa5nHz-M,1
@jasonhunter3429,v3tLa5nHz-M,1
@jeuxdz,v3tLa5nHz-M,1
@jihadsamarji,v3tLa5nHz-M,1
@john_blues,v3tLa5nHz-M,1
@jsimpson-4r5t,v3tLa5nHz-M,1
@jujujuugg444,v3tLa5nHz-M,1
@julianricom404,v3tLa5nHz-M,1
@julienjollivet2850,v3tLa5nHz-M,1
@kailenmitchell8571,v3tLa5nHz-M,1
@kale4ever2,v3tLa5nHz-M,1
@kaoko111,v3tLa5nHz-M,1
@karombekhusanov7603,v3tLa5nHz-M,1
@konraddapper,v3tLa5nHz-M,1
@ksjazzguitaryt,v3tLa5nHz-M,1
@leoF_0312,v3tLa5nHz-M,1
@liquidfish4873,v3tLa5nHz-M,1
@loserdub,v3tLa5nHz-M,1
@lucas6684,v3tLa5nHz-M,1
@luna-NOCTURN4,v3tLa5nHz-M,1
@marcelb3645,v3tLa5nHz-M,1
@mephistosprincipium,v3tLa5nHz-M,1
@moonlightsparkle2690,v3tLa5nHz-M,1
@mrgibson69,v3tLa5nHz-M,1
@murdoch201,v3tLa5nHz-M,1
@nanuqcz,v3tLa5nHz-M,1
@neella97,v3tLa5nHz-M,1
@nickalvesx4003,v3tLa5nHz-M,1
@nielle1963,v3tLa5nHz-M,1
@noCOtwo,v3tLa5nHz-M,1
@p3rp1ex,v3tLa5nHz-M,1
@paolo.paquee,v3tLa5nHz-M,1
@parthparekh1,v3tLa5nHz-M,1
@patcasrares9405,v3tLa5nHz-M,1
@patwilson2546,v3tLa5nHz-M,1
@prashantsurti2029,v3tLa5nHz-M,1
@princesheoran314,v3tLa5nHz-M,1
@professionalsummarizer,v3tLa5nHz-M,1
@randomshow9366,v3tLa5nHz-M,1
@ravador,v3tLa5nHz-M,1
@rinzler9775,v3tLa5nHz-M,2
@samgrainger1554,v3tLa5nHz-M,1
@santhoshSk25,v3tLa5nHz-M,2
@sayednavidazimi4492,v3tLa5nHz-M,1
@shadowwars357,v3tLa5nHz-M,1
@siljareuter7699,v3tLa5nHz-M,1
@stefanprasad,v3tLa5nHz-M,1
@stelarfox,v3tLa5nHz-M,2
@stonesniffer46,v3tLa5nHz-M,1
@sunwupen5264,v3tLa5nHz-M,1
@taiwofakayejo9684,v3tLa5nHz-M,2
@teddymarkov,v3tLa5nHz-M,1
@tf21-m2v,v3tLa5nHz-M,1
@thomasgerlach5972,v3tLa5nHz-M,3
@topgamer101,v3tLa5nHz-M,1
@trentonhenrichson3041,v3tLa5nHz-M,1
@u53rn4m37,v3tLa5nHz-M,1
@valuegaptrader7243,v3tLa5nHz-M,1
@vdidibd2514,v3tLa5nHz-M,1
@velinvelikov7182,v3tLa5nHz-M,1
@vivimymaster,v3tLa5nHz-M,1
@warmandle,v3tLa5nHz-M,1
@weirdearthwarriornub2042,v3tLa5nHz-M,1
@woitot9162,v3tLa5nHz-M,1
@xaoccc,v3tLa5nHz-M,1
@xiamanoj9645,v3tLa5nHz-M,1
@xlizer1_18,v3tLa5nHz-M,1
@xxxtoddythebodyxxx,v3tLa5nHz-M,1
@youssefyoussef3652,v3tLa5nHz-M,1
@4verse79,w4rG5GY9IlA,1
@ABUNAHIL,w4rG5GY9IlA,1
@ANAHERRERA-kg3vs,w4rG5GY9IlA,1
@AakashRoy-xz5bi,w4rG5GY9IlA,1
@Abdullah98hlal,w4rG5GY9IlA,1
@Abdullahxxx6969,w4rG5GY9IlA,1
@AghalyaVelayudham-c4p,w4rG5GY9IlA,1
@Ahmaddelh-f6w,w4rG5GY9IlA,1
@AjitMagar-s8i,w4rG5GY9IlA,1
@AkashBiswas-001,w4rG5GY9IlA,1
@AkhileshKumar-e8j5k,w4rG5GY9IlA,1
@AmarGhosal,w4rG5GY9IlA,1
@Amitw4kt56v6em1il,w4rG5GY9IlA,1
@Anvirdhurve,w4rG5GY9IlA,1
@AscendingPath-y7q,w4rG5GY9IlA,1
@AviralGhildiyal-q5k3j,w4rG5GY9IlA,1
@BRBallin1,w4rG5GY9IlA,1
@BabaluKumar-m7x,w4rG5GY9IlA,1
@Badboy-w2i5,w4rG5GY9IlA,1
@Bantyaofficial,w4rG5GY9IlA,1
@Black-gaming230,w4rG5GY9IlA,1
@Bluefire123-l5q,w4rG5GY9IlA,1
@BrianDJin,w4rG5GY9IlA,1
@CaptPicard81,w4rG5GY9IlA,1
@Cherifa-j6p,w4rG5GY9IlA,1
@ChristopherMoses-x1d9g,w4rG5GY9IlA,1
@ClifCollins-k8d,w4rG5GY9IlA,1
@DALIMSK-q1v9b,w4rG5GY9IlA,1
@DaneWalles,w4rG5GY9IlA,1
@ElisaAranda-q2b,w4rG5GY9IlA,1
@EulaliaOviedoPadron-xo4st,w4rG5GY9IlA,1
@FLAXO_777-YT,w4rG5GY9IlA,1
@Goloo-u8p,w4rG5GY9IlA,1
@HELMI244,w4rG5GY9IlA,1
@HafizaAkter-r2o,w4rG5GY9IlA,1
@HellenKhasande,w4rG5GY9IlA,1
@Himanshu-r7d4e,w4rG5GY9IlA,1
@HoiMinh-s6v,w4rG5GY9IlA,1
@Jerry_Inyang,w4rG5GY9IlA,1
@JetsetYasin,w4rG5GY9IlA,1
@Jhcriket,w4rG5GY9IlA,1
@JumaMuwanga,w4rG5GY9IlA,1
@KaminTrutra,w4rG5GY9IlA,1
@KarimKhan-c9m1p,w4rG5GY9IlA,1
@Kingwb25,w4rG5GY9IlA,1
@KiranKiran-h5p,w4rG5GY9IlA,1
@KushalVarma-v3w,w4rG5GY9IlA,1
@LMobileGamer,w4rG5GY9IlA,1
@LanceLetty,w4rG5GY9IlA,1
@LightLove-m6t,w4rG5GY9IlA,1
@MadalinIgnisca,w4rG5GY9IlA,1
@MagidinandiniMagidinandini,w4rG5GY9IlA,1
@MaryamHalid-t7w,w4rG5GY9IlA,1
@MdKhalidHussain-n3z,w4rG5GY9IlA,1
@MdfarukKane,w4rG5GY9IlA,1
@MukhtaarIbraahim-i5q,w4rG5GY9IlA,1
@MushfikurRahmanRian,w4rG5GY9IlA,2
@NAHINASAJIB-z9e,w4rG5GY9IlA,1
@NXTMUNNA10k-h,w4rG5GY9IlA,2
@NabeelAli-z6m,w4rG5GY9IlA,1
@NahomFesshatsion,w4rG5GY9IlA,1
@NiazaliKhan-s4q,w4rG5GY9IlA,1
@Nic_Hanks,w4rG5GY9IlA,1
@OFFICIAL_GAM1NG,w4rG5GY9IlA,1
@OmarSemetr,w4rG5GY9IlA,1
@OutterLaw,w4rG5GY9IlA,1
@PROSERVICE-ee7nr,w4rG5GY9IlA,1
@Players12345,w4rG5GY9IlA,1
@PradeepPatil-i1k,w4rG5GY9IlA,1
@PraveenMasram-o3m,w4rG5GY9IlA,1
@Quester2023-xp7rb,w4rG5GY9IlA,1
@RAMYRamy-h5n,w4rG5GY9IlA,1
@RachidHadjab-e5t,w4rG5GY9IlA,1
@RajDdani,w4rG5GY9IlA,1
@RajKilar-f8v,w4rG5GY9IlA,1
@RakeshKosuru-u1f,w4rG5GY9IlA,1
@RalphDratman,w4rG5GY9IlA,1
@SANJEEVKUMARbit,w4rG5GY9IlA,1
@SG_YUKII,w4rG5GY9IlA,1
@Scak58-t1,w4rG5GY9IlA,1
@SejalChaudhary-q7f,w4rG5GY9IlA,1
@SelaKh-n6m,w4rG5GY9IlA,1
@ShakeelAhmed-s4i5h,w4rG5GY9IlA,1
@ShoonLaeMayOo-j6n,w4rG5GY9IlA,1
@Sunil_Chandurkar,w4rG5GY9IlA,1
@SuraniSanjeewani,w4rG5GY9IlA,1
@TapanBaishnah,w4rG5GY9IlA,1
@TheFootballPlaya,w4rG5GY9IlA,1
@The_Akhoon,w4rG5GY9IlA,1
@Thea196jwtgs18,w4rG5GY9IlA,1
@User-h4p4n,w4rG5GY9IlA,1
@VigneshVignesh-s7q,w4rG5GY9IlA,1
@WasimAkram-oq6uz,w4rG5GY9IlA,1
@WebDevCohort,w4rG5GY9IlA,1
@WijdaneWijdane-e8b,w4rG5GY9IlA,1
@ZiadSameh-n4m,w4rG5GY9IlA,1
@a0921pig,w4rG5GY9IlA,2
@abdullahkhanabdullah7376,w4rG5GY9IlA,3
@adriandunbar3011,w4rG5GY9IlA,1
@ahmedakram-ck6bj,w4rG5GY9IlA,1
@aiwithrahulr,w4rG5GY9IlA,1
@alexgreenwood3868,w4rG5GY9IlA,2
@alexismarie1901,w4rG5GY9IlA,1
@alinaitwebernabe,w4rG5GY9IlA,1
@alineOliveira-hr2xt,w4rG5GY9IlA,1
@alirainbow-n9x,w4rG5GY9IlA,1
@anantsingh8724,w4rG5GY9IlA,1
@anujverma8057,w4rG5GY9IlA,1
@arslanshah7472,w4rG5GY9IlA,1
@ashfaqashfuu,w4rG5GY9IlA,1
@ayanotura9554,w4rG5GY9IlA,1
@ayushwasnik9983,w4rG5GY9IlA,1
@bereketkifle-p8x,w4rG5GY9IlA,1
@bharatdhal78,w4rG5GY9IlA,1
@blazecc8410,w4rG5GY9IlA,1
@bobbyinpesing,w4rG5GY9IlA,1
@bold_and_modern_fashion,w4rG5GY9IlA,1
@boseongkim1014,w4rG5GY9IlA,1
@calzone3,w4rG5GY9IlA,1
@cbrown940,w4rG5GY9IlA,1
@cgk2859,w4rG5GY9IlA,1
@crazytv3242,w4rG5GY9IlA,1
@cunningmentor,w4rG5GY9IlA,1
@diydigo8756,w4rG5GY9IlA,1
@dkstar4359,w4rG5GY9IlA,1
@doomer3,w4rG5GY9IlA,1
@elfaqihnet,w4rG5GY9IlA,1
@emaemanual4045,w4rG5GY9IlA,1
@extrema,w4rG5GY9IlA,1
@gurbanivideo6789,w4rG5GY9IlA,1
@haru100,w4rG5GY9IlA,1
@humaisaslam,w4rG5GY9IlA,1
@husamhamad7311,w4rG5GY9IlA,1
@ipkunerd,w4rG5GY9IlA,1
@jamroni922,w4rG5GY9IlA,1
@jaso7839,w4rG5GY9IlA,1
@javabeanies,w4rG5GY9IlA,1
@jorgegalindes-x4d,w4rG5GY9IlA,1
@kamaltharu31,w4rG5GY9IlA,1
@karajsandhu-j2h,w4rG5GY9IlA,1
@kartun_56,w4rG5GY9IlA,1
@kaylabrown2835,w4rG5GY9IlA,1
@khumbulanimavuma4173,w4rG5GY9IlA,1
@kirondas3232,w4rG5GY9IlA,1
@kywanmont5896,w4rG5GY9IlA,1
@lEyaBingabing,w4rG5GY9IlA,1
@liahamada,w4rG5GY9IlA,1
@made1nsa,w4rG5GY9IlA,1
@manalidhumal9189,w4rG5GY9IlA,1
@maq3009,w4rG5GY9IlA,2
@marciojunior9266,w4rG5GY9IlA,1
@mg65536,w4rG5GY9IlA,1
@miguelsantiagop4719,w4rG5GY9IlA,1
@mohitpatel3985,w4rG5GY9IlA,1
@mundodigital316,w4rG5GY9IlA,1
@ninaortiz9393,w4rG5GY9IlA,1
@nurr.alom56,w4rG5GY9IlA,1
@ominduabey,w4rG5GY9IlA,1
@paoguevara539,w4rG5GY9IlA,1
@patwarymahmud,w4rG5GY9IlA,1
@paulvalhmu6096,w4rG5GY9IlA,1
@pcgamerreviewbr,w4rG5GY9IlA,1
@peacemarumirofa,w4rG5GY9IlA,1
@pleaseiwantmyphone,w4rG5GY9IlA,1
@prashilbison7038,w4rG5GY9IlA,1
@premiumraman,w4rG5GY9IlA,1
@qvlad9121,w4rG5GY9IlA,1
@raffaelesuppa4255,w4rG5GY9IlA,1
@rawanmig-k6j,w4rG5GY9IlA,1
@rolandandreiventura1571,w4rG5GY9IlA,1
@ronielsonDaSilva-c6b,w4rG5GY9IlA,1
@royarshekho2004,w4rG5GY9IlA,1
@samarthtuliofficial,w4rG5GY9IlA,1
@sardarsaqibkhan4911,w4rG5GY9IlA,1
@sayedkimiyeamursalin,w4rG5GY9IlA,1
@shaileshkumar-s5k9l,w4rG5GY9IlA,1
@siposbogdan,w4rG5GY9IlA,1
@sonamonikhan976,w4rG5GY9IlA,1
@sorbet-fox1334,w4rG5GY9IlA,1
@stacy3781,w4rG5GY9IlA,1
@stephenharmisionk6033,w4rG5GY9IlA,1
@surajGurung-h4u,w4rG5GY9IlA,1
@tOpspottfyy,w4rG5GY9IlA,1
@thecreepman09,w4rG5GY9IlA,1
@thembareallukhele4732,w4rG5GY9IlA,1
@urimtefiki226,w4rG5GY9IlA,1
@youssefElidrissi-i9m,w4rG5GY9IlA,1
@yvonnierh6452,w4rG5GY9IlA,1
@zulmiraramosdasilva4708,w4rG5GY9IlA,1
@حنيناياد-ذ3ب,w4rG5GY9IlA,1
@روادنابلسي-ش4غ,w4rG5GY9IlA,1
@سعادنجار-ف8ح3ر,w4rG5GY9IlA,1
@عبدالجليلالحاجعبدالله,w4rG5GY9IlA,1
@عبدالهاديبيج,w4rG5GY9IlA,1
@عبودييعبوديي-ث5ه,w4rG5GY9IlA,1
@عيسىالعلوش-ش6ي,w4rG5GY9IlA,1
@معتزالمحمد-م2ب,w4rG5GY9IlA,1
@نعممن-ث3ه,w4rG5GY9IlA,1
@هيسوكا-ت1ي,w4rG5GY9IlA,1
@يونسبركات-ز3ل,w4rG5GY9IlA,1
@गोबिंदगुजर,w4rG5GY9IlA,1
@CodelessDeveloper,wBgNflnfIEA,1
@billr.2210,wBgNflnfIEA,1
@jozek24,wBgNflnfIEA,1
@nofallacypls,wBgNflnfIEA,1
@saramarrspellmaker9592,wBgNflnfIEA,1
@skynet0811,wBgNflnfIEA,1
@AakashChavan-db9nv,wlpBCazAY9Q,2
@Abbas_girl,wlpBCazAY9Q,1
@Adivasi7777,wlpBCazAY9Q,1
@Aimen-i8j5b,wlpBCazAY9Q,1
@AishwaryBuwade1,wlpBCazAY9Q,1
@AleksandarIvanov69,wlpBCazAY9Q,2
@Andris_Briedis,wlpBCazAY9Q,3
@Ark_Enterprises_LLC,wlpBCazAY9Q,1
@AstorSkywalker,wlpBCazAY9Q,1
@BlackZetsu.,wlpBCazAY9Q,1
@BrianKiprotich-xw7fx,wlpBCazAY9Q,1
@Cephalopopo,wlpBCazAY9Q,1
@ChrisG0,wlpBCazAY9Q,1
@CodeWithBalaji,wlpBCazAY9Q,1
@DLCS-2,wlpBCazAY9Q,1
@DagimGirma-p2p,wlpBCazAY9Q,1
@DevGupta2-121,wlpBCazAY9Q,1
@Discovery_Nuggets,wlpBCazAY9Q,1
@EdgarSanchez-ss9qi,wlpBCazAY9Q,1
@EtornamAhiataku,wlpBCazAY9Q,1
@Faizank97,wlpBCazAY9Q,1
@Gosyawka,wlpBCazAY9Q,1
@Hapkumdo,wlpBCazAY9Q,1
@Ironman-96,wlpBCazAY9Q,1
@JpDevData,wlpBCazAY9Q,1
@LightAndShadow90,wlpBCazAY9Q,1
@LivingChad,wlpBCazAY9Q,1
@Matesito66,wlpBCazAY9Q,1
@MateuszSzczepanek-nq7fw,wlpBCazAY9Q,1
@MrBillyLondon,wlpBCazAY9Q,1
@MrVdennis,wlpBCazAY9Q,1
@NickRomanek,wlpBCazAY9Q,1
@NobleAbsinthe,wlpBCazAY9Q,1
@NotAcideSane,wlpBCazAY9Q,1
@OK-Computer,wlpBCazAY9Q,1
@Pepperjack57IsAwesome,wlpBCazAY9Q,1
@Rafik_b_dz,wlpBCazAY9Q,1
@RajRishiYadav1996,wlpBCazAY9Q,1
@RetiredVet1,wlpBCazAY9Q,1
@San-pv,wlpBCazAY9Q,1
@SimonSaysEz,wlpBCazAY9Q,1
@TechRapide,wlpBCazAY9Q,1
@TozzaYT,wlpBCazAY9Q,1
@TrueDebendra,wlpBCazAY9Q,1
@WebDevCohort,wlpBCazAY9Q,1
@XfilerD,wlpBCazAY9Q,1
@ZlatkoTestDerkoskiTest,wlpBCazAY9Q,1
@aadiltansawala9171,wlpBCazAY9Q,1
@abhinavsingh3514,wlpBCazAY9Q,2
@adrianmartinezfernandez3114,wlpBCazAY9Q,1
@ah11980,wlpBCazAY9Q,1
@aidanmirzav8936,wlpBCazAY9Q,1
@aitoolswithpark,wlpBCazAY9Q,2
@alaabso,wlpBCazAY9Q,1
@alquds01,wlpBCazAY9Q,1
@anabelberumen,wlpBCazAY9Q,1
@antonio_carvalho,wlpBCazAY9Q,1
@arungandhi3479,wlpBCazAY9Q,1
@aumithasan7736,wlpBCazAY9Q,1
@avgguy7129,wlpBCazAY9Q,1
@carsonmcmahon8830,wlpBCazAY9Q,1
@cbbcbb6803,wlpBCazAY9Q,1
@cerankas,wlpBCazAY9Q,1
@codecungkhanh,wlpBCazAY9Q,1
@davidedelstein6600,wlpBCazAY9Q,1
@dbseraph,wlpBCazAY9Q,1
@deeplearningnerd,wlpBCazAY9Q,1
@eduardhosu5961,wlpBCazAY9Q,1
@enghailetechonline8138,wlpBCazAY9Q,1
@firat-p4b,wlpBCazAY9Q,1
@gemini一年16频道简介领,wlpBCazAY9Q,1
@glennvelupillai,wlpBCazAY9Q,1
@gushock5487,wlpBCazAY9Q,2
@hamzazahidulislam3490,wlpBCazAY9Q,1
@hcx1853,wlpBCazAY9Q,1
@hissentutu6589,wlpBCazAY9Q,1
@hod7628,wlpBCazAY9Q,1
@hostelkaladka,wlpBCazAY9Q,1
@infn8loopmusic,wlpBCazAY9Q,1
@jazeb-t3f,wlpBCazAY9Q,1
@joshialonzo,wlpBCazAY9Q,1
@joyanyi4294,wlpBCazAY9Q,1
@junmanpi,wlpBCazAY9Q,1
@kieran2347,wlpBCazAY9Q,1
@ksg7882,wlpBCazAY9Q,3
@loveUbleach4ever,wlpBCazAY9Q,1
@luccafalbo2498,wlpBCazAY9Q,1
@luka-day-dv,wlpBCazAY9Q,1
@marinatakeda2457,wlpBCazAY9Q,1
@michaeldavies9998,wlpBCazAY9Q,1
@mitza1100,wlpBCazAY9Q,1
@myJapanTV013,wlpBCazAY9Q,1
@myloginistaken,wlpBCazAY9Q,1
@nexcreation,wlpBCazAY9Q,1
@nicholastuangpi2072,wlpBCazAY9Q,1
@piranhaman1044,wlpBCazAY9Q,1
@pirateg3cko,wlpBCazAY9Q,1
@pooonni,wlpBCazAY9Q,1
@rahulCoding,wlpBCazAY9Q,1
@raz3788,wlpBCazAY9Q,1
@reyjanson1788,wlpBCazAY9Q,1
@risalfajar6430,wlpBCazAY9Q,1
@sabaokangan,wlpBCazAY9Q,1
@santoshxshrestha,wlpBCazAY9Q,1
@slowtyper95,wlpBCazAY9Q,1
@solutionsquad,wlpBCazAY9Q,1
@spicycelery3691,wlpBCazAY9Q,1
@sreekanthbhagavatula,wlpBCazAY9Q,1
@stackalloc7741,wlpBCazAY9Q,1
@stavroskefaleas6320,wlpBCazAY9Q,1
@strinsleet,wlpBCazAY9Q,1
@svarogames,wlpBCazAY9Q,1
@syjbrsantos,wlpBCazAY9Q,2
@tanwilliam7351,wlpBCazAY9Q,1
@tehphjeer,wlpBCazAY9Q,2
@vagabond734,wlpBCazAY9Q,1
@vinsmokesanji245,wlpBCazAY9Q,1
@xionglee321,wlpBCazAY9Q,1
@yonaspaulos,wlpBCazAY9Q,1
@AbhiranjanSingh-q9s,xE8HAXrYE3o,1
@BHARGAVIGANGOOR23CY,xE8HAXrYE3o,1
@Dev-op7kn,xE8HAXrYE3o,1
@GiovanniMorenoMusic,xE8HAXrYE3o,1
@KIMLOVESCLIMBING,xE8HAXrYE3o,1
@M23Trades,xE8HAXrYE3o,1
@MohamadPirhadi-p1q,xE8HAXrYE3o,1
@TiaoMW,xE8HAXrYE3o,1
@ToskicB-r2f,xE8HAXrYE3o,1
@achzam89,xE8HAXrYE3o,1
@avinashsuresh5221,xE8HAXrYE3o,1
@bluelotuscoding,xE8HAXrYE3o,2
@chochooshoe,xE8HAXrYE3o,1
@educationalmasters8865,xE8HAXrYE3o,1
@evaloureiro8641,xE8HAXrYE3o,1
@furqantarique3484,xE8HAXrYE3o,1
@mishakafaka6180,xE8HAXrYE3o,1
@n.i.g.e.l,xE8HAXrYE3o,2
@siladeboy4406,xE8HAXrYE3o,1
@souravmondal1993,xE8HAXrYE3o,1
@tubeam,xE8HAXrYE3o,1
@222CP,xHnlzAPD9QI,2
@AlexeyMishchenko,xHnlzAPD9QI,1
@ApexDevHQ,xHnlzAPD9QI,1
@Baby-Cold,xHnlzAPD9QI,1
@CCTIVE2,xHnlzAPD9QI,1
@CamCam-mq6ji,xHnlzAPD9QI,1
@Cboss_gc23,xHnlzAPD9QI,1
@ClaimClam,xHnlzAPD9QI,3
@CoderTheGrey,xHnlzAPD9QI,1
@CookyAi,xHnlzAPD9QI,1
@Daisy-cu8zz,xHnlzAPD9QI,1
@Daore05,xHnlzAPD9QI,2
@DavidWard14,xHnlzAPD9QI,1
@DigitalicaEG,xHnlzAPD9QI,1
@ExperienceIsNow,xHnlzAPD9QI,2
@FahmiAbdillah-z6j,xHnlzAPD9QI,1
@Flankymanga,xHnlzAPD9QI,1
@GameBouncerBem,xHnlzAPD9QI,2
@GeeGee_GPT,xHnlzAPD9QI,1
@George........,xHnlzAPD9QI,1
@GigaMarou,xHnlzAPD9QI,2
@Hawaii-surf,xHnlzAPD9QI,1
@HistoryFactsVault,xHnlzAPD9QI,1
@InformantNet,xHnlzAPD9QI,1
@Irenebelserionuwu,xHnlzAPD9QI,1
@Jorge.Moreira,xHnlzAPD9QI,1
@JoshuaCollins,xHnlzAPD9QI,1
@JunianDev,xHnlzAPD9QI,1
@JustMeMM,xHnlzAPD9QI,1
@KodeDawg,xHnlzAPD9QI,1
@ListenGrasshopper,xHnlzAPD9QI,1
@LoveFactorySweatShop,xHnlzAPD9QI,1
@Mindwitch5,xHnlzAPD9QI,1
@MyNameIsYours-b9w,xHnlzAPD9QI,1
@NathanRidings,xHnlzAPD9QI,1
@NeonCoder10,xHnlzAPD9QI,2
@NoLimitSquad,xHnlzAPD9QI,1
@NotTheSystem,xHnlzAPD9QI,3
@OS-Developer,xHnlzAPD9QI,2
@RaceCarLogic,xHnlzAPD9QI,1
@Raresh-Andrei,xHnlzAPD9QI,1
@Ravenhoodie,xHnlzAPD9QI,3
@Reekraam,xHnlzAPD9QI,1
@RishabKapadia,xHnlzAPD9QI,1
@RubenKelevra,xHnlzAPD9QI,1
@RyanBrosnahan,xHnlzAPD9QI,1
@SlickEdge,xHnlzAPD9QI,1
@Sree_Yansh_Hatkar1957,xHnlzAPD9QI,1
@TechTeenuAi,xHnlzAPD9QI,2
@The.137,xHnlzAPD9QI,1
@TheConsciousEntity,xHnlzAPD9QI,1
@TheExclusive1234,xHnlzAPD9QI,1
@TheMatthew34202,xHnlzAPD9QI,1
@TheYoungWolf077,xHnlzAPD9QI,1
@ThisIsntmyrealnameGoogle,xHnlzAPD9QI,1
@Ticca,xHnlzAPD9QI,1
@UnemployedLive,xHnlzAPD9QI,2
@Unzwuam88,xHnlzAPD9QI,1
@UserErrorGille,xHnlzAPD9QI,4
@UsernameSvitlana,xHnlzAPD9QI,1
@VanFS3K,xHnlzAPD9QI,1
@Vlican,xHnlzAPD9QI,1
@Yin-Yang-Tech,xHnlzAPD9QI,1
@_Digital_Dreams_,xHnlzAPD9QI,1
@aadlr,xHnlzAPD9QI,1
@adriaandavel9540,xHnlzAPD9QI,1
@adventureswithles1772,xHnlzAPD9QI,1
@alexclifford2485,xHnlzAPD9QI,1
@alexz5204,xHnlzAPD9QI,2
@andc5457,xHnlzAPD9QI,1
@arturomedina2055,xHnlzAPD9QI,1
@ashh3051,xHnlzAPD9QI,1
@ashishdakey5797,xHnlzAPD9QI,1
@astiedetabarnak7334,xHnlzAPD9QI,1
@baumwollejr,xHnlzAPD9QI,1
@beerfarmer1828,xHnlzAPD9QI,1
@bojanadrangova7189,xHnlzAPD9QI,1
@buffaloccudda2994,xHnlzAPD9QI,1
@buildwithantonio,xHnlzAPD9QI,1
@caminossuizos,xHnlzAPD9QI,1
@cheese-power,xHnlzAPD9QI,1
@da6640,xHnlzAPD9QI,1
@daxthedestroyer9061,xHnlzAPD9QI,1
@delduked,xHnlzAPD9QI,1
@diazepamkit,xHnlzAPD9QI,1
@don_care-i2z,xHnlzAPD9QI,2
@eletricbunny2012,xHnlzAPD9QI,1
@epicboy330,xHnlzAPD9QI,2
@fbdjwjflac,xHnlzAPD9QI,2
@flaz78,xHnlzAPD9QI,1
@germankruger,xHnlzAPD9QI,1
@gnperdue,xHnlzAPD9QI,1
@godmodel33t11,xHnlzAPD9QI,1
@gyanfans734,xHnlzAPD9QI,1
@happydays3300,xHnlzAPD9QI,1
@ht1238,xHnlzAPD9QI,2
@hwx6034,xHnlzAPD9QI,1
@jackcolt6875,xHnlzAPD9QI,1
@joekingjester,xHnlzAPD9QI,1
@jomfawad9255,xHnlzAPD9QI,1
@jr0d2008,xHnlzAPD9QI,2
@juliusespanol6813,xHnlzAPD9QI,1
@kenshiman90,xHnlzAPD9QI,1
@khamaniconklin1117,xHnlzAPD9QI,1
@lastmanstand1ng,xHnlzAPD9QI,1
@leaderman4226,xHnlzAPD9QI,1
@lifeliked,xHnlzAPD9QI,1
@lollmemmSm0keweed,xHnlzAPD9QI,1
@magicsmoke0,xHnlzAPD9QI,1
@magnetsec,xHnlzAPD9QI,1
@manuelrealmadrid,xHnlzAPD9QI,1
@mdc4runner,xHnlzAPD9QI,1
@michaelcarpenter9409,xHnlzAPD9QI,3
@mikewazowski3009,xHnlzAPD9QI,1
@miloow,xHnlzAPD9QI,1
@minhsenma,xHnlzAPD9QI,1
@mishalalfaisal,xHnlzAPD9QI,2
@mrc7418,xHnlzAPD9QI,1
@murunbuch,xHnlzAPD9QI,1
@mybestcollection9127,xHnlzAPD9QI,1
@namu5583,xHnlzAPD9QI,1
@nickthe296,xHnlzAPD9QI,1
@notterboutuyer2781,xHnlzAPD9QI,1
@passaroquetemasanaovoa,xHnlzAPD9QI,1
@platonewman,xHnlzAPD9QI,2
@redonebig88,xHnlzAPD9QI,1
@rehan-6377,xHnlzAPD9QI,1
@retest6658,xHnlzAPD9QI,1
@rikitikitaki5919,xHnlzAPD9QI,1
@roydotdev,xHnlzAPD9QI,1
@rudra7615,xHnlzAPD9QI,1
@seventyfive7597,xHnlzAPD9QI,1
@sirusThu,xHnlzAPD9QI,1
@stankjedi,xHnlzAPD9QI,1
@stevesmith4600,xHnlzAPD9QI,1
@superjke718,xHnlzAPD9QI,1
@sven7319,xHnlzAPD9QI,1
@tbswdnhfr,xHnlzAPD9QI,1
@threepe0,xHnlzAPD9QI,5
@thrillvilled111,xHnlzAPD9QI,1
@tobymoby8524,xHnlzAPD9QI,3
@tonyx8181,xHnlzAPD9QI,1
@tradingwithwill7214,xHnlzAPD9QI,1
@uwontlikeit,xHnlzAPD9QI,1
@vamsiramineedi6296,xHnlzAPD9QI,1
@vikaspoddar001,xHnlzAPD9QI,1
@vinyroli,xHnlzAPD9QI,1
@viseshprasad,xHnlzAPD9QI,1
@william7950,xHnlzAPD9QI,1
@xer0nevermore489,xHnlzAPD9QI,1
@ВикторияАбрамова-ш5к,xHnlzAPD9QI,1
@КиевскийКонь,xHnlzAPD9QI,1
@ジャネズ,xHnlzAPD9QI,1
@1AmGreyy,xYU7zaaRjmE,1
@4pp1e5auc3,xYU7zaaRjmE,1
@8a1ad61b,xYU7zaaRjmE,1
@9iht6ihgt43rzhijj,xYU7zaaRjmE,1
@Anhar001,xYU7zaaRjmE,1
@AnotherSnowflake,xYU7zaaRjmE,1
@ArnadiDenanda,xYU7zaaRjmE,1
@BOBO-rb9ow,xYU7zaaRjmE,1
@BabarReviews,xYU7zaaRjmE,1
@BassByTheBay,xYU7zaaRjmE,1
@BritishMoralHQ,xYU7zaaRjmE,1
@BrokenSymetry,xYU7zaaRjmE,1
@BusAzad,xYU7zaaRjmE,1
@CptVex,xYU7zaaRjmE,1
@DRDR3ADSA,xYU7zaaRjmE,1
@DanielVazquez,xYU7zaaRjmE,1
@Diego_Alcantara,xYU7zaaRjmE,1
@DirePantsDim,xYU7zaaRjmE,1
@DoomSlayer-ow4jq,xYU7zaaRjmE,1
@Drunkendrakon,xYU7zaaRjmE,1
@Evecreate,xYU7zaaRjmE,1
@Ezra-sc3yw,xYU7zaaRjmE,1
@Fish_Florida,xYU7zaaRjmE,1
@GahhGjs,xYU7zaaRjmE,1
@GeorgeKaoCommunity,xYU7zaaRjmE,1
@GoldenEmperor5Manifest,xYU7zaaRjmE,1
@HannesProducesMusic,xYU7zaaRjmE,1
@HerbieOne1,xYU7zaaRjmE,1
@ITPhilK,xYU7zaaRjmE,1
@I_v_e_r_c_i_n_g_e_t_o_r_i_x_I,xYU7zaaRjmE,1
@IlyaLts,xYU7zaaRjmE,1
@Iopenattheclose1,xYU7zaaRjmE,1
@IrvingHowe85643,xYU7zaaRjmE,1
@J-KFarms,xYU7zaaRjmE,1
@JJSeattle,xYU7zaaRjmE,1
@JamalJamal-xi2nt,xYU7zaaRjmE,1
@JoeSmith-jd5zg,xYU7zaaRjmE,1
@JohnSog,xYU7zaaRjmE,1
@KahuekaHuntley,xYU7zaaRjmE,1
@KevinMora-k8s,xYU7zaaRjmE,1
@LV-1969,xYU7zaaRjmE,1
@Lottodds,xYU7zaaRjmE,2
@LucasHolt,xYU7zaaRjmE,1
@MJ-ms6fd,xYU7zaaRjmE,1
@MKELIVE,xYU7zaaRjmE,2
@MahmoodYora,xYU7zaaRjmE,1
@MartinoNotts,xYU7zaaRjmE,1
@Memeoid-d1h,xYU7zaaRjmE,1
@Meshalleez,xYU7zaaRjmE,1
@MoveTrueRecords_,xYU7zaaRjmE,1
@MrMohab0,xYU7zaaRjmE,1
@MrWolf2595,xYU7zaaRjmE,1
@NikosKatsikanis,xYU7zaaRjmE,1
@NoHandle690,xYU7zaaRjmE,1
@Novazgamer,xYU7zaaRjmE,1
@Nunya8650,xYU7zaaRjmE,1
@Nytecrawler2010,xYU7zaaRjmE,1
@PutlerXLO,xYU7zaaRjmE,1
@Rachel-j6m4d,xYU7zaaRjmE,1
@RahulRahul-pi5fm,xYU7zaaRjmE,1
@RaniSankar-g8w2l,xYU7zaaRjmE,1
@RickyBobbyAxelrod,xYU7zaaRjmE,1
@SOoshi_art,xYU7zaaRjmE,1
@Scott_Everett,xYU7zaaRjmE,1
@SeedyBiscuit_,xYU7zaaRjmE,1
@ShubhamMishra-bu1eq,xYU7zaaRjmE,1
@SoCalBrian,xYU7zaaRjmE,1
@Something3741,xYU7zaaRjmE,1
@TappedFace,xYU7zaaRjmE,1
@TejaKarlapudi,xYU7zaaRjmE,1
@TheBallsKicker,xYU7zaaRjmE,1
@TheCameltotem,xYU7zaaRjmE,1
@TiberiusGracchi,xYU7zaaRjmE,1
@Vence147,xYU7zaaRjmE,1
@Vi-xw5ux,xYU7zaaRjmE,2
@Weißesnashorn,xYU7zaaRjmE,1
@Will-kp1iv,xYU7zaaRjmE,1
@Zellie1994,xYU7zaaRjmE,1
@Zhao47,xYU7zaaRjmE,1
@ZxLAhandle,xYU7zaaRjmE,1
@_ToddT,xYU7zaaRjmE,1
@abhishekmahanta1112,xYU7zaaRjmE,1
@aceakking,xYU7zaaRjmE,1
@ahmed1a313,xYU7zaaRjmE,1
@akashverma5756,xYU7zaaRjmE,1
@alrx-2278,xYU7zaaRjmE,1
@alvaromoe,xYU7zaaRjmE,1
@amaaretz,xYU7zaaRjmE,1
@aquatix2,xYU7zaaRjmE,1
@atirasrc,xYU7zaaRjmE,1
@ba8994,xYU7zaaRjmE,1
@bobbastian760,xYU7zaaRjmE,1
@bonecircuit,xYU7zaaRjmE,1
@brainprism88,xYU7zaaRjmE,1
@bullman09,xYU7zaaRjmE,3
@bumblebeeshark.傻逼,xYU7zaaRjmE,1
@cally2011,xYU7zaaRjmE,1
@chienvu8144,xYU7zaaRjmE,1
@chriss69420lol,xYU7zaaRjmE,1
@cisaac-w3z,xYU7zaaRjmE,1
@conceptsofplans,xYU7zaaRjmE,1
@conradconrad4225,xYU7zaaRjmE,1
@cooltrane,xYU7zaaRjmE,1
@damianm-nordhorn116,xYU7zaaRjmE,1
@depthsofminds,xYU7zaaRjmE,1
@dexmaether,xYU7zaaRjmE,1
@djknight00,xYU7zaaRjmE,1
@dubruh,xYU7zaaRjmE,1
@dustydee9233,xYU7zaaRjmE,1
@ebn646,xYU7zaaRjmE,1
@eliporter3980,xYU7zaaRjmE,1
@emmanuelpregnolato5026,xYU7zaaRjmE,1
@englishgrammarguide,xYU7zaaRjmE,1
@frogery,xYU7zaaRjmE,1
@fsckool6894,xYU7zaaRjmE,1
@gamerconfig_com,xYU7zaaRjmE,1
@grasshopper-b612,xYU7zaaRjmE,1
@greeneggos,xYU7zaaRjmE,1
@guacamole_platform,xYU7zaaRjmE,1
@henn000,xYU7zaaRjmE,1
@hongkong128,xYU7zaaRjmE,1
@iWasNeverHere45,xYU7zaaRjmE,1
@iondodon2,xYU7zaaRjmE,1
@irgendwasalsname,xYU7zaaRjmE,1
@itissrinivasan,xYU7zaaRjmE,1
@ivanmaglica264,xYU7zaaRjmE,1
@ivomuze,xYU7zaaRjmE,1
@jackofthecoke,xYU7zaaRjmE,1
@jacksonsouthern3045,xYU7zaaRjmE,1
@japan9169,xYU7zaaRjmE,1
@jason55189,xYU7zaaRjmE,1
@jcus006,xYU7zaaRjmE,1
@jenshaglof8180,xYU7zaaRjmE,1
@jhodapp,xYU7zaaRjmE,1
@johnnm3207,xYU7zaaRjmE,1
@johnsarosos4776,xYU7zaaRjmE,1
@josephvasconcelos5943,xYU7zaaRjmE,2
@joshs3916,xYU7zaaRjmE,1
@journeytoCTO,xYU7zaaRjmE,1
@justin555666,xYU7zaaRjmE,1
@karthikpuvvula,xYU7zaaRjmE,1
@laithazzam1251,xYU7zaaRjmE,1
@lannyjr1042,xYU7zaaRjmE,1
@lauras.5520,xYU7zaaRjmE,1
@leo-g3j2l,xYU7zaaRjmE,4
@leulA51,xYU7zaaRjmE,1
@lucasalley9008,xYU7zaaRjmE,2
@magicja,xYU7zaaRjmE,1
@malakiblunt,xYU7zaaRjmE,1
@martin2028-y6e,xYU7zaaRjmE,1
@mathewomolo,xYU7zaaRjmE,1
@michalp1,xYU7zaaRjmE,1
@mik3lang3lo,xYU7zaaRjmE,1
@mizan9232,xYU7zaaRjmE,2
@mojojojo1211,xYU7zaaRjmE,1
@mounirhimself,xYU7zaaRjmE,1
@myJapanTV013,xYU7zaaRjmE,1
@ne0n2005,xYU7zaaRjmE,1
@nohox9444,xYU7zaaRjmE,2
@ozland7172,xYU7zaaRjmE,1
@patlecat,xYU7zaaRjmE,1
@patrickthayer4060,xYU7zaaRjmE,1
@pookiepats,xYU7zaaRjmE,1
@ravioliravioli6175,xYU7zaaRjmE,1
@reecedoyleguitar,xYU7zaaRjmE,1
@renatoamaral2174,xYU7zaaRjmE,1
@renunciant,xYU7zaaRjmE,1
@royalcapitalfx,xYU7zaaRjmE,1
@ruzaroos,xYU7zaaRjmE,1
@saishowaguu2,xYU7zaaRjmE,1
@salvodazes,xYU7zaaRjmE,1
@scalemule,xYU7zaaRjmE,1
@sch79,xYU7zaaRjmE,1
@scoff7032,xYU7zaaRjmE,1
@seanblahovici6543,xYU7zaaRjmE,1
@sergenalishiwa9097,xYU7zaaRjmE,1
@sh0kxxx,xYU7zaaRjmE,1
@soulsphere9242,xYU7zaaRjmE,2
@squid84202,xYU7zaaRjmE,1
@sriramannadurai9287,xYU7zaaRjmE,1
@ssokurenko,xYU7zaaRjmE,1
@stanfetzer5779,xYU7zaaRjmE,1
@stevesmith-sb2df,xYU7zaaRjmE,1
@stretch654,xYU7zaaRjmE,1
@sunbro72826,xYU7zaaRjmE,1
@sung-ryulkim6590,xYU7zaaRjmE,1
@sweaaron,xYU7zaaRjmE,1
@sweealamak628,xYU7zaaRjmE,1
@tanawat_jm,xYU7zaaRjmE,1
@tarraknyc,xYU7zaaRjmE,2
@tessellaa,xYU7zaaRjmE,1
@thedappercook,xYU7zaaRjmE,1
@themikematrix,xYU7zaaRjmE,1
@theorochannel6247,xYU7zaaRjmE,1
@tiamabderezai5374,xYU7zaaRjmE,1
@tracnemaker123,xYU7zaaRjmE,1
@trendthis364,xYU7zaaRjmE,1
@troymann5115,xYU7zaaRjmE,1
@tsizzle,xYU7zaaRjmE,1
@tstager1978,xYU7zaaRjmE,8
@tw.267,xYU7zaaRjmE,1
@vara7114,xYU7zaaRjmE,1
@vector7938,xYU7zaaRjmE,1
@vicevestra,xYU7zaaRjmE,2
@victorgadamba5518,xYU7zaaRjmE,1
@viniciusvbf22,xYU7zaaRjmE,1
@waterbug1135,xYU7zaaRjmE,1
@whattowatchrightnow,xYU7zaaRjmE,1
@whipit2404,xYU7zaaRjmE,1
@williamfoster2681,xYU7zaaRjmE,1
@xCess1,xYU7zaaRjmE,1
@xsaviour755,xYU7zaaRjmE,1
@yakovmanshin,xYU7zaaRjmE,1
@yeojinha930,xYU7zaaRjmE,1
@zmagsar,xYU7zaaRjmE,1
@zvxcvxcz,xYU7zaaRjmE,2
@蒙哥的濃縮思維,xYU7zaaRjmE,1
@ARGW,xf65vxjNWdk,1
@AartiBAGHEL-wu8xx,xf65vxjNWdk,1
@Adityagamerfreefiremax,xf65vxjNWdk,1
@Akashkumarsahs,xf65vxjNWdk,1
@AmadouSenou-p9q,xf65vxjNWdk,1
@Amazonproducts225,xf65vxjNWdk,1
@AstroGyann-p6p,xf65vxjNWdk,1
@Ayanshorts777,xf65vxjNWdk,1
@BenyaminM-f4m,xf65vxjNWdk,1
@Bkking112,xf65vxjNWdk,1
@BruceWayne15325,xf65vxjNWdk,1
@ChaampiansLeague,xf65vxjNWdk,1
@Cricketpridection0009,xf65vxjNWdk,1
@DashLevelNews-zk3zw,xf65vxjNWdk,1
@Datboi_ace0,xf65vxjNWdk,1
@FF_BROTHERS_GAMING_999,xf65vxjNWdk,1
@FREESTILE-m9h,xf65vxjNWdk,1
@Footlab1,xf65vxjNWdk,1
@Funnysofficialchannel,xf65vxjNWdk,1
@Futbol-fv2eg,xf65vxjNWdk,1
@GauravKumar-i7t9u,xf65vxjNWdk,1
@GoodGoodSunil,xf65vxjNWdk,1
@HatakiKakashi-b8j,xf65vxjNWdk,1
@ISLAMIC-CHANEL-Aryan,xf65vxjNWdk,1
@Illusionay,xf65vxjNWdk,1
@JohnGooch-e3t,xf65vxjNWdk,2
@Lag_yoncs,xf65vxjNWdk,1
@LighterGlow._.777,xf65vxjNWdk,1
@Mssbro.videos,xf65vxjNWdk,1
@NadiaHammouni-p9l,xf65vxjNWdk,1
@Naeemkhokhar1,xf65vxjNWdk,1
@Nagaeducational,xf65vxjNWdk,1
@NasrinBibi-sz9kh,xf65vxjNWdk,1
@Nawab4883,xf65vxjNWdk,1
@OctavianBrânzeu,xf65vxjNWdk,1
@OopaingZaw,xf65vxjNWdk,1
@Osthirbangali1M,xf65vxjNWdk,1
@Phonk22-u9e,xf65vxjNWdk,1
@PrakharPathak-w2q,xf65vxjNWdk,1
@PutulBiswas-e2b,xf65vxjNWdk,1
@QuaraworkGaming-k6t,xf65vxjNWdk,1
@Raunak.pandit.3232,xf65vxjNWdk,1
@RoryS-p5c,xf65vxjNWdk,1
@SKPIPALIYALAVIE,xf65vxjNWdk,1
@SahedKing-cx3eg,xf65vxjNWdk,1
@SamanlangkiSuchiang-s8k,xf65vxjNWdk,1
@Sciencetolearn,xf65vxjNWdk,1
@The_pathan_gaming,xf65vxjNWdk,1
@Theluxuryventures,xf65vxjNWdk,1
@U.CRISTIANO-c5s,xf65vxjNWdk,1
@animeedit1,xf65vxjNWdk,1
@anuragmasih999,xf65vxjNWdk,1
@arnavgupta-op,xf65vxjNWdk,1
@atikulislamjewel5588,xf65vxjNWdk,1
@besttopical1853,xf65vxjNWdk,1
@createnew1,xf65vxjNWdk,1
@criticalcritics6531,xf65vxjNWdk,1
@ghostqertgd,xf65vxjNWdk,1
@gihankosala8417,xf65vxjNWdk,1
@gocgiaitri3198,xf65vxjNWdk,1
@hanlie407,xf65vxjNWdk,1
@holeefukisback,xf65vxjNWdk,1
@hyunliaaa,xf65vxjNWdk,1
@jamilaait3mer88,xf65vxjNWdk,1
@jassu.ff.999,xf65vxjNWdk,1
@karthilove1,xf65vxjNWdk,1
@kashif2309,xf65vxjNWdk,1
@kittinansr,xf65vxjNWdk,1
@kundansinghmahara2284,xf65vxjNWdk,1
@leocfox,xf65vxjNWdk,3
@leonelambrosioruiz4188,xf65vxjNWdk,1
@lover.66,xf65vxjNWdk,1
@m4Nu2oo7,xf65vxjNWdk,1
@mindfulawesomeness6477,xf65vxjNWdk,1
@mohanr9899,xf65vxjNWdk,1
@movetv6337,xf65vxjNWdk,1
@muhammadahsanakhtar8322,xf65vxjNWdk,1
@oggymaro,xf65vxjNWdk,1
@philippemandolani453,xf65vxjNWdk,1
@pranayamr,xf65vxjNWdk,1
@rajjaiswalsaumya,xf65vxjNWdk,1
@rajveerdhura4819,xf65vxjNWdk,1
@rottwillerdoges523,xf65vxjNWdk,1
@sellingbd8804,xf65vxjNWdk,1
@shahparansarker484,xf65vxjNWdk,1
@sksķ-d5o6f,xf65vxjNWdk,1
@sowhjfnalknfalknflnfln,xf65vxjNWdk,2
@suneetaadhikary8388,xf65vxjNWdk,1
@tomek_inadventures,xf65vxjNWdk,1
@whereisBarceloniarz,xf65vxjNWdk,1
@wilken7,xf65vxjNWdk,1
@BobBurgah,xyi3tTAS2QA,1
@Kerpeles,xyi3tTAS2QA,1
@MuchBacon,xyi3tTAS2QA,1
@TechWhistleHub,xyi3tTAS2QA,3
@codematrix,xyi3tTAS2QA,1
@marcoantoniosandoval6128,xyi3tTAS2QA,1
@marcus_leon,xyi3tTAS2QA,1
@AIBoost505,yFU003t-cTg,1
@AIExplorerJohn,yFU003t-cTg,1
@AIHacks-z3s,yFU003t-cTg,1
@AIToolQuick,yFU003t-cTg,1
@AIWithoutFluff,yFU003t-cTg,1
@AbhishekTiwari-p1l7e,yFU003t-cTg,1
@AboAlseem-c7l,yFU003t-cTg,1
@AbuhurairaHossain-o5i8z,yFU003t-cTg,1
@AdanShahzadAISolutions,yFU003t-cTg,1
@AdnanAlsaleim,yFU003t-cTg,1
@Ai_intel1183,yFU003t-cTg,1
@AnaCaroline-o5p,yFU003t-cTg,1
@AnkitRaj-h4b9z,yFU003t-cTg,1
@AnnaQuinn-t1w,yFU003t-cTg,1
@AplikasiBuatDuit5179,yFU003t-cTg,1
@ArtificiallyHonest,yFU003t-cTg,1
@AstridahMwamba-t6m,yFU003t-cTg,1
@BIKALPASubedi-r2f,yFU003t-cTg,1
@BailasanFayyad,yFU003t-cTg,1
@Bakss777-kx3ji,yFU003t-cTg,1
@BarakatGazuu,yFU003t-cTg,1
@Barrels_Battle,yFU003t-cTg,1
@Birhango7su,yFU003t-cTg,1
@BrandonSmith-ww7ec,yFU003t-cTg,1
@BrittneyJoLOVABLE,yFU003t-cTg,1
@CarlosPerez-q4u,yFU003t-cTg,1
@Chloec.reates,yFU003t-cTg,1
@ClaudioAntonio-dg9ed,yFU003t-cTg,1
@ConfidenceEndless,yFU003t-cTg,1
@DoLand__Trump7,yFU003t-cTg,2
@EdithCangahuala,yFU003t-cTg,1
@EvelynD.Pomposa,yFU003t-cTg,1
@FaijanKhan-g9r,yFU003t-cTg,1
@FathyHelal-e1x,yFU003t-cTg,1
@FdsvKumar-v3o,yFU003t-cTg,1
@FreeFire-q6k5y,yFU003t-cTg,1
@GMAN95120,yFU003t-cTg,1
@Gacharubiksofficial,yFU003t-cTg,1
@HamzeKhadour-c6f,yFU003t-cTg,1
@HerveNguessan-i9j,yFU003t-cTg,1
@Itachilucky-boss-gaming,yFU003t-cTg,1
@Jae-x6j,yFU003t-cTg,1
@Janson_K,yFU003t-cTg,1
@Jayesh_fit_41,yFU003t-cTg,1
@JoeyReyes-b2s,yFU003t-cTg,1
@JubranMarouf-t7t,yFU003t-cTg,1
@KajalGupta-el1sr,yFU003t-cTg,1
@KakuliDAS-n4j,yFU003t-cTg,1
@KomalKumari-o6e1o,yFU003t-cTg,1
@KomiviBatoka,yFU003t-cTg,1
@Kusaiha,yFU003t-cTg,1
@KyleEdmund-j6k,yFU003t-cTg,1
@LavkushKashyap-f5r,yFU003t-cTg,1
@Leviabraham-b9v,yFU003t-cTg,1
@LindaPambo-i4e,yFU003t-cTg,1
@LunaBelle-n7j,yFU003t-cTg,1
@Lyrics-up72,yFU003t-cTg,1
@MDSojon-c2g,yFU003t-cTg,1
@MaherSaleh-i9k5o,yFU003t-cTg,1
@Marina2ip75y8g7gitrf,yFU003t-cTg,1
@MateaTomljenović-l7q,yFU003t-cTg,1
@MazdouAbdelouahab-k6k,yFU003t-cTg,1
@MianAshiq-s3j,yFU003t-cTg,1
@Miguelito-u7j,yFU003t-cTg,1
@MindBiteFacts-e3n,yFU003t-cTg,1
@Miss.cosmo.zepeto,yFU003t-cTg,1
@MokshithPN-z2y,yFU003t-cTg,1
@MongalSounak,yFU003t-cTg,1
@Mosandin_KHAN_QADRI_786,yFU003t-cTg,1
@MphoGiven-h3v,yFU003t-cTg,1
@NX_MEDEXO,yFU003t-cTg,1
@NadyAlwazah,yFU003t-cTg,1
@NancyPatrick-su9bu,yFU003t-cTg,1
@Nathan-de9dc,yFU003t-cTg,1
@NeuralBeatStudioAI,yFU003t-cTg,1
@NextWaveToolsTV,yFU003t-cTg,1
@RahulSolanki-f8c1o,yFU003t-cTg,1
@Ramfreefire001,yFU003t-cTg,1
@RankedTools,yFU003t-cTg,1
@RaviKumar-e9k4z,yFU003t-cTg,1
@RealAura-GTR,yFU003t-cTg,1
@RealSleepLessNights,yFU003t-cTg,1
@RealbarçaBakongada,yFU003t-cTg,1
@RishonFernandes-o8w,yFU003t-cTg,2
@RiyaKhondkar-i4y,yFU003t-cTg,1
@RobotFX,yFU003t-cTg,1
@SHANGO-ps8lu,yFU003t-cTg,1
@SaurabKhokhar,yFU003t-cTg,1
@Saydi-l8i,yFU003t-cTg,1
@ShadiHamzawi,yFU003t-cTg,1
@Sofia-e5g4o,yFU003t-cTg,1
@Srinatheditzs_08,yFU003t-cTg,1
@StudyRaider-r8t,yFU003t-cTg,1
@Study_withmellyy,yFU003t-cTg,1
@Tanaykothari.wisprflow.shorts,yFU003t-cTg,1
@TechWithAlexRivera,yFU003t-cTg,1
@Techwebworld-1,yFU003t-cTg,1
@TejasBhatt-v4u9v,yFU003t-cTg,1
@The.BlackJackal,yFU003t-cTg,1
@TheFutureOfAI.official,yFU003t-cTg,1
@ViB-k5c,yFU003t-cTg,1
@VisionStackHQ,yFU003t-cTg,1
@VivekChatterjee-w2t5n,yFU003t-cTg,1
@VivekKumar-k1t4w,yFU003t-cTg,1
@WarWarLwin-k9m,yFU003t-cTg,1
@WeWardPayPal,yFU003t-cTg,1
@WesyYoung,yFU003t-cTg,1
@YopsehHenriquez,yFU003t-cTg,1
@amadinprince8650,yFU003t-cTg,1
@anshuljpco,yFU003t-cTg,1
@aqeelahabrahams5067,yFU003t-cTg,1
@ashwanipal-ox8pl,yFU003t-cTg,1
@ayatttts_s,yFU003t-cTg,1
@azizdway163,yFU003t-cTg,1
@bestinbest6507,yFU003t-cTg,1
@beyond-the-model,yFU003t-cTg,1
@bibekmagar9336,yFU003t-cTg,1
@bigL-og9ws,yFU003t-cTg,1
@bilalalsleman117,yFU003t-cTg,1
@bobby.scrapes,yFU003t-cTg,1
@buyimxuma6207,yFU003t-cTg,1
@calebayuba1866,yFU003t-cTg,1
@chloedoesoutbound,yFU003t-cTg,1
@cyberpleb2472,yFU003t-cTg,1
@danyisyuliadi4998,yFU003t-cTg,1
@derekonleads,yFU003t-cTg,1
@digibeet8227,yFU003t-cTg,1
@dreamloot-o4w,yFU003t-cTg,1
@dvenururu,yFU003t-cTg,1
@dylc.reates,yFU003t-cTg,1
@faresazazi2230,yFU003t-cTg,1
@gersie1100,yFU003t-cTg,1
@hanenalby,yFU003t-cTg,1
@hypercho,yFU003t-cTg,3
@ibrahimconteh4814,yFU003t-cTg,1
@insightmeter,yFU003t-cTg,1
@itsessaysbyleo,yFU003t-cTg,1
@jack.superAi1,yFU003t-cTg,1
@japhtgnice1794,yFU003t-cTg,1
@javadfasahi2470,yFU003t-cTg,1
@joffbuilds,yFU003t-cTg,1
@kailash-685,yFU003t-cTg,1
@kaneff7215,yFU003t-cTg,1
@keevancreatescontent,yFU003t-cTg,1
@latelateleo_irl,yFU003t-cTg,1
@lena_ai21,yFU003t-cTg,1
@linauragutierrez3952,yFU003t-cTg,1
@looly88,yFU003t-cTg,1
@loradynpanique2981,yFU003t-cTg,2
@magnusighoghoeedo2298,yFU003t-cTg,1
@mahimahi-k6k3d,yFU003t-cTg,1
@maxwellkayce220,yFU003t-cTg,1
@minaruidas436,yFU003t-cTg,1
@mohamedbizzna,yFU003t-cTg,1
@moviesDECODES.001,yFU003t-cTg,1
@mubangatchitalu8390,yFU003t-cTg,1
@muwanguzimicheal-j3t,yFU003t-cTg,1
@nataliavitorio,yFU003t-cTg,1
@natalysaray2645,yFU003t-cTg,1
@nguyennhantho,yFU003t-cTg,1
@noamanali3745,yFU003t-cTg,1
@officialkishanrao,yFU003t-cTg,1
@olegbeda-zy6rj,yFU003t-cTg,1
@pkmohanakumaran3589,yFU003t-cTg,1
@pooranraj1335,yFU003t-cTg,1
@pratikshathapa7417,yFU003t-cTg,1
@pynade,yFU003t-cTg,18
@sahsahov3902,yFU003t-cTg,1
@samruddhiMisale-o7o,yFU003t-cTg,1
@sarah.manifests,yFU003t-cTg,1
@sherjust_spams,yFU003t-cTg,1
@skadimena,yFU003t-cTg,1
@skittlless,yFU003t-cTg,1
@sree9632,yFU003t-cTg,1
@sukiarain-w1y,yFU003t-cTg,1
@sumitchauhan7609,yFU003t-cTg,1
@sureshDahikar-v2m,yFU003t-cTg,1
@sureshm6579,yFU003t-cTg,1
@toufiklaridi6689,yFU003t-cTg,1
@venkatganga5715,yFU003t-cTg,1
@w853gszqlove,yFU003t-cTg,1
@williamsanthony3010,yFU003t-cTg,1
@xijinliu,yFU003t-cTg,1
@youssefhapi,yFU003t-cTg,1
@êríÑêgrø-q7v,yFU003t-cTg,1
@احمدالحلو-م9ك,yFU003t-cTg,1
@الال-ك7ط6ج,yFU003t-cTg,1
@امالوليدسوري,yFU003t-cTg,1
@بہآنہدآ-ر2ل,yFU003t-cTg,1
@رضوانرضوان-ش7ذ,yFU003t-cTg,1
@شعيبشعيب-خ4ز,yFU003t-cTg,1
@عبودة-ر7غ9ج,yFU003t-cTg,1
@علاءالمجروح-ن6ل,yFU003t-cTg,1
@محمدابوسلطان-ت2ط,yFU003t-cTg,1
@محمدمشنتف,yFU003t-cTg,1
@مروانابواحمدابواحمد-ظ3ل,yFU003t-cTg,1
@مصطفى9-غ4ح,yFU003t-cTg,1
@مكمد-ل8ظ,yFU003t-cTg,1
@AnandPanigrahi-r2t,yP1Hi_uWLQw,2
@DD-db2ki,yP1Hi_uWLQw,1
@PetiKoch,yP1Hi_uWLQw,1
@danielwicklow516,yP1Hi_uWLQw,1
@kokasrikanth4323,yP1Hi_uWLQw,1
@rajeshkumarjyotish7129,yP1Hi_uWLQw,1
@rishikeshkmr,yP1Hi_uWLQw,1
@roboticqa,yP1Hi_uWLQw,4
@AZ-jd5cr,ya6520zh4pQ,1
@AdrianAye,ya6520zh4pQ,1
@Amirkhantv,ya6520zh4pQ,1
@AnonyMous-nn3kd,ya6520zh4pQ,1
@Ashwix1997,ya6520zh4pQ,2
@BenediktWagner-j4y,ya6520zh4pQ,1
@Blizzpoint,ya6520zh4pQ,1
@BrokenBlueClock,ya6520zh4pQ,2
@Bsurfing,ya6520zh4pQ,1
@CashSeasonMarketPulse,ya6520zh4pQ,2
@ChadEvansOffical,ya6520zh4pQ,1
@ClickBooom,ya6520zh4pQ,1
@CoachVeeEnglish,ya6520zh4pQ,1
@CodiusX,ya6520zh4pQ,1
@D1am0nd7,ya6520zh4pQ,1
@DennouNeko,ya6520zh4pQ,1
@DevDividend,ya6520zh4pQ,1
@DoomTurtle-u2z,ya6520zh4pQ,1
@Dr.BananaCraft,ya6520zh4pQ,1
@EdanZy,ya6520zh4pQ,1
@EnavSounds,ya6520zh4pQ,1
@Eriktheinventor,ya6520zh4pQ,1
@FaithExposed,ya6520zh4pQ,1
@FaizanMustafa-b5y,ya6520zh4pQ,1
@Flowtricks,ya6520zh4pQ,1
@FortunaeMaxima,ya6520zh4pQ,1
@GaniaDev,ya6520zh4pQ,1
@GeddyRC,ya6520zh4pQ,1
@GunXter,ya6520zh4pQ,1
@Himothy-kdr,ya6520zh4pQ,1
@IT-Entrepreneur,ya6520zh4pQ,1
@IamTx216,ya6520zh4pQ,1
@Ignacy-n3v,ya6520zh4pQ,1
@JGComments,ya6520zh4pQ,1
@JTwelks32,ya6520zh4pQ,1
@Joker-vl1tn,ya6520zh4pQ,1
@K3ltesh,ya6520zh4pQ,1
@KhanhLe-dw9qg,ya6520zh4pQ,1
@Kundromrd,ya6520zh4pQ,1
@KxMalevolent,ya6520zh4pQ,1
@LINGCHAOXU,ya6520zh4pQ,1
@LPanic.,ya6520zh4pQ,1
@Lannd84,ya6520zh4pQ,1
@LordBogdanoff,ya6520zh4pQ,1
@MarekGamer76,ya6520zh4pQ,1
@MaximMikhAntonov,ya6520zh4pQ,1
@MichaelMossmanNZ,ya6520zh4pQ,1
@MightyKibbles96,ya6520zh4pQ,1
@MochiDonut-g4g,ya6520zh4pQ,1
@Mohavetech,ya6520zh4pQ,1
@MrPianica,ya6520zh4pQ,1
@Napoleon_Bonapa,ya6520zh4pQ,1
@NeverTakeNoCut-offs,ya6520zh4pQ,1
@Notgzus,ya6520zh4pQ,1
@OrientalGroveWhispers,ya6520zh4pQ,1
@PaulStoffregen,ya6520zh4pQ,1
@Port443-H,ya6520zh4pQ,1
@RV_Choudhary16,ya6520zh4pQ,1
@RadicalFitnessLLC,ya6520zh4pQ,1
@RahulBissa2727,ya6520zh4pQ,1
@RanSergeyWang,ya6520zh4pQ,1
@RayoBeatz,ya6520zh4pQ,1
@SaintFi,ya6520zh4pQ,1
@Samgillss,ya6520zh4pQ,1
@SamsGamingCloset,ya6520zh4pQ,1
@SimonMeulenbeek,ya6520zh4pQ,1
@SirMishko,ya6520zh4pQ,1
@SquallLeonhart-p9h,ya6520zh4pQ,1
@StephanLie-t7s,ya6520zh4pQ,1
@StephenHeadden-n7g,ya6520zh4pQ,1
@Supervisor-g5m,ya6520zh4pQ,1
@TheBaldBeardCombo,ya6520zh4pQ,1
@TheCurlyCoder,ya6520zh4pQ,1
@TheFrchu,ya6520zh4pQ,1
@TheUnconventionalThought,ya6520zh4pQ,1
@Ultimah,ya6520zh4pQ,1
@VU3HZW,ya6520zh4pQ,1
@VaibhavShewale,ya6520zh4pQ,1
@VerifiableExecutionOS,ya6520zh4pQ,1
@Yanged7,ya6520zh4pQ,1
@Yesterworld_offical,ya6520zh4pQ,1
@Young-LT,ya6520zh4pQ,1
@Yu-Nimo,ya6520zh4pQ,1
@ZadaheaD,ya6520zh4pQ,1
@ZaidDilshan-t3w,ya6520zh4pQ,1
@Zambsy,ya6520zh4pQ,1
@abhichandrav8192,ya6520zh4pQ,1
@abhilashm8965,ya6520zh4pQ,1
@alexkatsanos8475,ya6520zh4pQ,1
@alfiehall1971,ya6520zh4pQ,1
@allisterforest1842,ya6520zh4pQ,1
@alphythereal,ya6520zh4pQ,1
@alzyt591,ya6520zh4pQ,1
@amjnyc79,ya6520zh4pQ,1
@andrieslouw6588,ya6520zh4pQ,1
@angellarreal2172,ya6520zh4pQ,1
@angshurpitaganguly833,ya6520zh4pQ,1
@anmax,ya6520zh4pQ,1
@anonymousstacker2044,ya6520zh4pQ,1
@asksearchknock,ya6520zh4pQ,1
@auroraRealms,ya6520zh4pQ,1
@austinmarius850,ya6520zh4pQ,1
@barry.anderberg,ya6520zh4pQ,1
@baruchfishman1874,ya6520zh4pQ,1
@bigboybeats891,ya6520zh4pQ,2
@brandonbuller6337,ya6520zh4pQ,1
@btfcookies,ya6520zh4pQ,1
@buffalobill2290,ya6520zh4pQ,1
@carfo,ya6520zh4pQ,1
@chuckynorris616,ya6520zh4pQ,1
@clemenswolfbartl5138,ya6520zh4pQ,1
@coding-sisyphus,ya6520zh4pQ,1
@cortarelva,ya6520zh4pQ,1
@daasumann,ya6520zh4pQ,2
@dadgamer27,ya6520zh4pQ,1
@darkphoenix6568,ya6520zh4pQ,1
@darthnegativehunter8659,ya6520zh4pQ,1
@darthnick77,ya6520zh4pQ,1
@dave23456,ya6520zh4pQ,1
@decodebyanand,ya6520zh4pQ,1
@dennislee7312,ya6520zh4pQ,1
@devforgehq,ya6520zh4pQ,3
@dibaterman,ya6520zh4pQ,1
@dilandon7360,ya6520zh4pQ,1
@dimokol,ya6520zh4pQ,1
@dr4g0n76,ya6520zh4pQ,1
@dungtrinh34,ya6520zh4pQ,1
@dwats331,ya6520zh4pQ,1
@ecstaticboy9716,ya6520zh4pQ,1
@edwinskwok,ya6520zh4pQ,1
@eiyukabe,ya6520zh4pQ,1
@eliasgrooves,ya6520zh4pQ,1
@eluddite889,ya6520zh4pQ,1
@erik2239,ya6520zh4pQ,1
@evka3220,ya6520zh4pQ,1
@ex_ironleg9188,ya6520zh4pQ,1
@ferdiqi1190,ya6520zh4pQ,1
@figefago,ya6520zh4pQ,1
@fishyfinthing8854,ya6520zh4pQ,1
@frank-michaeljaeschke4798,ya6520zh4pQ,1
@futbol-l6z5w,ya6520zh4pQ,1
@georgecodreanu7486,ya6520zh4pQ,1
@glh280,ya6520zh4pQ,1
@grzegorzk5149,ya6520zh4pQ,1
@guilhermeferreira2797,ya6520zh4pQ,1
@hExsh0t_0xff,ya6520zh4pQ,1
@hamoudaxp97,ya6520zh4pQ,1
@hansontran3068,ya6520zh4pQ,1
@hassankhanw3,ya6520zh4pQ,1
@homewardboundphotos,ya6520zh4pQ,1
@hotwings9382,ya6520zh4pQ,1
@imasud00,ya6520zh4pQ,1
@ismailteleph1971,ya6520zh4pQ,1
@ivyWeb,ya6520zh4pQ,1
@jacobalmeida6,ya6520zh4pQ,1
@jakubkonopa5840,ya6520zh4pQ,1
@jamez2022,ya6520zh4pQ,1
@jamie-wynn,ya6520zh4pQ,1
@jeniferbaldridge4749,ya6520zh4pQ,1
@joeyp978,ya6520zh4pQ,2
@jonbee5782,ya6520zh4pQ,1
@jrdtechnologies,ya6520zh4pQ,1
@kailubrivera8320,ya6520zh4pQ,1
@khafi4972,ya6520zh4pQ,1
@lizardinthelites,ya6520zh4pQ,1
@lukehughes6943,ya6520zh4pQ,1
@mahad-dev,ya6520zh4pQ,1
@markovic27946,ya6520zh4pQ,1
@martinx33,ya6520zh4pQ,1
@matdombrk,ya6520zh4pQ,1
@mcswordfish,ya6520zh4pQ,1
@mdandry,ya6520zh4pQ,1
@micella125,ya6520zh4pQ,1
@mika-e5e4e,ya6520zh4pQ,1
@mr_wolfhouse,ya6520zh4pQ,1
@mrcooper1654,ya6520zh4pQ,2
@muhammadrazashahhash,ya6520zh4pQ,1
@nobod_Yy,ya6520zh4pQ,1
@nosharing-sf2mk,ya6520zh4pQ,1
@nthngnsz,ya6520zh4pQ,1
@omnicatalyst,ya6520zh4pQ,1
@onemanorchestra7492,ya6520zh4pQ,1
@paradoxical5,ya6520zh4pQ,1
@paulsnehasish5830,ya6520zh4pQ,1
@pavelperina7629,ya6520zh4pQ,1
@petrprokhorov7158,ya6520zh4pQ,1
@piotrd.4850,ya6520zh4pQ,1
@prancinglamb,ya6520zh4pQ,1
@professormikeoxlong,ya6520zh4pQ,2
@proficode,ya6520zh4pQ,1
@rbluejazz94,ya6520zh4pQ,1
@realisrare-s3o,ya6520zh4pQ,1
@reconstruct23,ya6520zh4pQ,1
@richardhp77,ya6520zh4pQ,1
@ronaldlussier1857,ya6520zh4pQ,1
@samareshdas767,ya6520zh4pQ,1
@sampsonzak,ya6520zh4pQ,1
@sanvfx,ya6520zh4pQ,1
@sargetun,ya6520zh4pQ,1
@seeking9145,ya6520zh4pQ,2
@sharminator5227,ya6520zh4pQ,1
@shaunclarkson7131,ya6520zh4pQ,1
@shauryakansal1081,ya6520zh4pQ,1
@silvacarl,ya6520zh4pQ,1
@smithdoesstuff,ya6520zh4pQ,1
@ssjcrafter8842,ya6520zh4pQ,1
@stagesnake4146,ya6520zh4pQ,1
@stefonkye-i2n,ya6520zh4pQ,1
@stelarfox,ya6520zh4pQ,1
@stocksglobaltrader,ya6520zh4pQ,1
@stolengoodz,ya6520zh4pQ,1
@tetrahydrocannabiphorol,ya6520zh4pQ,1
@thanetitan4246,ya6520zh4pQ,5
@the_chaos_goblin,ya6520zh4pQ,1
@theconchonetwork498,ya6520zh4pQ,1
@theflint7692,ya6520zh4pQ,1
@timrainwater481,ya6520zh4pQ,1
@tinnitus.health,ya6520zh4pQ,1
@tomekgnu,ya6520zh4pQ,1
@toneron,ya6520zh4pQ,2
@tongobong1,ya6520zh4pQ,3
@trentsmith2964,ya6520zh4pQ,1
@truthstirrer,ya6520zh4pQ,1
@ucoder8905,ya6520zh4pQ,2
@vipulpaulIAmSherlocked,ya6520zh4pQ,1
@whoees3953,ya6520zh4pQ,1
@yaroslavkovbas1317,ya6520zh4pQ,1
@yasachandra,ya6520zh4pQ,1
@yperano,ya6520zh4pQ,1
@zerorecode,ya6520zh4pQ,1
@ДенисЛалал,ya6520zh4pQ,2
@ЮраТерешков-е1п,ya6520zh4pQ,1
@AJamaicansTwoCent,yn1QKuCQXO8,1
@AlessandroCasto,yn1QKuCQXO8,1
@Alex-mj9tf,yn1QKuCQXO8,1
@AnIntrovertsGuide,yn1QKuCQXO8,1
@AnimeshDutta-d2y,yn1QKuCQXO8,1
@AnnaQuinn-t1w,yn1QKuCQXO8,1
@AwakenedVibration,yn1QKuCQXO8,1
@Caleb-e7d,yn1QKuCQXO8,2
@Champignon1000,yn1QKuCQXO8,1
@CharltonJude,yn1QKuCQXO8,1
@CoderBhalley,yn1QKuCQXO8,1
@Culturelens,yn1QKuCQXO8,5
@DEM1GOD7,yn1QKuCQXO8,1
@DarekRogoza,yn1QKuCQXO8,1
@Dawson-rq5ky,yn1QKuCQXO8,1
@EaglerPlayz,yn1QKuCQXO8,1
@Ete_Simplifies_PersonalFinance,yn1QKuCQXO8,3
@Explore_With_Ervin,yn1QKuCQXO8,1
@FaLkraydz,yn1QKuCQXO8,1
@FauziIbrahim-w4t,yn1QKuCQXO8,1
@FirstnameLastname-cl4op,yn1QKuCQXO8,1
@FutureOverdraw,yn1QKuCQXO8,1
@Gabi-sk6te,yn1QKuCQXO8,1
@GameFiai,yn1QKuCQXO8,1
@Gmapsscraperpro,yn1QKuCQXO8,1
@Gym_With_Sohamofficial,yn1QKuCQXO8,1
@HANDLECODINGWITHAI,yn1QKuCQXO8,1
@Hope-g2m,yn1QKuCQXO8,1
@Hyshea,yn1QKuCQXO8,1
@IPHONESTORELEGIT,yn1QKuCQXO8,1
@IfYouEscapedYTKidsIWillGetYou,yn1QKuCQXO8,1
@JacobATManipulative,yn1QKuCQXO8,1
@Janumanito,yn1QKuCQXO8,1
@JasmeetNarula-x2l,yn1QKuCQXO8,1
@Karadobi2028,yn1QKuCQXO8,6
@Kirankushwah097,yn1QKuCQXO8,1
@Kmred316,yn1QKuCQXO8,2
@KnightBr33d,yn1QKuCQXO8,1
@Kona_Blue,yn1QKuCQXO8,1
@Lennox_hayes,yn1QKuCQXO8,2
@Lottodds,yn1QKuCQXO8,1
@LovaroClips,yn1QKuCQXO8,1
@MHD.007-o4r,yn1QKuCQXO8,1
@Mad_Hatter_Matador,yn1QKuCQXO8,3
@MajorPerceptron,yn1QKuCQXO8,2
@MarcBraun-tb3vu,yn1QKuCQXO8,1
@Meshalleez,yn1QKuCQXO8,1
@MohamedRasith-p9g,yn1QKuCQXO8,1
@MoltenMetalGod7,yn1QKuCQXO8,1
@Mq-f1w,yn1QKuCQXO8,1
@N.A.R.B.Official,yn1QKuCQXO8,1
@Nkosimano,yn1QKuCQXO8,1
@Nor-y2c,yn1QKuCQXO8,1
@Patchworkgorillaking,yn1QKuCQXO8,1
@Pawan_sahu0777-qp4lm,yn1QKuCQXO8,1
@PayneMaximus,yn1QKuCQXO8,1
@PhilippLackner,yn1QKuCQXO8,2
@Preeti-l9k,yn1QKuCQXO8,1
@Prometheus_8706,yn1QKuCQXO8,1
@RLATwo,yn1QKuCQXO8,1
@RodPascoe,yn1QKuCQXO8,1
@SaajanSJ,yn1QKuCQXO8,1
@Scoopski_Putatoes,yn1QKuCQXO8,1
@ScorAXE007,yn1QKuCQXO8,1
@StephonsDoom,yn1QKuCQXO8,1
@Studybro-n8d,yn1QKuCQXO8,1
@T-ShirtFace,yn1QKuCQXO8,1
@TIMOTHYHESKETTLC,yn1QKuCQXO8,1
@TartTrades,yn1QKuCQXO8,1
@Testedwaffles,yn1QKuCQXO8,1
@ThanuThanseee,yn1QKuCQXO8,1
@TheHumanCodeWorldWide,yn1QKuCQXO8,1
@Tjoe1_,yn1QKuCQXO8,1
@Traumatree,yn1QKuCQXO8,1
@TwirlingStar,yn1QKuCQXO8,1
@Twotechyguys,yn1QKuCQXO8,3
@UyuniBlanco,yn1QKuCQXO8,1
@Veerwas,yn1QKuCQXO8,1
@VijayasimhareddyMeka,yn1QKuCQXO8,1
@W-B-Gaming,yn1QKuCQXO8,1
@WHAT._ISPAT,yn1QKuCQXO8,2
@Warrior.N.A.Garden,yn1QKuCQXO8,1
@WideView-360,yn1QKuCQXO8,1
@WisdomMonarch,yn1QKuCQXO8,1
@Wivelproductions,yn1QKuCQXO8,1
@Wrumesh,yn1QKuCQXO8,1
@WyMustIGo,yn1QKuCQXO8,1
@Yien-m1m,yn1QKuCQXO8,1
@Youngsterjoeee,yn1QKuCQXO8,1
@ZackaryYoung-i5g,yn1QKuCQXO8,1
@ZeroNetsu,yn1QKuCQXO8,1
@ZeroTrace2,yn1QKuCQXO8,1
@__recon3047,yn1QKuCQXO8,1
@abraao2213,yn1QKuCQXO8,1
@adam-w5jx,yn1QKuCQXO8,1
@adilivni8688,yn1QKuCQXO8,1
@ahmadab9666,yn1QKuCQXO8,1
@aizukinoshita.123,yn1QKuCQXO8,1
@albertomelo803,yn1QKuCQXO8,1
@alexmartin-ch7pr,yn1QKuCQXO8,1
@alice_rain_day_is_nice,yn1QKuCQXO8,1
@amdenis,yn1QKuCQXO8,1
@andrewbrakey6214,yn1QKuCQXO8,1
@andymontes1144,yn1QKuCQXO8,1
@arekdbz3,yn1QKuCQXO8,1
@arisyundra3075,yn1QKuCQXO8,1
@artv4nd3l4y,yn1QKuCQXO8,1
@assasinsjeff,yn1QKuCQXO8,1
@b-rad4728,yn1QKuCQXO8,1
@bigotes2005,yn1QKuCQXO8,1
@booneboone9705,yn1QKuCQXO8,1
@bpmotion,yn1QKuCQXO8,1
@bumstudios8817,yn1QKuCQXO8,1
@calendar6526,yn1QKuCQXO8,1
@chavasdela.grimartharceike1803,yn1QKuCQXO8,1
@cheezz678,yn1QKuCQXO8,1
@chitovryt,yn1QKuCQXO8,1
@chrissres,yn1QKuCQXO8,1
@christopherimperial3129,yn1QKuCQXO8,1
@cpuneonine,yn1QKuCQXO8,1
@cuanclifford5922,yn1QKuCQXO8,1
@dancole2994,yn1QKuCQXO8,1
@davereeves2777,yn1QKuCQXO8,1
@dayknight29,yn1QKuCQXO8,1
@dermosquitor9984,yn1QKuCQXO8,1
@eeeeeeeeeeeeesdbdjd,yn1QKuCQXO8,3
@eihwdjiq18282,yn1QKuCQXO8,1
@einfacherkerl3279,yn1QKuCQXO8,1
@eliasvonbrille,yn1QKuCQXO8,1
@emberplate,yn1QKuCQXO8,1
@emkata4929,yn1QKuCQXO8,1
@faisalmuneerone,yn1QKuCQXO8,1
@felixweichler,yn1QKuCQXO8,1
@fireside.fables,yn1QKuCQXO8,1
@firstcome5740,yn1QKuCQXO8,2
@fjkyfhou,yn1QKuCQXO8,1
@frrankdesilva6504,yn1QKuCQXO8,2
@futurebillionaire-t6v,yn1QKuCQXO8,1
@getsome9437,yn1QKuCQXO8,2
@gianlucatramontano3334,yn1QKuCQXO8,1
@gibbo909,yn1QKuCQXO8,1
@gilian2587,yn1QKuCQXO8,1
@gptspeed,yn1QKuCQXO8,1
@gracebyseven,yn1QKuCQXO8,1
@h0uss3m21,yn1QKuCQXO8,1
@humanmemoryleak,yn1QKuCQXO8,1
@hxkdneuxbxjdidndnxj,yn1QKuCQXO8,1
@iDevelopTech1,yn1QKuCQXO8,1
@iam_jes,yn1QKuCQXO8,1
@itsurguy7756,yn1QKuCQXO8,1
@jameskim2007,yn1QKuCQXO8,1
@jamesxprosper,yn1QKuCQXO8,1
@jenstornell,yn1QKuCQXO8,1
@joerush2347,yn1QKuCQXO8,1
@joi1351,yn1QKuCQXO8,1
@jonathan130,yn1QKuCQXO8,1
@juhiagarwal7682,yn1QKuCQXO8,1
@kausha7135,yn1QKuCQXO8,1
@kennymendez3187,yn1QKuCQXO8,1
@lanuk_tim,yn1QKuCQXO8,1
@longthien3754,yn1QKuCQXO8,2
@louisr5208,yn1QKuCQXO8,1
@maintaininganonymity221,yn1QKuCQXO8,1
@manorui100,yn1QKuCQXO8,1
@marklw7774,yn1QKuCQXO8,1
@matteroffact23967,yn1QKuCQXO8,1
@maxmustermann8149,yn1QKuCQXO8,1
@maynardhahn8118,yn1QKuCQXO8,1
@miguelortiz-fn7xp,yn1QKuCQXO8,1
@miguelsw3608,yn1QKuCQXO8,1
@muslimbrother8461,yn1QKuCQXO8,1
@nemanjadj1493,yn1QKuCQXO8,1
@neveriamcaesar,yn1QKuCQXO8,9
@newworldhello,yn1QKuCQXO8,1
@nigelroddy9125,yn1QKuCQXO8,1
@ninatic_05,yn1QKuCQXO8,1
@no1inpart,yn1QKuCQXO8,1
@ognjjennn,yn1QKuCQXO8,1
@padhyswostik,yn1QKuCQXO8,1
@pc3t,yn1QKuCQXO8,1
@peterocilka1466,yn1QKuCQXO8,1
@petrprokhorov7158,yn1QKuCQXO8,1
@prasadrs100,yn1QKuCQXO8,1
@prashantsurti2029,yn1QKuCQXO8,2
@rafi2713,yn1QKuCQXO8,1
@razorbackroar,yn1QKuCQXO8,1
@razwimk6671,yn1QKuCQXO8,1
@realT3NN4,yn1QKuCQXO8,12
@receps.8396,yn1QKuCQXO8,1
@rimi2252,yn1QKuCQXO8,1
@rodrigoruiz976,yn1QKuCQXO8,2
@rspy24,yn1QKuCQXO8,1
@rustyneuron,yn1QKuCQXO8,1
@saintwolvinn,yn1QKuCQXO8,1
@samernhart465,yn1QKuCQXO8,1
@samuelasiedu9556,yn1QKuCQXO8,1
@santicomp,yn1QKuCQXO8,1
@savior_protector1721,yn1QKuCQXO8,1
@scooperleash_usa,yn1QKuCQXO8,1
@sharanr2667,yn1QKuCQXO8,1
@sharificles,yn1QKuCQXO8,2
@sinofpride1235,yn1QKuCQXO8,1
@skundunew,yn1QKuCQXO8,1
@ssspranto,yn1QKuCQXO8,1
@stringmaster_leo,yn1QKuCQXO8,1
@subhadrapestcontrolGawade,yn1QKuCQXO8,1
@subhambiswas8374,yn1QKuCQXO8,1
@sudanthramsudanthram4954,yn1QKuCQXO8,1
@tbg6nb,yn1QKuCQXO8,2
@techguynate21,yn1QKuCQXO8,1
@thethinkdifferentman,yn1QKuCQXO8,1
@tomwalker9836,yn1QKuCQXO8,1
@truthserene,yn1QKuCQXO8,1
@tuckerwebb5336,yn1QKuCQXO8,1
@unclechaelsneckvein,yn1QKuCQXO8,1
@unskeptable,yn1QKuCQXO8,1
@user-dl4iv3eg2q,yn1QKuCQXO8,1
@user-iy3tt2pi2j,yn1QKuCQXO8,1
@varframppytwobtokwanguz2286,yn1QKuCQXO8,1
@vitalv2824,yn1QKuCQXO8,1
@vitalyl1327,yn1QKuCQXO8,1
@w.5948,yn1QKuCQXO8,1
@waleedumer9495,yn1QKuCQXO8,1
@wolffwolfie3166,yn1QKuCQXO8,8
@Катя-з5ж6л,yn1QKuCQXO8,1
@ジャネズ,yn1QKuCQXO8,1
@東佛鱷口,yn1QKuCQXO8,1
@찌지직-k5s,yn1QKuCQXO8,1
@0xnull-r2t,z4Jv2PE0wkU,1
@11vag,z4Jv2PE0wkU,1
@34m300,z4Jv2PE0wkU,1
@360master,z4Jv2PE0wkU,1
@3_14pie,z4Jv2PE0wkU,2
@4Funzzies,z4Jv2PE0wkU,3
@64imma,z4Jv2PE0wkU,1
@A._KiNG,z4Jv2PE0wkU,1
@AGENT_V-252,z4Jv2PE0wkU,1
@AbcDef-s7r,z4Jv2PE0wkU,1
@AiSaac-q8k,z4Jv2PE0wkU,1
@AlbatrossCommando,z4Jv2PE0wkU,1
@AlphaCubed,z4Jv2PE0wkU,3
@AngriestEwok,z4Jv2PE0wkU,1
@AprilDevel,z4Jv2PE0wkU,1
@Aymennn_Bennn,z4Jv2PE0wkU,1
@AzureLupine,z4Jv2PE0wkU,1
@BlueBetaPro,z4Jv2PE0wkU,1
@BobSpaceAgencyBSA,z4Jv2PE0wkU,1
@Bruceja,z4Jv2PE0wkU,1
@Cinarbayramic,z4Jv2PE0wkU,1
@ConnorPIsMe,z4Jv2PE0wkU,1
@DareRubist,z4Jv2PE0wkU,1
@DiegoTorres-kv7js,z4Jv2PE0wkU,1
@DingBatMcGuire,z4Jv2PE0wkU,1
@DocSnicklefritz,z4Jv2PE0wkU,1
@Dojodyo,z4Jv2PE0wkU,2
@DomainManaging,z4Jv2PE0wkU,1
@EkamjyotSingh,z4Jv2PE0wkU,1
@Endomorphism,z4Jv2PE0wkU,1
@FilterChain,z4Jv2PE0wkU,1
@FootballShorts-z4c,z4Jv2PE0wkU,1
@GamingDimiGD,z4Jv2PE0wkU,1
@Gamingprojl321,z4Jv2PE0wkU,1
@HaiderKhan-6410,z4Jv2PE0wkU,2
@Himmom,z4Jv2PE0wkU,1
@HistoricaHungarica,z4Jv2PE0wkU,1
@HoopFiix,z4Jv2PE0wkU,1
@Hossain-s7p,z4Jv2PE0wkU,1
@Hutu6778,z4Jv2PE0wkU,1
@Iyanuoluwa-h8o,z4Jv2PE0wkU,1
@JWALL_,z4Jv2PE0wkU,1
@JackDaloots,z4Jv2PE0wkU,1
@JohannVF,z4Jv2PE0wkU,1
@KTrentLR,z4Jv2PE0wkU,1
@Lampe2020,z4Jv2PE0wkU,1
@Lyghfe,z4Jv2PE0wkU,1
@MD20UD14N,z4Jv2PE0wkU,1
@Mahmoud-bl3hp,z4Jv2PE0wkU,1
@Maniacsurvivor,z4Jv2PE0wkU,1
@MattSuguisAsFondAsEverrr,z4Jv2PE0wkU,1
@MaxYoutubeWhatever,z4Jv2PE0wkU,1
@MerdithLangdon,z4Jv2PE0wkU,1
@MetaRig,z4Jv2PE0wkU,1
@Mexa1482,z4Jv2PE0wkU,1
@MoinKhan_10,z4Jv2PE0wkU,1
@Mozart_Berg,z4Jv2PE0wkU,1
@MrDragos360,z4Jv2PE0wkU,1
@MrNeosporim,z4Jv2PE0wkU,1
@Myexpectationsarerealistic,z4Jv2PE0wkU,1
@NotcardNotLive,z4Jv2PE0wkU,1
@Onetworth,z4Jv2PE0wkU,1
@Poleftaiger,z4Jv2PE0wkU,1
@Ragstal,z4Jv2PE0wkU,1
@RegularRegs,z4Jv2PE0wkU,1
@SeamusCampbell89,z4Jv2PE0wkU,1
@SenpaiSketch-a-Lot,z4Jv2PE0wkU,1
@Stoodknight,z4Jv2PE0wkU,1
@Stray0,z4Jv2PE0wkU,1
@SunSunSunn,z4Jv2PE0wkU,1
@Ted-beary,z4Jv2PE0wkU,1
@TheGoatMS2000,z4Jv2PE0wkU,1
@TheLawind,z4Jv2PE0wkU,1
@TheStrongestBaka,z4Jv2PE0wkU,1
@The_end_of_the_f_world,z4Jv2PE0wkU,1
@UTJK.,z4Jv2PE0wkU,2
@Usersdfcfhb,z4Jv2PE0wkU,1
@WHA-AJP,z4Jv2PE0wkU,1
@ZANES-YT,z4Jv2PE0wkU,1
@adamsonvispo,z4Jv2PE0wkU,1
@agedvagabond,z4Jv2PE0wkU,1
@ahmed11885,z4Jv2PE0wkU,1
@aicoder2009,z4Jv2PE0wkU,1
@aicodingworkflows,z4Jv2PE0wkU,1
@aleanddragonITA,z4Jv2PE0wkU,1
@alexandersanchez9242,z4Jv2PE0wkU,1
@alpheusmadsen8485,z4Jv2PE0wkU,1
@aserejese,z4Jv2PE0wkU,1
@assortmentofpillsbutneverb3756,z4Jv2PE0wkU,1
@attaullahkhan4742,z4Jv2PE0wkU,1
@bambinoesu,z4Jv2PE0wkU,1
@barragerami9026,z4Jv2PE0wkU,1
@berdugosocials9854,z4Jv2PE0wkU,1
@bloxalnd,z4Jv2PE0wkU,1
@blueshoes7519,z4Jv2PE0wkU,1
@brandonmack111,z4Jv2PE0wkU,1
@bubbleguts321,z4Jv2PE0wkU,1
@c5n8,z4Jv2PE0wkU,1
@catbat-meme,z4Jv2PE0wkU,1
@cheese22,z4Jv2PE0wkU,1
@chrisdavis6264,z4Jv2PE0wkU,2
@cin2110,z4Jv2PE0wkU,1
@cloverologie,z4Jv2PE0wkU,2
@cole-dot-dev,z4Jv2PE0wkU,1
@dalitsobanda7658,z4Jv2PE0wkU,1
@dangodono6096,z4Jv2PE0wkU,1
@darks4ys,z4Jv2PE0wkU,2
@disguisedpuppy,z4Jv2PE0wkU,1
@djrmarketing598,z4Jv2PE0wkU,1
@dollarbutt,z4Jv2PE0wkU,1
@dontstopbelieving1,z4Jv2PE0wkU,1
@dotails,z4Jv2PE0wkU,1
@draconic1337,z4Jv2PE0wkU,1
@dragons_advocate,z4Jv2PE0wkU,1
@ducbui5270,z4Jv2PE0wkU,1
@echo_the_developer,z4Jv2PE0wkU,1
@edgardcz,z4Jv2PE0wkU,1
@edujime23,z4Jv2PE0wkU,1
@edwardfisher29,z4Jv2PE0wkU,1
@ejbeastthamaker,z4Jv2PE0wkU,1
@elperLFY,z4Jv2PE0wkU,1
@elzacharito1498,z4Jv2PE0wkU,1
@epicgamer46-z3d,z4Jv2PE0wkU,1
@errorpixelyt,z4Jv2PE0wkU,3
@etsequentia6765,z4Jv2PE0wkU,1
@evandickinson3254,z4Jv2PE0wkU,1
@exlierr,z4Jv2PE0wkU,1
@finndemoncat9379,z4Jv2PE0wkU,1
@finnilämatti,z4Jv2PE0wkU,1
@fishy1856,z4Jv2PE0wkU,1
@freedomfury,z4Jv2PE0wkU,1
@fyrstormer,z4Jv2PE0wkU,1
@gamingwolf3385,z4Jv2PE0wkU,1
@gerke_kok,z4Jv2PE0wkU,1
@hassantanoli9342,z4Jv2PE0wkU,1
@honestlocksmith5428,z4Jv2PE0wkU,1
@imevvv,z4Jv2PE0wkU,1
@iqbalk5731,z4Jv2PE0wkU,1
@itsmilkttv,z4Jv2PE0wkU,1
@ivoreda,z4Jv2PE0wkU,3
@jacktheproslegend,z4Jv2PE0wkU,1
@javieracevedo9352,z4Jv2PE0wkU,1
@jesamegbe1579,z4Jv2PE0wkU,1
@jonathonkoerner,z4Jv2PE0wkU,1
@joshyoung1440,z4Jv2PE0wkU,1
@jossani6712,z4Jv2PE0wkU,1
@justfeeldbyrne2791,z4Jv2PE0wkU,1
@kazooki123,z4Jv2PE0wkU,1
@kkojack,z4Jv2PE0wkU,1
@kokos9652,z4Jv2PE0wkU,1
@kwith,z4Jv2PE0wkU,1
@laughingvampire7555,z4Jv2PE0wkU,1
@leastexpected3115,z4Jv2PE0wkU,1
@lewisburton1852,z4Jv2PE0wkU,1
@linklickz,z4Jv2PE0wkU,1
@lionelgamer13,z4Jv2PE0wkU,1
@lua-nya,z4Jv2PE0wkU,1
@lukespaulding1946,z4Jv2PE0wkU,1
@m0lDaViA,z4Jv2PE0wkU,1
@majestikmagik,z4Jv2PE0wkU,1
@makav2902,z4Jv2PE0wkU,1
@mattberna0317,z4Jv2PE0wkU,1
@michaelkrivitsky8473,z4Jv2PE0wkU,1
@michakocher1392,z4Jv2PE0wkU,1
@moaazibrahim-vq6jj,z4Jv2PE0wkU,1
@mobb-ai,z4Jv2PE0wkU,1
@mosabsh511,z4Jv2PE0wkU,1
@mrpawnice,z4Jv2PE0wkU,1
@nabir14,z4Jv2PE0wkU,1
@nehxt.software,z4Jv2PE0wkU,1
@neonrelmsproductions4224,z4Jv2PE0wkU,1
@nickdisney3D,z4Jv2PE0wkU,1
@noname-h6d,z4Jv2PE0wkU,1
@normansadventure7532,z4Jv2PE0wkU,1
@notafaan,z4Jv2PE0wkU,1
@notch_àpple_op,z4Jv2PE0wkU,1
@nvs-different-ideas,z4Jv2PE0wkU,1
@nzerusocia9232,z4Jv2PE0wkU,1
@oabdulazeez,z4Jv2PE0wkU,1
@oglothenerd,z4Jv2PE0wkU,1
@pablodm9,z4Jv2PE0wkU,1
@pavelh756,z4Jv2PE0wkU,1
@peacem8574,z4Jv2PE0wkU,1
@penguin-dev-bread,z4Jv2PE0wkU,1
@phantasyphotography3813,z4Jv2PE0wkU,1
@qondonyon,z4Jv2PE0wkU,1
@raidtheferry,z4Jv2PE0wkU,1
@ranacreed7671,z4Jv2PE0wkU,1
@realkk_,z4Jv2PE0wkU,1
@retr0breezy,z4Jv2PE0wkU,1
@robbyoconnor,z4Jv2PE0wkU,1
@ross_d_g,z4Jv2PE0wkU,1
@rummik,z4Jv2PE0wkU,1
@rustkitty,z4Jv2PE0wkU,1
@saint3106,z4Jv2PE0wkU,1
@samikheda,z4Jv2PE0wkU,1
@samuelbarber5097,z4Jv2PE0wkU,1
@sekhniashvili,z4Jv2PE0wkU,1
@simonlovesplanes,z4Jv2PE0wkU,1
@skepziev2565,z4Jv2PE0wkU,1
@smurfettelyies6362,z4Jv2PE0wkU,1
@spacex6997,z4Jv2PE0wkU,1
@strongsloth_dev,z4Jv2PE0wkU,1
@sumayyahadetunmbi4347,z4Jv2PE0wkU,1
@tanker242,z4Jv2PE0wkU,1
@theandradelimited7809,z4Jv2PE0wkU,1
@thepuppetqueen57,z4Jv2PE0wkU,2
@thetroiimaster,z4Jv2PE0wkU,1
@thinkwave7801,z4Jv2PE0wkU,1
@tipsythecat,z4Jv2PE0wkU,1
@tomeroyomero,z4Jv2PE0wkU,1
@troid8880,z4Jv2PE0wkU,1
@user-yz2ct2sy3l,z4Jv2PE0wkU,1
@victors16811,z4Jv2PE0wkU,1
@victorvillacis6764,z4Jv2PE0wkU,1
@vlatterran,z4Jv2PE0wkU,1
@wakinglife7065,z4Jv2PE0wkU,1
@xenadonau8356,z4Jv2PE0wkU,1
@xtech3408,z4Jv2PE0wkU,1
@zakaria_guenifi,z4Jv2PE0wkU,1
@zdridox2207,z4Jv2PE0wkU,1
@束,z4Jv2PE0wkU,1
@AM-uq7em,zmuVrC3tgmQ,1
@AhamadurIbrahim,zmuVrC3tgmQ,1
@AnirbanChakraborty94,zmuVrC3tgmQ,1
@BunnyBean,zmuVrC3tgmQ,1
@CookieDaOtter,zmuVrC3tgmQ,1
@DIY_Foodie,zmuVrC3tgmQ,1
@Devydv26oct,zmuVrC3tgmQ,1
@Dhruvum,zmuVrC3tgmQ,1
@EvaFrass0,zmuVrC3tgmQ,1
@FanetteMiron,zmuVrC3tgmQ,1
@GlobalCareerQuest.7317,zmuVrC3tgmQ,2
@Hari-fh1zy,zmuVrC3tgmQ,1
@Hi.GuysBs,zmuVrC3tgmQ,1
@JananiD-cc5ns,zmuVrC3tgmQ,2
@KingKong-tt1wq,zmuVrC3tgmQ,1
@Learn_for_fun_63,zmuVrC3tgmQ,1
@NOTHING_6767,zmuVrC3tgmQ,1
@Potencyfunction,zmuVrC3tgmQ,1
@PrashantBhandari-t1c,zmuVrC3tgmQ,1
@Programmerevangadi,zmuVrC3tgmQ,1
@Rajnish-pu8mj,zmuVrC3tgmQ,1
@RihamAhamed950,zmuVrC3tgmQ,2
@Sharzeelkhan5243,zmuVrC3tgmQ,1
@Tech_San000,zmuVrC3tgmQ,1
@TheFiretiger20,zmuVrC3tgmQ,1
@Theeditorfromdavinci,zmuVrC3tgmQ,1
@TuhinShukla,zmuVrC3tgmQ,1
@Varaprasad865,zmuVrC3tgmQ,1
@VenkadeshV,zmuVrC3tgmQ,2
@WesyYoung,zmuVrC3tgmQ,1
@abdullahqureshi7165,zmuVrC3tgmQ,1
@abhishekkeshri3974,zmuVrC3tgmQ,1
@almousafir4041,zmuVrC3tgmQ,1
@arijitdas1965,zmuVrC3tgmQ,1
@arsh5621,zmuVrC3tgmQ,1
@arunragavan442,zmuVrC3tgmQ,1
@arzelzon1137,zmuVrC3tgmQ,1
@bambinoesu,zmuVrC3tgmQ,1
@bkarthik2605,zmuVrC3tgmQ,1
@breakinggood-r2v,zmuVrC3tgmQ,1
@burningheartgaming2405,zmuVrC3tgmQ,2
@confidential303,zmuVrC3tgmQ,2
@dieepipen2865,zmuVrC3tgmQ,1
@easy-tech225,zmuVrC3tgmQ,1
@foreignwarren7361,zmuVrC3tgmQ,1
@harshrathore.21,zmuVrC3tgmQ,1
@harshvb2676,zmuVrC3tgmQ,1
@iamjubaerhasan,zmuVrC3tgmQ,1
@jag122010,zmuVrC3tgmQ,1
@jijnasu-5adi,zmuVrC3tgmQ,1
@jokelot5221,zmuVrC3tgmQ,1
@junaidkhankhan4260,zmuVrC3tgmQ,2
@kxrosen,zmuVrC3tgmQ,1
@lakhanpalsinghchouhan5639,zmuVrC3tgmQ,1
@luffy-z4c,zmuVrC3tgmQ,1
@m.r_joker1784,zmuVrC3tgmQ,1
@mXqEditz,zmuVrC3tgmQ,1
@manymore9482,zmuVrC3tgmQ,1
@mayisha--,zmuVrC3tgmQ,1
@miles_between_moments,zmuVrC3tgmQ,1
@nagendragandrothu3264,zmuVrC3tgmQ,1
@naveenkumarmurugan1962,zmuVrC3tgmQ,1
@ommstar6046,zmuVrC3tgmQ,1
@panthpanth2447,zmuVrC3tgmQ,1
@parshvsheth-rj2vq,zmuVrC3tgmQ,1
@prabakaran7386,zmuVrC3tgmQ,1
@ramzee47,zmuVrC3tgmQ,1
@sainamandg,zmuVrC3tgmQ,1
@singhamita,zmuVrC3tgmQ,1
@smkop393,zmuVrC3tgmQ,1
@sooryateja5514,zmuVrC3tgmQ,1
@steparos,zmuVrC3tgmQ,1
@teemalukez3729,zmuVrC3tgmQ,1
@tiger-wt8dm,zmuVrC3tgmQ,1
@vedparkashgaba5478,zmuVrC3tgmQ,1
@whiz-code,zmuVrC3tgmQ,1
@xdmich6018,zmuVrC3tgmQ,1
@yaazhiniramesh9645,zmuVrC3tgmQ,1
@yashikant5819,zmuVrC3tgmQ,1
