videoId,commentAuthor,weight
-PlkQno5q50,@0EEVV0,1
-PlkQno5q50,@0w784g,1
-PlkQno5q50,@123Handbuch,1
-PlkQno5q50,@Alx-je7oj,1
-PlkQno5q50,@BingleBangleBungle,1
-PlkQno5q50,@BlueBearOne,1
-PlkQno5q50,@Brandon-ob9rg,1
-PlkQno5q50,@Branon2764,1
-PlkQno5q50,@CallousCoder,1
-PlkQno5q50,@CokeLight-h4e,1
-PlkQno5q50,@Conficient,1
-PlkQno5q50,@CurrentYearDogma,1
-PlkQno5q50,@DSAD___DreW,1
-PlkQno5q50,@DevMeloy,1
-PlkQno5q50,@Deviantation,1
-PlkQno5q50,@Dhalin,1
-PlkQno5q50,@DuravantFoodmate,1
-PlkQno5q50,@ExplorersXRotmg,1
-PlkQno5q50,@ExtremePrejudice,1
-PlkQno5q50,@FUZASHIII,1
-PlkQno5q50,@FellowRoach,1
-PlkQno5q50,@Gregdanger2,1
-PlkQno5q50,@Henry_GamesX,1
-PlkQno5q50,@I.AM.Mr.A12,1
-PlkQno5q50,@IlithiophobiaKiller,1
-PlkQno5q50,@JJan953,1
-PlkQno5q50,@JacobSnover,1
-PlkQno5q50,@Jarniwan,1
-PlkQno5q50,@Justanormaluser2,1
-PlkQno5q50,@KaledKelevra,2
-PlkQno5q50,@KhorzooKhan-v7j,1
-PlkQno5q50,@KorentoInteractive,1
-PlkQno5q50,@LOCKSHADES,1
-PlkQno5q50,@La-FL-DS-MDFR,2
-PlkQno5q50,@MrEo89,1
-PlkQno5q50,@MrKornnugget,1
-PlkQno5q50,@MrMeltdown,1
-PlkQno5q50,@MustafaIbrahim10,1
-PlkQno5q50,@NilEoe,1
-PlkQno5q50,@NoahHornberger,1
-PlkQno5q50,@Optimus6128,1
-PlkQno5q50,@PP-ss3zf,1
-PlkQno5q50,@PakShuMan,1
-PlkQno5q50,@PasooriDev,1
-PlkQno5q50,@PedroS-nv1sl,1
-PlkQno5q50,@PineTechPro,1
-PlkQno5q50,@Practical-AF,1
-PlkQno5q50,@RobWence,1
-PlkQno5q50,@SerrNovik,1
-PlkQno5q50,@SinisterArtsBUBU,1
-PlkQno5q50,@SirotkaSlo,1
-PlkQno5q50,@Skubidu13,1
-PlkQno5q50,@SouIife,1
-PlkQno5q50,@SpiritTracker7,1
-PlkQno5q50,@Spiritfingerz17,1
-PlkQno5q50,@StanVictor-e8p,1
-PlkQno5q50,@StarkDevOps,1
-PlkQno5q50,@Stealthy_Sloth,1
-PlkQno5q50,@TerrenceLP,1
-PlkQno5q50,@TheFrankvHoof,1
-PlkQno5q50,@TheGoated1ne,1
-PlkQno5q50,@VigorousExcavation,1
-PlkQno5q50,@Wahinies,1
-PlkQno5q50,@WayneThaneLawye,1
-PlkQno5q50,@Websitedr,1
-PlkQno5q50,@WewasAtamans,1
-PlkQno5q50,@Xdavide95X,1
-PlkQno5q50,@ZeekMX,1
-PlkQno5q50,@aNerdontheNET,1
-PlkQno5q50,@akiwoo5205,1
-PlkQno5q50,@alpachino468,1
-PlkQno5q50,@anar-k-jafarov,2
-PlkQno5q50,@anees_ahmad_pazhayidath,1
-PlkQno5q50,@animeboy93,1
-PlkQno5q50,@anon_ninja,1
-PlkQno5q50,@antoniong4380,1
-PlkQno5q50,@arieheinrich3457,1
-PlkQno5q50,@arindamtripathi4602,1
-PlkQno5q50,@arthurd6495,1
-PlkQno5q50,@aum8136,1
-PlkQno5q50,@axayparkar,1
-PlkQno5q50,@bbs32,1
-PlkQno5q50,@benedettoabbenanti8663,1
-PlkQno5q50,@bernardlemay8563,1
-PlkQno5q50,@bitterjames,1
-PlkQno5q50,@bobbyrutz9402,1
-PlkQno5q50,@bobghar09,1
-PlkQno5q50,@cabefinn,1
-PlkQno5q50,@captaincavemonkey,1
-PlkQno5q50,@chotumotu11,1
-PlkQno5q50,@chrisf1600,1
-PlkQno5q50,@chrismofer,1
-PlkQno5q50,@converter42,1
-PlkQno5q50,@cornelprime,1
-PlkQno5q50,@csy897,1
-PlkQno5q50,@cubedude76,1
-PlkQno5q50,@daakuwithchaaku,1
-PlkQno5q50,@dalissonfigueiredo,1
-PlkQno5q50,@damarh,1
-PlkQno5q50,@damiengustave223,1
-PlkQno5q50,@dddderick,1
-PlkQno5q50,@debasishraychawdhuri,1
-PlkQno5q50,@dendymakesmusic,1
-PlkQno5q50,@deusex8576,3
-PlkQno5q50,@diligencehumility6971,1
-PlkQno5q50,@dmzone64,1
-PlkQno5q50,@donnybystrom,1
-PlkQno5q50,@duncancarr7822,1
-PlkQno5q50,@edsanville,1
-PlkQno5q50,@eflmanolo,1
-PlkQno5q50,@eiyukabe,1
-PlkQno5q50,@elloco99999,1
-PlkQno5q50,@enriquecastellanos4398,1
-PlkQno5q50,@eta2001carl,1
-PlkQno5q50,@evildojo666,1
-PlkQno5q50,@fededevi1985,1
-PlkQno5q50,@fokeyjo,1
-PlkQno5q50,@foljs5858,1
-PlkQno5q50,@fsojeildflksws,1
-PlkQno5q50,@geetube79,1
-PlkQno5q50,@geewhiz5050,1
-PlkQno5q50,@georgebeierberkeley,1
-PlkQno5q50,@germanje6772,1
-PlkQno5q50,@gerosalesc,1
-PlkQno5q50,@giosee_,1
-PlkQno5q50,@gotrock4,1
-PlkQno5q50,@handlemypantscandle,1
-PlkQno5q50,@hat_dogs,1
-PlkQno5q50,@hdhdushsvsyshshshs,1
-PlkQno5q50,@honor-reels,1
-PlkQno5q50,@horosin,1
-PlkQno5q50,@illikkal,1
-PlkQno5q50,@illiyakorniyenko,1
-PlkQno5q50,@jabuci,1
-PlkQno5q50,@josiaphus,1
-PlkQno5q50,@justgame5508,1
-PlkQno5q50,@justynclarknetwork,1
-PlkQno5q50,@kaajjaak,1
-PlkQno5q50,@kalebbruwer,1
-PlkQno5q50,@kameradoanti9901,1
-PlkQno5q50,@keilmillerjr9701,1
-PlkQno5q50,@kevinvanderkruk5847,1
-PlkQno5q50,@kezzkezzkezz,1
-PlkQno5q50,@kieransanders2133,1
-PlkQno5q50,@kreatur_,1
-PlkQno5q50,@krfloll,1
-PlkQno5q50,@legelf,1
-PlkQno5q50,@letronix6243,1
-PlkQno5q50,@ljka,1
-PlkQno5q50,@manuelketisch3752,1
-PlkQno5q50,@marcospalacios1245,1
-PlkQno5q50,@markofiume,1
-PlkQno5q50,@mdeyanov,1
-PlkQno5q50,@mikelee9886,1
-PlkQno5q50,@mikemm9827,1
-PlkQno5q50,@mikepillwax,1
-PlkQno5q50,@mister-yuki-wfh,1
-PlkQno5q50,@mitchellrcohen,1
-PlkQno5q50,@mmm-ie5ws,1
-PlkQno5q50,@mojojojo1529,1
-PlkQno5q50,@monster-mind,1
-PlkQno5q50,@mpmansell,1
-PlkQno5q50,@mrdaljama16,1
-PlkQno5q50,@mrookeward,1
-PlkQno5q50,@mzba94,1
-PlkQno5q50,@nmocruz,1
-PlkQno5q50,@oliverfunk,1
-PlkQno5q50,@pehur00,1
-PlkQno5q50,@petsoukos,1
-PlkQno5q50,@piyushdhore,1
-PlkQno5q50,@pokefreak2112,1
-PlkQno5q50,@quotablecode,1
-PlkQno5q50,@ragnarok7976,1
-PlkQno5q50,@rahulgawale,1
-PlkQno5q50,@rebelartwork,1
-PlkQno5q50,@robertodelgado6387,1
-PlkQno5q50,@rodrigoqteixeira,1
-PlkQno5q50,@rufaloice,1
-PlkQno5q50,@rushfrisby,1
-PlkQno5q50,@s.i.m.c.a,1
-PlkQno5q50,@scottfwalter,2
-PlkQno5q50,@scottish_folds_are_evil,1
-PlkQno5q50,@seq31,1
-PlkQno5q50,@sinistermephisto65,2
-PlkQno5q50,@skeleton_craftGaming,1
-PlkQno5q50,@spaceghostmiid,1
-PlkQno5q50,@spinning_data2974,1
-PlkQno5q50,@stephenkolostyak4087,1
-PlkQno5q50,@tbremard,1
-PlkQno5q50,@thegreatbambino3358,1
-PlkQno5q50,@tobiasjuhre,1
-PlkQno5q50,@toshitsingh7270,1
-PlkQno5q50,@trer1992,1
-PlkQno5q50,@user-vu7my6kd4g,1
-PlkQno5q50,@vectar,1
-PlkQno5q50,@veritas7010,1
-PlkQno5q50,@whatzzzup5974,1
-PlkQno5q50,@wtfskilz,1
-PlkQno5q50,@xnsmsifydk,1
-PlkQno5q50,@yyyysiqzjajzhac,1
-Tz_FWVYgnM,@AlexMx-c3f,1
-Tz_FWVYgnM,@MunMunSon,1
-Tz_FWVYgnM,@NexTLosTs,1
-Tz_FWVYgnM,@Nitian_Vanshika_with_AIR1,1
-Tz_FWVYgnM,@PrivacyScrubber,1
-Tz_FWVYgnM,@RalfSRobotRalf,1
-Tz_FWVYgnM,@RikayuWilzam,1
-Tz_FWVYgnM,@TadviSunil-dj6hw,1
-Tz_FWVYgnM,@TheoriginalBMT,1
-Tz_FWVYgnM,@WirStartenKI,1
-Tz_FWVYgnM,@adelafamea516,1
-Tz_FWVYgnM,@beeback1910,1
-Tz_FWVYgnM,@cabazorro34,1
-Tz_FWVYgnM,@chougaghil,1
-Tz_FWVYgnM,@divyanshukumar3954,1
-Tz_FWVYgnM,@ivashkenguru7681,1
-Tz_FWVYgnM,@jasonrhtx,1
-Tz_FWVYgnM,@jaywashington9003,1
-Tz_FWVYgnM,@jjj111-xt4fw,1
-Tz_FWVYgnM,@joeypeleg152,1
-Tz_FWVYgnM,@kamlakarnarkar3444,1
-Tz_FWVYgnM,@mariopellegrino3702,1
-Tz_FWVYgnM,@raja__ff__045,1
-Tz_FWVYgnM,@stanleyweller6856,1
-Tz_FWVYgnM,@tecnom7133,1
-Tz_FWVYgnM,@vampyrkiller,1
-Tz_FWVYgnM,@vicaya,1
-Tz_FWVYgnM,@vladimirspasov5591,1
-Tz_FWVYgnM,@АндрейР-ю6л,1
-Tz_FWVYgnM,@الال-ك7ط6ج,1
-VTiqivKOB8,@AAA-f1m,1
-VTiqivKOB8,@AIOptimizer,1
-VTiqivKOB8,@AIRuinedMe,1
-VTiqivKOB8,@Abdirizakmoho-m6c,1
-VTiqivKOB8,@Akuliso,1
-VTiqivKOB8,@Amondyn,1
-VTiqivKOB8,@Arsalanjamal-s3k,1
-VTiqivKOB8,@Aswathi-j6n,1
-VTiqivKOB8,@Blockbuster01010,1
-VTiqivKOB8,@Cainbred,1
-VTiqivKOB8,@CamonaTempest,1
-VTiqivKOB8,@CretaMusicsoftware,1
-VTiqivKOB8,@Dailydrops-cloud,1
-VTiqivKOB8,@Deramirezv,1
-VTiqivKOB8,@EzraSchroeder,1
-VTiqivKOB8,@IsmailOlaiwon,2
-VTiqivKOB8,@JholmerDamayo,1
-VTiqivKOB8,@KenW418,1
-VTiqivKOB8,@Kian-m2m,1
-VTiqivKOB8,@MadaZach-m5f,1
-VTiqivKOB8,@MannieLyticsDSA,2
-VTiqivKOB8,@Obie.,1
-VTiqivKOB8,@PedroLucas-np3fg,1
-VTiqivKOB8,@PriyaNandan-u8k,1
-VTiqivKOB8,@QueenVenmirz,1
-VTiqivKOB8,@RadioAwareness-PeterGy,1
-VTiqivKOB8,@Road2Ai,1
-VTiqivKOB8,@Saboor-Hamedi,2
-VTiqivKOB8,@SimpleDataScience,1
-VTiqivKOB8,@TOMKATPEDALS,2
-VTiqivKOB8,@TongTongsToys,1
-VTiqivKOB8,@TrevysKorner,1
-VTiqivKOB8,@WartimeWhispersHQ,1
-VTiqivKOB8,@WilsonMar1,1
-VTiqivKOB8,@Xmasparol,1
-VTiqivKOB8,@Yaraa_AI,1
-VTiqivKOB8,@_BobZ_,1
-VTiqivKOB8,@alish2950,1
-VTiqivKOB8,@anishpokhrel3410,1
-VTiqivKOB8,@b3arwithm3,1
-VTiqivKOB8,@baalifathi7780,1
-VTiqivKOB8,@blaisemennia9910,1
-VTiqivKOB8,@calligraphypgn,1
-VTiqivKOB8,@canygard,1
-VTiqivKOB8,@cenanium,1
-VTiqivKOB8,@code_till_sayonara,1
-VTiqivKOB8,@danielmoller3258,1
-VTiqivKOB8,@danielsoto9876,2
-VTiqivKOB8,@davidrascoe,1
-VTiqivKOB8,@deepsleepstudynoise,1
-VTiqivKOB8,@demezziah,1
-VTiqivKOB8,@dslogicsim7844,1
-VTiqivKOB8,@easypeasy2938,1
-VTiqivKOB8,@eldarion933,1
-VTiqivKOB8,@fausi89,1
-VTiqivKOB8,@fullstackaai,1
-VTiqivKOB8,@genekoyfman7710,1
-VTiqivKOB8,@hankhan5629,2
-VTiqivKOB8,@iaroslavkostyanniko9587,1
-VTiqivKOB8,@ibrarmahammad8761,1
-VTiqivKOB8,@israelikarine5027,1
-VTiqivKOB8,@jaykihikotech,1
-VTiqivKOB8,@jimjimjim5995,2
-VTiqivKOB8,@kevinpatricsmith,1
-VTiqivKOB8,@kristala-k8e,1
-VTiqivKOB8,@kukasr,1
-VTiqivKOB8,@lemi3d364,1
-VTiqivKOB8,@maximcoding2667,1
-VTiqivKOB8,@michaelangellotti5741,1
-VTiqivKOB8,@mightye6669,1
-VTiqivKOB8,@mikepettengill2706,1
-VTiqivKOB8,@mrbartuss1,1
-VTiqivKOB8,@ms-abbas,1
-VTiqivKOB8,@muhammadarham7410,1
-VTiqivKOB8,@mukibulhasan,1
-VTiqivKOB8,@nadeejakeerthirathna7979,1
-VTiqivKOB8,@neonwis,1
-VTiqivKOB8,@nimbalyst,1
-VTiqivKOB8,@nobodys2358,1
-VTiqivKOB8,@nsantanu,1
-VTiqivKOB8,@qu48,1
-VTiqivKOB8,@rezaaliyari2889,1
-VTiqivKOB8,@richardhack5202,1
-VTiqivKOB8,@rohitsaxena1992,1
-VTiqivKOB8,@rverm1000,2
-VTiqivKOB8,@samanqazi456,1
-VTiqivKOB8,@sametheguitarguy,2
-VTiqivKOB8,@sheikhattaulhaq6735,1
-VTiqivKOB8,@snehotoshbanerjee1938,1
-VTiqivKOB8,@somar3119,1
-VTiqivKOB8,@sylar7780,1
-VTiqivKOB8,@techwithsam,1
-VTiqivKOB8,@tiagorodrigues4445,1
-VTiqivKOB8,@timothymurphy1397,1
-VTiqivKOB8,@tuankhanhvo7416,1
-VTiqivKOB8,@usamashami11,1
-VTiqivKOB8,@venkaraj,1
-VTiqivKOB8,@victordam3921,1
-VTiqivKOB8,@vitusyu9583,1
-VTiqivKOB8,@vlagurl,1
-VTiqivKOB8,@xarisalkiviadis2162,1
-VTiqivKOB8,@yoDQ,1
-yKALFS5ewY,@CivicYt,1
-yKALFS5ewY,@DeepakSachdevankshschdv,1
-yKALFS5ewY,@KnerftErftinger,1
-yKALFS5ewY,@SayaliYewale-ug7rg,1
-yKALFS5ewY,@SimZoneStudios,1
-yKALFS5ewY,@TetonBased,1
-yKALFS5ewY,@aerisseon,1
-yKALFS5ewY,@jackassicorn,1
-yKALFS5ewY,@josephsutton8817,1
-yKALFS5ewY,@m4rcika,1
-yKALFS5ewY,@pramendra811,1
-yKALFS5ewY,@someone5943,1
-yKALFS5ewY,@yourmanstan,1
-yKALFS5ewY,@이재홍-l4j,1
0e-Brv-gS9Q,@120M,1
0e-Brv-gS9Q,@50badjie,2
0e-Brv-gS9Q,@AD3Supa,1
0e-Brv-gS9Q,@AdamLMore,2
0e-Brv-gS9Q,@Adoni.Official,2
0e-Brv-gS9Q,@AgenticAli,1
0e-Brv-gS9Q,@AjarnSpencer,3
0e-Brv-gS9Q,@AlanKhest,1
0e-Brv-gS9Q,@Alienbass1,1
0e-Brv-gS9Q,@Amrik-dagoat,1
0e-Brv-gS9Q,@Andrushe4kanka,1
0e-Brv-gS9Q,@ApexDevHQ,1
0e-Brv-gS9Q,@Art-kz6zf,1
0e-Brv-gS9Q,@Asmar196,1
0e-Brv-gS9Q,@AuroraMarinii,7
0e-Brv-gS9Q,@AwakenKeysYT,1
0e-Brv-gS9Q,@AxsRock,1
0e-Brv-gS9Q,@BLACKWELL-1,1
0e-Brv-gS9Q,@BenBen-g6s9u,1
0e-Brv-gS9Q,@BennyOnRye,1
0e-Brv-gS9Q,@BinaryRot,1
0e-Brv-gS9Q,@Bryan-lu4du,1
0e-Brv-gS9Q,@C00Cker,1
0e-Brv-gS9Q,@Cifero-d5m,1
0e-Brv-gS9Q,@CornelPanic,1
0e-Brv-gS9Q,@Covalexai,1
0e-Brv-gS9Q,@Create-The-Imaginable,1
0e-Brv-gS9Q,@CyberSQUID9000,1
0e-Brv-gS9Q,@DM-py7pj,1
0e-Brv-gS9Q,@DemidovD,1
0e-Brv-gS9Q,@Dom-zy1qy,1
0e-Brv-gS9Q,@DonnieBosede,1
0e-Brv-gS9Q,@ErickJoseph-g6q,1
0e-Brv-gS9Q,@GNARGNARHEAD,1
0e-Brv-gS9Q,@GeekyHistorian,1
0e-Brv-gS9Q,@GigaCrafty,1
0e-Brv-gS9Q,@GrandAdminralThrawn-Vari-gh4mu,1
0e-Brv-gS9Q,@GurvinderSingh-ku8mf,1
0e-Brv-gS9Q,@HD_099,1
0e-Brv-gS9Q,@Hamid-p4g5j,1
0e-Brv-gS9Q,@HeinMeling,1
0e-Brv-gS9Q,@HeyMrHappy,2
0e-Brv-gS9Q,@Hou-no,1
0e-Brv-gS9Q,@HypnoGenX,1
0e-Brv-gS9Q,@ImStian,1
0e-Brv-gS9Q,@Imaripoffofpinewoodbuilders,1
0e-Brv-gS9Q,@Insightful_Pipe_MCP_Connectors,1
0e-Brv-gS9Q,@Jaeforex41,1
0e-Brv-gS9Q,@Jefemcownage,1
0e-Brv-gS9Q,@JeremyJackson111,1
0e-Brv-gS9Q,@JoeyNuggies,1
0e-Brv-gS9Q,@JohnSmith762A11B,3
0e-Brv-gS9Q,@JumpstarOfficial,3
0e-Brv-gS9Q,@K3dev,1
0e-Brv-gS9Q,@KageBlink,3
0e-Brv-gS9Q,@Kaiyang389,1
0e-Brv-gS9Q,@Kirko_297,1
0e-Brv-gS9Q,@LeoVS44,1
0e-Brv-gS9Q,@Leonalayja,1
0e-Brv-gS9Q,@LogysSpace,1
0e-Brv-gS9Q,@Luzivog,2
0e-Brv-gS9Q,@M.A.official.0,1
0e-Brv-gS9Q,@Mackcolak-xf5bk,1
0e-Brv-gS9Q,@Masonddudley-g5m,1
0e-Brv-gS9Q,@Mindwitch5,1
0e-Brv-gS9Q,@MoMoWongHK,1
0e-Brv-gS9Q,@Mr.AllthaThings,1
0e-Brv-gS9Q,@MrAwesomeTheBruce,1
0e-Brv-gS9Q,@Muttakim913,1
0e-Brv-gS9Q,@NeonWaifuTech,1
0e-Brv-gS9Q,@Neoseditz1818,1
0e-Brv-gS9Q,@NoLimitSquad,2
0e-Brv-gS9Q,@NorthOfEarth,1
0e-Brv-gS9Q,@Okultra-h8g,1
0e-Brv-gS9Q,@Oldaker,1
0e-Brv-gS9Q,@ParkusYT,1
0e-Brv-gS9Q,@PaulSolt,1
0e-Brv-gS9Q,@Psi34ax,1
0e-Brv-gS9Q,@RB.1992,1
0e-Brv-gS9Q,@RaymondPeckIII,1
0e-Brv-gS9Q,@RedOneM,1
0e-Brv-gS9Q,@S1ul2,1
0e-Brv-gS9Q,@Sacred_Geometrist,1
0e-Brv-gS9Q,@SalzmanSoftware,1
0e-Brv-gS9Q,@SarYou-v5o,1
0e-Brv-gS9Q,@Shakl-e,1
0e-Brv-gS9Q,@ShandySutanto,1
0e-Brv-gS9Q,@ShawnDowns,1
0e-Brv-gS9Q,@Shivrajpawar-yt1gh,1
0e-Brv-gS9Q,@ShreyashGuptas,1
0e-Brv-gS9Q,@Shyvadi,1
0e-Brv-gS9Q,@SjarMenace,1
0e-Brv-gS9Q,@SlickEdge,1
0e-Brv-gS9Q,@Something_Elemental,1
0e-Brv-gS9Q,@Sri_Harsha_Electronics_Guthik,1
0e-Brv-gS9Q,@StarlightInsights_com,1
0e-Brv-gS9Q,@StevenAkinyemi,2
0e-Brv-gS9Q,@THE-X-Force,1
0e-Brv-gS9Q,@The.137,1
0e-Brv-gS9Q,@TheDigitalHearts,1
0e-Brv-gS9Q,@TheGawdsmak,1
0e-Brv-gS9Q,@TheRealLondonBoy,1
0e-Brv-gS9Q,@Toni_Garrn,1
0e-Brv-gS9Q,@TrayHardPlay,1
0e-Brv-gS9Q,@UsernameSvitlana,1
0e-Brv-gS9Q,@V.Pchelkin,1
0e-Brv-gS9Q,@VIDSInsight,1
0e-Brv-gS9Q,@VamshiPandugula,1
0e-Brv-gS9Q,@VikasSagi,1
0e-Brv-gS9Q,@WIN_1306,1
0e-Brv-gS9Q,@Z411G,1
0e-Brv-gS9Q,@Zoupyx,1
0e-Brv-gS9Q,@_dj_shadow_,1
0e-Brv-gS9Q,@_galacto,1
0e-Brv-gS9Q,@abdalla4425,1
0e-Brv-gS9Q,@abdullahhashmi-y8j,1
0e-Brv-gS9Q,@ac_cobra8540,1
0e-Brv-gS9Q,@adamholter1884,1
0e-Brv-gS9Q,@agustinlorenzo7966,1
0e-Brv-gS9Q,@aifakepro,1
0e-Brv-gS9Q,@aigriffin42704,3
0e-Brv-gS9Q,@alexamazon7870,1
0e-Brv-gS9Q,@ameerali.ouarda,1
0e-Brv-gS9Q,@amudalatulasi9379,1
0e-Brv-gS9Q,@andrere2,1
0e-Brv-gS9Q,@appsora2,1
0e-Brv-gS9Q,@ariopanjinugroho,1
0e-Brv-gS9Q,@asadshahUK,1
0e-Brv-gS9Q,@asturagente4731,2
0e-Brv-gS9Q,@augustogalindo8687,1
0e-Brv-gS9Q,@baranseren2,1
0e-Brv-gS9Q,@bdredzai,1
0e-Brv-gS9Q,@belumterpikirnama8125,1
0e-Brv-gS9Q,@beneditofredericocongolojr1567,1
0e-Brv-gS9Q,@bigbrain1222,1
0e-Brv-gS9Q,@bitterl5379,1
0e-Brv-gS9Q,@bobbytablez,1
0e-Brv-gS9Q,@charlessundayfr,1
0e-Brv-gS9Q,@charlie-taylor,1
0e-Brv-gS9Q,@conan_der_barbar,1
0e-Brv-gS9Q,@conanssam,1
0e-Brv-gS9Q,@cornfieldchase__,1
0e-Brv-gS9Q,@crispogee,1
0e-Brv-gS9Q,@crypto8998,1
0e-Brv-gS9Q,@daniellanciotti8908,1
0e-Brv-gS9Q,@daniilsanders2257,1
0e-Brv-gS9Q,@dannyboycar0777,1
0e-Brv-gS9Q,@darkreader01,1
0e-Brv-gS9Q,@deepanshumourya9571,1
0e-Brv-gS9Q,@delduked,1
0e-Brv-gS9Q,@den7k356,1
0e-Brv-gS9Q,@dennisasamoah2213,1
0e-Brv-gS9Q,@derekfolch6158,1
0e-Brv-gS9Q,@diegomagdaleno4464,2
0e-Brv-gS9Q,@dogzer,2
0e-Brv-gS9Q,@doingmybestish,1
0e-Brv-gS9Q,@donaldpierce6877,1
0e-Brv-gS9Q,@doraszucs5099,1
0e-Brv-gS9Q,@ekselans33,1
0e-Brv-gS9Q,@embersandash,1
0e-Brv-gS9Q,@emres.8025,1
0e-Brv-gS9Q,@epicboy330,1
0e-Brv-gS9Q,@ericmckevitt,3
0e-Brv-gS9Q,@felixschneidenbach2422,1
0e-Brv-gS9Q,@ff_user,2
0e-Brv-gS9Q,@florijnterstal6590,1
0e-Brv-gS9Q,@flowstate8366,1
0e-Brv-gS9Q,@fraserdab,1
0e-Brv-gS9Q,@fticon,1
0e-Brv-gS9Q,@ga6ez,1
0e-Brv-gS9Q,@gamenation9706,1
0e-Brv-gS9Q,@garethjax,1
0e-Brv-gS9Q,@gelrev,1
0e-Brv-gS9Q,@gottahide7950,1
0e-Brv-gS9Q,@greencuby,1
0e-Brv-gS9Q,@halilou9159,1
0e-Brv-gS9Q,@hasani11487,1
0e-Brv-gS9Q,@haysowl,1
0e-Brv-gS9Q,@hojjatrakhshani5553,1
0e-Brv-gS9Q,@hqcart1,1
0e-Brv-gS9Q,@isakbh,1
0e-Brv-gS9Q,@ishwargowda,1
0e-Brv-gS9Q,@itscharlieschannel,1
0e-Brv-gS9Q,@izekc22,1
0e-Brv-gS9Q,@jbond5834,1
0e-Brv-gS9Q,@jonogrimmer6013,1
0e-Brv-gS9Q,@juanlugofitness,1
0e-Brv-gS9Q,@jwcurry83,4
0e-Brv-gS9Q,@keenoogodlike,1
0e-Brv-gS9Q,@kenshiman90,1
0e-Brv-gS9Q,@kosmos5420,1
0e-Brv-gS9Q,@labibhasan255,1
0e-Brv-gS9Q,@leavenolines5934,1
0e-Brv-gS9Q,@life2030,1
0e-Brv-gS9Q,@lucface,1
0e-Brv-gS9Q,@maji500,1
0e-Brv-gS9Q,@malomalovids,1
0e-Brv-gS9Q,@marcel_hoffman,1
0e-Brv-gS9Q,@marek9930,1
0e-Brv-gS9Q,@matoplayz2431,1
0e-Brv-gS9Q,@mattizzle81,1
0e-Brv-gS9Q,@mattpears2472,1
0e-Brv-gS9Q,@milochenmilochen,1
0e-Brv-gS9Q,@mlmoreno75,2
0e-Brv-gS9Q,@mmwwaa100,1
0e-Brv-gS9Q,@moisesbessalle,1
0e-Brv-gS9Q,@mrtongthl,1
0e-Brv-gS9Q,@mxmx2842,1
0e-Brv-gS9Q,@n1ira,1
0e-Brv-gS9Q,@nin_mnb,1
0e-Brv-gS9Q,@nintendopro03,1
0e-Brv-gS9Q,@notforbiddensteve,1
0e-Brv-gS9Q,@notnotandrew,1
0e-Brv-gS9Q,@notslushumi,2
0e-Brv-gS9Q,@nyezinahsolomon,1
0e-Brv-gS9Q,@ole-oleojrot3106,1
0e-Brv-gS9Q,@orangehatmusic225,1
0e-Brv-gS9Q,@otabek_kholmirzaev,1
0e-Brv-gS9Q,@pheonix4709,1
0e-Brv-gS9Q,@philwarner2646,1
0e-Brv-gS9Q,@phyzixlab,1
0e-Brv-gS9Q,@pixelverse48,1
0e-Brv-gS9Q,@ponych,1
0e-Brv-gS9Q,@pratikbhujel,1
0e-Brv-gS9Q,@princemardoch,1
0e-Brv-gS9Q,@pro-detail,1
0e-Brv-gS9Q,@proofofrice,1
0e-Brv-gS9Q,@propermusiiwa702,1
0e-Brv-gS9Q,@rachidow2125,1
0e-Brv-gS9Q,@ramchander6719,1
0e-Brv-gS9Q,@randallstephens1680,1
0e-Brv-gS9Q,@rawfromnowhere,1
0e-Brv-gS9Q,@rikitikitaki5919,1
0e-Brv-gS9Q,@rodvik,1
0e-Brv-gS9Q,@rwj_dk,1
0e-Brv-gS9Q,@s.s.2079,1
0e-Brv-gS9Q,@sainathreddy5048,1
0e-Brv-gS9Q,@sammers4700,1
0e-Brv-gS9Q,@sembl4nce1,2
0e-Brv-gS9Q,@setoelkahfi,1
0e-Brv-gS9Q,@shauncarr8093,2
0e-Brv-gS9Q,@shellishack,1
0e-Brv-gS9Q,@smealson1919,1
0e-Brv-gS9Q,@somewherefar6130,2
0e-Brv-gS9Q,@soylentpink7845,1
0e-Brv-gS9Q,@sparshpriyadarshi,1
0e-Brv-gS9Q,@spazneria,2
0e-Brv-gS9Q,@stevenwilson2292,1
0e-Brv-gS9Q,@suppien,1
0e-Brv-gS9Q,@synthjob,1
0e-Brv-gS9Q,@tahir4163,1
0e-Brv-gS9Q,@techiemoonstudios,1
0e-Brv-gS9Q,@thainguyenche4101,1
0e-Brv-gS9Q,@thebetchannel,1
0e-Brv-gS9Q,@themarksmith,1
0e-Brv-gS9Q,@themindsparkquiz,1
0e-Brv-gS9Q,@thenoblerot,1
0e-Brv-gS9Q,@thewiseman231,1
0e-Brv-gS9Q,@tivtag,1
0e-Brv-gS9Q,@tommyboi0,2
0e-Brv-gS9Q,@townaldtrump1316,1
0e-Brv-gS9Q,@trappedcat3615,2
0e-Brv-gS9Q,@tylerkemp5467,1
0e-Brv-gS9Q,@unkwn_shadow,1
0e-Brv-gS9Q,@useyourbrainss,1
0e-Brv-gS9Q,@vaibhav13346,1
0e-Brv-gS9Q,@willscorner8423,1
0e-Brv-gS9Q,@witshock,1
0e-Brv-gS9Q,@wtflolomg,1
0e-Brv-gS9Q,@yuvraj.agarwal,1
0e-Brv-gS9Q,@נתנאלרותם-פ3ה,1
0e-Brv-gS9Q,@حسينالحمادينالحمادين,1
0e-Brv-gS9Q,@ぶるどっぐ-v9m,1
0e-Brv-gS9Q,@덤최몇-c6u,2
0e-Brv-gS9Q,@베시어스,1
0e-Brv-gS9Q,@조선닌자핫토리,1
1FiER-40zng,@AbdulrhmanAlhalabi,1
1FiER-40zng,@AlexandreBarbosaIT,1
1FiER-40zng,@Aloukat,1
1FiER-40zng,@AntonAbyzov,1
1FiER-40zng,@BigFarm_ah365,2
1FiER-40zng,@Caleb_Spotz,2
1FiER-40zng,@ColeMedin,54
1FiER-40zng,@EliteRemmy,1
1FiER-40zng,@FabLoki,2
1FiER-40zng,@HiCHRIIS,1
1FiER-40zng,@IanRagless,1
1FiER-40zng,@IvanRizzante,2
1FiER-40zng,@JonRodmanUSA,1
1FiER-40zng,@KVKAutomates,1
1FiER-40zng,@KalleWurst,1
1FiER-40zng,@MatthewPomar,1
1FiER-40zng,@MightyPrefix,1
1FiER-40zng,@MsRofex88,1
1FiER-40zng,@NickRomanek,1
1FiER-40zng,@Nikkes-b2v,1
1FiER-40zng,@NikosIliakis,2
1FiER-40zng,@Pm__98768,1
1FiER-40zng,@ProstoTak92052,2
1FiER-40zng,@PureRelativity-42,1
1FiER-40zng,@ShahJahan_NNN,1
1FiER-40zng,@Skillbit-zzz,1
1FiER-40zng,@SlowMody,1
1FiER-40zng,@TheAleBecker,1
1FiER-40zng,@Thirty3Labs,1
1FiER-40zng,@ThrowbackGaming1,1
1FiER-40zng,@Zuentax,1
1FiER-40zng,@beansplace,3
1FiER-40zng,@biba_500,1
1FiER-40zng,@billygoatkaraoke,1
1FiER-40zng,@cortezforever,2
1FiER-40zng,@eXacT1337,5
1FiER-40zng,@erikriedel91,1
1FiER-40zng,@gavada8596,1
1FiER-40zng,@jasonpickens9839,3
1FiER-40zng,@jd5787,2
1FiER-40zng,@kaikiefer8303,1
1FiER-40zng,@lazi_izal,1
1FiER-40zng,@madhudson1,1
1FiER-40zng,@mmlufer,1
1FiER-40zng,@moamenai-u9e,1
1FiER-40zng,@mosherchtman,1
1FiER-40zng,@ocBuilderDisorder,1
1FiER-40zng,@oskarex,2
1FiER-40zng,@patrickqueensen2523,2
1FiER-40zng,@pattymac1980,1
1FiER-40zng,@radekberan7674,1
1FiER-40zng,@raveuk7656,1
1FiER-40zng,@reynubix,1
1FiER-40zng,@ryan-zx4is,1
1FiER-40zng,@samdeployvr975,1
1FiER-40zng,@share_the_love,1
1FiER-40zng,@singlesourceai,1
1FiER-40zng,@sssubarusss,1
1FiER-40zng,@thespencerowen,1
1FiER-40zng,@xeviltimxy,1
1GVBRhDI5No,@ASSA727,1
1GVBRhDI5No,@BryonLape,1
1GVBRhDI5No,@DmitriZaitsev,1
1GVBRhDI5No,@FortniteDubs,1
1GVBRhDI5No,@GauravGoyal1911,1
1GVBRhDI5No,@IamOl1vebranch,1
1GVBRhDI5No,@Sri_Harsha_Electronics_Guthik,1
1GVBRhDI5No,@TheBest-sd2qf,1
1GVBRhDI5No,@Tiku-q3r,1
1GVBRhDI5No,@White_King,1
1GVBRhDI5No,@acolombiadev,1
1GVBRhDI5No,@adriano_silva_,1
1GVBRhDI5No,@amitk6701,1
1GVBRhDI5No,@ans4175,1
1GVBRhDI5No,@arseniyivanov4197,1
1GVBRhDI5No,@boyracer3000,1
1GVBRhDI5No,@coderider3022,1
1GVBRhDI5No,@ericlake62,1
1GVBRhDI5No,@garolstipock,1
1GVBRhDI5No,@hamesrodrigues4232,1
1GVBRhDI5No,@iamme788,1
1GVBRhDI5No,@jaggyjut,1
1GVBRhDI5No,@joshphilips9919,1
1GVBRhDI5No,@marcobaccaro,1
1GVBRhDI5No,@melekRebai,1
1GVBRhDI5No,@muhammadalfaris100,1
1GVBRhDI5No,@mwcz25,1
1GVBRhDI5No,@nagulan77fr,1
1GVBRhDI5No,@pH7Programming,1
1GVBRhDI5No,@programmeryk5659,1
1GVBRhDI5No,@randomforest_dev,1
1GVBRhDI5No,@robertotomas,2
1GVBRhDI5No,@senju31,1
1GVBRhDI5No,@spartano-ia,1
1GVBRhDI5No,@ttaylor9916,1
1GVBRhDI5No,@vbachris,1
1_rSrkXovOk,@123Handbuch,1
1_rSrkXovOk,@1N73RC3P7OR,1
1_rSrkXovOk,@1creeperbomb,1
1_rSrkXovOk,@420BongHit,1
1_rSrkXovOk,@99vishn,1
1_rSrkXovOk,@AURON-i8v,1
1_rSrkXovOk,@AbodeSoleman,1
1_rSrkXovOk,@Al5lv0kzl2ncvl91,1
1_rSrkXovOk,@AmerAlmasri-e6x,1
1_rSrkXovOk,@AmranooAmranoo,1
1_rSrkXovOk,@AnAnyMator,1
1_rSrkXovOk,@Andrei-t5w,1
1_rSrkXovOk,@AngelGirls-x9i5b,1
1_rSrkXovOk,@Apoc2K,1
1_rSrkXovOk,@ArshadAnsari-zn3yj,1
1_rSrkXovOk,@AswadiWadi-y6g,1
1_rSrkXovOk,@BAHAAalsori,1
1_rSrkXovOk,@Bacontim3,1
1_rSrkXovOk,@BadreddinHezil,1
1_rSrkXovOk,@Banditmax20,1
1_rSrkXovOk,@BilalBilalou-n6i,1
1_rSrkXovOk,@Brunopuntzjones,1
1_rSrkXovOk,@Cute.editz.10-d8x,1
1_rSrkXovOk,@Czkxt,1
1_rSrkXovOk,@DanielRand-e4v6h,1
1_rSrkXovOk,@DelowarHussen570,1
1_rSrkXovOk,@DerDoJo,1
1_rSrkXovOk,@Dheeraj-c6z,1
1_rSrkXovOk,@EJAofficialTV,1
1_rSrkXovOk,@EZcNOm,1
1_rSrkXovOk,@EsraaShm,1
1_rSrkXovOk,@Eugeniusee,1
1_rSrkXovOk,@FFLover-f1x,1
1_rSrkXovOk,@FafaNutifafa,1
1_rSrkXovOk,@FrankHouston-v5e,1
1_rSrkXovOk,@GWGS_YT,1
1_rSrkXovOk,@GregFirehawk,1
1_rSrkXovOk,@Guest29f2w,1
1_rSrkXovOk,@GuilhermeHolz,1
1_rSrkXovOk,@GurmeetRay-ty3kj,1
1_rSrkXovOk,@HananAHananA-g5n,1
1_rSrkXovOk,@HarishSapparapu,1
1_rSrkXovOk,@Harsh-JAT-1,1
1_rSrkXovOk,@Haymir11,1
1_rSrkXovOk,@Hearay-t7y,1
1_rSrkXovOk,@HggdVhhug,1
1_rSrkXovOk,@HolaACchillin,1
1_rSrkXovOk,@Hostile_Rampage,1
1_rSrkXovOk,@Ibrahim78910,1
1_rSrkXovOk,@IraborCofidence,1
1_rSrkXovOk,@JDAitken,1
1_rSrkXovOk,@Jitu12_75,1
1_rSrkXovOk,@Jony2829,1
1_rSrkXovOk,@JoséangelJimenez-v5j,1
1_rSrkXovOk,@JulianAlvarez-e1f,1
1_rSrkXovOk,@KaiSong-vv7wh,1
1_rSrkXovOk,@KathrynBrock1,1
1_rSrkXovOk,@KevKreates,1
1_rSrkXovOk,@KhungX10,1
1_rSrkXovOk,@KidistMerge,1
1_rSrkXovOk,@LITHUANIAOFFICAL,1
1_rSrkXovOk,@Lavender_1618,1
1_rSrkXovOk,@LaxmiDevi-s1q4h,1
1_rSrkXovOk,@LuizMoureau,1
1_rSrkXovOk,@MDRASHIDALAM-u1n,1
1_rSrkXovOk,@MR_LALIT_NOT_gamers,2
1_rSrkXovOk,@MarielaRujano,1
1_rSrkXovOk,@MayarHb-em5ob,1
1_rSrkXovOk,@MdSaom-c1p,1
1_rSrkXovOk,@MikkoRantalainen,1
1_rSrkXovOk,@MohamadAlkateb-b4u,1
1_rSrkXovOk,@MorganWaswa-d3l,1
1_rSrkXovOk,@Moue408,1
1_rSrkXovOk,@MrJonstheman,1
1_rSrkXovOk,@NANDLALmeena-vg6ne,1
1_rSrkXovOk,@NOORALHUDAALHSN-k1k,1
1_rSrkXovOk,@Nathans.aicontent,1
1_rSrkXovOk,@NeelPatel-t1v,1
1_rSrkXovOk,@NohelibethPérez,1
1_rSrkXovOk,@NoorAlam-u8q7k,1
1_rSrkXovOk,@Numbertwo22,1
1_rSrkXovOk,@PathubhaRajput-n7h,1
1_rSrkXovOk,@PonyVrema,1
1_rSrkXovOk,@PremTamang-n4g,1
1_rSrkXovOk,@Radi0he4d1,1
1_rSrkXovOk,@RajendraShyam-b8d,1
1_rSrkXovOk,@RayonDai,1
1_rSrkXovOk,@Rudy-g8k,1
1_rSrkXovOk,@SanelisiweStimani,1
1_rSrkXovOk,@SanjayPatra-123snjau,1
1_rSrkXovOk,@SerShake,1
1_rSrkXovOk,@SeriouslyNotabot,1
1_rSrkXovOk,@ShehabRrrtt,1
1_rSrkXovOk,@SindisiweSishange,1
1_rSrkXovOk,@SineN0mine3,1
1_rSrkXovOk,@Sirhabo,1
1_rSrkXovOk,@Socrates-m67,1
1_rSrkXovOk,@SunilKumar-c7q4j,1
1_rSrkXovOk,@SuperMilhauz,1
1_rSrkXovOk,@SwiftMo_Power,1
1_rSrkXovOk,@TemesgenAbrha-p9z,1
1_rSrkXovOk,@TerpTeck,1
1_rSrkXovOk,@TheBlackHandOfTime,1
1_rSrkXovOk,@ToussaintMufungizi,1
1_rSrkXovOk,@TreisyEsnaekerGalarragaRondon,1
1_rSrkXovOk,@VictorMichael-d1x,1
1_rSrkXovOk,@Vishal-p5n7b,1
1_rSrkXovOk,@YoussefIpahem,1
1_rSrkXovOk,@Yupppi,1
1_rSrkXovOk,@aaravjayalwal3416,1
1_rSrkXovOk,@abrahammusa2930,1
1_rSrkXovOk,@akashsonar6332,1
1_rSrkXovOk,@alexangulo3854,1
1_rSrkXovOk,@alexfaber9674,1
1_rSrkXovOk,@algonix11,1
1_rSrkXovOk,@aloneasthana9502,1
1_rSrkXovOk,@ang8925,1
1_rSrkXovOk,@asalamousalam,1
1_rSrkXovOk,@aviafficial,1
1_rSrkXovOk,@awaisamin1420,1
1_rSrkXovOk,@ayanshbatra-u9y1n,1
1_rSrkXovOk,@balogungbenga7041,1
1_rSrkXovOk,@calif4088,1
1_rSrkXovOk,@calmhorizons,1
1_rSrkXovOk,@chinmayghule8272,1
1_rSrkXovOk,@claudiobeloved8447,1
1_rSrkXovOk,@codemiesterbeats,1
1_rSrkXovOk,@coreymillia,1
1_rSrkXovOk,@dadcraft64,1
1_rSrkXovOk,@danielvibecodes,1
1_rSrkXovOk,@dupirechristophe7703,2
1_rSrkXovOk,@elbowscooter,1
1_rSrkXovOk,@ethelonarchist,1
1_rSrkXovOk,@fabiolagonzalez9707,1
1_rSrkXovOk,@ft.vinayaksawant8989,1
1_rSrkXovOk,@garryb.1334,1
1_rSrkXovOk,@halneufmille,1
1_rSrkXovOk,@hamzamansour8664,1
1_rSrkXovOk,@help1ng316,1
1_rSrkXovOk,@ikalen,1
1_rSrkXovOk,@isaacrichardson5540,1
1_rSrkXovOk,@its_dimski,1
1_rSrkXovOk,@ivanmaglica264,1
1_rSrkXovOk,@jamalfarooh8427,1
1_rSrkXovOk,@jeffyboyreloaded,1
1_rSrkXovOk,@johncenegal,1
1_rSrkXovOk,@josephflowers5254,1
1_rSrkXovOk,@juancarlosjimenezgomez-go2iq,1
1_rSrkXovOk,@kaierickson3424,1
1_rSrkXovOk,@kartun_56,1
1_rSrkXovOk,@kevinkkirimii,1
1_rSrkXovOk,@kingmike40,1
1_rSrkXovOk,@korh9739,1
1_rSrkXovOk,@laibamasood2296,1
1_rSrkXovOk,@mdfaiz-mf3rq,1
1_rSrkXovOk,@mediocremk2320,1
1_rSrkXovOk,@mindaugask_,1
1_rSrkXovOk,@nickganguly07,1
1_rSrkXovOk,@nl2017-2,1
1_rSrkXovOk,@nmolonia,1
1_rSrkXovOk,@notaadyant,1
1_rSrkXovOk,@nullbeyondo,1
1_rSrkXovOk,@official_darshan_page,1
1_rSrkXovOk,@plegkody,1
1_rSrkXovOk,@radha-x2k1m,1
1_rSrkXovOk,@redwilliam96,1
1_rSrkXovOk,@rjk0128,1
1_rSrkXovOk,@rmx.codedojo,1
1_rSrkXovOk,@rtyughvbn12,1
1_rSrkXovOk,@runandwinmail,1
1_rSrkXovOk,@sanjaykaiwart2461,1
1_rSrkXovOk,@satisfactiongamer7385,1
1_rSrkXovOk,@shivam_jxb,1
1_rSrkXovOk,@sohl111amjad5,1
1_rSrkXovOk,@superdupertyson,1
1_rSrkXovOk,@t_watz,1
1_rSrkXovOk,@thatminer66,1
1_rSrkXovOk,@theothetorch,1
1_rSrkXovOk,@therahay6849,1
1_rSrkXovOk,@thomashansen1309,1
1_rSrkXovOk,@timethemarket4897,1
1_rSrkXovOk,@timmy12345g,1
1_rSrkXovOk,@tingamer2508,1
1_rSrkXovOk,@tom2522,1
1_rSrkXovOk,@ugosinsaang,1
1_rSrkXovOk,@vaisakh_km,1
1_rSrkXovOk,@vanuenzo945,1
1_rSrkXovOk,@vietnamcountryballanimatio8677,1
1_rSrkXovOk,@wittykernel,1
1_rSrkXovOk,@xToxicNinjax,1
1_rSrkXovOk,@y02idkvideos,1
1_rSrkXovOk,@yaimaragonzalez8964,1
1_rSrkXovOk,@ايمانايمان-ب2ب,1
1_rSrkXovOk,@روحالروح-ز1ض,1
1_rSrkXovOk,@طِأّلَبًأّلَرسِلَأّنِ-ف4ش,1
1_rSrkXovOk,@منحقكتعرف-ف5ذ,1
1_rSrkXovOk,@झिलमिलझिलमिल,1
1_rSrkXovOk,@ចម្រៀងai-w4x,1
2aldTxnbNt0,@01go_ai,1
2aldTxnbNt0,@7jinja,1
2aldTxnbNt0,@AashirWaseem-l4t,1
2aldTxnbNt0,@AfzalHussein,1
2aldTxnbNt0,@Ai_videos525f,1
2aldTxnbNt0,@AlfieMarsh,1
2aldTxnbNt0,@AmeltonGsairus,1
2aldTxnbNt0,@AmerAlmasri-e6x,1
2aldTxnbNt0,@AndyLee-d8b,1
2aldTxnbNt0,@Animesay817,1
2aldTxnbNt0,@AnkitMeena-g2e7w,1
2aldTxnbNt0,@AnthonyEverywhere,2
2aldTxnbNt0,@ArtemNikolaev-e6r,1
2aldTxnbNt0,@AssetPersona,1
2aldTxnbNt0,@BangladeshTop1Apale-e1d,1
2aldTxnbNt0,@BareMetalArchitect,1
2aldTxnbNt0,@Browser-o1t,1
2aldTxnbNt0,@Cbjh5p,1
2aldTxnbNt0,@CharlieKierk,1
2aldTxnbNt0,@ColdLamineyamalEditz,1
2aldTxnbNt0,@CustomsClearanceAgency,1
2aldTxnbNt0,@DavidGreen-e2x4f,1
2aldTxnbNt0,@DeepaMajumdar-fn7ry,1
2aldTxnbNt0,@Dev-1845A,1
2aldTxnbNt0,@FarhanAlam-Ak47,1
2aldTxnbNt0,@Filip-ht2wd,1
2aldTxnbNt0,@Gggs1235,1
2aldTxnbNt0,@GorakhSonavane-e4s,1
2aldTxnbNt0,@HahaQ330,1
2aldTxnbNt0,@Harsh-Narayan02,1
2aldTxnbNt0,@Ideasite,1
2aldTxnbNt0,@Jbeltran06,1
2aldTxnbNt0,@John-r3o1k,1
2aldTxnbNt0,@Jzguan,1
2aldTxnbNt0,@KachSamuels,2
2aldTxnbNt0,@KayrmAn,1
2aldTxnbNt0,@KindasYouTube,1
2aldTxnbNt0,@Kurt888hk,1
2aldTxnbNt0,@Labscreatis,1
2aldTxnbNt0,@LearnWithTrevorReed,1
2aldTxnbNt0,@MartinTothSK,1
2aldTxnbNt0,@Matt-t3l,1
2aldTxnbNt0,@MaxSoftax,1
2aldTxnbNt0,@MaxWeir,1
2aldTxnbNt0,@MianHizb,1
2aldTxnbNt0,@MisterSkraetsch,1
2aldTxnbNt0,@Mylosbeats,1
2aldTxnbNt0,@Myoasis-ok9dq,1
2aldTxnbNt0,@Nvkvmakes,1
2aldTxnbNt0,@Olaf-y5v,1
2aldTxnbNt0,@QasimKhan-jh6lb,1
2aldTxnbNt0,@Quinn-t9z,1
2aldTxnbNt0,@RibbsaeterSystems,1
2aldTxnbNt0,@RibentekAI,1
2aldTxnbNt0,@RifkiFirdaus7,1
2aldTxnbNt0,@RosenKolev13,1
2aldTxnbNt0,@Ross_an_Artisan,1
2aldTxnbNt0,@RrrangoScript,1
2aldTxnbNt0,@RyderCollins22,1
2aldTxnbNt0,@SamarHassan-k3h,1
2aldTxnbNt0,@SeemaJaiswal-n6s,1
2aldTxnbNt0,@ShamimCodes,1
2aldTxnbNt0,@SidduBattu-ul5dp,1
2aldTxnbNt0,@Slyndc,1
2aldTxnbNt0,@StillIWander-d8z,1
2aldTxnbNt0,@StreetThreads,1
2aldTxnbNt0,@SuperCorinn,1
2aldTxnbNt0,@SvenBledt,1
2aldTxnbNt0,@Tedd-zzz,1
2aldTxnbNt0,@ThangarajS,1
2aldTxnbNt0,@TheKiRBiR,1
2aldTxnbNt0,@TheOnePetrZ,1
2aldTxnbNt0,@TrevysKorner,1
2aldTxnbNt0,@UgodF,1
2aldTxnbNt0,@VeganRashad,1
2aldTxnbNt0,@VictorMartins239,1
2aldTxnbNt0,@a0lse,1
2aldTxnbNt0,@a1xzyt-y8g,1
2aldTxnbNt0,@abdeSamad-z9b,1
2aldTxnbNt0,@adirnoyman2231,1
2aldTxnbNt0,@aeliayousaf,1
2aldTxnbNt0,@aids2132,1
2aldTxnbNt0,@aka_giampy,1
2aldTxnbNt0,@albertvargasUX,1
2aldTxnbNt0,@allroundcomedy2522,1
2aldTxnbNt0,@aloradigital,1
2aldTxnbNt0,@amdenis,1
2aldTxnbNt0,@andreaskoop,1
2aldTxnbNt0,@ank1019,1
2aldTxnbNt0,@arpitasinhaxo,1
2aldTxnbNt0,@atrtsh,1
2aldTxnbNt0,@bertflix-e1v,1
2aldTxnbNt0,@bhargavganji6525,1
2aldTxnbNt0,@c1ark3c,1
2aldTxnbNt0,@callmegabe.,1
2aldTxnbNt0,@cbbcbb6803,1
2aldTxnbNt0,@chiragdhyani1876,1
2aldTxnbNt0,@creativesMKTGvt,1
2aldTxnbNt0,@cristiano-o8d6f,2
2aldTxnbNt0,@crucor,1
2aldTxnbNt0,@d0ka,1
2aldTxnbNt0,@desmondokafor-v5p,1
2aldTxnbNt0,@djcroptoptot,1
2aldTxnbNt0,@doraidsed3140,1
2aldTxnbNt0,@elmersworldchannel,1
2aldTxnbNt0,@emmabasseyokon,1
2aldTxnbNt0,@empuraan4710,1
2aldTxnbNt0,@ericsawinda5188,1
2aldTxnbNt0,@eskimojean,1
2aldTxnbNt0,@everthinqq,1
2aldTxnbNt0,@exaversial-being,1
2aldTxnbNt0,@f951539,1
2aldTxnbNt0,@firdauskhotibulzickrian5466,1
2aldTxnbNt0,@flychicken666,1
2aldTxnbNt0,@furqanuddin7404,1
2aldTxnbNt0,@gdivadnosdivad6185,1
2aldTxnbNt0,@gibbs677bg,1
2aldTxnbNt0,@grim789,1
2aldTxnbNt0,@hamsaar1536,1
2aldTxnbNt0,@happyurl,1
2aldTxnbNt0,@harkoharko9,1
2aldTxnbNt0,@henridusasca8077,2
2aldTxnbNt0,@hirajuku,1
2aldTxnbNt0,@huangchristophe9530,1
2aldTxnbNt0,@huntt837,1
2aldTxnbNt0,@hyperbang8849,1
2aldTxnbNt0,@iamnaygei,1
2aldTxnbNt0,@iwillwander,1
2aldTxnbNt0,@jamesraj6531,1
2aldTxnbNt0,@jamzdotnet,1
2aldTxnbNt0,@johnbean3429,1
2aldTxnbNt0,@johnnyrush3702,1
2aldTxnbNt0,@joinfullstack,1
2aldTxnbNt0,@josephlee2058,1
2aldTxnbNt0,@jpfeiffer1380,2
2aldTxnbNt0,@kaankunler7993,1
2aldTxnbNt0,@kapilag,1
2aldTxnbNt0,@kennymccormack90,1
2aldTxnbNt0,@kibromgebrerufial,1
2aldTxnbNt0,@kk-go3ld,1
2aldTxnbNt0,@knutwuchtig444,1
2aldTxnbNt0,@krushkrushemz1718,1
2aldTxnbNt0,@leaoaugusto,1
2aldTxnbNt0,@learnwithhabib-bd,1
2aldTxnbNt0,@liquaaDX,1
2aldTxnbNt0,@lisatw,1
2aldTxnbNt0,@luxaeternae,1
2aldTxnbNt0,@markuskempus788,1
2aldTxnbNt0,@marrallisa,1
2aldTxnbNt0,@matthew-c-paul,1
2aldTxnbNt0,@mhoonhingbaa7001,1
2aldTxnbNt0,@mortalnow,1
2aldTxnbNt0,@msamuslim,1
2aldTxnbNt0,@mtvmousetelevision,1
2aldTxnbNt0,@murat06can,1
2aldTxnbNt0,@musicenthusiast-v3o,1
2aldTxnbNt0,@navedshaikh8375,1
2aldTxnbNt0,@official_editor_Rajasthan,1
2aldTxnbNt0,@ojongfalon,1
2aldTxnbNt0,@onebluestone,1
2aldTxnbNt0,@petesapai4066,1
2aldTxnbNt0,@picknow557,1
2aldTxnbNt0,@pingping8536,1
2aldTxnbNt0,@pio-y7h,1
2aldTxnbNt0,@prasad_yt,1
2aldTxnbNt0,@pratham_singh_up65,1
2aldTxnbNt0,@princeschwartz2092,1
2aldTxnbNt0,@raihanmdgician7396,1
2aldTxnbNt0,@ranakaleem9012,1
2aldTxnbNt0,@rasheds_miya,1
2aldTxnbNt0,@rileybrownai,8
2aldTxnbNt0,@rj_trois743,1
2aldTxnbNt0,@rjwije4874,1
2aldTxnbNt0,@rkaid7,1
2aldTxnbNt0,@ryanmercier6721,1
2aldTxnbNt0,@samo_thing,1
2aldTxnbNt0,@sean-king,1
2aldTxnbNt0,@shaneluy7756,1
2aldTxnbNt0,@shawnnosaurus,1
2aldTxnbNt0,@spaceghost166,1
2aldTxnbNt0,@spencer1087,1
2aldTxnbNt0,@stanislavhristakiev1881,1
2aldTxnbNt0,@steelwaters82,1
2aldTxnbNt0,@tale.mp4,1
2aldTxnbNt0,@taskjuice,1
2aldTxnbNt0,@tauserdev,1
2aldTxnbNt0,@thairux,1
2aldTxnbNt0,@thedailylensmedia,1
2aldTxnbNt0,@theewings,1
2aldTxnbNt0,@theministryofsound7448,2
2aldTxnbNt0,@todoroki,1
2aldTxnbNt0,@tommylind4617,1
2aldTxnbNt0,@trickdaddydollas6009,1
2aldTxnbNt0,@utestify,1
2aldTxnbNt0,@utubeaccount6981,1
2aldTxnbNt0,@venkaraj,1
2aldTxnbNt0,@victorramirez1879,1
2aldTxnbNt0,@vincentdns,1
2aldTxnbNt0,@vincentg,1
2aldTxnbNt0,@vipulzambare5329,1
2aldTxnbNt0,@viswanathamnarahari,1
2aldTxnbNt0,@wearejaunty,1
2aldTxnbNt0,@wf6759,1
2aldTxnbNt0,@whereisjeffrey,1
2aldTxnbNt0,@wisssse,1
2aldTxnbNt0,@xiu-li,2
2aldTxnbNt0,@zarifpious3.1416,1
2aldTxnbNt0,@zuss-gc6np,1
2aldTxnbNt0,@zxccxz9283040,1
2aldTxnbNt0,@ИванИванов-щ7з8т,1
2aldTxnbNt0,@جوىعديرة,1
3HVH2Iuplqo,@0xSpiff,1
3HVH2Iuplqo,@14downtown,1
3HVH2Iuplqo,@ARMeer03,1
3HVH2Iuplqo,@AaronSmith-mk6fo,1
3HVH2Iuplqo,@Abhishek-qw2xt,1
3HVH2Iuplqo,@AffirmationSongsMusic,1
3HVH2Iuplqo,@An-r5x1q,1
3HVH2Iuplqo,@Arya-ik5nk,1
3HVH2Iuplqo,@BKles21,1
3HVH2Iuplqo,@BardsMilieu,1
3HVH2Iuplqo,@BenLovegrove,1
3HVH2Iuplqo,@BintangFathurrizki,1
3HVH2Iuplqo,@BrianMcClure-c6t,1
3HVH2Iuplqo,@CarlosGuadamuz-c8w,2
3HVH2Iuplqo,@CatClearwater-o3b,1
3HVH2Iuplqo,@ChidiebereJohnChukwuemeka,1
3HVH2Iuplqo,@ChristopheMaire-z2n,2
3HVH2Iuplqo,@D_K_149,1
3HVH2Iuplqo,@DavidFelling,1
3HVH2Iuplqo,@DeepInTheory99,1
3HVH2Iuplqo,@DennisBradfordPhD,1
3HVH2Iuplqo,@EASYPEASYSPEECHTHERAPY,1
3HVH2Iuplqo,@ERP_Mastery,1
3HVH2Iuplqo,@ElizabetaKirilova-w2k,1
3HVH2Iuplqo,@EricCapo-k3s3k,1
3HVH2Iuplqo,@EvolutionHomes-DFWBuilder,1
3HVH2Iuplqo,@FlorisPieterVisser,1
3HVH2Iuplqo,@Fluent-Future-4-Success,1
3HVH2Iuplqo,@Frank.Bakovich,1
3HVH2Iuplqo,@FrankAdamoGuitar,1
3HVH2Iuplqo,@FrankSchwarzfree,4
3HVH2Iuplqo,@HanLE-j7u,1
3HVH2Iuplqo,@Homesinorlando,1
3HVH2Iuplqo,@Inclusiveresumes,1
3HVH2Iuplqo,@InsuranceAgentTraining,1
3HVH2Iuplqo,@InvestingWithAdamK,1
3HVH2Iuplqo,@JeffEaster,1
3HVH2Iuplqo,@JesseJaxx,1
3HVH2Iuplqo,@JohnyJediJr,1
3HVH2Iuplqo,@JustinBeausoleil,1
3HVH2Iuplqo,@JustinOrloff-d7x,1
3HVH2Iuplqo,@Jzcmnbk,3
3HVH2Iuplqo,@KhushalV-c8u,2
3HVH2Iuplqo,@Kresha-r7p,1
3HVH2Iuplqo,@Kushier,1
3HVH2Iuplqo,@LeeKuehl-Z71,6
3HVH2Iuplqo,@LifeAndWealthOfficial,1
3HVH2Iuplqo,@LoriGama,1
3HVH2Iuplqo,@LouisePienaar-z1v,1
3HVH2Iuplqo,@MC_Alaba,4
3HVH2Iuplqo,@Mjones9532,1
3HVH2Iuplqo,@Mojomedia-h4k,1
3HVH2Iuplqo,@Most_Illogical,1
3HVH2Iuplqo,@Mystic-energy47,1
3HVH2Iuplqo,@NadiaAb-n6s,1
3HVH2Iuplqo,@NiteshSingh-e4y,1
3HVH2Iuplqo,@NyseLord,1
3HVH2Iuplqo,@OhSoGamer,1
3HVH2Iuplqo,@RohiniRanjan,2
3HVH2Iuplqo,@Rosiedoodle_jefferson,1
3HVH2Iuplqo,@RyanJustinJackson,1
3HVH2Iuplqo,@Soul.Munchie,1
3HVH2Iuplqo,@StrikeMarketingInstitute,2
3HVH2Iuplqo,@TeacherLedSchools,1
3HVH2Iuplqo,@TheBladeOfKusanagi,1
3HVH2Iuplqo,@TheEliteLifeArchitect,1
3HVH2Iuplqo,@TheMtBaldy,1
3HVH2Iuplqo,@TobinShort-v1w,1
3HVH2Iuplqo,@Trinidad-888,1
3HVH2Iuplqo,@abdelazizsarhan8646,1
3HVH2Iuplqo,@allisonconway,1
3HVH2Iuplqo,@amandacoldwell7295,1
3HVH2Iuplqo,@apere2023,1
3HVH2Iuplqo,@bretoneer,1
3HVH2Iuplqo,@brettkoppe-eppokpassiveinc5822,1
3HVH2Iuplqo,@brianjaralearns,1
3HVH2Iuplqo,@c88485,1
3HVH2Iuplqo,@candi0503,1
3HVH2Iuplqo,@cowboyd8746,1
3HVH2Iuplqo,@davidefilippi4404,1
3HVH2Iuplqo,@debora.automacao,1
3HVH2Iuplqo,@deliveryman22,1
3HVH2Iuplqo,@didoesyoga,1
3HVH2Iuplqo,@digitalpayd,1
3HVH2Iuplqo,@dominionrealestatellc52,2
3HVH2Iuplqo,@duduclasstv,1
3HVH2Iuplqo,@edupugantiaaditya3105,1
3HVH2Iuplqo,@edwardfridie637,1
3HVH2Iuplqo,@egjundis,1
3HVH2Iuplqo,@elenar33,1
3HVH2Iuplqo,@elwazaraza,1
3HVH2Iuplqo,@emdee7777,1
3HVH2Iuplqo,@evelin_costa,1
3HVH2Iuplqo,@freshwaypizza,1
3HVH2Iuplqo,@fundedpodcast1,1
3HVH2Iuplqo,@geunyoungkim7245,1
3HVH2Iuplqo,@ginabeattie,1
3HVH2Iuplqo,@gordonsteen8415,1
3HVH2Iuplqo,@hans-martinstrietzel,3
3HVH2Iuplqo,@hibomoussa9833,1
3HVH2Iuplqo,@iamtafara,1
3HVH2Iuplqo,@ignatiuz3,1
3HVH2Iuplqo,@isaachatilima,1
3HVH2Iuplqo,@j_o_o8305,1
3HVH2Iuplqo,@jakecondemn3209,1
3HVH2Iuplqo,@jashawn1979,1
3HVH2Iuplqo,@jazzmum293,1
3HVH2Iuplqo,@jimmytom-h4u,1
3HVH2Iuplqo,@joditruman9761,1
3HVH2Iuplqo,@joshuahenry9135,1
3HVH2Iuplqo,@jw-mt8gp,1
3HVH2Iuplqo,@kieran2347,1
3HVH2Iuplqo,@lenavettese6738,1
3HVH2Iuplqo,@luisnina762,1
3HVH2Iuplqo,@lukedowneslukedownes5900,1
3HVH2Iuplqo,@manpar6103,1
3HVH2Iuplqo,@melissahoneycutt8517,1
3HVH2Iuplqo,@mikes9222,1
3HVH2Iuplqo,@moozel4757,1
3HVH2Iuplqo,@movie4edu,1
3HVH2Iuplqo,@mysacredwild,3
3HVH2Iuplqo,@nacahkeliy,1
3HVH2Iuplqo,@natalijaksernek,1
3HVH2Iuplqo,@nellyz.6753,1
3HVH2Iuplqo,@nobspillow-bw7xl,1
3HVH2Iuplqo,@ogLogLogLogL,2
3HVH2Iuplqo,@padraigmallon4095,1
3HVH2Iuplqo,@pallavidatta3925,1
3HVH2Iuplqo,@parkingchinese,1
3HVH2Iuplqo,@passiveincomeforlife,1
3HVH2Iuplqo,@peTeMelster,1
3HVH2Iuplqo,@petertangkilisan6869,1
3HVH2Iuplqo,@polina_chaika,1
3HVH2Iuplqo,@praveshjha5563,1
3HVH2Iuplqo,@radityawaliulu,1
3HVH2Iuplqo,@randomtt6846,1
3HVH2Iuplqo,@robertyoung2713,1
3HVH2Iuplqo,@rodrigoms75,1
3HVH2Iuplqo,@sabrina_ramonov,24
3HVH2Iuplqo,@samirop,1
3HVH2Iuplqo,@shiko098,1
3HVH2Iuplqo,@stephaniemiller6206,1
3HVH2Iuplqo,@suleimanarshraaf1044,1
3HVH2Iuplqo,@teresaberry3616,1
3HVH2Iuplqo,@that_yacht_girl,1
3HVH2Iuplqo,@thedanrogul9196,1
3HVH2Iuplqo,@thenameisnik,1
3HVH2Iuplqo,@theswimdoc334,1
3HVH2Iuplqo,@tilleyfine,1
3HVH2Iuplqo,@trisram,1
3HVH2Iuplqo,@unfoldedbypreyansh55,1
3HVH2Iuplqo,@user-nj1zu2nf1x,1
3HVH2Iuplqo,@viralmehta2542,1
3HVH2Iuplqo,@vovantiensy4940,1
3HVH2Iuplqo,@webfluencedigital,1
3HVH2Iuplqo,@wenavm,1
3HVH2Iuplqo,@whoimi6886,1
3HVH2Iuplqo,@woscar84,1
3HVH2Iuplqo,@yasminkastan,1
3HVH2Iuplqo,@yevasss3439,1
4CZ-8IRGzME,@1981Marcus,1
4CZ-8IRGzME,@2stoves1,1
4CZ-8IRGzME,@3urobob,1
4CZ-8IRGzME,@ANGELB3AR,1
4CZ-8IRGzME,@AS-hz2lx,2
4CZ-8IRGzME,@AlexFerrao-p7r,1
4CZ-8IRGzME,@AminHiker1,1
4CZ-8IRGzME,@AutistiCoder,1
4CZ-8IRGzME,@BH-wk8vd,1
4CZ-8IRGzME,@BattleGn0me,1
4CZ-8IRGzME,@BeepBoop2221,1
4CZ-8IRGzME,@Biblically-Accurate-Clippy,1
4CZ-8IRGzME,@Boehoehuahoei,1
4CZ-8IRGzME,@BornaZr,1
4CZ-8IRGzME,@BotExploit,1
4CZ-8IRGzME,@BraadBurkinstuck,1
4CZ-8IRGzME,@BrianOSheaPlus,1
4CZ-8IRGzME,@CO8848_2,1
4CZ-8IRGzME,@CRASHOUTTHEORY,1
4CZ-8IRGzME,@CaracallaJupiter,1
4CZ-8IRGzME,@Ch0rr1s,1
4CZ-8IRGzME,@Cuxcuf,1
4CZ-8IRGzME,@D3bugMod3,1
4CZ-8IRGzME,@DanThe2nd,1
4CZ-8IRGzME,@DiRo0566,1
4CZ-8IRGzME,@DigitalLibrarian,1
4CZ-8IRGzME,@DraconicLee,1
4CZ-8IRGzME,@Elacrul,1
4CZ-8IRGzME,@EnemyFartCloud,1
4CZ-8IRGzME,@ErikByrwa,1
4CZ-8IRGzME,@Esejoker1389,2
4CZ-8IRGzME,@FiddlerKeith,1
4CZ-8IRGzME,@FostersLagerMorphs,1
4CZ-8IRGzME,@FrancescoDiNardo,1
4CZ-8IRGzME,@GR46404,1
4CZ-8IRGzME,@Grimbear13,1
4CZ-8IRGzME,@HaikuOezu,1
4CZ-8IRGzME,@HaraHG,1
4CZ-8IRGzME,@Helal_motivation,1
4CZ-8IRGzME,@Himmiefan,1
4CZ-8IRGzME,@HireJack,1
4CZ-8IRGzME,@I_v_e_r_c_i_n_g_e_t_o_r_i_x_I,1
4CZ-8IRGzME,@IceBug1337,1
4CZ-8IRGzME,@Invariel,1
4CZ-8IRGzME,@JDarach,1
4CZ-8IRGzME,@JackyPup,2
4CZ-8IRGzME,@Jaysa578,1
4CZ-8IRGzME,@Johan-rm6ec,1
4CZ-8IRGzME,@JohnSmith-u8s2t,1
4CZ-8IRGzME,@JosephDickson,1
4CZ-8IRGzME,@KeithNagel,1
4CZ-8IRGzME,@KwizzyDaAwesome,1
4CZ-8IRGzME,@LarsMarowsky-Brée,1
4CZ-8IRGzME,@LyingTube,1
4CZ-8IRGzME,@Markm8,1
4CZ-8IRGzME,@Masahane,1
4CZ-8IRGzME,@MedicoVisual,3
4CZ-8IRGzME,@Mosethyoth,1
4CZ-8IRGzME,@Mutex30,1
4CZ-8IRGzME,@MyroMHG,1
4CZ-8IRGzME,@Mystic998,1
4CZ-8IRGzME,@NataliaGems-p5o,1
4CZ-8IRGzME,@NotThatKraken,1
4CZ-8IRGzME,@Patrick-ew3to,1
4CZ-8IRGzME,@PeachBug-i6k,1
4CZ-8IRGzME,@PhP-b3u,1
4CZ-8IRGzME,@PolyglotMode,1
4CZ-8IRGzME,@Premonition11,1
4CZ-8IRGzME,@RAG-Time,1
4CZ-8IRGzME,@ROBLOX-EXPLOITING-101,1
4CZ-8IRGzME,@RedOctRedux,1
4CZ-8IRGzME,@RobertCuster-d8c,1
4CZ-8IRGzME,@SamScheding,1
4CZ-8IRGzME,@SentToProclaim,1
4CZ-8IRGzME,@ShadowAimai,1
4CZ-8IRGzME,@ShyplayX,1
4CZ-8IRGzME,@Sirolf96,1
4CZ-8IRGzME,@SomeRandomDudeAF,1
4CZ-8IRGzME,@StottMikel,1
4CZ-8IRGzME,@SuzanaAlex-b6k,1
4CZ-8IRGzME,@SwastikSaraswat-n4d,1
4CZ-8IRGzME,@T.Michael,1
4CZ-8IRGzME,@TestAutomationTV,1
4CZ-8IRGzME,@TheLynnz10,1
4CZ-8IRGzME,@Username65464,1
4CZ-8IRGzME,@Xirtamoen,1
4CZ-8IRGzME,@YTPrule,1
4CZ-8IRGzME,@a...b...c...d4451,1
4CZ-8IRGzME,@a.z.b.1916,1
4CZ-8IRGzME,@a_mediocre_meerkat,1
4CZ-8IRGzME,@aaronmitchell4924,1
4CZ-8IRGzME,@aashu_11.2,1
4CZ-8IRGzME,@abderrahimkessira5352,1
4CZ-8IRGzME,@aditya_on_youtube,1
4CZ-8IRGzME,@aetherkat,1
4CZ-8IRGzME,@alana314,1
4CZ-8IRGzME,@aleksei5172,1
4CZ-8IRGzME,@alihassnain0,1
4CZ-8IRGzME,@alishapenny,1
4CZ-8IRGzME,@almiralam1,1
4CZ-8IRGzME,@andreholzner2368,1
4CZ-8IRGzME,@andythedishwasher1117,1
4CZ-8IRGzME,@anna_jay_photo,1
4CZ-8IRGzME,@artificially_uninteIIigent,1
4CZ-8IRGzME,@ashk3734,3
4CZ-8IRGzME,@avivolah9401,1
4CZ-8IRGzME,@bgill7475,1
4CZ-8IRGzME,@boroowchuck,1
4CZ-8IRGzME,@bridgetkandi1090,1
4CZ-8IRGzME,@brycejohansen7114,1
4CZ-8IRGzME,@bumpty9830,1
4CZ-8IRGzME,@burtonrodman,1
4CZ-8IRGzME,@called_to_the_light,1
4CZ-8IRGzME,@candafilm,1
4CZ-8IRGzME,@casper_hansen,1
4CZ-8IRGzME,@chrisistheman692,1
4CZ-8IRGzME,@ciptojohn,1
4CZ-8IRGzME,@cuatro336,1
4CZ-8IRGzME,@dacke9000,1
4CZ-8IRGzME,@davi84mn,1
4CZ-8IRGzME,@diary-of-x,1
4CZ-8IRGzME,@dipayanmukherjee5265,1
4CZ-8IRGzME,@djus5,1
4CZ-8IRGzME,@dmitripogosian5084,3
4CZ-8IRGzME,@duckduckgoose3496,1
4CZ-8IRGzME,@dynamicworlds1,1
4CZ-8IRGzME,@eco-villain,1
4CZ-8IRGzME,@edvinas5555,1
4CZ-8IRGzME,@ellicel,1
4CZ-8IRGzME,@ericromano7703,1
4CZ-8IRGzME,@ethanallenhawley1052,1
4CZ-8IRGzME,@finisfine,1
4CZ-8IRGzME,@franciscocanale9426,1
4CZ-8IRGzME,@freyasrulez,1
4CZ-8IRGzME,@fridayhawks-spangenberg8979,1
4CZ-8IRGzME,@gaelileo,1
4CZ-8IRGzME,@gammapulse,1
4CZ-8IRGzME,@garylcharnock,1
4CZ-8IRGzME,@giordanonin,1
4CZ-8IRGzME,@harmanjd,1
4CZ-8IRGzME,@harryhaller4896,1
4CZ-8IRGzME,@herasucks,1
4CZ-8IRGzME,@hodor2704,1
4CZ-8IRGzME,@hornetguy9063,2
4CZ-8IRGzME,@hyperkun,1
4CZ-8IRGzME,@inkasaraswati7625,1
4CZ-8IRGzME,@iqwebserve3973,1
4CZ-8IRGzME,@itchyskink0,1
4CZ-8IRGzME,@jajam-g7m,1
4CZ-8IRGzME,@jal051,1
4CZ-8IRGzME,@jambott5520,1
4CZ-8IRGzME,@jhax,1
4CZ-8IRGzME,@jimcopeland4011,1
4CZ-8IRGzME,@joe-skeen,1
4CZ-8IRGzME,@jonathanDIYs,1
4CZ-8IRGzME,@jprithvi,1
4CZ-8IRGzME,@kamranbashir4842,1
4CZ-8IRGzME,@karenfisher2322,1
4CZ-8IRGzME,@kingmike40,1
4CZ-8IRGzME,@kotharishashank,1
4CZ-8IRGzME,@krthemaster4794,1
4CZ-8IRGzME,@lawsonlategabriel1599,1
4CZ-8IRGzME,@lonotalonota5779,1
4CZ-8IRGzME,@lorenbufanu1639,1
4CZ-8IRGzME,@lucasmsbr4u,1
4CZ-8IRGzME,@luisa.m.mld.3857,1
4CZ-8IRGzME,@mandyjohn8807,3
4CZ-8IRGzME,@mattr8750,1
4CZ-8IRGzME,@maxtvtvtv8623,1
4CZ-8IRGzME,@mediocreman1560,1
4CZ-8IRGzME,@meustrus7056,1
4CZ-8IRGzME,@miss_lexie_jane,1
4CZ-8IRGzME,@nakr123,2
4CZ-8IRGzME,@natedog-m6s,1
4CZ-8IRGzME,@neloth9874,1
4CZ-8IRGzME,@noctuss86,1
4CZ-8IRGzME,@notarobot22,1
4CZ-8IRGzME,@notthefirstheretic2690,1
4CZ-8IRGzME,@ns10xl23,1
4CZ-8IRGzME,@okuno54,1
4CZ-8IRGzME,@patrickheney9201,1
4CZ-8IRGzME,@pengurrito7136,1
4CZ-8IRGzME,@rammohan1991,1
4CZ-8IRGzME,@randice52-53,1
4CZ-8IRGzME,@rbarreira2,1
4CZ-8IRGzME,@reiwa2864,1
4CZ-8IRGzME,@richardcollis5576,1
4CZ-8IRGzME,@rithickchowdhury7116,1
4CZ-8IRGzME,@rksherman1,1
4CZ-8IRGzME,@rushas,1
4CZ-8IRGzME,@saenic,1
4CZ-8IRGzME,@saiphaneeshk.h.5482,1
4CZ-8IRGzME,@salty_systems,1
4CZ-8IRGzME,@samuelcomeau,1
4CZ-8IRGzME,@sanyamsuyal3712,1
4CZ-8IRGzME,@scarlettvalkyrie2783,1
4CZ-8IRGzME,@shawnramcharan6671,1
4CZ-8IRGzME,@sj-el4lu,1
4CZ-8IRGzME,@slenderman.9542,1
4CZ-8IRGzME,@soilstress,1
4CZ-8IRGzME,@somebodymaybenobodyt,1
4CZ-8IRGzME,@sovietspacekitty,1
4CZ-8IRGzME,@stormRed,1
4CZ-8IRGzME,@takshpatel8109,1
4CZ-8IRGzME,@tallpaul9475,1
4CZ-8IRGzME,@tester3x,1
4CZ-8IRGzME,@thenayancat8802,1
4CZ-8IRGzME,@thenextlayer,1
4CZ-8IRGzME,@thomashamilton564,1
4CZ-8IRGzME,@timsch003,1
4CZ-8IRGzME,@tkbettas1890,1
4CZ-8IRGzME,@trailertrish2587,1
4CZ-8IRGzME,@unumbonumverum,1
4CZ-8IRGzME,@uscitizen996,1
4CZ-8IRGzME,@v.bourdeix,1
4CZ-8IRGzME,@zenaku666,2
4CZ-8IRGzME,@zetazimmer4769,1
4CZ-8IRGzME,@zhovibu,1
4CZ-8IRGzME,@zooq-ai,1
4CZ-8IRGzME,@zto_thez,1
4V5G3wtrmhg,@2Extremum,2
4V5G3wtrmhg,@97salmankhan,1
4V5G3wtrmhg,@AI-Slop-Detective,1
4V5G3wtrmhg,@AndrewErwin73,1
4V5G3wtrmhg,@Andu1991,1
4V5G3wtrmhg,@AnorocArcade,2
4V5G3wtrmhg,@BCSPrequelPrequelWhen,4
4V5G3wtrmhg,@Baloch-g2h,3
4V5G3wtrmhg,@BigLeafDropper86,1
4V5G3wtrmhg,@BizzaroBrainBoi,2
4V5G3wtrmhg,@Cephalopopo,1
4V5G3wtrmhg,@Cheesyonmytoasty,1
4V5G3wtrmhg,@Ck2024-z3w,1
4V5G3wtrmhg,@ClaymoreClay101,1
4V5G3wtrmhg,@DesignCourse,2
4V5G3wtrmhg,@Djolesabijacica,1
4V5G3wtrmhg,@ELECTROMIST,1
4V5G3wtrmhg,@FA-TAAA,2
4V5G3wtrmhg,@General_Aladeen,1
4V5G3wtrmhg,@Goofer-G,1
4V5G3wtrmhg,@IG7799-c4u,1
4V5G3wtrmhg,@ILYASSXEBEC,1
4V5G3wtrmhg,@IbamChucks,1
4V5G3wtrmhg,@Income-ko6us,1
4V5G3wtrmhg,@JoeOracoy,2
4V5G3wtrmhg,@JohnbelMahautiere,1
4V5G3wtrmhg,@JonathanBylos,1
4V5G3wtrmhg,@JonathanItzen,1
4V5G3wtrmhg,@JonitoFischer,1
4V5G3wtrmhg,@KanaanBahmaniBuilds,1
4V5G3wtrmhg,@Krowweee,1
4V5G3wtrmhg,@LanceChaseFL,2
4V5G3wtrmhg,@LardBucket_,2
4V5G3wtrmhg,@LongJourneys,1
4V5G3wtrmhg,@LopezAlberto-t3b,1
4V5G3wtrmhg,@MARKOTHEDEV,1
4V5G3wtrmhg,@MaxRuso,1
4V5G3wtrmhg,@MeliDube-e6v,1
4V5G3wtrmhg,@MrBrady95,1
4V5G3wtrmhg,@Music0n_World_0ff,2
4V5G3wtrmhg,@MyNanex,1
4V5G3wtrmhg,@NextGenGames0,1
4V5G3wtrmhg,@OlegShulyakov,1
4V5G3wtrmhg,@OmololuAniyikaye,1
4V5G3wtrmhg,@OptimisticOnion,1
4V5G3wtrmhg,@Pillum94,1
4V5G3wtrmhg,@RajatSaraswat9,1
4V5G3wtrmhg,@RandyAinsworth-tx6vn,1
4V5G3wtrmhg,@RelaxedKiller,1
4V5G3wtrmhg,@RobbPage,5
4V5G3wtrmhg,@SaloRB,1
4V5G3wtrmhg,@SeanGrant-x6e,1
4V5G3wtrmhg,@Sergeant_Camacho,1
4V5G3wtrmhg,@Solonnikov86,1
4V5G3wtrmhg,@Stefffennnnn,1
4V5G3wtrmhg,@SwedishNiceGuy,2
4V5G3wtrmhg,@TarekMaza,1
4V5G3wtrmhg,@Tech-With-Myles,1
4V5G3wtrmhg,@TheBarcher16,1
4V5G3wtrmhg,@TheHeroIsRisingUp,1
4V5G3wtrmhg,@TheMatt99_1,1
4V5G3wtrmhg,@TraversyMedia,29
4V5G3wtrmhg,@YourAIproctologist,1
4V5G3wtrmhg,@ademola4real,1
4V5G3wtrmhg,@alexawunor8853,1
4V5G3wtrmhg,@alexdin1565,1
4V5G3wtrmhg,@alignedweb,1
4V5G3wtrmhg,@alveek,1
4V5G3wtrmhg,@alyu6351,1
4V5G3wtrmhg,@amerrashed6287,1
4V5G3wtrmhg,@amir3515,1
4V5G3wtrmhg,@andreajr2021,1
4V5G3wtrmhg,@andreim6342,1
4V5G3wtrmhg,@andrewchen2349,1
4V5G3wtrmhg,@andromeda_gnome,4
4V5G3wtrmhg,@aneece98,1
4V5G3wtrmhg,@animejefftv,2
4V5G3wtrmhg,@anubis-vibe,1
4V5G3wtrmhg,@archlectoryarvi2873,1
4V5G3wtrmhg,@ari_mn5714,1
4V5G3wtrmhg,@armatheos,1
4V5G3wtrmhg,@ashtullview,1
4V5G3wtrmhg,@awvre,2
4V5G3wtrmhg,@b25671,1
4V5G3wtrmhg,@bahez11,1
4V5G3wtrmhg,@bambinoesu,1
4V5G3wtrmhg,@bankatmananaf,1
4V5G3wtrmhg,@believer.insider,1
4V5G3wtrmhg,@bitkillerjones,2
4V5G3wtrmhg,@bjornarmar2462,1
4V5G3wtrmhg,@bonecircuit,1
4V5G3wtrmhg,@bradandrews777,1
4V5G3wtrmhg,@carlosrayortiz,1
4V5G3wtrmhg,@cat86581,1
4V5G3wtrmhg,@cbk90,2
4V5G3wtrmhg,@cgrecianotech,1
4V5G3wtrmhg,@choicesii1,1
4V5G3wtrmhg,@chrischoir3594,1
4V5G3wtrmhg,@chrisjones469,1
4V5G3wtrmhg,@chronometer9931,2
4V5G3wtrmhg,@codernerd7076,1
4V5G3wtrmhg,@codingMap1,1
4V5G3wtrmhg,@codingtroops9057,1
4V5G3wtrmhg,@coke2-84,1
4V5G3wtrmhg,@conferencecowboy,1
4V5G3wtrmhg,@creativesoundstudios-0111,1
4V5G3wtrmhg,@dadokrstic,1
4V5G3wtrmhg,@danielfarmer7372,2
4V5G3wtrmhg,@danquixote6072,1
4V5G3wtrmhg,@darylcalhoun8577,1
4V5G3wtrmhg,@darz_k.,1
4V5G3wtrmhg,@daveberzack,1
4V5G3wtrmhg,@davidzhong4312,1
4V5G3wtrmhg,@dayone1894,2
4V5G3wtrmhg,@dcoleyoung,1
4V5G3wtrmhg,@devConstructor,2
4V5G3wtrmhg,@djscratchnsniff,1
4V5G3wtrmhg,@dohnjoe342,1
4V5G3wtrmhg,@dougbones7095,1
4V5G3wtrmhg,@dragonore2009,1
4V5G3wtrmhg,@edwincastro,1
4V5G3wtrmhg,@elijahlair,1
4V5G3wtrmhg,@eminm6383,1
4V5G3wtrmhg,@erykfrompoland,1
4V5G3wtrmhg,@exincident,1
4V5G3wtrmhg,@expat-pilled,1
4V5G3wtrmhg,@flogginga_dead_horse4022,1
4V5G3wtrmhg,@folorunshoabiodun1376,1
4V5G3wtrmhg,@fredericfc,1
4V5G3wtrmhg,@fujiiyoshinori6875,1
4V5G3wtrmhg,@fuzz-fruzz,1
4V5G3wtrmhg,@gemyellow,1
4V5G3wtrmhg,@gerdsfargen6687,2
4V5G3wtrmhg,@grimaldushelbrecht8811,4
4V5G3wtrmhg,@grimmdanny,1
4V5G3wtrmhg,@guest.py.abc.,1
4V5G3wtrmhg,@guitarman018,1
4V5G3wtrmhg,@harrisonlawton9630,1
4V5G3wtrmhg,@hazelxbasil,2
4V5G3wtrmhg,@himansuwebcoder,1
4V5G3wtrmhg,@hornt3chgaming,1
4V5G3wtrmhg,@houssemflutter2722,1
4V5G3wtrmhg,@iNdepth-Music,1
4V5G3wtrmhg,@i_l_y_a,1
4V5G3wtrmhg,@i_o_media,1
4V5G3wtrmhg,@icantchosemyname,1
4V5G3wtrmhg,@ilyastrus4770,1
4V5G3wtrmhg,@ilyyan36,1
4V5G3wtrmhg,@jackblack1801,2
4V5G3wtrmhg,@jaguar-dev,1
4V5G3wtrmhg,@jamextech,1
4V5G3wtrmhg,@jaym4144,1
4V5G3wtrmhg,@jigsaw2253,1
4V5G3wtrmhg,@jjones0822,1
4V5G3wtrmhg,@joesmith-g4d,1
4V5G3wtrmhg,@jokelot5221,1
4V5G3wtrmhg,@jpbastyr,1
4V5G3wtrmhg,@kdietz65,2
4V5G3wtrmhg,@kenkioqqo,1
4V5G3wtrmhg,@kiattim2100,1
4V5G3wtrmhg,@kipraymond777,1
4V5G3wtrmhg,@larsfayedev,1
4V5G3wtrmhg,@lawrence1679,1
4V5G3wtrmhg,@leonelmateus,1
4V5G3wtrmhg,@letsgameco3514,1
4V5G3wtrmhg,@lucasalley9008,1
4V5G3wtrmhg,@maimousgraou2052,1
4V5G3wtrmhg,@makhanchor646,1
4V5G3wtrmhg,@marcindomanski5654,1
4V5G3wtrmhg,@martindzeble,1
4V5G3wtrmhg,@mattdgeer,1
4V5G3wtrmhg,@maxron6514,1
4V5G3wtrmhg,@mcgrey_,2
4V5G3wtrmhg,@michaeldempsey9979,1
4V5G3wtrmhg,@michaelreith9897,1
4V5G3wtrmhg,@michaelthomashamilton,1
4V5G3wtrmhg,@miezeken,1
4V5G3wtrmhg,@miloskovacevic2245,2
4V5G3wtrmhg,@mohammedm2362,1
4V5G3wtrmhg,@mrgalaxy975,1
4V5G3wtrmhg,@myobpro8516,1
4V5G3wtrmhg,@nadgerz,1
4V5G3wtrmhg,@nasunorahl,1
4V5G3wtrmhg,@neenus,3
4V5G3wtrmhg,@nemethricsi,1
4V5G3wtrmhg,@nishantraval2740,1
4V5G3wtrmhg,@nneisler,1
4V5G3wtrmhg,@notify7610,1
4V5G3wtrmhg,@omaidkhan6398,1
4V5G3wtrmhg,@panterra5662,1
4V5G3wtrmhg,@pebre79,1
4V5G3wtrmhg,@plannerartist,1
4V5G3wtrmhg,@polarfamily6222,1
4V5G3wtrmhg,@poundspontian9535,1
4V5G3wtrmhg,@prodbyblvnk,1
4V5G3wtrmhg,@raduceban3446,1
4V5G3wtrmhg,@randomusername793,1
4V5G3wtrmhg,@ravitejaknts,1
4V5G3wtrmhg,@regilearn2138,1
4V5G3wtrmhg,@reignsvicky,1
4V5G3wtrmhg,@rezomegrelidze7748,1
4V5G3wtrmhg,@ring05,1
4V5G3wtrmhg,@robbyoconnor,1
4V5G3wtrmhg,@robcz3926,1
4V5G3wtrmhg,@romeoadjam8067,1
4V5G3wtrmhg,@rouleau36,1
4V5G3wtrmhg,@rudeicious,1
4V5G3wtrmhg,@samuelpistis,1
4V5G3wtrmhg,@sdhpCH,1
4V5G3wtrmhg,@semsomify,1
4V5G3wtrmhg,@sepi4,1
4V5G3wtrmhg,@seriahbrahim337,1
4V5G3wtrmhg,@shamyrahenderson5365,1
4V5G3wtrmhg,@shawnthomas00,1
4V5G3wtrmhg,@shrunkensimon,1
4V5G3wtrmhg,@sirbraulcosmin7433,1
4V5G3wtrmhg,@smrmnt,1
4V5G3wtrmhg,@somfplease,1
4V5G3wtrmhg,@stephenmesquire,1
4V5G3wtrmhg,@stephenshoihet2590,1
4V5G3wtrmhg,@taksumaq,1
4V5G3wtrmhg,@techieryan1963,1
4V5G3wtrmhg,@the_apokalupsis,1
4V5G3wtrmhg,@thewingedringer,5
4V5G3wtrmhg,@tipvim3180,1
4V5G3wtrmhg,@toast837,1
4V5G3wtrmhg,@trappedcat3615,1
4V5G3wtrmhg,@tsilivisgeo,1
4V5G3wtrmhg,@turbulantarchitect5286,1
4V5G3wtrmhg,@turokII,1
4V5G3wtrmhg,@ubaidfarooqui,1
4V5G3wtrmhg,@ultimatums1,2
4V5G3wtrmhg,@unclefonsotube,1
4V5G3wtrmhg,@usr-4b7x9v,1
4V5G3wtrmhg,@vampiro4236,1
4V5G3wtrmhg,@vanthuanluong9398,5
4V5G3wtrmhg,@vausmusic,2
4V5G3wtrmhg,@veshalenramsamy1342,1
4V5G3wtrmhg,@vladimir_dev,1
4V5G3wtrmhg,@waqasalsubayee1516,1
4V5G3wtrmhg,@waterwise77,2
4V5G3wtrmhg,@wensen-u2m1f,1
4V5G3wtrmhg,@xuanle384,1
4V5G3wtrmhg,@yavener,1
4V5G3wtrmhg,@zigtech5799,1
4V5G3wtrmhg,@zmOe1,1
4V5G3wtrmhg,@ИвайлоХристов-ч9э,1
4kXxgpZo7lE,@MITSMR,2
4kXxgpZo7lE,@commonsensedev,2
4kXxgpZo7lE,@felipejavierhernandez5387,1
5OWurmg41tI,@1s22-e8q,1
5OWurmg41tI,@50-50_Grind,1
5OWurmg41tI,@Cameron-e5y,1
5OWurmg41tI,@CapuWriting,1
5OWurmg41tI,@ChrisBolcar,1
5OWurmg41tI,@DesignWithPranto,1
5OWurmg41tI,@DomainManaging,1
5OWurmg41tI,@Dr.BananaCraft,1
5OWurmg41tI,@ICouldntFindAFreeName,1
5OWurmg41tI,@Itsmejabs,1
5OWurmg41tI,@JakeEnglishGlazer,1
5OWurmg41tI,@JonathanArcher100,3
5OWurmg41tI,@JuliusGiron-k5r,1
5OWurmg41tI,@MAGAMAN,1
5OWurmg41tI,@MannazX,1
5OWurmg41tI,@MrBayAreaRealEstate,1
5OWurmg41tI,@NathanHarrison7,1
5OWurmg41tI,@ReggA.I,1
5OWurmg41tI,@Rio-by1eh,1
5OWurmg41tI,@ScientistPrepper,1
5OWurmg41tI,@Slime-g6d,1
5OWurmg41tI,@SmartXecute,1
5OWurmg41tI,@StupidInternetPeople1,1
5OWurmg41tI,@TheJoyOfMining,2
5OWurmg41tI,@Tim_Tracy,1
5OWurmg41tI,@Xenoliquid,1
5OWurmg41tI,@adimadan2049,1
5OWurmg41tI,@afflulifestyle1784,1
5OWurmg41tI,@aimaatigari,1
5OWurmg41tI,@billkasperdotcom,1
5OWurmg41tI,@ccdanro,1
5OWurmg41tI,@chromatic2006,1
5OWurmg41tI,@crialitecklll7579,1
5OWurmg41tI,@derichawes3765,1
5OWurmg41tI,@doubledragon9530,1
5OWurmg41tI,@evolgenius1150,2
5OWurmg41tI,@fanyinU,1
5OWurmg41tI,@fritt_wastaken,3
5OWurmg41tI,@gabrielotazo3984,1
5OWurmg41tI,@gambeeno817,1
5OWurmg41tI,@growth.over.perfection,1
5OWurmg41tI,@hwahwa9241,1
5OWurmg41tI,@imnotmattdamon,1
5OWurmg41tI,@kendrick_ukc,1
5OWurmg41tI,@mattpalmer,5
5OWurmg41tI,@mids5854,4
5OWurmg41tI,@moneyman9163,1
5OWurmg41tI,@myronww,1
5OWurmg41tI,@neilfpv,1
5OWurmg41tI,@notorioustcy,1
5OWurmg41tI,@paulrevere18,2
5OWurmg41tI,@psintroverted6416,1
5OWurmg41tI,@purrbox7514,2
5OWurmg41tI,@samael2187,1
5OWurmg41tI,@simonharrison1874,1
5OWurmg41tI,@snakepliskin5655,1
5OWurmg41tI,@sskmusic4971,1
5OWurmg41tI,@svennoordermeer1628,1
5OWurmg41tI,@talensto9501,1
5OWurmg41tI,@talkartech,1
5OWurmg41tI,@trexon-k8k,1
5OWurmg41tI,@yhwhdesigntruth,1
5TN6l7JGWvs,@10Totti,1
5TN6l7JGWvs,@AbdulMajid-s6j,1
5TN6l7JGWvs,@BlackHayateMX,1
5TN6l7JGWvs,@Christine133-z7n,2
5TN6l7JGWvs,@HashimWarren,1
5TN6l7JGWvs,@JonathanHrovat,1
5TN6l7JGWvs,@Marquell-rnb,1
5TN6l7JGWvs,@anj000,1
5TN6l7JGWvs,@anshulnarela9888,1
5TN6l7JGWvs,@businessoftechnology,1
5TN6l7JGWvs,@htekdev,1
5TN6l7JGWvs,@marieThe3rd,1
5TN6l7JGWvs,@nexus888,1
5TN6l7JGWvs,@olschoolrider,1
5TN6l7JGWvs,@victornoagbodji,1
5TN6l7JGWvs,@yanivpaz1414,1
5fhcklZe-qE,@20900.,1
5fhcklZe-qE,@AbrahanCairo,1
5fhcklZe-qE,@Adib-v4s,1
5fhcklZe-qE,@Aleixus,1
5fhcklZe-qE,@AllenGraetz,1
5fhcklZe-qE,@AlsonAntónioMathe,1
5fhcklZe-qE,@AmeyaaPatricia-u7w,1
5fhcklZe-qE,@AmgadSy-d4s,1
5fhcklZe-qE,@AminLakzaei,1
5fhcklZe-qE,@Anagery-flow,1
5fhcklZe-qE,@AnalyticalAgnostic1776,2
5fhcklZe-qE,@AshishranjanGhadei,1
5fhcklZe-qE,@BaluPagare-v2l,1
5fhcklZe-qE,@BirdManPhil,2
5fhcklZe-qE,@BrianCheruyot-r2q,1
5fhcklZe-qE,@CeokanchanHembram,1
5fhcklZe-qE,@ChotuKumar-k6h5e,1
5fhcklZe-qE,@CodewithAI-vc9vd,1
5fhcklZe-qE,@ConradHansenQuartey,1
5fhcklZe-qE,@DailyScreetjob,1
5fhcklZe-qE,@DavidIRock,1
5fhcklZe-qE,@Dinuja-q4g,1
5fhcklZe-qE,@EmanJutt-i7d,1
5fhcklZe-qE,@FalmatMohammed,1
5fhcklZe-qE,@FishermanDev,1
5fhcklZe-qE,@GNMandal-n2k,1
5fhcklZe-qE,@GOLEMIC_FF,1
5fhcklZe-qE,@GregorySanchez-b3l,1
5fhcklZe-qE,@HabimanaEmmanuel-r2v,1
5fhcklZe-qE,@HamisuYahaya-w9y,1
5fhcklZe-qE,@HappyLuck-n4j,1
5fhcklZe-qE,@HareshLathiya-m2p,1
5fhcklZe-qE,@HeyDan1983,1
5fhcklZe-qE,@ImSudheendraKumar1,1
5fhcklZe-qE,@IrrationalTriangle,1
5fhcklZe-qE,@Ismaili_People,1
5fhcklZe-qE,@JacksonATrade,1
5fhcklZe-qE,@JhoonySing-l3x,1
5fhcklZe-qE,@KANAPALASRIDEEP-mw2xh,1
5fhcklZe-qE,@KFIRFAN,1
5fhcklZe-qE,@KaledKaled-g6v,1
5fhcklZe-qE,@KanhaSahani-q5j,1
5fhcklZe-qE,@KarimKhan-c9m1p,1
5fhcklZe-qE,@Krish-bg6nx,1
5fhcklZe-qE,@KuldeepGujjar-r7p,1
5fhcklZe-qE,@KumarLama-l5b4w,1
5fhcklZe-qE,@KundaKunda-q2t,1
5fhcklZe-qE,@LawandSuleman-v7m,1
5fhcklZe-qE,@Madlinaabdallah,1
5fhcklZe-qE,@MaeGalvez-p4i,1
5fhcklZe-qE,@MarielMacoycruz,1
5fhcklZe-qE,@MarivoneCordeiroBritodosSa-q1v,1
5fhcklZe-qE,@MarkJSzymanski,1
5fhcklZe-qE,@Max4Richards,1
5fhcklZe-qE,@Metachief_X,1
5fhcklZe-qE,@MinecraftxAvi,1
5fhcklZe-qE,@Mohammadzm211,1
5fhcklZe-qE,@Mohammed-p7s6z,1
5fhcklZe-qE,@Monawaat_123,1
5fhcklZe-qE,@MotasemAli-jn5uh,1
5fhcklZe-qE,@MrSaitam,1
5fhcklZe-qE,@MukhtaarIbraahim-i5q,1
5fhcklZe-qE,@MunasarHasan-j3u,1
5fhcklZe-qE,@NAVIEEN14,1
5fhcklZe-qE,@NKfromS,1
5fhcklZe-qE,@NagarajuNagaraju-c1t2r,1
5fhcklZe-qE,@NajmulHalder-p9o,1
5fhcklZe-qE,@NarapakavishnutejaVishnute-b9i,1
5fhcklZe-qE,@NeoSenye-r8k,1
5fhcklZe-qE,@New_gusionYt,1
5fhcklZe-qE,@NijirvanSido,1
5fhcklZe-qE,@NohelibethPérez,1
5fhcklZe-qE,@NotImportant426,1
5fhcklZe-qE,@ObinigweTv,1
5fhcklZe-qE,@PANKESHajnar-h7s,1
5fhcklZe-qE,@PROdotes,1
5fhcklZe-qE,@REX_IQ99,1
5fhcklZe-qE,@Ragehunter,1
5fhcklZe-qE,@RajPaswan-l4m,1
5fhcklZe-qE,@RikosstarMawthoh,1
5fhcklZe-qE,@RiotChor,1
5fhcklZe-qE,@RoRo-fn8ce,1
5fhcklZe-qE,@SagarSagarji-j3b,1
5fhcklZe-qE,@SajalToppo-f4w,1
5fhcklZe-qE,@SangeethaM-r2n,1
5fhcklZe-qE,@Saradabrother183,1
5fhcklZe-qE,@SergioRodríguez-j8b5q,2
5fhcklZe-qE,@Shuvro-p1z,1
5fhcklZe-qE,@SiddharthSingh-q4k,1
5fhcklZe-qE,@SitaDeula-mw2rc,1
5fhcklZe-qE,@SoumikMohanty-u4p,1
5fhcklZe-qE,@SpecialTeam-z5q,1
5fhcklZe-qE,@SuraniSanjeewani,1
5fhcklZe-qE,@Suya-g3p,1
5fhcklZe-qE,@Tatasieraa_74,1
5fhcklZe-qE,@TaufikAnsari-n1m,1
5fhcklZe-qE,@ThandekaNdekiegh,1
5fhcklZe-qE,@TuneBhoomi,1
5fhcklZe-qE,@TusharKumar-r1s,1
5fhcklZe-qE,@UP76UnknownGamer,1
5fhcklZe-qE,@VijayPadhar-u1z,1
5fhcklZe-qE,@VikasPatil-j6j,1
5fhcklZe-qE,@VishalDilipBhilVishalDilipBhil,1
5fhcklZe-qE,@YOGESH777YT,1
5fhcklZe-qE,@abojawad7701,1
5fhcklZe-qE,@ahmdAhmd-y9f4v,1
5fhcklZe-qE,@ahmedbarka-o4s,1
5fhcklZe-qE,@ajaydolai1076,1
5fhcklZe-qE,@alex.pozgaj,1
5fhcklZe-qE,@aliAkelaf,1
5fhcklZe-qE,@amarshaikh8311,1
5fhcklZe-qE,@angshurpitaganguly833,1
5fhcklZe-qE,@anilthori1993,1
5fhcklZe-qE,@askaristejano9564,1
5fhcklZe-qE,@cKARHAAN,1
5fhcklZe-qE,@cloudard,1
5fhcklZe-qE,@crash100,1
5fhcklZe-qE,@cumahuseyin8046,1
5fhcklZe-qE,@darz_k.,1
5fhcklZe-qE,@deep-thinking-now,1
5fhcklZe-qE,@elmar_72,1
5fhcklZe-qE,@elzaseaman3232,1
5fhcklZe-qE,@fezziwigmedia,1
5fhcklZe-qE,@fknight,1
5fhcklZe-qE,@gamin-g5m,1
5fhcklZe-qE,@geminivinay1902,1
5fhcklZe-qE,@hannesRSA,1
5fhcklZe-qE,@hx4791,1
5fhcklZe-qE,@invictuz4803,1
5fhcklZe-qE,@ionizePlaying,1
5fhcklZe-qE,@iqbalhussaincs9998,1
5fhcklZe-qE,@isamarurdaneta-o8p,1
5fhcklZe-qE,@ishowfab-o8u,1
5fhcklZe-qE,@its_smoggy3502,1
5fhcklZe-qE,@ivanmaglica264,1
5fhcklZe-qE,@jamesfoo8999,1
5fhcklZe-qE,@jenstornell,1
5fhcklZe-qE,@kevimcarrion2656,1
5fhcklZe-qE,@kristjanpeil.bsky.social,1
5fhcklZe-qE,@lakersfan2482,1
5fhcklZe-qE,@lijojd,1
5fhcklZe-qE,@lucyorji8820,1
5fhcklZe-qE,@luisantonio7191,1
5fhcklZe-qE,@mac_mcleod,1
5fhcklZe-qE,@magickomchanell4556,1
5fhcklZe-qE,@majorgear1021,1
5fhcklZe-qE,@maloxi1472,1
5fhcklZe-qE,@masly1451,1
5fhcklZe-qE,@melphiss,1
5fhcklZe-qE,@michaelask9018,1
5fhcklZe-qE,@michealjcallaghan,1
5fhcklZe-qE,@mohamadaimilmohamadarif1701,1
5fhcklZe-qE,@musaknowledgendlovu5391,1
5fhcklZe-qE,@nempalgrewal,1
5fhcklZe-qE,@oklufbokluf2839,1
5fhcklZe-qE,@olaade730,1
5fhcklZe-qE,@olagarto1917,1
5fhcklZe-qE,@omsfans12,1
5fhcklZe-qE,@oonHhg,1
5fhcklZe-qE,@pierretdev,1
5fhcklZe-qE,@raistarf.hacrrr,1
5fhcklZe-qE,@randomtimessomehow,1
5fhcklZe-qE,@ravikumargantla7998,1
5fhcklZe-qE,@reganmian,1
5fhcklZe-qE,@robetkarimunJawa,1
5fhcklZe-qE,@rohansengupta667,1
5fhcklZe-qE,@rohit-Yt-3x,1
5fhcklZe-qE,@sackcrusher6974,1
5fhcklZe-qE,@sameersingh790,1
5fhcklZe-qE,@seannaddeo6061,1
5fhcklZe-qE,@sergioesamayoa,1
5fhcklZe-qE,@skstudio882,1
5fhcklZe-qE,@speedyshower,1
5fhcklZe-qE,@stephenbottke6457,1
5fhcklZe-qE,@tanawat_jm,1
5fhcklZe-qE,@tenhusho,1
5fhcklZe-qE,@thakor-1m-p7h,1
5fhcklZe-qE,@thanetitan4246,1
5fhcklZe-qE,@totalstudy2321,1
5fhcklZe-qE,@vikslik,1
5fhcklZe-qE,@vongimbelgroup9767,1
5fhcklZe-qE,@wnuk85,1
5fhcklZe-qE,@xspydazx,1
5fhcklZe-qE,@yivencylvanie-t6c,1
5fhcklZe-qE,@yoonarykim7134,1
5fhcklZe-qE,@yosstraore,1
5fhcklZe-qE,@zacharyberridge7239,2
5fhcklZe-qE,@zorro161,1
5fhcklZe-qE,@zugdsbtngizudsgbnudsdsoiu,1
5fhcklZe-qE,@اغانيمردليالياسحناحنا,1
5fhcklZe-qE,@الكينك-ط9ر,1
5fhcklZe-qE,@الموضيفعبدالفتاح,1
5fhcklZe-qE,@باقرالساعدي-ب2ت,1
5fhcklZe-qE,@ربحالمال-ص4ج,1
5fhcklZe-qE,@رضاکوتی-ف1ض4ح,1
5fhcklZe-qE,@عبداللهالجمعة-ذ8ص,1
5fhcklZe-qE,@عمر20-ط8ر,1
5fhcklZe-qE,@قصيمقبل-و4س,1
5fhcklZe-qE,@كلجديدالشيخمحمود,1
5fhcklZe-qE,@محمدعلي-ب4ق1ض,1
5fhcklZe-qE,@محمدعلي-ث7ح5خ,1
5fhcklZe-qE,@ممم-س9ح,1
5fhcklZe-qE,@نمرنمر-ن8غ,1
5fhcklZe-qE,@هيسوكا-ت1ي,1
5fhcklZe-qE,@ياسرياسر-ذ6ف4ق,1
6q8joS_592k,@ADITYA-rk2gc,1
6q8joS_592k,@AQkrafts,1
6q8joS_592k,@AfroAmericanandRascoFilms,1
6q8joS_592k,@Azrael__,1
6q8joS_592k,@BraiyahnLevis,1
6q8joS_592k,@BunnyThakur1,1
6q8joS_592k,@CadillacPokémonCompany,1
6q8joS_592k,@DanielFinsternis,1
6q8joS_592k,@Googleme-n8f,1
6q8joS_592k,@Jamesrobinsoon,1
6q8joS_592k,@JangkrikBossYT,1
6q8joS_592k,@JudyOdiakose-f3x,1
6q8joS_592k,@KerjaanOi,1
6q8joS_592k,@Kodexzy,1
6q8joS_592k,@MahmoudMarzouk-v3w,1
6q8joS_592k,@Mangosii,1
6q8joS_592k,@MercinaMoreni8,1
6q8joS_592k,@NawwaraNouri,1
6q8joS_592k,@Paradox3_,1
6q8joS_592k,@Ratanvvibes,1
6q8joS_592k,@SabriNoreldeen,1
6q8joS_592k,@Shrey-hc1wn,1
6q8joS_592k,@TheTechy_Vox,1
6q8joS_592k,@VanSmith1,1
6q8joS_592k,@VarunSoni-v7d,1
6q8joS_592k,@ZYPmed,1
6q8joS_592k,@aamirgul101,1
6q8joS_592k,@airviewcinematography,1
6q8joS_592k,@ajinkerahane9758,1
6q8joS_592k,@aliverdevil5874,1
6q8joS_592k,@andersonzabala4730,1
6q8joS_592k,@andrechiha7211,1
6q8joS_592k,@anzwertree,1
6q8joS_592k,@arbaazikk,1
6q8joS_592k,@avelalcalde3085,2
6q8joS_592k,@bacaanterpilih,1
6q8joS_592k,@bharatontech4438,2
6q8joS_592k,@billydesol,1
6q8joS_592k,@blackmird,1
6q8joS_592k,@bleepsmf,1
6q8joS_592k,@bullishvibe,1
6q8joS_592k,@c0mm4nd3r4,1
6q8joS_592k,@coreyallen2631,1
6q8joS_592k,@danquigley,1
6q8joS_592k,@e_n_n_y,1
6q8joS_592k,@garrettsellars,1
6q8joS_592k,@goodfeaaaaeeet,1
6q8joS_592k,@hammadmlk70,1
6q8joS_592k,@innermost_v,1
6q8joS_592k,@intelDump,1
6q8joS_592k,@jaybowden3266,1
6q8joS_592k,@just-memm,1
6q8joS_592k,@k1qcr,1
6q8joS_592k,@kevinadams968,1
6q8joS_592k,@mahmoudesmail400,1
6q8joS_592k,@manishdalal7639,1
6q8joS_592k,@manishdeolekar8277,1
6q8joS_592k,@matthew3722,1
6q8joS_592k,@mikeynocode,1
6q8joS_592k,@nenemalo1941,2
6q8joS_592k,@onsetnam,1
6q8joS_592k,@paulmessino9280,1
6q8joS_592k,@pawelbernardeschi8228,1
6q8joS_592k,@potatowithtomamo,1
6q8joS_592k,@practicalprofessionals1120,1
6q8joS_592k,@reallyfe_jeff,1
6q8joS_592k,@rickykundi1719,1
6q8joS_592k,@sazzadulkabir9640,1
6q8joS_592k,@secretsauce9285,1
6q8joS_592k,@sergioangel8362,1
6q8joS_592k,@shahlaparween8042,1
6q8joS_592k,@thanyearl,1
6q8joS_592k,@thedefault2322,1
6q8joS_592k,@theeguy9022,1
6q8joS_592k,@tomypreach,1
6q8joS_592k,@usabrownjack,1
6q8joS_592k,@yijin241,1
6q8joS_592k,@رجل_ضال,1
6wqmaYKmW1A,@OctavianBrânzeu,1
6wqmaYKmW1A,@anshumankhanna8296,1
6wqmaYKmW1A,@chadMbro,1
6wqmaYKmW1A,@codinginflow,3
6wqmaYKmW1A,@hypershadow570,3
6wqmaYKmW1A,@slothman7731,1
6wqmaYKmW1A,@z27-br8wb,1
7OqJjAzYXGc,@1ov1g1,1
7OqJjAzYXGc,@AprezaRenaldy,1
7OqJjAzYXGc,@ArtificialIntelligence-qn2jy,1
7OqJjAzYXGc,@Bhavishya_est,1
7OqJjAzYXGc,@DS-kr3lm,1
7OqJjAzYXGc,@Danielm103,1
7OqJjAzYXGc,@Dom-zy1qy,1
7OqJjAzYXGc,@Fahrenheit0723,1
7OqJjAzYXGc,@JeBongusBingus,1
7OqJjAzYXGc,@Kimdimasan,2
7OqJjAzYXGc,@MattFeroz,1
7OqJjAzYXGc,@MouradRahmanov,1
7OqJjAzYXGc,@Noah-nt4tb,1
7OqJjAzYXGc,@Om-gx1ns,1
7OqJjAzYXGc,@Poorsheep,1
7OqJjAzYXGc,@ProcessOverProfitHQ,1
7OqJjAzYXGc,@RasheedAtia,1
7OqJjAzYXGc,@RexRecon,1
7OqJjAzYXGc,@Sam_Moto1,1
7OqJjAzYXGc,@SylwerFox,1
7OqJjAzYXGc,@TheStrategikon,1
7OqJjAzYXGc,@TobiasRebentisch,1
7OqJjAzYXGc,@Vasu-Devs,1
7OqJjAzYXGc,@YounesAlpha,1
7OqJjAzYXGc,@alisayed9857,1
7OqJjAzYXGc,@amerdelic8710,1
7OqJjAzYXGc,@andrewpei9801,1
7OqJjAzYXGc,@artmiss-x8o,1
7OqJjAzYXGc,@blzzyrd5885,1
7OqJjAzYXGc,@brain_segfault,1
7OqJjAzYXGc,@chrismac1835,1
7OqJjAzYXGc,@clarktrimble4915,1
7OqJjAzYXGc,@dcoderjr,1
7OqJjAzYXGc,@dena-u2i,1
7OqJjAzYXGc,@didoyoucef6230,1
7OqJjAzYXGc,@divyaalokverma,1
7OqJjAzYXGc,@geneherald8169,2
7OqJjAzYXGc,@khabibownsmysoul7836,2
7OqJjAzYXGc,@kiattim2100,1
7OqJjAzYXGc,@litendurance,1
7OqJjAzYXGc,@markf5931,1
7OqJjAzYXGc,@martin_labastie,1
7OqJjAzYXGc,@matteoceola7953,3
7OqJjAzYXGc,@mavor101,5
7OqJjAzYXGc,@mowglishihtzutoy5197,1
7OqJjAzYXGc,@nerdobject5351,1
7OqJjAzYXGc,@nilavakar8068,1
7OqJjAzYXGc,@nujabes775,1
7OqJjAzYXGc,@originalsinquirls1205,1
7OqJjAzYXGc,@papaleyo,1
7OqJjAzYXGc,@pgaaaagp,1
7OqJjAzYXGc,@robmarshall9026,1
7OqJjAzYXGc,@rooney4231,1
7OqJjAzYXGc,@ryder4553,1
7OqJjAzYXGc,@suwako2,1
7OqJjAzYXGc,@thrivinganarchy5267,1
7OqJjAzYXGc,@thymos6575,2
7OqJjAzYXGc,@tommiz.__1,1
7OqJjAzYXGc,@travistrue2008,1
7OqJjAzYXGc,@trongv,1
7OqJjAzYXGc,@vladkobs,1
7OqJjAzYXGc,@youngcitybandit,1
7OqJjAzYXGc,@zack.123.,1
7t-a2r53prA,@0x5am5,6
7t-a2r53prA,@ashrithrsingamsetty,1
7t-a2r53prA,@buddysteve5543,2
7t-a2r53prA,@dudebrotheo,1
7t-a2r53prA,@razoraz,1
7t-a2r53prA,@senai-g,1
81FbpXpfxTc,@26.umikhabibah64,1
81FbpXpfxTc,@AIMUSICCREATOR-o8t,1
81FbpXpfxTc,@Alone_Valvi_Official,1
81FbpXpfxTc,@AmmarUsman-z7v,1
81FbpXpfxTc,@Beast_is_live-c3w,1
81FbpXpfxTc,@BijayRawat-o7x,1
81FbpXpfxTc,@CecilTeddy,1
81FbpXpfxTc,@DINESHKUMAR-h4x2d,1
81FbpXpfxTc,@EngineFailure-e8i,1
81FbpXpfxTc,@FazilaArsalan-i1y,1
81FbpXpfxTc,@FreePathMusic,1
81FbpXpfxTc,@Goggleboxing,3
81FbpXpfxTc,@Gyanbhaigyanbhai-fo9ow,1
81FbpXpfxTc,@Hades69099,1
81FbpXpfxTc,@HajrausmanOfficial-q7b,1
81FbpXpfxTc,@HazelGery-d9w,1
81FbpXpfxTc,@HevalBurusk,1
81FbpXpfxTc,@Jitu22-m8i7b,1
81FbpXpfxTc,@KingdomseekerKingdomseeker,1
81FbpXpfxTc,@Kiyaman-k7q,1
81FbpXpfxTc,@MahenderGamer555,1
81FbpXpfxTc,@MayankVerma-n8k,1
81FbpXpfxTc,@MelodySphere2,1
81FbpXpfxTc,@MsZahid88,1
81FbpXpfxTc,@MustfaShah-g9c,1
81FbpXpfxTc,@Nawhen.92,1
81FbpXpfxTc,@OFFICIAL-DARSHUUU-LIVE-YT,1
81FbpXpfxTc,@OzzyBoganTech,1
81FbpXpfxTc,@PrismScholars,1
81FbpXpfxTc,@Rakibgamer402,1
81FbpXpfxTc,@RaviGaming-m2g,1
81FbpXpfxTc,@Saifofficial-y3y,1
81FbpXpfxTc,@SamuelNorone,1
81FbpXpfxTc,@SantoshPrajapati-p5o,1
81FbpXpfxTc,@SazzadSumon-h2b,1
81FbpXpfxTc,@SivaSiva-vs5pz,1
81FbpXpfxTc,@Sleighman16,1
81FbpXpfxTc,@StrykosBraavos,1
81FbpXpfxTc,@SudhirSingh-s2v,1
81FbpXpfxTc,@Sufiyxnfitnessboy,1
81FbpXpfxTc,@TonyAI-y4t,1
81FbpXpfxTc,@ahmedmohmmed3139,1
81FbpXpfxTc,@anatoliebivol155,1
81FbpXpfxTc,@billionaireBlack-j6t4h,1
81FbpXpfxTc,@blue-vz5xx,1
81FbpXpfxTc,@briancase6180,1
81FbpXpfxTc,@cedcodes,1
81FbpXpfxTc,@cmn7370,1
81FbpXpfxTc,@davidfelipenarvaezmelo2433,1
81FbpXpfxTc,@diptipriya1003,1
81FbpXpfxTc,@felixchristians49,1
81FbpXpfxTc,@futurelifestyle2698,1
81FbpXpfxTc,@him8873,1
81FbpXpfxTc,@hp1234tp,1
81FbpXpfxTc,@hypresick,1
81FbpXpfxTc,@ifegomadison-os8dm,2
81FbpXpfxTc,@jamoncitovideos,1
81FbpXpfxTc,@jasonjoseph5713,1
81FbpXpfxTc,@jeganmuthu6962,1
81FbpXpfxTc,@jpatrck,1
81FbpXpfxTc,@macroGFT,1
81FbpXpfxTc,@melusiginindza2663,1
81FbpXpfxTc,@nspareya,1
81FbpXpfxTc,@omosaiye,1
81FbpXpfxTc,@parthsohaney,1
81FbpXpfxTc,@pascal14789632,1
81FbpXpfxTc,@peterrichard9114,1
81FbpXpfxTc,@playingsety,1
81FbpXpfxTc,@poojithinavolu9716,1
81FbpXpfxTc,@rusty_go_shka,1
81FbpXpfxTc,@s.k_officialz,1
81FbpXpfxTc,@sethomotosho6393,1
81FbpXpfxTc,@shotelco,1
81FbpXpfxTc,@stanleyweller6856,1
81FbpXpfxTc,@stoneZ-DLR-au,1
81FbpXpfxTc,@sujatarawal7606,1
81FbpXpfxTc,@sumeshjuyal9202,1
81FbpXpfxTc,@tshimegax,1
81FbpXpfxTc,@vikashkerketta361,1
81FbpXpfxTc,@waelabu_hawieleh9242,1
81FbpXpfxTc,@xianrigsby,1
81FbpXpfxTc,@yannesswong7256,1
81FbpXpfxTc,@ابوعلي-ب4ت8ه,1
8hNcRChDrNk,,1
8hNcRChDrNk,@-Engineering01-,13
8hNcRChDrNk,@2XxToxicxX5,1
8hNcRChDrNk,@ALCHEMY-DS,1
8hNcRChDrNk,@AlexB-px3lc,1
8hNcRChDrNk,@AlysonEnzo_731,1
8hNcRChDrNk,@AngryChair74,1
8hNcRChDrNk,@AnuragKumar380,1
8hNcRChDrNk,@AradOkanin,1
8hNcRChDrNk,@ArthurChauvin,1
8hNcRChDrNk,@Auziuwu,1
8hNcRChDrNk,@BGSlimBG,1
8hNcRChDrNk,@Bla_ck_LA_Goon,1
8hNcRChDrNk,@Blobby2929,1
8hNcRChDrNk,@BruceWayne15325,1
8hNcRChDrNk,@Chelumore,1
8hNcRChDrNk,@ClaudeOpus4.7AdaptiveThinking,1
8hNcRChDrNk,@CurioCrafter-r1w,1
8hNcRChDrNk,@DanielAGusev,1
8hNcRChDrNk,@Das.Kleine.Krokodil,2
8hNcRChDrNk,@DenverColaco,1
8hNcRChDrNk,@Dobbiy,1
8hNcRChDrNk,@DonkeyKong96,1
8hNcRChDrNk,@FizzFlex,1
8hNcRChDrNk,@GNARGNARHEAD,1
8hNcRChDrNk,@GQCodes,1
8hNcRChDrNk,@GameBouncerBem,1
8hNcRChDrNk,@HasanurMix,1
8hNcRChDrNk,@ISchoimoonhee,1
8hNcRChDrNk,@IonelCristian,1
8hNcRChDrNk,@Jonnaybb,1
8hNcRChDrNk,@JoshuaRoberts_V,1
8hNcRChDrNk,@KalasniaST,1
8hNcRChDrNk,@KevinEmililiano-v1nkb,1
8hNcRChDrNk,@KostyaZibrov,1
8hNcRChDrNk,@LilBigDude28,1
8hNcRChDrNk,@LinskiyF,1
8hNcRChDrNk,@LivingDewCrew,1
8hNcRChDrNk,@M9C--WMfa.B.4t7UWuFvfun9MbL,1
8hNcRChDrNk,@MOTIVATIONWORLDWIDE28,1
8hNcRChDrNk,@MonitorAnimate67,1
8hNcRChDrNk,@Nati-vv2rh,1
8hNcRChDrNk,@NicholasRam-z8p,1
8hNcRChDrNk,@Noe-v2n6q,1
8hNcRChDrNk,@NokiaMobira2,1
8hNcRChDrNk,@NorthOfEarth,1
8hNcRChDrNk,@RACAPE,1
8hNcRChDrNk,@RosaLei,1
8hNcRChDrNk,@RubenKelevra,2
8hNcRChDrNk,@SIGSEGV1337,1
8hNcRChDrNk,@SacrificialIrishGoat,1
8hNcRChDrNk,@SaharLengliz,1
8hNcRChDrNk,@Simon-Haenel,1
8hNcRChDrNk,@Soham_Moholkar,2
8hNcRChDrNk,@SomeRandomUserOFYT,1
8hNcRChDrNk,@Stefano236,1
8hNcRChDrNk,@SubZero-MK10,1
8hNcRChDrNk,@SumanBiswas-d4m,2
8hNcRChDrNk,@TammyDenseDdank5658,1
8hNcRChDrNk,@TataKupa,2
8hNcRChDrNk,@TechnicalArsalan-s7o,1
8hNcRChDrNk,@TheACTUALRedipster,1
8hNcRChDrNk,@TheZionPhil,1
8hNcRChDrNk,@Tiago-xx9uv,2
8hNcRChDrNk,@Ticca,1
8hNcRChDrNk,@TommyGreenTeas,2
8hNcRChDrNk,@Tony-dp1rl,1
8hNcRChDrNk,@Triques-Gaming,1
8hNcRChDrNk,@TuneTamasha,1
8hNcRChDrNk,@TwoForOne_1,1
8hNcRChDrNk,@UsernameSvitlana,1
8hNcRChDrNk,@VectorAlphaSec,2
8hNcRChDrNk,@VoidISR,1
8hNcRChDrNk,@X8Genius,1
8hNcRChDrNk,@aaaxxx5152,1
8hNcRChDrNk,@abyrvalg809,4
8hNcRChDrNk,@adamrushford,1
8hNcRChDrNk,@ahmadhaidirmusana,1
8hNcRChDrNk,@aiwithenoch,1
8hNcRChDrNk,@amcoderipper4116,1
8hNcRChDrNk,@ancrzr,1
8hNcRChDrNk,@andycassar9376,1
8hNcRChDrNk,@anothertubeaccount,1
8hNcRChDrNk,@attoumak,2
8hNcRChDrNk,@avidlearner8117,1
8hNcRChDrNk,@axios7776,1
8hNcRChDrNk,@beneditofredericocongolojr1567,1
8hNcRChDrNk,@biohacker_ilya,1
8hNcRChDrNk,@bnkz,1
8hNcRChDrNk,@bozanimal5576,1
8hNcRChDrNk,@bryantcreek,1
8hNcRChDrNk,@catchmezooming,1
8hNcRChDrNk,@coolguy5555551,1
8hNcRChDrNk,@cristianporcaras,1
8hNcRChDrNk,@cyberghostanon7758,1
8hNcRChDrNk,@d3stroyah,2
8hNcRChDrNk,@danastudebaker6480,1
8hNcRChDrNk,@danthehorn,1
8hNcRChDrNk,@dementedgamer8123,1
8hNcRChDrNk,@deniskoreyba188,1
8hNcRChDrNk,@densiswo6857,2
8hNcRChDrNk,@diegoX6Turbo,2
8hNcRChDrNk,@digvijaygowda2107,1
8hNcRChDrNk,@diogosoaresmendes,1
8hNcRChDrNk,@dkundel-openai,2
8hNcRChDrNk,@don_care-i2z,1
8hNcRChDrNk,@duytdl,2
8hNcRChDrNk,@famosojapones,1
8hNcRChDrNk,@fartchicken579,1
8hNcRChDrNk,@flor.1986,1
8hNcRChDrNk,@fts1293,1
8hNcRChDrNk,@gardenflowersonefiveeight,1
8hNcRChDrNk,@garethjax,1
8hNcRChDrNk,@ghostlyJaguar,1
8hNcRChDrNk,@goldko,1
8hNcRChDrNk,@gtbps4608,1
8hNcRChDrNk,@hackeramigos7693,1
8hNcRChDrNk,@homewardboundphotos,1
8hNcRChDrNk,@honeycoreinfant,1
8hNcRChDrNk,@hudsonkanizawa,1
8hNcRChDrNk,@hugh_know_who1926,2
8hNcRChDrNk,@ianfoster99,1
8hNcRChDrNk,@igoromelchenko3482,2
8hNcRChDrNk,@indianatheart-b7i,1
8hNcRChDrNk,@ironic-,1
8hNcRChDrNk,@jazzmeltsface,1
8hNcRChDrNk,@jeenyus424,1
8hNcRChDrNk,@josephflemming7370,1
8hNcRChDrNk,@juliankohler5086,1
8hNcRChDrNk,@kavod777,1
8hNcRChDrNk,@keanu_lowe,1
8hNcRChDrNk,@lev1ato,2
8hNcRChDrNk,@luigi.0533,1
8hNcRChDrNk,@lukestrat93,1
8hNcRChDrNk,@madhankumar2051,1
8hNcRChDrNk,@magicsmoke0,1
8hNcRChDrNk,@mahmoudelsheak324,1
8hNcRChDrNk,@mohamedmuslim1400,1
8hNcRChDrNk,@monzz.0,1
8hNcRChDrNk,@mr-la-mi,2
8hNcRChDrNk,@mrk1ng741,1
8hNcRChDrNk,@navturn,1
8hNcRChDrNk,@nchimunyasabaana3315,1
8hNcRChDrNk,@neurocosm,1
8hNcRChDrNk,@odettekibassa-ob4l,1
8hNcRChDrNk,@otnarps,1
8hNcRChDrNk,@patrickyau222,1
8hNcRChDrNk,@paulbrumbair,1
8hNcRChDrNk,@pratham8275,1
8hNcRChDrNk,@rawdraw_inc,1
8hNcRChDrNk,@rayhere7925,1
8hNcRChDrNk,@rijan6256,1
8hNcRChDrNk,@robertsheltonjr,1
8hNcRChDrNk,@ruocaled,1
8hNcRChDrNk,@rwj_dk,1
8hNcRChDrNk,@sebbb888,1
8hNcRChDrNk,@shoreshnarowen8738,1
8hNcRChDrNk,@skuffd-semicolon,1
8hNcRChDrNk,@someonewithbadgrammer6740,1
8hNcRChDrNk,@son_pluto,1
8hNcRChDrNk,@soul8648,1
8hNcRChDrNk,@ssatir,1
8hNcRChDrNk,@themastergrone,1
8hNcRChDrNk,@tothandras8160,1
8hNcRChDrNk,@trimagos,1
8hNcRChDrNk,@usmanarshad6414,1
8hNcRChDrNk,@vinsentKim,2
8hNcRChDrNk,@webrevolution.,1
8hNcRChDrNk,@yaafl817,1
8hNcRChDrNk,@АланАбрек,1
8hNcRChDrNk,@ДамирРахимжанов-в1л6ф,1
8hyvYP5PCks,@NadaHasni,1
8hyvYP5PCks,@acolombiadev,2
8hyvYP5PCks,@amit_th4kur,1
8hyvYP5PCks,@appsphere-consultants,2
8hyvYP5PCks,@bwitme4mesandy,1
91B_v-wOaws,@12crenshaw,1
91B_v-wOaws,@AB-cd5gd,1
91B_v-wOaws,@AhmedZehani-co6rg,1
91B_v-wOaws,@Akahatoo,1
91B_v-wOaws,@Alan46810,1
91B_v-wOaws,@AlexM-xj7qd,1
91B_v-wOaws,@AusSkiller,3
91B_v-wOaws,@BarShoval-u3g,4
91B_v-wOaws,@Barion88,1
91B_v-wOaws,@BlueTakRush,1
91B_v-wOaws,@Bokannord,4
91B_v-wOaws,@CJwavie,1
91B_v-wOaws,@CandyThePuppy,1
91B_v-wOaws,@CaptainVita,1
91B_v-wOaws,@Cretaal,1
91B_v-wOaws,@DlovanSlayer,1
91B_v-wOaws,@Dt09-pn,1
91B_v-wOaws,@Dubious_Dubs,1
91B_v-wOaws,@EvolvingFetus,1
91B_v-wOaws,@FMATheQuiet,1
91B_v-wOaws,@Falney,1
91B_v-wOaws,@FlynnyMcDinny,1
91B_v-wOaws,@FrostSpike,1
91B_v-wOaws,@GameBouncerBem,1
91B_v-wOaws,@Giona_2,1
91B_v-wOaws,@GlitchedOnce,1
91B_v-wOaws,@GodMitzi,1
91B_v-wOaws,@GuardianTiger,1
91B_v-wOaws,@Gyxl_,1
91B_v-wOaws,@HANDLECODINGWITHAI,1
91B_v-wOaws,@HadiHosini-i1e,1
91B_v-wOaws,@HueJanus69,1
91B_v-wOaws,@Insulino36,1
91B_v-wOaws,@IrrationalTriangle,1
91B_v-wOaws,@JiahPlayz_YT,1
91B_v-wOaws,@KingSheva-sh5qw,4
91B_v-wOaws,@Kleediss,1
91B_v-wOaws,@KyleEveleigh-j4p,1
91B_v-wOaws,@Kynigoss,1
91B_v-wOaws,@Lemonator_32,1
91B_v-wOaws,@LouaiAmrouche-iu9bc,2
91B_v-wOaws,@MONOTHROPITE,1
91B_v-wOaws,@MaencraftLearn,1
91B_v-wOaws,@MandhlaMukela-ww5ld,1
91B_v-wOaws,@Meeps42069,1
91B_v-wOaws,@Mikeontube,1
91B_v-wOaws,@Moodoo20,1
91B_v-wOaws,@Mr-JayG,1
91B_v-wOaws,@MrBulgaristan,1
91B_v-wOaws,@Mufffinz,1
91B_v-wOaws,@NatanaelPetru,1
91B_v-wOaws,@NikolayNikoloff,1
91B_v-wOaws,@NormanMangusinOfficial,1
91B_v-wOaws,@ObitusJoe,1
91B_v-wOaws,@OpenSourceSpotlight,4
91B_v-wOaws,@PerlStyle,1
91B_v-wOaws,@PhongTrầnCoder,1
91B_v-wOaws,@Pocketbuilt,1
91B_v-wOaws,@ProjectMonkfishStudios,1
91B_v-wOaws,@Psykeeper993,1
91B_v-wOaws,@QuazarGMD,2
91B_v-wOaws,@RASK_Tech,1
91B_v-wOaws,@ROTation47,1
91B_v-wOaws,@Raiven007Rust,1
91B_v-wOaws,@Ringoshiiro,1
91B_v-wOaws,@RollinOn22s,1
91B_v-wOaws,@SU-fg7gg,1
91B_v-wOaws,@Shini1984,1
91B_v-wOaws,@Shreiz_HD,1
91B_v-wOaws,@StephanLie-t7s,1
91B_v-wOaws,@StevenValentinoTaslim,1
91B_v-wOaws,@TailsPlaysBloxdYT,1
91B_v-wOaws,@Tazy50,1
91B_v-wOaws,@Temij-d2x,1
91B_v-wOaws,@Terrantulla,1
91B_v-wOaws,@TerrenceLP,1
91B_v-wOaws,@TheChcam,1
91B_v-wOaws,@TheChrois,1
91B_v-wOaws,@TheCodingSloth,1
91B_v-wOaws,@TheReal_IdeasAndInventions,1
91B_v-wOaws,@TheWulis,1
91B_v-wOaws,@Thekowaikaiju,1
91B_v-wOaws,@Transformers488,1
91B_v-wOaws,@Trick3ry,1
91B_v-wOaws,@TulgaBatbayar-ii3qn,1
91B_v-wOaws,@VOIDfrnojoke,1
91B_v-wOaws,@Vlyn,1
91B_v-wOaws,@Vniverse77,1
91B_v-wOaws,@Vulcan-123,1
91B_v-wOaws,@Walter_,1
91B_v-wOaws,@WestValor,1
91B_v-wOaws,@Windows98R,1
91B_v-wOaws,@Wonkoification,1
91B_v-wOaws,@X862go,2
91B_v-wOaws,@XxRainbowKittyUnicornsxX_44,1
91B_v-wOaws,@YT_JKGaming,1
91B_v-wOaws,@Z3r0Pa1N,1
91B_v-wOaws,@aariuswins,1
91B_v-wOaws,@adaauvel1389,1
91B_v-wOaws,@andrewstacy3937,1
91B_v-wOaws,@anthonypagano6565,1
91B_v-wOaws,@arefallout,1
91B_v-wOaws,@arjunblaze,1
91B_v-wOaws,@arnavnayak9439,1
91B_v-wOaws,@aspected,1
91B_v-wOaws,@azaaz5334,1
91B_v-wOaws,@be5ty,1
91B_v-wOaws,@bigbadjohn128,1
91B_v-wOaws,@bkxt,1
91B_v-wOaws,@bmqww223,1
91B_v-wOaws,@borgoxyz,1
91B_v-wOaws,@briankelly1240,1
91B_v-wOaws,@brun301,1
91B_v-wOaws,@burger21215-b,1
91B_v-wOaws,@cameron9735,1
91B_v-wOaws,@chad-9171,1
91B_v-wOaws,@chasetaylor4826,1
91B_v-wOaws,@cole_b_watts,1
91B_v-wOaws,@cpalka87,1
91B_v-wOaws,@cristianospohr69,1
91B_v-wOaws,@curiousnerdkitteh,1
91B_v-wOaws,@cursingqbert,1
91B_v-wOaws,@czoborleonard9136,1
91B_v-wOaws,@darkcircles3534,1
91B_v-wOaws,@deathgunnergaming5129,1
91B_v-wOaws,@degodaniyt6557,1
91B_v-wOaws,@douglassilva3104,1
91B_v-wOaws,@drivemind7142,1
91B_v-wOaws,@dupxc,1
91B_v-wOaws,@dylansouter,1
91B_v-wOaws,@eLokiEah,1
91B_v-wOaws,@eklipsed9254,1
91B_v-wOaws,@emanuelefusco4466,1
91B_v-wOaws,@enzoreyes1210,1
91B_v-wOaws,@fikrul412,1
91B_v-wOaws,@firesamuraibr9425,1
91B_v-wOaws,@fishraposo7192,1
91B_v-wOaws,@ggmehemli9596,1
91B_v-wOaws,@gmegis,1
91B_v-wOaws,@gremlin7900,1
91B_v-wOaws,@grzegorzk5149,1
91B_v-wOaws,@handlehaggler,2
91B_v-wOaws,@hanshans9902,1
91B_v-wOaws,@iQuack,1
91B_v-wOaws,@iamflartebartfarst,1
91B_v-wOaws,@iamnotvisible,1
91B_v-wOaws,@idk6465,1
91B_v-wOaws,@indy2l,1
91B_v-wOaws,@insainbassist,1
91B_v-wOaws,@itsproftj,1
91B_v-wOaws,@itsvedantkumar,1
91B_v-wOaws,@jahswillcodes5435,2
91B_v-wOaws,@jal051,1
91B_v-wOaws,@jam14732,1
91B_v-wOaws,@jangras6253,1
91B_v-wOaws,@jonathanwenta5305,1
91B_v-wOaws,@juice.orange6542,1
91B_v-wOaws,@kaoki7994,1
91B_v-wOaws,@kiattim2100,1
91B_v-wOaws,@klausklavikus3836,1
91B_v-wOaws,@kseniapoduret6535,1
91B_v-wOaws,@kurogiza,1
91B_v-wOaws,@lamjeri,1
91B_v-wOaws,@leafytoxins,1
91B_v-wOaws,@leet-t5w,1
91B_v-wOaws,@lolbinjalul5594,1
91B_v-wOaws,@mahad-dev,2
91B_v-wOaws,@marcotroster8247,1
91B_v-wOaws,@marlonb.4017,1
91B_v-wOaws,@michaellamb134,1
91B_v-wOaws,@mikesummers9103,1
91B_v-wOaws,@minkwak9131,1
91B_v-wOaws,@mohaglade4892,1
91B_v-wOaws,@nage7447,1
91B_v-wOaws,@nick-esqueda,1
91B_v-wOaws,@nicoz4122,1
91B_v-wOaws,@no-observe,1
91B_v-wOaws,@noberto_brown8549,1
91B_v-wOaws,@oDiablo,1
91B_v-wOaws,@okii3338,1
91B_v-wOaws,@okotinek13,1
91B_v-wOaws,@osamareema3008,1
91B_v-wOaws,@pajukka3702,1
91B_v-wOaws,@petrgrebenicek1067,1
91B_v-wOaws,@phonebackup2083,1
91B_v-wOaws,@pip-j4g,1
91B_v-wOaws,@prakash-niroula,1
91B_v-wOaws,@punchthecake82,1
91B_v-wOaws,@recollectionofmemory,1
91B_v-wOaws,@rektoman620,1
91B_v-wOaws,@riffi6122,1
91B_v-wOaws,@rinkaneki3514,1
91B_v-wOaws,@ryanbeiden,1
91B_v-wOaws,@ryder1658,1
91B_v-wOaws,@sapirriorwastaken,1
91B_v-wOaws,@sergipantoja5269,1
91B_v-wOaws,@sheilamumbi6787,1
91B_v-wOaws,@siennadae-knight5598,1
91B_v-wOaws,@sjgghosh7677,1
91B_v-wOaws,@slimy-dodo,1
91B_v-wOaws,@someopinionateddude2039,1
91B_v-wOaws,@spin4team4096,1
91B_v-wOaws,@springbertstudios7005,1
91B_v-wOaws,@spudbrother-999,1
91B_v-wOaws,@stan3473,1
91B_v-wOaws,@stewartdahamman,2
91B_v-wOaws,@sumrandomguy4860,1
91B_v-wOaws,@sung-ryulkim6590,1
91B_v-wOaws,@thegoodthebadandtheugly579,2
91B_v-wOaws,@thehermit4266,1
91B_v-wOaws,@themistoklis6237,1
91B_v-wOaws,@tolgademirbilek9420,1
91B_v-wOaws,@tradinglearning6766,1
91B_v-wOaws,@traumatizedwick,1
91B_v-wOaws,@trijay,1
91B_v-wOaws,@vedsimprovin,3
91B_v-wOaws,@vovaziomalski1091,1
91B_v-wOaws,@wrmusic8736,1
91B_v-wOaws,@xToxicNinjax,1
91B_v-wOaws,@xxcfbb,1
91B_v-wOaws,@yami5135,1
91B_v-wOaws,@zaNNy1604,2
91B_v-wOaws,@zacharyberridge7239,1
91B_v-wOaws,@zacharybienstock9299,1
91aH8jsG4cc,@1-xmx,1
91aH8jsG4cc,@1s16t,1
91aH8jsG4cc,@500-IQ,1
91aH8jsG4cc,@ABWAERIC0,1
91aH8jsG4cc,@AaryKedar,1
91aH8jsG4cc,@AashishManandhar-m6p,2
91aH8jsG4cc,@Abhikushwaha255,1
91aH8jsG4cc,@Af9fi,1
91aH8jsG4cc,@AlzorynzAlzo,1
91aH8jsG4cc,@Anku-tv2lj,1
91aH8jsG4cc,@Anon01X,1
91aH8jsG4cc,@AnthonyGamez-kt3er,1
91aH8jsG4cc,@BSNIPERMEDIAOG,1
91aH8jsG4cc,@BabaMarble-t4b,1
91aH8jsG4cc,@BadreddineMansour-g3d,1
91aH8jsG4cc,@BareMetalPosting,1
91aH8jsG4cc,@BeyondAtlas19,1
91aH8jsG4cc,@Boxing_Gamer,1
91aH8jsG4cc,@BrayneStatic,1
91aH8jsG4cc,@BundeliTajurba,1
91aH8jsG4cc,@CakeReality,1
91aH8jsG4cc,@DarrenFuller,1
91aH8jsG4cc,@Ditectrev,1
91aH8jsG4cc,@DodoHarim,1
91aH8jsG4cc,@FF.M.0.2,1
91aH8jsG4cc,@FelipeAndrade10,1
91aH8jsG4cc,@Fireship,1
91aH8jsG4cc,@GNn-m6n,1
91aH8jsG4cc,@GadgetGuruTamoor,1
91aH8jsG4cc,@Gaming_Lover_001-l2k,1
91aH8jsG4cc,@GhostCodeMusic,1
91aH8jsG4cc,@GiorgyArmani,1
91aH8jsG4cc,@GksBaba-mw8fc,1
91aH8jsG4cc,@Guillerq,1
91aH8jsG4cc,@GuitarWithBrett,1
91aH8jsG4cc,@HARSH_GAMER_07-HM,1
91aH8jsG4cc,@HELLOINDIANS0,1
91aH8jsG4cc,@HeartouchingFeelings,1
91aH8jsG4cc,@HildvkaIohkg,1
91aH8jsG4cc,@Hirakumarblog,1
91aH8jsG4cc,@Huzefa.7,1
91aH8jsG4cc,@IAMTHECEOB1TCH-h5x,1
91aH8jsG4cc,@ISLAMIC_POST-Haq,1
91aH8jsG4cc,@IdreesAhmadIdreesAhmad,1
91aH8jsG4cc,@JESUSESTSEIGNEUR.,1
91aH8jsG4cc,@JacobKuki-rz9lz,1
91aH8jsG4cc,@JashanSingh-hc4qx,1
91aH8jsG4cc,@JavaSkrrt,1
91aH8jsG4cc,@Jeff-h6m,1
91aH8jsG4cc,@Julia-lily,1
91aH8jsG4cc,@Just-Videos330,1
91aH8jsG4cc,@Kabodanki,1
91aH8jsG4cc,@KakuKaku-oy8ld,1
91aH8jsG4cc,@KrishLimboo,1
91aH8jsG4cc,@LightslicerGP,1
91aH8jsG4cc,@LisaBabcock-k3r,1
91aH8jsG4cc,@LuisSierra42,1
91aH8jsG4cc,@Lulu_Comedy-p3n,1
91aH8jsG4cc,@Lwizzle90,1
91aH8jsG4cc,@MRJAVEDFF-i7s,1
91aH8jsG4cc,@MarcoAlmeidaPijal,1
91aH8jsG4cc,@Max-y7u3w,1
91aH8jsG4cc,@MertBeka,1
91aH8jsG4cc,@MituMalak-dl8zb,1
91aH8jsG4cc,@Mrspacepigg,1
91aH8jsG4cc,@MuhammadArham-xn3wo,1
91aH8jsG4cc,@NARESH.1669,1
91aH8jsG4cc,@NHLFrenzy,1
91aH8jsG4cc,@NOOBDA-g3p,1
91aH8jsG4cc,@NareshKurri-r8e,1
91aH8jsG4cc,@Neeru-bz7jk,1
91aH8jsG4cc,@Nexttime111,1
91aH8jsG4cc,@NikosKatsikanis,1
91aH8jsG4cc,@NoName66426,1
91aH8jsG4cc,@NobitaHumorlicious,1
91aH8jsG4cc,@Nobody-Nowhere,1
91aH8jsG4cc,@NsJa-e3j,1
91aH8jsG4cc,@OleksiiLytvynenko,1
91aH8jsG4cc,@Osthirbangali1M,1
91aH8jsG4cc,@P-Songs1,1
91aH8jsG4cc,@P789-k2u,1
91aH8jsG4cc,@PETALS_GALLERY_55,1
91aH8jsG4cc,@Patolixo,1
91aH8jsG4cc,@PopTartNeko,1
91aH8jsG4cc,@RANUJAVALA_32,1
91aH8jsG4cc,@Raj4u4ever-r,1
91aH8jsG4cc,@RanTimiTijeSuNioLuWa,1
91aH8jsG4cc,@Rock_star-b7z,1
91aH8jsG4cc,@SSaintSmith,1
91aH8jsG4cc,@SadhuSumivlogs-l3i,1
91aH8jsG4cc,@Samavarol8,1
91aH8jsG4cc,@SandroManzo,1
91aH8jsG4cc,@SaschaRissling,1
91aH8jsG4cc,@SatyaGamer-721,1
91aH8jsG4cc,@Selfeducationspot,1
91aH8jsG4cc,@Serieturkie,1
91aH8jsG4cc,@Sixsportofficall,1
91aH8jsG4cc,@Sndnwkxmamqk_d,1
91aH8jsG4cc,@StarNipun8-kq2pv,1
91aH8jsG4cc,@Tab59,1
91aH8jsG4cc,@TallyPaws,1
91aH8jsG4cc,@Tec.tutorial,1
91aH8jsG4cc,@ThePrimordialWumbo,1
91aH8jsG4cc,@TotalKnowledge1,1
91aH8jsG4cc,@U.CRISTIANO-c5s,1
91aH8jsG4cc,@UfuUfu-sj3bv,1
91aH8jsG4cc,@Uhfyuhdd,1
91aH8jsG4cc,@UniqueDreamscapes1,1
91aH8jsG4cc,@VPEDITINGSERVICES,1
91aH8jsG4cc,@VincentJenks,1
91aH8jsG4cc,@WarrenThomas3141,1
91aH8jsG4cc,@WayOfTheZombie,1
91aH8jsG4cc,@WealthMindsetDaily-f7j,1
91aH8jsG4cc,@WhereRickyTanAt,1
91aH8jsG4cc,@YourNill-78,1
91aH8jsG4cc,@YtOp-xe6st,1
91aH8jsG4cc,@ZTR001-TotallyNotAnLLM,1
91aH8jsG4cc,@aaronalquiza9680,1
91aH8jsG4cc,@abalofiradio1758,1
91aH8jsG4cc,@acceptablecasualty5319,1
91aH8jsG4cc,@ahmad_faaliat,1
91aH8jsG4cc,@ajmound790,1
91aH8jsG4cc,@alceasgamingbouquet,1
91aH8jsG4cc,@allappetit,1
91aH8jsG4cc,@aotfan.edits1,1
91aH8jsG4cc,@arieltrivino1732,1
91aH8jsG4cc,@arnavgupta-op,1
91aH8jsG4cc,@artron3760,1
91aH8jsG4cc,@atharvandewar1143,1
91aH8jsG4cc,@ayoubtv4630,1
91aH8jsG4cc,@bbccyyxx,2
91aH8jsG4cc,@binlad-t8i,1
91aH8jsG4cc,@black_angelll,1
91aH8jsG4cc,@buddysievers9964,1
91aH8jsG4cc,@c_u_l8er,1
91aH8jsG4cc,@choudhry420__,1
91aH8jsG4cc,@cynicalpsych0,1
91aH8jsG4cc,@darksoul-804,1
91aH8jsG4cc,@deadbeefcodex,1
91aH8jsG4cc,@dehadiGamer1996,1
91aH8jsG4cc,@detailedtalk-h4f,1
91aH8jsG4cc,@dkbollaram,1
91aH8jsG4cc,@doryan08,1
91aH8jsG4cc,@duckologism,1
91aH8jsG4cc,@ele6133,1
91aH8jsG4cc,@errorlol414,1
91aH8jsG4cc,@everydayfanclips,1
91aH8jsG4cc,@five_star4k,1
91aH8jsG4cc,@fizzinsoda,1
91aH8jsG4cc,@flamingenderpearlteleporta341,1
91aH8jsG4cc,@fredericfc,1
91aH8jsG4cc,@fredericsteegmans3566,1
91aH8jsG4cc,@fudbal-t2g,1
91aH8jsG4cc,@fundrheim,1
91aH8jsG4cc,@ganeshg2263,1
91aH8jsG4cc,@giovannigiorni5814,1
91aH8jsG4cc,@gorzkowskipiotr9294,1
91aH8jsG4cc,@homosacerrr,1
91aH8jsG4cc,@iagoh.moreira5253,1
91aH8jsG4cc,@indra_R_B,1
91aH8jsG4cc,@ismaeltechI,1
91aH8jsG4cc,@iy__oc5,1
91aH8jsG4cc,@jTay111,1
91aH8jsG4cc,@jangavlik6466,1
91aH8jsG4cc,@jf7760,1
91aH8jsG4cc,@kaifisahil,1
91aH8jsG4cc,@kevguev1,1
91aH8jsG4cc,@kizuna_hotaru,1
91aH8jsG4cc,@legelf,1
91aH8jsG4cc,@lera3491,1
91aH8jsG4cc,@linkbrockman1010,1
91aH8jsG4cc,@linuxtennyson,1
91aH8jsG4cc,@malenkrot,1
91aH8jsG4cc,@marcogalo3631,1
91aH8jsG4cc,@missHindou-jq8gd,1
91aH8jsG4cc,@modern_sapien,1
91aH8jsG4cc,@mohamedkhamiss7230,1
91aH8jsG4cc,@muhammadejazahmed6624,1
91aH8jsG4cc,@ngamia254,1
91aH8jsG4cc,@nikhil_jadhav,1
91aH8jsG4cc,@norashai1203,1
91aH8jsG4cc,@nusairapk6509,1
91aH8jsG4cc,@oioi-yb9dw,1
91aH8jsG4cc,@p.budiel1170,1
91aH8jsG4cc,@p_kotsky,1
91aH8jsG4cc,@pasindupasindu1609,1
91aH8jsG4cc,@pegionlover-jn1po,1
91aH8jsG4cc,@poonia0012,1
91aH8jsG4cc,@rabbyhowlader2687,1
91aH8jsG4cc,@rafshanrizwan7484,1
91aH8jsG4cc,@reachyff,1
91aH8jsG4cc,@robe1811,1
91aH8jsG4cc,@rofikahmed3556,1
91aH8jsG4cc,@rvlegends726,1
91aH8jsG4cc,@sadiulhakim7814,1
91aH8jsG4cc,@samahelqwatly8070,1
91aH8jsG4cc,@sebaghost,2
91aH8jsG4cc,@sfnewsjalgaon,1
91aH8jsG4cc,@shawnpolly7407,1
91aH8jsG4cc,@simonswiss,1
91aH8jsG4cc,@siyam1914,1
91aH8jsG4cc,@sofianerealm,1
91aH8jsG4cc,@steckmajster,1
91aH8jsG4cc,@svensubunitnillson1568,1
91aH8jsG4cc,@thealwayssmileguy9060,1
91aH8jsG4cc,@themaniaxx,1
91aH8jsG4cc,@tihomirsmoljak7355,1
91aH8jsG4cc,@tismatis44,1
91aH8jsG4cc,@tomboydestroyer,1
91aH8jsG4cc,@tukmol5881,1
91aH8jsG4cc,@uk3116,1
91aH8jsG4cc,@user-ne2zx3nd2k,1
91aH8jsG4cc,@v.boopathiraja.3681,1
91aH8jsG4cc,@victordelacruzProducer,1
91aH8jsG4cc,@wealthorbit5g,1
91aH8jsG4cc,@yeahyeahduderooski,1
91aH8jsG4cc,@zeeshanbutt-e8j,1
91aH8jsG4cc,@АндрейПанасюк-б5о,1
96jN2OCOfLs,@2hcy,1
96jN2OCOfLs,@351abc,1
96jN2OCOfLs,@800wooden,1
96jN2OCOfLs,@ACH-j2w2f,1
96jN2OCOfLs,@AGeniusLabs,1
96jN2OCOfLs,@AISA-AI,1
96jN2OCOfLs,@ALYOism,1
96jN2OCOfLs,@AbdulraufAhmed-f4r,1
96jN2OCOfLs,@Alex-qq1gm,1
96jN2OCOfLs,@AubreyHeid-b1f,1
96jN2OCOfLs,@AustinStory,1
96jN2OCOfLs,@AustinTxIsHome,1
96jN2OCOfLs,@Beloved_Digital,1
96jN2OCOfLs,@BobbyBundlez,3
96jN2OCOfLs,@BradHutchings,1
96jN2OCOfLs,@BruceWayne_311,1
96jN2OCOfLs,@BuxleyBandit,2
96jN2OCOfLs,@CairoCananea,1
96jN2OCOfLs,@CapuWriting,1
96jN2OCOfLs,@ChaseBelote-e7l,1
96jN2OCOfLs,@DAWGTOOL,1
96jN2OCOfLs,@DBSpeakers,1
96jN2OCOfLs,@Danesc-Alexandru,1
96jN2OCOfLs,@DistortedV12,1
96jN2OCOfLs,@Dominik-iv6ek,1
96jN2OCOfLs,@Don-mr8sl,1
96jN2OCOfLs,@EEBPioneer,1
96jN2OCOfLs,@FiFiSmartColor,1
96jN2OCOfLs,@FoyezLilimaa,1
96jN2OCOfLs,@GPthirtythirty,1
96jN2OCOfLs,@Grasshoppa065,1
96jN2OCOfLs,@Hajrë-m8n,1
96jN2OCOfLs,@HenryBlakeDev,1
96jN2OCOfLs,@HimMIII,1
96jN2OCOfLs,@Htuk-j6k,1
96jN2OCOfLs,@IlkinAlibayli,1
96jN2OCOfLs,@ItsWesSmithYoda,1
96jN2OCOfLs,@JHRASBAV,1
96jN2OCOfLs,@JR-kw6sd,1
96jN2OCOfLs,@JackPorter-x1b,1
96jN2OCOfLs,@Jared_C91,1
96jN2OCOfLs,@Jason-wm5qe,1
96jN2OCOfLs,@Jdinrbfidndifofkdndjoflfndjdk,1
96jN2OCOfLs,@Joe_Kabuki,1
96jN2OCOfLs,@JoelHenriksson-k7u,1
96jN2OCOfLs,@KingTine724,1
96jN2OCOfLs,@Kyzyl_Tuva,1
96jN2OCOfLs,@LinchpinFunnelsJames,1
96jN2OCOfLs,@MCM271,1
96jN2OCOfLs,@Mandragara,2
96jN2OCOfLs,@Messi-d9p4c,1
96jN2OCOfLs,@MnemeHQ,1
96jN2OCOfLs,@NaughtyJackal,1
96jN2OCOfLs,@PollyAI-c2l,1
96jN2OCOfLs,@Radium3D,1
96jN2OCOfLs,@SV-tc8cu,1
96jN2OCOfLs,@Sai-hey123,1
96jN2OCOfLs,@SalisuRabius-bai,1
96jN2OCOfLs,@SinaSarsharPour,1
96jN2OCOfLs,@StratoformAI,1
96jN2OCOfLs,@SydneyPanda2016,1
96jN2OCOfLs,@TrueHorizonMartin,1
96jN2OCOfLs,@USTechAutomations,1
96jN2OCOfLs,@VaultedCinema,1
96jN2OCOfLs,@WeWereFish,1
96jN2OCOfLs,@WesselvanBeek,1
96jN2OCOfLs,@WhiteboyMike.615,1
96jN2OCOfLs,@YahuzaGarbajega,1
96jN2OCOfLs,@YusufAbdullahi-l7f,1
96jN2OCOfLs,@YusufJibrin-o9p,1
96jN2OCOfLs,@YükselToprak-r9y,1
96jN2OCOfLs,@abhishekofficial7059,1
96jN2OCOfLs,@abi69169,2
96jN2OCOfLs,@adamniven,1
96jN2OCOfLs,@adjbey,2
96jN2OCOfLs,@aitoolspark,1
96jN2OCOfLs,@alazro,1
96jN2OCOfLs,@aliceinasag,1
96jN2OCOfLs,@almirus10,1
96jN2OCOfLs,@ankitaverma3066,1
96jN2OCOfLs,@anthonylamda,4
96jN2OCOfLs,@antopolskiy,1
96jN2OCOfLs,@arrrghh,1
96jN2OCOfLs,@asterx_obelix653,1
96jN2OCOfLs,@bahaelaila,1
96jN2OCOfLs,@bouncehouseofficial,1
96jN2OCOfLs,@brohdeweb,1
96jN2OCOfLs,@calebhensley1267,1
96jN2OCOfLs,@cheyennegolden3135,1
96jN2OCOfLs,@chfilm,1
96jN2OCOfLs,@chris8535,1
96jN2OCOfLs,@chrissommers805,1
96jN2OCOfLs,@chrisweeks8789,1
96jN2OCOfLs,@clint3879,1
96jN2OCOfLs,@codeyuvi,1
96jN2OCOfLs,@danielferreira9995,1
96jN2OCOfLs,@darth_evgen,1
96jN2OCOfLs,@derekghh,1
96jN2OCOfLs,@deveshanant93,1
96jN2OCOfLs,@et6969,1
96jN2OCOfLs,@felixbishton3955,1
96jN2OCOfLs,@felixchin24,1
96jN2OCOfLs,@ferroalloys594,1
96jN2OCOfLs,@floydthunder9255,1
96jN2OCOfLs,@gerryhebert-w4e,1
96jN2OCOfLs,@goodwillmanamela1280,1
96jN2OCOfLs,@haanrey,1
96jN2OCOfLs,@heyob,1
96jN2OCOfLs,@hirengajjar33,1
96jN2OCOfLs,@hl236,1
96jN2OCOfLs,@hoctroviet,1
96jN2OCOfLs,@houmtna,1
96jN2OCOfLs,@hrio100,1
96jN2OCOfLs,@husnaauwal7343,1
96jN2OCOfLs,@irattio,1
96jN2OCOfLs,@itzviciousx,1
96jN2OCOfLs,@jb-kx3rk,1
96jN2OCOfLs,@jdejong1,1
96jN2OCOfLs,@jefferystartm9442,1
96jN2OCOfLs,@johanbusiness-i5j,1
96jN2OCOfLs,@johnstream9172,1
96jN2OCOfLs,@jorisw_,1
96jN2OCOfLs,@joryiansmith,1
96jN2OCOfLs,@josersleal,1
96jN2OCOfLs,@jr587,1
96jN2OCOfLs,@jurajhprobyt2107,1
96jN2OCOfLs,@justinvandemark1193,1
96jN2OCOfLs,@kaushik_105,1
96jN2OCOfLs,@kotogab,1
96jN2OCOfLs,@lazalazarevic4794,1
96jN2OCOfLs,@leod3338,1
96jN2OCOfLs,@lobonoxxxx,1
96jN2OCOfLs,@manideep-lanka,1
96jN2OCOfLs,@markemerson98,1
96jN2OCOfLs,@marvarga2007,1
96jN2OCOfLs,@mhixson001,1
96jN2OCOfLs,@mikementele,1
96jN2OCOfLs,@mohammedkhursheed6859,1
96jN2OCOfLs,@mr_researcher_dude,1
96jN2OCOfLs,@nameandphoto,1
96jN2OCOfLs,@nikitapusnakovs,1
96jN2OCOfLs,@niteshsetin,1
96jN2OCOfLs,@omer6472,1
96jN2OCOfLs,@ottomen2712,1
96jN2OCOfLs,@patipansitthiprawiat6906,1
96jN2OCOfLs,@paul75245,1
96jN2OCOfLs,@pauldacus4590,1
96jN2OCOfLs,@pawelmagnowski2014,2
96jN2OCOfLs,@pflintaryan8336,1
96jN2OCOfLs,@pgautama404,1
96jN2OCOfLs,@phiewter3318,1
96jN2OCOfLs,@philidornews4055,1
96jN2OCOfLs,@propersteel,1
96jN2OCOfLs,@ramkanagu,1
96jN2OCOfLs,@rancetino4951,1
96jN2OCOfLs,@raysplay2827,1
96jN2OCOfLs,@rgoo519,1
96jN2OCOfLs,@rodrigomrggw,1
96jN2OCOfLs,@rogue11788,1
96jN2OCOfLs,@romans3423,1
96jN2OCOfLs,@roodood,1
96jN2OCOfLs,@rubyred032392,1
96jN2OCOfLs,@rude_people_die_young,1
96jN2OCOfLs,@sagarbehera,1
96jN2OCOfLs,@sayminsays,1
96jN2OCOfLs,@schnapp88,1
96jN2OCOfLs,@serenditymuse,1
96jN2OCOfLs,@setoelkahfi,1
96jN2OCOfLs,@shuaitang2982,1
96jN2OCOfLs,@sionbuckler5713,1
96jN2OCOfLs,@sirius-harry,1
96jN2OCOfLs,@soda5730,1
96jN2OCOfLs,@stephenswanson533,1
96jN2OCOfLs,@suramritsingh-q1o,2
96jN2OCOfLs,@tamimator,1
96jN2OCOfLs,@tangobayus,1
96jN2OCOfLs,@tech_with_julius,1
96jN2OCOfLs,@techlab1883,1
96jN2OCOfLs,@teflondave7823,1
96jN2OCOfLs,@therenaissanceman441,1
96jN2OCOfLs,@theshovonsaha,1
96jN2OCOfLs,@thoughtgale,1
96jN2OCOfLs,@timboyer1978,1
96jN2OCOfLs,@timothy_mcgirl,1
96jN2OCOfLs,@tonisplit1642,1
96jN2OCOfLs,@topgxpert,1
96jN2OCOfLs,@uanelacomo,1
96jN2OCOfLs,@underqualified2527,1
96jN2OCOfLs,@userexperienceresearchers,1
96jN2OCOfLs,@vacsa,1
96jN2OCOfLs,@vartyunyan,1
96jN2OCOfLs,@wenterinfaer7868,1
96jN2OCOfLs,@xnij_jinx,1
96jN2OCOfLs,@渡邉彩-m1p,1
AWFrosxcJxw,@-st--wq9lu,1
AWFrosxcJxw,@greatlearning,1
BDxRhhs36ns,@AriRaouf-kq4le,1
BDxRhhs36ns,@BenjaminRay-t8e,1
BDxRhhs36ns,@Chatsworth1979,1
BDxRhhs36ns,@DavidStanescu-y8o,1
BDxRhhs36ns,@JonitoFischer,1
BDxRhhs36ns,@OmegaAlfa-p7h,1
BDxRhhs36ns,@PolyStackChris,3
BDxRhhs36ns,@RentedLipz,1
BDxRhhs36ns,@ShadowElCDJ,1
BDxRhhs36ns,@TheoklitosBampouris,1
BDxRhhs36ns,@Two_M-s,1
BDxRhhs36ns,@alvaroak,1
BDxRhhs36ns,@brandondynasty-o5b,2
BDxRhhs36ns,@chenrvn,1
BDxRhhs36ns,@clivejefferies,1
BDxRhhs36ns,@danielpalmer4981,1
BDxRhhs36ns,@flexairz,1
BDxRhhs36ns,@franciscotorres4411,1
BDxRhhs36ns,@giraldiego,1
BDxRhhs36ns,@javierleiva3838,1
BDxRhhs36ns,@jpkuta,1
BDxRhhs36ns,@justrobin1234,1
BDxRhhs36ns,@keyd33,2
BDxRhhs36ns,@lesaigneurdesagneaus,1
BDxRhhs36ns,@majorgear1021,2
BDxRhhs36ns,@mouradaissani8957,1
BDxRhhs36ns,@neenus,2
BDxRhhs36ns,@nsiddiqui25,1
BDxRhhs36ns,@proflead,1
BDxRhhs36ns,@qinlingzhou8815,1
BDxRhhs36ns,@rodrigov2475,1
BDxRhhs36ns,@saddam-shah-v5z,1
BDxRhhs36ns,@tahircivan,1
BDxRhhs36ns,@thedelanyo,1
BDxRhhs36ns,@toadman5184,1
BDxRhhs36ns,@ys-hq9kf,1
BDxRhhs36ns,@znubionek,2
BEKc4P87XKo,@-AkhilTej-,1
BEKc4P87XKo,@AlperTheOrtac,1
BEKc4P87XKo,@BTC_21M,1
BEKc4P87XKo,@Dan-c2c,1
BEKc4P87XKo,@DarKnightKing88,2
BEKc4P87XKo,@EduardoFlores-kw4lz,1
BEKc4P87XKo,@KevinKreger,1
BEKc4P87XKo,@MrEnsiferum77,1
BEKc4P87XKo,@Nik-wh3ex,1
BEKc4P87XKo,@Solo2121,1
BEKc4P87XKo,@Suresh06-w5w,1
BEKc4P87XKo,@anakinhavadayuruyen,1
BEKc4P87XKo,@bobpolo2964,1
BEKc4P87XKo,@chrz49,1
BEKc4P87XKo,@gergerger53,1
BEKc4P87XKo,@jalbers3150,2
BEKc4P87XKo,@lukaszstocki6998,1
BEKc4P87XKo,@markroxdotdev,1
BEKc4P87XKo,@mustafatorun8143,1
BEKc4P87XKo,@networkjag,1
BEKc4P87XKo,@noorpk,1
BEKc4P87XKo,@orthodox_gentleman,1
BEKc4P87XKo,@ryanjdev87,1
BEKc4P87XKo,@sajjadkhanexplores,1
BEKc4P87XKo,@st.chiotis,1
BEKc4P87XKo,@tecknovice,1
BEKc4P87XKo,@urbanocapucho,2
BEKc4P87XKo,@waizns,1
BEKc4P87XKo,@whocares9999,1
BF2k_fKuCVM,@ADAMROSE-f2f,1
BF2k_fKuCVM,@AI-Cyrax,1
BF2k_fKuCVM,@AOXHAX,1
BF2k_fKuCVM,@AYUSHKUMAR-fp8lx,1
BF2k_fKuCVM,@AadityaBhumbak-b5c,1
BF2k_fKuCVM,@AbdelhameedGamal-ki7th,1
BF2k_fKuCVM,@AbdulkareemS.Hussein,1
BF2k_fKuCVM,@Abhishek-g1i8d,1
BF2k_fKuCVM,@AileenSmith-l2u,1
BF2k_fKuCVM,@Aiwithmaxwell,1
BF2k_fKuCVM,@AliObaid1992,1
BF2k_fKuCVM,@Amjadbasha-sy5ny,1
BF2k_fKuCVM,@Animetoonworld2616,1
BF2k_fKuCVM,@AnmolPrajapati-y7b,1
BF2k_fKuCVM,@AnshuKumar-me4nr,1
BF2k_fKuCVM,@AnujXalxo-w6g,1
BF2k_fKuCVM,@Areg_Sahakyan,1
BF2k_fKuCVM,@ArmanKhan-g8l4z,1
BF2k_fKuCVM,@AuronTM,1
BF2k_fKuCVM,@Back9Golfer,1
BF2k_fKuCVM,@BargisKujur,1
BF2k_fKuCVM,@Befruitfully,1
BF2k_fKuCVM,@BharatsinhChauhan-t7c,1
BF2k_fKuCVM,@CyberPulse-d5d,1
BF2k_fKuCVM,@DaVyAiDev,1
BF2k_fKuCVM,@Dar-v9j,1
BF2k_fKuCVM,@DarkData-Shop,1
BF2k_fKuCVM,@DarligLeo,1
BF2k_fKuCVM,@Deathridaz714,1
BF2k_fKuCVM,@DeborahL.sitlhou,1
BF2k_fKuCVM,@DeepWagling-p6u,1
BF2k_fKuCVM,@Deepanshuventures,1
BF2k_fKuCVM,@DevkiPatta-k2c,1
BF2k_fKuCVM,@DramaFlicksHub,1
BF2k_fKuCVM,@EricNguyen-b9c,1
BF2k_fKuCVM,@FRIENDVLOG313,1
BF2k_fKuCVM,@Faithpro-qtf,1
BF2k_fKuCVM,@FaizMansoori-z3w,1
BF2k_fKuCVM,@Funny_comedy_pn,1
BF2k_fKuCVM,@Gstakes,1
BF2k_fKuCVM,@Hamid-7180,1
BF2k_fKuCVM,@IndraDevAIPro,1
BF2k_fKuCVM,@IsrarHaiderFamily,1
BF2k_fKuCVM,@Itsamy_10,2
BF2k_fKuCVM,@Jae-x6j,1
BF2k_fKuCVM,@JeffSu,28
BF2k_fKuCVM,@JivantikaVaghela-k1t,1
BF2k_fKuCVM,@JonathanGreen-t5x,1
BF2k_fKuCVM,@KajalShinde-iy3dg,1
BF2k_fKuCVM,@KamleshRinwa-r6z,1
BF2k_fKuCVM,@Keraa-p6q,1
BF2k_fKuCVM,@KomiviBatoka,1
BF2k_fKuCVM,@Laminar-Flow,1
BF2k_fKuCVM,@LongChen11,1
BF2k_fKuCVM,@MERAJKHAN-lq5tz,1
BF2k_fKuCVM,@MStory6260,1
BF2k_fKuCVM,@MalMr-l7g,1
BF2k_fKuCVM,@Micaellaaa4,2
BF2k_fKuCVM,@MohamadAlfarukh-de9qz,1
BF2k_fKuCVM,@MoisesHuete-w5o,1
BF2k_fKuCVM,@Motivation-gk1,1
BF2k_fKuCVM,@Motsto,1
BF2k_fKuCVM,@Mr__DevkinandanDhakad,1
BF2k_fKuCVM,@NARUTOANIME-111,1
BF2k_fKuCVM,@NawazKhan-ve2vb,1
BF2k_fKuCVM,@NeilKohli,1
BF2k_fKuCVM,@NhatNguyen-js7nq,1
BF2k_fKuCVM,@NightWolfMusicHardstyle,1
BF2k_fKuCVM,@NikhilChandra-z7g,1
BF2k_fKuCVM,@NoamkNavi,1
BF2k_fKuCVM,@NsJa-e3j,1
BF2k_fKuCVM,@OfficialBlueMaster,1
BF2k_fKuCVM,@OkelokokoStephen,1
BF2k_fKuCVM,@Olexandr____,1
BF2k_fKuCVM,@Pisethkonkhmer-v1t,1
BF2k_fKuCVM,@PorodipChakma,1
BF2k_fKuCVM,@QuranMyLove-p9d,1
BF2k_fKuCVM,@ROWDY_EDITZ_0,1
BF2k_fKuCVM,@RachealAnthonyEtim,1
BF2k_fKuCVM,@RahulJamra-r8s,1
BF2k_fKuCVM,@RajeshKumar-o1i6j,1
BF2k_fKuCVM,@Rajjubhai-v8p,1
BF2k_fKuCVM,@RameshBairwa-tq6dg,1
BF2k_fKuCVM,@RanuYadav-ix1dg,1
BF2k_fKuCVM,@RohitKumar-v7j6w,1
BF2k_fKuCVM,@RoshanM-wz8jh,1
BF2k_fKuCVM,@Rubi.kumari.offical,1
BF2k_fKuCVM,@SARTAJ9897,1
BF2k_fKuCVM,@SHIVANSHVLOG819,1
BF2k_fKuCVM,@SMALLIDER_MEDIA,1
BF2k_fKuCVM,@SMOKIEEplayz,1
BF2k_fKuCVM,@SPMedia3,1
BF2k_fKuCVM,@SabaSamad-f6k,1
BF2k_fKuCVM,@SagarBhai-xs5cj,1
BF2k_fKuCVM,@Santoshmuppar,1
BF2k_fKuCVM,@ShabinaAnsari-p3l,1
BF2k_fKuCVM,@Shah_Faixan,1
BF2k_fKuCVM,@SumanSonkar-m5g,1
BF2k_fKuCVM,@SwadhinSamal-v2q,1
BF2k_fKuCVM,@TheUnknownLegend00,1
BF2k_fKuCVM,@The_Football_Fanatics247,1
BF2k_fKuCVM,@Ujjwalgrowtips,1
BF2k_fKuCVM,@VibeStory2M,1
BF2k_fKuCVM,@VictorCeaser6,1
BF2k_fKuCVM,@Viralvideo-r7o,1
BF2k_fKuCVM,@Vivek_kasana,1
BF2k_fKuCVM,@WarOrdersAndKittens444,1
BF2k_fKuCVM,@YTShots-e7z,1
BF2k_fKuCVM,@Yogamer-28,1
BF2k_fKuCVM,@Zxsikaari,1
BF2k_fKuCVM,@abanicharankhuntia62,1
BF2k_fKuCVM,@acgamerofficial,1
BF2k_fKuCVM,@aigoldminerush,1
BF2k_fKuCVM,@aihyvs_sobuvs,1
BF2k_fKuCVM,@aimade8,1
BF2k_fKuCVM,@aizalfatima_570,1
BF2k_fKuCVM,@akhilmittalji6816,1
BF2k_fKuCVM,@amadousara_diallo,1
BF2k_fKuCVM,@anhtuyett98,1
BF2k_fKuCVM,@animeattack-go,1
BF2k_fKuCVM,@ankit025jain,1
BF2k_fKuCVM,@antonzgurskiy,1
BF2k_fKuCVM,@anuraagsuman8592,1
BF2k_fKuCVM,@apeforceone1789,1
BF2k_fKuCVM,@appsolutehub,1
BF2k_fKuCVM,@arbabali475,1
BF2k_fKuCVM,@arupmmi07,1
BF2k_fKuCVM,@ashokburkule143,1
BF2k_fKuCVM,@bhaktiimarg089,1
BF2k_fKuCVM,@bhushandeogirikar1768,1
BF2k_fKuCVM,@cyberzap4931,1
BF2k_fKuCVM,@dancecrazymoment,1
BF2k_fKuCVM,@dansimmoai,1
BF2k_fKuCVM,@davidjachetta,1
BF2k_fKuCVM,@dawndown4767,1
BF2k_fKuCVM,@drawingwithkonkona5035,1
BF2k_fKuCVM,@ej5364,1
BF2k_fKuCVM,@emman-u6j,1
BF2k_fKuCVM,@footballclubEPL,1
BF2k_fKuCVM,@gmansi,1
BF2k_fKuCVM,@happyhabitify,1
BF2k_fKuCVM,@hawamallinathmaharaj-c1h,1
BF2k_fKuCVM,@hexicjbl,1
BF2k_fKuCVM,@imahmed_ali,1
BF2k_fKuCVM,@imy85,1
BF2k_fKuCVM,@ivanivanovic73,1
BF2k_fKuCVM,@jared6-y9x,1
BF2k_fKuCVM,@jassjassy9305,1
BF2k_fKuCVM,@jeangoff5413,1
BF2k_fKuCVM,@jeremy6384,2
BF2k_fKuCVM,@jignesh-Rt0,1
BF2k_fKuCVM,@joshmofosho,1
BF2k_fKuCVM,@kaatlaagroup,1
BF2k_fKuCVM,@kareemnajjar2440,1
BF2k_fKuCVM,@kavya1027,1
BF2k_fKuCVM,@komalpatel211,1
BF2k_fKuCVM,@koollightbro,1
BF2k_fKuCVM,@lokeshsaini6331,1
BF2k_fKuCVM,@m2x-i8v,1
BF2k_fKuCVM,@makarand1985,1
BF2k_fKuCVM,@mauricioalvesdemelo1128,1
BF2k_fKuCVM,@mhmmood-n8s,1
BF2k_fKuCVM,@mohameds8982,1
BF2k_fKuCVM,@mohdumer951,1
BF2k_fKuCVM,@mriganka9999,1
BF2k_fKuCVM,@msgirl01,1
BF2k_fKuCVM,@mundaupwala-s5m,1
BF2k_fKuCVM,@mytravelworld2026,1
BF2k_fKuCVM,@noxx_edits-v1b,1
BF2k_fKuCVM,@ocean645,1
BF2k_fKuCVM,@onknow5864,1
BF2k_fKuCVM,@rahelaantone128,1
BF2k_fKuCVM,@rainbowsports9049,1
BF2k_fKuCVM,@ralphhardie7492,1
BF2k_fKuCVM,@rebontosarkar8112,1
BF2k_fKuCVM,@rifatnfts,1
BF2k_fKuCVM,@rongitmukherjee,1
BF2k_fKuCVM,@roro-q2x,1
BF2k_fKuCVM,@rorzag,1
BF2k_fKuCVM,@rvsingh469,1
BF2k_fKuCVM,@ryanlynch3579,1
BF2k_fKuCVM,@shahrozebaig8585,1
BF2k_fKuCVM,@shirinpraver220,1
BF2k_fKuCVM,@sikandarazam6958,1
BF2k_fKuCVM,@sohafatima-ge2lw,1
BF2k_fKuCVM,@starmovielule,1
BF2k_fKuCVM,@stopthecap2644,1
BF2k_fKuCVM,@styrofoamx229,1
BF2k_fKuCVM,@suchittt,1
BF2k_fKuCVM,@sudanthramsudanthram4954,1
BF2k_fKuCVM,@suhannihalani6307,1
BF2k_fKuCVM,@swarnimkoteshwar,1
BF2k_fKuCVM,@sylwesterkotas,1
BF2k_fKuCVM,@taureanwooley,3
BF2k_fKuCVM,@thataisammy,1
BF2k_fKuCVM,@the-q7m,1
BF2k_fKuCVM,@the_ghost_of_uch1ha,1
BF2k_fKuCVM,@thecomickingyt,1
BF2k_fKuCVM,@themaharajamusic,1
BF2k_fKuCVM,@trangphan7381,1
BF2k_fKuCVM,@upsc_gen1,1
BF2k_fKuCVM,@vahidh93,1
BF2k_fKuCVM,@vibeshspL,1
BF2k_fKuCVM,@yohanis_shm,1
BF2k_fKuCVM,@ywartencite,1
BF2k_fKuCVM,@zaritawear,1
BF2k_fKuCVM,@Діаносія-е7ь,1
BF2k_fKuCVM,@СергійКошин-щ5и,1
BF2k_fKuCVM,@ابومحمد-م1ت8ص,1
BF2k_fKuCVM,@สมพรจันทร์ดี-ช2ฮ,1
Bc98jtvwkQ8,@12345damnthetorpedoes,1
Bc98jtvwkQ8,@1Eagler,1
Bc98jtvwkQ8,@AMDevanney,1
Bc98jtvwkQ8,@AldoInza,1
Bc98jtvwkQ8,@AlexanderBelikov,1
Bc98jtvwkQ8,@AmosAAnderson,1
Bc98jtvwkQ8,@AndréNunes-k3y,1
Bc98jtvwkQ8,@AnthonM-z6s,1
Bc98jtvwkQ8,@Appareil438,1
Bc98jtvwkQ8,@ArekadiuszArkovski,1
Bc98jtvwkQ8,@BlazorPlate,1
Bc98jtvwkQ8,@CZProtton,2
Bc98jtvwkQ8,@CasparDue,1
Bc98jtvwkQ8,@Cristian-ek7xy,1
Bc98jtvwkQ8,@CuriouslyContent,1
Bc98jtvwkQ8,@Cyricx_Tyrsson,1
Bc98jtvwkQ8,@DanGolick,1
Bc98jtvwkQ8,@Dominik-K,1
Bc98jtvwkQ8,@EldenFiend,1
Bc98jtvwkQ8,@Emil-ej5of,1
Bc98jtvwkQ8,@Eneong,1
Bc98jtvwkQ8,@ErikByrwa,1
Bc98jtvwkQ8,@ErinMcLaughlin,1
Bc98jtvwkQ8,@FA-TAAA,1
Bc98jtvwkQ8,@FernandoLuisBernardiLucas,1
Bc98jtvwkQ8,@FernandoTakeshiSato,1
Bc98jtvwkQ8,@Fluxonian,1
Bc98jtvwkQ8,@Fred-yq3fs,2
Bc98jtvwkQ8,@IndependentIdeas356,1
Bc98jtvwkQ8,@Integer0,1
Bc98jtvwkQ8,@JGoodwin,1
Bc98jtvwkQ8,@J_i_m_,1
Bc98jtvwkQ8,@JackAnderson-vv3tw,1
Bc98jtvwkQ8,@Johan-rm6ec,1
Bc98jtvwkQ8,@JohnCena-yu4mj,1
Bc98jtvwkQ8,@KodingKuma,1
Bc98jtvwkQ8,@LeutnantJoker,1
Bc98jtvwkQ8,@LogicException,1
Bc98jtvwkQ8,@MRender32,1
Bc98jtvwkQ8,@Mikarsoft,1
Bc98jtvwkQ8,@Milkykun,1
Bc98jtvwkQ8,@MistyKu,1
Bc98jtvwkQ8,@MrAluntus,1
Bc98jtvwkQ8,@MrBooghyMan,1
Bc98jtvwkQ8,@MrHeavyRunner,1
Bc98jtvwkQ8,@Mutex30,3
Bc98jtvwkQ8,@NicholasSmith87,1
Bc98jtvwkQ8,@Nicknamegeneratorfailed,1
Bc98jtvwkQ8,@NootNootJjj,2
Bc98jtvwkQ8,@OddbjørnBakke,1
Bc98jtvwkQ8,@OutlanderZOR,1
Bc98jtvwkQ8,@PK-ou6yc,1
Bc98jtvwkQ8,@PlusONE-zz,1
Bc98jtvwkQ8,@RailySungahid,1
Bc98jtvwkQ8,@RandallEike,1
Bc98jtvwkQ8,@RanjeethDevaiah,1
Bc98jtvwkQ8,@RedEyeDevelopers,1
Bc98jtvwkQ8,@RiwenX,2
Bc98jtvwkQ8,@RupOase,1
Bc98jtvwkQ8,@SecondFinale,2
Bc98jtvwkQ8,@SirBenJamin_,4
Bc98jtvwkQ8,@SirLestat10,1
Bc98jtvwkQ8,@SomeTechyPerson,1
Bc98jtvwkQ8,@ThatOneSloth,1
Bc98jtvwkQ8,@TheBekker_,1
Bc98jtvwkQ8,@TheBlackNathaniel,1
Bc98jtvwkQ8,@ThisIsAGoodUserNameToo,1
Bc98jtvwkQ8,@Tsunami14,1
Bc98jtvwkQ8,@UjjwalManandhar,1
Bc98jtvwkQ8,@WblutSundAehre,8
Bc98jtvwkQ8,@WebieTM,1
Bc98jtvwkQ8,@YakWhisper,1
Bc98jtvwkQ8,@Z3rgatul,1
Bc98jtvwkQ8,@Zacban,1
Bc98jtvwkQ8,@Zehra_malek,1
Bc98jtvwkQ8,@Zibarrax,1
Bc98jtvwkQ8,@adriana.7111,1
Bc98jtvwkQ8,@adrianspikes6454,1
Bc98jtvwkQ8,@aiiqwtzhxsuenfjtd1937,1
Bc98jtvwkQ8,@alexandreribeirosilva550,1
Bc98jtvwkQ8,@allenn9068,1
Bc98jtvwkQ8,@alonezlciel,1
Bc98jtvwkQ8,@andrewiecisa2907,1
Bc98jtvwkQ8,@andrijattt,1
Bc98jtvwkQ8,@andywest5773,4
Bc98jtvwkQ8,@angryrabbitproductions1690,1
Bc98jtvwkQ8,@ankumo,1
Bc98jtvwkQ8,@antoniusivan8767,1
Bc98jtvwkQ8,@antonmishchenko4986,1
Bc98jtvwkQ8,@armanmkhitaryan27,1
Bc98jtvwkQ8,@arnaldofernandez,1
Bc98jtvwkQ8,@arshiaalidosti8818,1
Bc98jtvwkQ8,@artemyavorskyi5865,1
Bc98jtvwkQ8,@astral_95,1
Bc98jtvwkQ8,@ba-h5z,3
Bc98jtvwkQ8,@banderge,1
Bc98jtvwkQ8,@bdaunt,1
Bc98jtvwkQ8,@benfurstenwerth,1
Bc98jtvwkQ8,@bladbimer,1
Bc98jtvwkQ8,@briangrange,1
Bc98jtvwkQ8,@burnt1ce85,1
Bc98jtvwkQ8,@buzzyvartan,1
Bc98jtvwkQ8,@casper_hansen,1
Bc98jtvwkQ8,@catalanian09pl,1
Bc98jtvwkQ8,@catatonicsloth,1
Bc98jtvwkQ8,@chrisargiris,1
Bc98jtvwkQ8,@ckopf86,1
Bc98jtvwkQ8,@codemonkey1092,1
Bc98jtvwkQ8,@col_rod,1
Bc98jtvwkQ8,@compcos,1
Bc98jtvwkQ8,@dand4485,1
Bc98jtvwkQ8,@danielbennett5726,2
Bc98jtvwkQ8,@danielmuhlig7097,1
Bc98jtvwkQ8,@darenbaker4569,1
Bc98jtvwkQ8,@dbrx-cs,1
Bc98jtvwkQ8,@dimapetrichenko6190,1
Bc98jtvwkQ8,@dmitryzhomir,1
Bc98jtvwkQ8,@dukeblaxton,1
Bc98jtvwkQ8,@elsharpos,1
Bc98jtvwkQ8,@endomorfine,1
Bc98jtvwkQ8,@ericgregori,2
Bc98jtvwkQ8,@erniek0n,2
Bc98jtvwkQ8,@fabiovalt2795,1
Bc98jtvwkQ8,@faniereynders2062,1
Bc98jtvwkQ8,@fightnationmitv2754,1
Bc98jtvwkQ8,@fraser-mclean,1
Bc98jtvwkQ8,@fredrikjosefsson3373,2
Bc98jtvwkQ8,@funarfiif982,1
Bc98jtvwkQ8,@gabrielrabhi3357,1
Bc98jtvwkQ8,@georgebeierberkeley,1
Bc98jtvwkQ8,@gilroitto,1
Bc98jtvwkQ8,@giovannilamantia6348,1
Bc98jtvwkQ8,@gosich,1
Bc98jtvwkQ8,@greg_289,1
Bc98jtvwkQ8,@gregh2327,1
Bc98jtvwkQ8,@guillermomazzari8320,3
Bc98jtvwkQ8,@henryuta,1
Bc98jtvwkQ8,@hirokitakei9272,1
Bc98jtvwkQ8,@honzajscz,1
Bc98jtvwkQ8,@iOfSauron,1
Bc98jtvwkQ8,@igormalishev9118,1
Bc98jtvwkQ8,@inzyster,1
Bc98jtvwkQ8,@irinacenteno1564,1
Bc98jtvwkQ8,@irishbruse,1
Bc98jtvwkQ8,@islanddev4893,2
Bc98jtvwkQ8,@jaans3712,1
Bc98jtvwkQ8,@jbuchan12,1
Bc98jtvwkQ8,@joaoguilhermepacheco9314,1
Bc98jtvwkQ8,@john-travolt,1
Bc98jtvwkQ8,@jonathansaindon788,1
Bc98jtvwkQ8,@josemaria666,1
Bc98jtvwkQ8,@joydutta4928,1
Bc98jtvwkQ8,@kallennewick1350,1
Bc98jtvwkQ8,@kallenved,1
Bc98jtvwkQ8,@kaymeister634,1
Bc98jtvwkQ8,@kenbrady119,1
Bc98jtvwkQ8,@kiwidave72,1
Bc98jtvwkQ8,@konradpsiuk5349,1
Bc98jtvwkQ8,@kvloover,1
Bc98jtvwkQ8,@limbopferd,1
Bc98jtvwkQ8,@logato7128,1
Bc98jtvwkQ8,@lucaciandrei,1
Bc98jtvwkQ8,@lucianbumb6690,1
Bc98jtvwkQ8,@luismacg,1
Bc98jtvwkQ8,@manchastyle,1
Bc98jtvwkQ8,@markpowell8325,1
Bc98jtvwkQ8,@michaldivismusic,1
Bc98jtvwkQ8,@mikasa3d,1
Bc98jtvwkQ8,@mikeholczer,3
Bc98jtvwkQ8,@mikiawm,1
Bc98jtvwkQ8,@mikicerise6250,1
Bc98jtvwkQ8,@money_hyde,1
Bc98jtvwkQ8,@muonneutrino,1
Bc98jtvwkQ8,@mvonballmo,1
Bc98jtvwkQ8,@narkotikov,1
Bc98jtvwkQ8,@nateo7045,2
Bc98jtvwkQ8,@neil_from_future,1
Bc98jtvwkQ8,@neoenergy2929,1
Bc98jtvwkQ8,@nickchapsas,9
Bc98jtvwkQ8,@nicolaisattler1990,1
Bc98jtvwkQ8,@nikolay_bk,1
Bc98jtvwkQ8,@normantas3940,1
Bc98jtvwkQ8,@not_a_cool_handle,1
Bc98jtvwkQ8,@nunyabisniz8047,1
Bc98jtvwkQ8,@odumahojorma,2
Bc98jtvwkQ8,@onyxgc2568,1
Bc98jtvwkQ8,@oopsy444,1
Bc98jtvwkQ8,@paegun,1
Bc98jtvwkQ8,@paladine4life,1
Bc98jtvwkQ8,@papciuszkin,2
Bc98jtvwkQ8,@paw565,1
Bc98jtvwkQ8,@pawenowak5144,1
Bc98jtvwkQ8,@petewarner1077,1
Bc98jtvwkQ8,@phmelomorais,1
Bc98jtvwkQ8,@pioners1001,1
Bc98jtvwkQ8,@queenstownswords,1
Bc98jtvwkQ8,@richardsimpson7766,1
Bc98jtvwkQ8,@richrollin4867,6
Bc98jtvwkQ8,@ristopaasivirta9770,1
Bc98jtvwkQ8,@robertlechner8494,1
Bc98jtvwkQ8,@roelofdevilliers122,1
Bc98jtvwkQ8,@ronaldoperes1202,1
Bc98jtvwkQ8,@roseoftheworld45,1
Bc98jtvwkQ8,@runek75,1
Bc98jtvwkQ8,@rwj_dk,1
Bc98jtvwkQ8,@saberint,1
Bc98jtvwkQ8,@sakarpoudel3952,1
Bc98jtvwkQ8,@sarojkumarpanda9617,1
Bc98jtvwkQ8,@scott32874,1
Bc98jtvwkQ8,@serb1146,1
Bc98jtvwkQ8,@sh00termacg,1
Bc98jtvwkQ8,@shadowsir,2
Bc98jtvwkQ8,@shinkathe,2
Bc98jtvwkQ8,@shinpansen,2
Bc98jtvwkQ8,@softwave4483,1
Bc98jtvwkQ8,@tanysFR,1
Bc98jtvwkQ8,@tarquin161234,1
Bc98jtvwkQ8,@tbangbangsa,1
Bc98jtvwkQ8,@teamdroidsystems,1
Bc98jtvwkQ8,@thehen101,1
Bc98jtvwkQ8,@thorcodingson,1
Bc98jtvwkQ8,@tmac9982,1
Bc98jtvwkQ8,@toadman5184,2
Bc98jtvwkQ8,@tobindrake2767,1
Bc98jtvwkQ8,@tomasgutierrez6954,3
Bc98jtvwkQ8,@tridy7893,1
Bc98jtvwkQ8,@trixtonx,1
Bc98jtvwkQ8,@tuckertcs,1
Bc98jtvwkQ8,@tuma-83,1
Bc98jtvwkQ8,@uglypie182,1
Bc98jtvwkQ8,@umblnc,2
Bc98jtvwkQ8,@utubekade,1
Bc98jtvwkQ8,@vasiliyfofanov2605,1
Bc98jtvwkQ8,@victorgarcia3526,1
Bc98jtvwkQ8,@vohbovohborian28,1
Bc98jtvwkQ8,@vyteniskajackas7579,1
Bc98jtvwkQ8,@walsharoo,1
Bc98jtvwkQ8,@willemtoerien,1
Bc98jtvwkQ8,@winchester2581,1
Bc98jtvwkQ8,@wtflolomg,1
Bc98jtvwkQ8,@xnetc9,1
Bc98jtvwkQ8,@zimpoooooo,1
Bc98jtvwkQ8,@zo62,1
Bc98jtvwkQ8,@КириллКиселев-ж6ч,1
Bgxsx8slDEA,@123smartcontent,1
Bgxsx8slDEA,@222CP,2
Bgxsx8slDEA,@AIEmpowermentHub,1
Bgxsx8slDEA,@Apoz,1
Bgxsx8slDEA,@Aq5CiQRkiq,1
Bgxsx8slDEA,@BCMSOCAL,1
Bgxsx8slDEA,@BR-lx7py,1
Bgxsx8slDEA,@BeardedPiano,1
Bgxsx8slDEA,@Beaumontious,1
Bgxsx8slDEA,@BossAIBiz,1
Bgxsx8slDEA,@BrainPower-Osaka,1
Bgxsx8slDEA,@Chase-H-AI,3
Bgxsx8slDEA,@Code-With-Robby,1
Bgxsx8slDEA,@Csett1,1
Bgxsx8slDEA,@DavidBakerDC,1
Bgxsx8slDEA,@DavidReyes-lx2wc,1
Bgxsx8slDEA,@Defnd3r,1
Bgxsx8slDEA,@Eurokiwiboy,2
Bgxsx8slDEA,@FrontLineNerd,1
Bgxsx8slDEA,@Hankmdx,1
Bgxsx8slDEA,@HenrikTorget,1
Bgxsx8slDEA,@HotShame0,1
Bgxsx8slDEA,@JD_Mapes,1
Bgxsx8slDEA,@JaeJonson,1
Bgxsx8slDEA,@Jokershadow696,3
Bgxsx8slDEA,@JonLowe14,1
Bgxsx8slDEA,@JosephGleason-i1y,1
Bgxsx8slDEA,@JustinSnowboards,1
Bgxsx8slDEA,@KevinJohnson-ov8bb,1
Bgxsx8slDEA,@LateNightRewrites,1
Bgxsx8slDEA,@Madox-peak-com,1
Bgxsx8slDEA,@Moosemalti6,1
Bgxsx8slDEA,@MrDouglassBrown,1
Bgxsx8slDEA,@Nathaniel3D,2
Bgxsx8slDEA,@Olaf-y5v,1
Bgxsx8slDEA,@RaysOfPivot,1
Bgxsx8slDEA,@RequiosWoW,1
Bgxsx8slDEA,@RichardEnglander,1
Bgxsx8slDEA,@RickShangle,1
Bgxsx8slDEA,@RodrigoMallmann1,1
Bgxsx8slDEA,@RubanAfterHours,1
Bgxsx8slDEA,@SailingInconSeavable,1
Bgxsx8slDEA,@ScriptedOcean,1
Bgxsx8slDEA,@Smesla,1
Bgxsx8slDEA,@SpecterMATWRZ,1
Bgxsx8slDEA,@SpongeBob-xh8ir,1
Bgxsx8slDEA,@Syndicate_INVEST,1
Bgxsx8slDEA,@TayTaylorJames,1
Bgxsx8slDEA,@TerraMagnus,1
Bgxsx8slDEA,@TommyTwista,1
Bgxsx8slDEA,@Tut_Tv_Live,1
Bgxsx8slDEA,@UltraFlameRetardant,2
Bgxsx8slDEA,@YuFruFu,1
Bgxsx8slDEA,@adamrushford,2
Bgxsx8slDEA,@adipsbanget,1
Bgxsx8slDEA,@aldochotzen,1
Bgxsx8slDEA,@alsonyang230,1
Bgxsx8slDEA,@andrewbrain895,1
Bgxsx8slDEA,@antonioditoppa9822,1
Bgxsx8slDEA,@antoniolatorre6047,1
Bgxsx8slDEA,@automatewithmarcus,1
Bgxsx8slDEA,@basilbrush7878,1
Bgxsx8slDEA,@battleship342,1
Bgxsx8slDEA,@benjamínsaraviaelbenja,1
Bgxsx8slDEA,@betanc.es7962,1
Bgxsx8slDEA,@binaryswinery5862,1
Bgxsx8slDEA,@bjornvanw,1
Bgxsx8slDEA,@businessoftechnology,1
Bgxsx8slDEA,@chillyspoon,1
Bgxsx8slDEA,@crittgolden,1
Bgxsx8slDEA,@csakzozo,1
Bgxsx8slDEA,@danielhova7826,2
Bgxsx8slDEA,@darwinkusuma6757,1
Bgxsx8slDEA,@davendra72,1
Bgxsx8slDEA,@dgrossman3,1
Bgxsx8slDEA,@digital_dreamworks,1
Bgxsx8slDEA,@dj1480,2
Bgxsx8slDEA,@doggnamedchip,1
Bgxsx8slDEA,@e-e40,1
Bgxsx8slDEA,@faez7965,1
Bgxsx8slDEA,@fillfeel6105,1
Bgxsx8slDEA,@frantisek9929,1
Bgxsx8slDEA,@ggdio1,1
Bgxsx8slDEA,@goglobalasia,1
Bgxsx8slDEA,@guilhermecella5376,1
Bgxsx8slDEA,@haidersyed6554,1
Bgxsx8slDEA,@iqrasajjad-s8r,1
Bgxsx8slDEA,@jamesseraph8813,1
Bgxsx8slDEA,@jarad4621,2
Bgxsx8slDEA,@javierfuentesmora1814,1
Bgxsx8slDEA,@jbaby007,1
Bgxsx8slDEA,@jfausset,1
Bgxsx8slDEA,@jien_0.1,1
Bgxsx8slDEA,@jimmyj.6792,1
Bgxsx8slDEA,@johnsmith12421,2
Bgxsx8slDEA,@jonboy648,1
Bgxsx8slDEA,@josemoore6075,1
Bgxsx8slDEA,@josiahlachance,5
Bgxsx8slDEA,@kednelly,1
Bgxsx8slDEA,@kesim011,1
Bgxsx8slDEA,@makscee,1
Bgxsx8slDEA,@marcelspatz,2
Bgxsx8slDEA,@markniemann6287,1
Bgxsx8slDEA,@metspa,1
Bgxsx8slDEA,@morespinach9832,2
Bgxsx8slDEA,@morron734,1
Bgxsx8slDEA,@mr1enrollment,1
Bgxsx8slDEA,@mwright80,1
Bgxsx8slDEA,@natedavidoff668,1
Bgxsx8slDEA,@niclastrades,1
Bgxsx8slDEA,@nuss5148,1
Bgxsx8slDEA,@poisonvolkswagon9431,1
Bgxsx8slDEA,@prevail4ll,1
Bgxsx8slDEA,@radiofusao1,1
Bgxsx8slDEA,@rickymort135,1
Bgxsx8slDEA,@roygeorge3823,1
Bgxsx8slDEA,@samuellatino6840,1
Bgxsx8slDEA,@seanolivas9148,1
Bgxsx8slDEA,@shadyworld1,1
Bgxsx8slDEA,@shahdiran-p3t,1
Bgxsx8slDEA,@somethingclever789-y7x,1
Bgxsx8slDEA,@sortingbadge4123,1
Bgxsx8slDEA,@spidaweb-u8f,1
Bgxsx8slDEA,@strangledbyunderwear,1
Bgxsx8slDEA,@toddwarner1892,1
Bgxsx8slDEA,@tonybricko,1
Bgxsx8slDEA,@tonyporj,2
Bgxsx8slDEA,@tredpool,1
Bgxsx8slDEA,@truthseepeaking,1
Bgxsx8slDEA,@tylerdillman6402,1
Bs7sBbcwn60,@Aarohisharma-p6e,1
Bs7sBbcwn60,@Abdullah_N1987,1
Bs7sBbcwn60,@AlexCrowleyone,1
Bs7sBbcwn60,@Andy_Pandy_44,1
Bs7sBbcwn60,@ArchivoInexplicableXD,1
Bs7sBbcwn60,@ArtWorldBishnu,1
Bs7sBbcwn60,@BimalaAngbang-k5k,1
Bs7sBbcwn60,@BobBlitz,1
Bs7sBbcwn60,@BrentPeluso,4
Bs7sBbcwn60,@Brian_PM,2
Bs7sBbcwn60,@Bucksmooth917,1
Bs7sBbcwn60,@Businessclubnewyork,1
Bs7sBbcwn60,@CaneSugarCane,2
Bs7sBbcwn60,@CheeseStickzZ,1
Bs7sBbcwn60,@ChinchillaDave,1
Bs7sBbcwn60,@Chracteratoz,1
Bs7sBbcwn60,@ComedyCarnival-b1z,1
Bs7sBbcwn60,@Comedyk87,1
Bs7sBbcwn60,@DakurahMenance,1
Bs7sBbcwn60,@DereckBreuning,1
Bs7sBbcwn60,@DhoniKumar-z2w,1
Bs7sBbcwn60,@DostTV-if4mb,1
Bs7sBbcwn60,@Effinoutlaw,1
Bs7sBbcwn60,@FFguru221,1
Bs7sBbcwn60,@Ferhan-d5l,1
Bs7sBbcwn60,@FrankSchwarzfree,1
Bs7sBbcwn60,@GamerTO23,1
Bs7sBbcwn60,@GiveMeAns281,1
Bs7sBbcwn60,@Gopal-n4j2x,1
Bs7sBbcwn60,@GregIsenberg,12
Bs7sBbcwn60,@GumanSinghLodhi-e6g,1
Bs7sBbcwn60,@Harisali-ali,1
Bs7sBbcwn60,@HeavenWarner,1
Bs7sBbcwn60,@HellfireGamers-ac,1
Bs7sBbcwn60,@HriteshLohiya,1
Bs7sBbcwn60,@JasonBulsa,1
Bs7sBbcwn60,@JaysNotebook,2
Bs7sBbcwn60,@KavitaVishwakarma9698,1
Bs7sBbcwn60,@Kiraanmehmoodkhan,1
Bs7sBbcwn60,@LUMBEEBULL,1
Bs7sBbcwn60,@Leconnecteurofficiel,1
Bs7sBbcwn60,@LedoWorldsWide,1
Bs7sBbcwn60,@LinkS-d4i,1
Bs7sBbcwn60,@Lovestatuss1045,1
Bs7sBbcwn60,@MIbrahim-d1g,1
Bs7sBbcwn60,@MagicMichy,1
Bs7sBbcwn60,@Magictv789o,1
Bs7sBbcwn60,@Markus-iq4sm,4
Bs7sBbcwn60,@MaumoudHabsa,1
Bs7sBbcwn60,@Meza201,1
Bs7sBbcwn60,@MichalCilekAI,1
Bs7sBbcwn60,@MichelleBarfuss,1
Bs7sBbcwn60,@MikeBrownRehobothBeach,1
Bs7sBbcwn60,@Mikecelium,1
Bs7sBbcwn60,@Mr.manga.S,1
Bs7sBbcwn60,@MuhammadilyasQuranAcademy,1
Bs7sBbcwn60,@N1GHTWOLF1,1
Bs7sBbcwn60,@NamrataKushwaha-xi2ny,1
Bs7sBbcwn60,@Naveedsukherakabirwala,1
Bs7sBbcwn60,@NickWichman,1
Bs7sBbcwn60,@NikiBiki-j6d,1
Bs7sBbcwn60,@NuriddinUsmonov-m1z,1
Bs7sBbcwn60,@Palantir13,1
Bs7sBbcwn60,@RAJ_GMRYT,1
Bs7sBbcwn60,@Ra-rz7tr,1
Bs7sBbcwn60,@RahulGujjarY-d5o,1
Bs7sBbcwn60,@RamKumar-g3d1c,1
Bs7sBbcwn60,@SP-js4gf,2
Bs7sBbcwn60,@SambhavPawar-l1f,1
Bs7sBbcwn60,@SanMarinoHSMedia,1
Bs7sBbcwn60,@ShardungeonMC,1
Bs7sBbcwn60,@ShivanshSharma-v4s,1
Bs7sBbcwn60,@Status-l6b,1
Bs7sBbcwn60,@Stick_Fight_Zone,1
Bs7sBbcwn60,@TheHistoryof_US,2
Bs7sBbcwn60,@Thegodofficial12,1
Bs7sBbcwn60,@Thomas-h4e2h,1
Bs7sBbcwn60,@Thunder001-o6x,1
Bs7sBbcwn60,@Tzimis.Floros,1
Bs7sBbcwn60,@WeweosVideoGames,1
Bs7sBbcwn60,@XFamilyAkash,1
Bs7sBbcwn60,@XxhoseinxX,1
Bs7sBbcwn60,@Your_Money_Decoded,1
Bs7sBbcwn60,@Yours_Sigma,1
Bs7sBbcwn60,@ZachMeissner,1
Bs7sBbcwn60,@Zad775-v7o,1
Bs7sBbcwn60,@adammahdoul-AI,1
Bs7sBbcwn60,@akivalevin2185,1
Bs7sBbcwn60,@al9anoun-so,1
Bs7sBbcwn60,@answerguru,1
Bs7sBbcwn60,@aryalc.h.5812,1
Bs7sBbcwn60,@atikulislamjewel5588,1
Bs7sBbcwn60,@azelahmad6232,1
Bs7sBbcwn60,@bealetech,1
Bs7sBbcwn60,@caseywhalen2760,1
Bs7sBbcwn60,@ccreightonify,1
Bs7sBbcwn60,@charlierowe977,1
Bs7sBbcwn60,@combatninjaturtle,1
Bs7sBbcwn60,@comedianonyekachi1526,1
Bs7sBbcwn60,@cursedboy4810,1
Bs7sBbcwn60,@daniyalusman350,1
Bs7sBbcwn60,@dawnstyleheaven,1
Bs7sBbcwn60,@didimairen7309,1
Bs7sBbcwn60,@dispatchswift,1
Bs7sBbcwn60,@donaldmorrell7914,1
Bs7sBbcwn60,@eladbari,3
Bs7sBbcwn60,@eltechsurfer,1
Bs7sBbcwn60,@eninurhayati1548,1
Bs7sBbcwn60,@epcphelan,1
Bs7sBbcwn60,@ericdegaardt,1
Bs7sBbcwn60,@ericofchong,1
Bs7sBbcwn60,@futurenautco,1
Bs7sBbcwn60,@gemmylabs,1
Bs7sBbcwn60,@getreplytubeTUTs,1
Bs7sBbcwn60,@gnanaprakash-ravi,1
Bs7sBbcwn60,@gohilhardik622,1
Bs7sBbcwn60,@gratefulfilled,1
Bs7sBbcwn60,@iQMaxPro,1
Bs7sBbcwn60,@iabubakr571,1
Bs7sBbcwn60,@iamredencio,1
Bs7sBbcwn60,@icarium23,1
Bs7sBbcwn60,@invictus-akshay,1
Bs7sBbcwn60,@ionutdenes,1
Bs7sBbcwn60,@islamicchannel-zx4id,1
Bs7sBbcwn60,@jeen706,1
Bs7sBbcwn60,@jeremymckinnon5372,1
Bs7sBbcwn60,@jrderun3554,1
Bs7sBbcwn60,@junaidahmed7466,1
Bs7sBbcwn60,@kaden_vr,1
Bs7sBbcwn60,@kaloz1749,1
Bs7sBbcwn60,@kamerzystafilmy,1
Bs7sBbcwn60,@krish5586,1
Bs7sBbcwn60,@kyozaki9838,1
Bs7sBbcwn60,@lakruzaik3921,1
Bs7sBbcwn60,@larst.9288,1
Bs7sBbcwn60,@loftiideas,1
Bs7sBbcwn60,@luckylunch7021,1
Bs7sBbcwn60,@mahodayamanas,1
Bs7sBbcwn60,@marco-cv2zt,1
Bs7sBbcwn60,@marinaf2119,1
Bs7sBbcwn60,@muhammadraihannasywaan5591,1
Bs7sBbcwn60,@myloveindia5448,1
Bs7sBbcwn60,@ndovukubwa,2
Bs7sBbcwn60,@nhungnhu-j5m,1
Bs7sBbcwn60,@nomsaledwaba8931,1
Bs7sBbcwn60,@novreis1952,1
Bs7sBbcwn60,@nusairapk6509,1
Bs7sBbcwn60,@olonfilm,1
Bs7sBbcwn60,@orlandopadilla5645,1
Bs7sBbcwn60,@pandacy-k2h,1
Bs7sBbcwn60,@petipois28,1
Bs7sBbcwn60,@quatrecousin,1
Bs7sBbcwn60,@racyroland,1
Bs7sBbcwn60,@riteshbhai14-fy3ce,1
Bs7sBbcwn60,@riteshthakur9064,1
Bs7sBbcwn60,@roberthaugenno,1
Bs7sBbcwn60,@romancewithnobi02,1
Bs7sBbcwn60,@sahil_thakor_5551,1
Bs7sBbcwn60,@samarmomkichen1528,1
Bs7sBbcwn60,@seanperez9249,1
Bs7sBbcwn60,@shadowboss223,1
Bs7sBbcwn60,@sinkofps4271,1
Bs7sBbcwn60,@sixsigsystems,2
Bs7sBbcwn60,@svpnoel,1
Bs7sBbcwn60,@syrexnext,1
Bs7sBbcwn60,@tasleemhaiderSayyed-c1z,1
Bs7sBbcwn60,@tedbrunker,14
Bs7sBbcwn60,@theworldtoday617,1
Bs7sBbcwn60,@timefreedomtv,1
Bs7sBbcwn60,@travelwithaltons,1
Bs7sBbcwn60,@tuanleday,1
Bs7sBbcwn60,@tube1062,1
Bs7sBbcwn60,@universoCRIPTA,1
Bs7sBbcwn60,@urduboldigitalnews,1
Bs7sBbcwn60,@vecizai,1
Bs7sBbcwn60,@vin3104,1
Bs7sBbcwn60,@vishwarupdev4055,1
Bs7sBbcwn60,@vrjanice2,1
Bs7sBbcwn60,@vvvcartoon88,1
Bs7sBbcwn60,@wadedrift,1
Bs7sBbcwn60,@worth2worthnation,1
Bs7sBbcwn60,@you2449,1
Bs7sBbcwn60,@zecasalmedia,1
Bs7sBbcwn60,@zippytechnologies,1
Bs7sBbcwn60,@АндрейКацалапов-в4э,1
Bs7sBbcwn60,@ЕвгенийСтовпец-м1ь,1
Bs7sBbcwn60,@СергейАндреев-ж9х,1
Bs7sBbcwn60,@алексбеккер,1
Bs7sBbcwn60,@حساممحمد-ك6ط9ب,1
C3uI06xOGSE,@4esv,1
C3uI06xOGSE,@81NARY,1
C3uI06xOGSE,@AkshayKumar-bk3mx,1
C3uI06xOGSE,@AlexAegisOfficial,1
C3uI06xOGSE,@Aubstract,1
C3uI06xOGSE,@AustinVornhagen,1
C3uI06xOGSE,@AyomideAdediji11,1
C3uI06xOGSE,@CodeMonkeyDude,1
C3uI06xOGSE,@CoderShare,1
C3uI06xOGSE,@Danzlh,1
C3uI06xOGSE,@DareRubist,1
C3uI06xOGSE,@DyanpierreMG,1
C3uI06xOGSE,@ExtK-l7zV,1
C3uI06xOGSE,@FilterChain,2
C3uI06xOGSE,@FlyingDukkk,1
C3uI06xOGSE,@GilaadE,1
C3uI06xOGSE,@GoldmediaSubscribeme,1
C3uI06xOGSE,@Haveuseenmyjetpack,1
C3uI06xOGSE,@IbrahimOseyi,1
C3uI06xOGSE,@Imaginasercasilisto,1
C3uI06xOGSE,@Iron_spider99,1
C3uI06xOGSE,@Jamesrdc,1
C3uI06xOGSE,@JolitoElBambino,1
C3uI06xOGSE,@LexiumHub,1
C3uI06xOGSE,@Lil_mar00,1
C3uI06xOGSE,@LowellAlb,1
C3uI06xOGSE,@Matt11-0,1
C3uI06xOGSE,@MePeterNicholls,1
C3uI06xOGSE,@MrPedrinhuw,1
C3uI06xOGSE,@NicholasHoward-yn3xh,1
C3uI06xOGSE,@OctavChelaru,1
C3uI06xOGSE,@Philippe-coder,1
C3uI06xOGSE,@Qefx,1
C3uI06xOGSE,@Qthuluu,1
C3uI06xOGSE,@R_Y_Z_E_N,1
C3uI06xOGSE,@ShortFilmVD,1
C3uI06xOGSE,@Silver007xx,2
C3uI06xOGSE,@Steve8708,6
C3uI06xOGSE,@TTBOn00bKiLleR,1
C3uI06xOGSE,@TamoTamásNemes,1
C3uI06xOGSE,@TheG.O.A.Tminecraft,1
C3uI06xOGSE,@TheSalaho1,1
C3uI06xOGSE,@TimeFadesMemoryLasts,1
C3uI06xOGSE,@VectorTwelve,1
C3uI06xOGSE,@VineetGupta-j8i,1
C3uI06xOGSE,@Z0ctB0x,1
C3uI06xOGSE,@ZaryPhotography,1
C3uI06xOGSE,@ZlatkoTestDerkoskiTest,1
C3uI06xOGSE,@_PranavDesai,1
C3uI06xOGSE,@adc-l4b,1
C3uI06xOGSE,@aftabh2001,1
C3uI06xOGSE,@agb2557,2
C3uI06xOGSE,@agentstona,3
C3uI06xOGSE,@albertvnguyen,1
C3uI06xOGSE,@aldrickdev,1
C3uI06xOGSE,@alexsherzhukov6747,2
C3uI06xOGSE,@andersonsimeon4172,1
C3uI06xOGSE,@andreydmitri1636,1
C3uI06xOGSE,@andzisompangela,1
C3uI06xOGSE,@animeshsri,1
C3uI06xOGSE,@anoldasgupta,1
C3uI06xOGSE,@anthonygreene757,1
C3uI06xOGSE,@artwork-studios,1
C3uI06xOGSE,@attilatorok5767,1
C3uI06xOGSE,@b3arwithm3,1
C3uI06xOGSE,@black-avec,1
C3uI06xOGSE,@bobs2023,1
C3uI06xOGSE,@btoskic9390,1
C3uI06xOGSE,@c5cha7,1
C3uI06xOGSE,@cloud-native-corner,1
C3uI06xOGSE,@colinfindlay4790,1
C3uI06xOGSE,@danielmontilla5915,1
C3uI06xOGSE,@davidmichaels307,2
C3uI06xOGSE,@deengel0,1
C3uI06xOGSE,@dievas_,1
C3uI06xOGSE,@dmp4096,1
C3uI06xOGSE,@eggmaster2000,1
C3uI06xOGSE,@emperorpingusmathchannel5365,1
C3uI06xOGSE,@eomoran,1
C3uI06xOGSE,@eternallyviv,1
C3uI06xOGSE,@extinguished0ne,1
C3uI06xOGSE,@faddoo,1
C3uI06xOGSE,@fionalederman,1
C3uI06xOGSE,@gaggioaxel,1
C3uI06xOGSE,@geekwithabs,1
C3uI06xOGSE,@getrektnow,1
C3uI06xOGSE,@giftowercom,1
C3uI06xOGSE,@hackmaster6109,1
C3uI06xOGSE,@hadjuse2.87,1
C3uI06xOGSE,@herdenq,1
C3uI06xOGSE,@iamworstgamer,1
C3uI06xOGSE,@israelhilljr,1
C3uI06xOGSE,@its.arjun.s,1
C3uI06xOGSE,@its_oz,1
C3uI06xOGSE,@j.r.r.tolkien8724,1
C3uI06xOGSE,@j0hnc0nn0r-sec,1
C3uI06xOGSE,@jaewoongjeong2488,1
C3uI06xOGSE,@jakob2746,1
C3uI06xOGSE,@janisir4529,1
C3uI06xOGSE,@jordanchristley1306,1
C3uI06xOGSE,@julianthefrank,1
C3uI06xOGSE,@kaidouz7756,1
C3uI06xOGSE,@khaledsanny4817,1
C3uI06xOGSE,@kickenzer1057,1
C3uI06xOGSE,@kuelf123,1
C3uI06xOGSE,@le0nz,1
C3uI06xOGSE,@life_score,1
C3uI06xOGSE,@manorui100,1
C3uI06xOGSE,@marshallhiggins4194,1
C3uI06xOGSE,@martinolsson858,1
C3uI06xOGSE,@marufbepary100,1
C3uI06xOGSE,@mdkumarz,1
C3uI06xOGSE,@michaeltse321,2
C3uI06xOGSE,@minoakkyaw,1
C3uI06xOGSE,@mohammedmiftah7663,1
C3uI06xOGSE,@moises32123,1
C3uI06xOGSE,@msschubi,3
C3uI06xOGSE,@nickwoodward819,4
C3uI06xOGSE,@nomadautodidact,1
C3uI06xOGSE,@oszi7058,1
C3uI06xOGSE,@palashjyotiborah9888,1
C3uI06xOGSE,@parshvsheth-rj2vq,1
C3uI06xOGSE,@peter83parker,1
C3uI06xOGSE,@pojomcbooty,1
C3uI06xOGSE,@potatup,1
C3uI06xOGSE,@romangeneral23,1
C3uI06xOGSE,@rothbardfreedom,1
C3uI06xOGSE,@rudomeister,1
C3uI06xOGSE,@russellandrady,1
C3uI06xOGSE,@saulyarhi675,1
C3uI06xOGSE,@savire.ergheiz,1
C3uI06xOGSE,@shableep,2
C3uI06xOGSE,@shadyworld1,1
C3uI06xOGSE,@siljamickeify,1
C3uI06xOGSE,@sirishkumar-m5z,1
C3uI06xOGSE,@sourmans,1
C3uI06xOGSE,@steelydanfan321,1
C3uI06xOGSE,@subversionz4919,1
C3uI06xOGSE,@suriyatest3734,1
C3uI06xOGSE,@taheralipatrawala7300,1
C3uI06xOGSE,@taulantus,1
C3uI06xOGSE,@thebatchicle3429,1
C3uI06xOGSE,@thebleaknarratives,1
C3uI06xOGSE,@thecoolperson2967,1
C3uI06xOGSE,@therealsheikh,1
C3uI06xOGSE,@tjstinso,1
C3uI06xOGSE,@tobiasdontmatter1868,1
C3uI06xOGSE,@toesdoeswhoknows704,1
C3uI06xOGSE,@trejohnson7677,1
C3uI06xOGSE,@ultralooter,1
C3uI06xOGSE,@upulwaruna.abeysinghe,1
C3uI06xOGSE,@upwork-123,1
C3uI06xOGSE,@user-il9qo4qc4n,1
C3uI06xOGSE,@warguy6474,1
C3uI06xOGSE,@wb7779,1
C3uI06xOGSE,@webdevfs9361,1
C3uI06xOGSE,@whebon7266,1
C3uI06xOGSE,@williamfphelps,1
C3uI06xOGSE,@xerofishgames,1
C3uI06xOGSE,@xmimiza,1
C3uI06xOGSE,@yuvrajchhatwani,1
C3uI06xOGSE,@zbaktube,1
CST89O0Ecy8,@4ngelf,1
CST89O0Ecy8,@BitSquareStudio,1
CST89O0Ecy8,@BlueScreenCorp,1
CST89O0Ecy8,@BrandonWu-z5i,3
CST89O0Ecy8,@Byhythloh,1
CST89O0Ecy8,@CaponeBlackBusiness,1
CST89O0Ecy8,@Chain_Sprocket-XD,1
CST89O0Ecy8,@CheeseStickzZ,1
CST89O0Ecy8,@CineTechGeek,1
CST89O0Ecy8,@CodeLife_12,1
CST89O0Ecy8,@ConvexRook,1
CST89O0Ecy8,@Czapokx,1
CST89O0Ecy8,@DDogCodes,1
CST89O0Ecy8,@Danielm103,1
CST89O0Ecy8,@Draikava,1
CST89O0Ecy8,@DreQueary,1
CST89O0Ecy8,@EwaldDieser,1
CST89O0Ecy8,@FGK_Capone,1
CST89O0Ecy8,@Gabriel-kl6bt,1
CST89O0Ecy8,@Guitar_Godd,1
CST89O0Ecy8,@HaraldEngels,1
CST89O0Ecy8,@HartleySan,1
CST89O0Ecy8,@HenkieIsNietGek,1
CST89O0Ecy8,@IC_4666,1
CST89O0Ecy8,@IamJamesA,1
CST89O0Ecy8,@IshaatDipu,1
CST89O0Ecy8,@Jim-tv2tk,1
CST89O0Ecy8,@JoeD0403,1
CST89O0Ecy8,@Junkyard_Cybertruck,1
CST89O0Ecy8,@Kaizzer,1
CST89O0Ecy8,@KaleemLmar,1
CST89O0Ecy8,@KyleCookWDS,1
CST89O0Ecy8,@LongJourneys,1
CST89O0Ecy8,@MM-ds7eu,1
CST89O0Ecy8,@MonsieurSansHonte,1
CST89O0Ecy8,@Moonriddim,1
CST89O0Ecy8,@Mr76Pontiac,1
CST89O0Ecy8,@MuhammadRizwan-sk5ot,1
CST89O0Ecy8,@NikosKatsikanis,1
CST89O0Ecy8,@No_wHere_Game,1
CST89O0Ecy8,@PathToSagehood,1
CST89O0Ecy8,@PhilippeJoseph-i4s,1
CST89O0Ecy8,@PikalaxALT,1
CST89O0Ecy8,@Qladstone,1
CST89O0Ecy8,@RJTC,1
CST89O0Ecy8,@Raikatuji,1
CST89O0Ecy8,@RandalexK,1
CST89O0Ecy8,@RyanJackson,1
CST89O0Ecy8,@SankaYoutube-e6n6b,1
CST89O0Ecy8,@ScottsUpwrd,1
CST89O0Ecy8,@SensSword,1
CST89O0Ecy8,@Slash1066,1
CST89O0Ecy8,@Sminimal,1
CST89O0Ecy8,@Sollace,1
CST89O0Ecy8,@SophannarethNoy,1
CST89O0Ecy8,@SpooningTreesap86,1
CST89O0Ecy8,@TAV-j3h,1
CST89O0Ecy8,@TetsuDeinonychus,1
CST89O0Ecy8,@TheCameltotem,1
CST89O0Ecy8,@TheNefastor,2
CST89O0Ecy8,@TheOleFrank,1
CST89O0Ecy8,@TheReferrer72,1
CST89O0Ecy8,@TheTakenKing999,1
CST89O0Ecy8,@TopixonYT,1
CST89O0Ecy8,@Tuaregoxffff,1
CST89O0Ecy8,@United_Slaves_Of_Israel,1
CST89O0Ecy8,@ViaScientifica,1
CST89O0Ecy8,@Wholedpzoajabab,1
CST89O0Ecy8,@abhishekbehera1992,1
CST89O0Ecy8,@alanschmitt9865,1
CST89O0Ecy8,@alastairsounds,1
CST89O0Ecy8,@alguienmasraro915,1
CST89O0Ecy8,@aliasad8544,1
CST89O0Ecy8,@andreashauschild7757,1
CST89O0Ecy8,@andrewlloyd-callachund6341,1
CST89O0Ecy8,@apexcrab,1
CST89O0Ecy8,@arnaldofernandez,1
CST89O0Ecy8,@arrrghh,1
CST89O0Ecy8,@augustday9483,1
CST89O0Ecy8,@axelcarre8939,1
CST89O0Ecy8,@backtorparn,1
CST89O0Ecy8,@beaterbagcar,1
CST89O0Ecy8,@beecher92099,1
CST89O0Ecy8,@bhaaipo,1
CST89O0Ecy8,@bidguru94,1
CST89O0Ecy8,@buzinvv,1
CST89O0Ecy8,@calkelpdiver,1
CST89O0Ecy8,@chuck_stones,1
CST89O0Ecy8,@coldcircuit99,1
CST89O0Ecy8,@colinwiseman,1
CST89O0Ecy8,@coolblue5929,1
CST89O0Ecy8,@coolstorybrooooo7643,1
CST89O0Ecy8,@darren-evans-007,3
CST89O0Ecy8,@deepkarmakar,1
CST89O0Ecy8,@deerPG,1
CST89O0Ecy8,@derghiarrinde,1
CST89O0Ecy8,@developer-brgnet,1
CST89O0Ecy8,@djscratchnsniff,1
CST89O0Ecy8,@dorklol2969,1
CST89O0Ecy8,@eagleeagle7360,1
CST89O0Ecy8,@eljogt,1
CST89O0Ecy8,@entropy3000,1
CST89O0Ecy8,@ericcarlsonweb,1
CST89O0Ecy8,@ericnewton5720,1
CST89O0Ecy8,@ericrolph,1
CST89O0Ecy8,@etgaming6063,1
CST89O0Ecy8,@evancombs5159,1
CST89O0Ecy8,@filip97078,1
CST89O0Ecy8,@frozenphoenix1463,1
CST89O0Ecy8,@frytura,1
CST89O0Ecy8,@fts1293,1
CST89O0Ecy8,@gavrilenko2012,1
CST89O0Ecy8,@gillesashley9314,1
CST89O0Ecy8,@gp390,1
CST89O0Ecy8,@gt10i,1
CST89O0Ecy8,@hammondsoftware,1
CST89O0Ecy8,@hamza-325,1
CST89O0Ecy8,@hanspeterbestandig2054,1
CST89O0Ecy8,@harshitichigo7223,1
CST89O0Ecy8,@henrique-work,1
CST89O0Ecy8,@hoangdilo1412,1
CST89O0Ecy8,@iamxanderg,1
CST89O0Ecy8,@inselbergos,1
CST89O0Ecy8,@integrityintellectualprope5185,1
CST89O0Ecy8,@ionutth4895,1
CST89O0Ecy8,@itsaboonething,1
CST89O0Ecy8,@jakubpas,1
CST89O0Ecy8,@jasonreviews,1
CST89O0Ecy8,@joomla-expert,1
CST89O0Ecy8,@joostdenboer5689,1
CST89O0Ecy8,@jorsm.3893,1
CST89O0Ecy8,@josecastaneda8082,1
CST89O0Ecy8,@josedonieboncales6449,1
CST89O0Ecy8,@k.chriscaldwell4141,1
CST89O0Ecy8,@kaimaiiti,1
CST89O0Ecy8,@kajacx,1
CST89O0Ecy8,@karlisgertmanis,1
CST89O0Ecy8,@kashyapchonekar5437,2
CST89O0Ecy8,@kauwgomboom,1
CST89O0Ecy8,@kodoras,1
CST89O0Ecy8,@krox477,1
CST89O0Ecy8,@kshayk0,1
CST89O0Ecy8,@leo-g3j2l,1
CST89O0Ecy8,@ltybchxtyrj,1
CST89O0Ecy8,@lx6381,1
CST89O0Ecy8,@maksym-m,1
CST89O0Ecy8,@mangeshchaudhari663,1
CST89O0Ecy8,@mariushernes606,1
CST89O0Ecy8,@martapfahl940,1
CST89O0Ecy8,@martin1b,1
CST89O0Ecy8,@mathias78835,1
CST89O0Ecy8,@mathieulalonde,1
CST89O0Ecy8,@michaelschmid2311,1
CST89O0Ecy8,@mikeschepers796,1
CST89O0Ecy8,@nandoflorestan,1
CST89O0Ecy8,@nate32396,1
CST89O0Ecy8,@neoenergy2929,1
CST89O0Ecy8,@nohox9444,1
CST89O0Ecy8,@nrmlb,1
CST89O0Ecy8,@nurito_burrito,1
CST89O0Ecy8,@parzival123,1
CST89O0Ecy8,@peacenquiet294,1
CST89O0Ecy8,@peerbr7849,1
CST89O0Ecy8,@plamendimitrov9097,1
CST89O0Ecy8,@platformarthus,1
CST89O0Ecy8,@pogo55555,1
CST89O0Ecy8,@programateiro,1
CST89O0Ecy8,@propheciah,1
CST89O0Ecy8,@psnts-5ao,1
CST89O0Ecy8,@rand0mtv660,1
CST89O0Ecy8,@redoberon,1
CST89O0Ecy8,@romanandreevich3738,1
CST89O0Ecy8,@romania-n6q,2
CST89O0Ecy8,@ryanwriter,1
CST89O0Ecy8,@saber8387,1
CST89O0Ecy8,@samserious1337,1
CST89O0Ecy8,@sferdeveloper,1
CST89O0Ecy8,@simmzzzz,1
CST89O0Ecy8,@solson223,1
CST89O0Ecy8,@soupcup4069,2
CST89O0Ecy8,@stevetaylor5290,1
CST89O0Ecy8,@swapnamoy6134,1
CST89O0Ecy8,@tajsec,1
CST89O0Ecy8,@tea_otomo,1
CST89O0Ecy8,@the_wormy,1
CST89O0Ecy8,@thomas6502,1
CST89O0Ecy8,@thomasg.5990,1
CST89O0Ecy8,@truecomments7190,1
CST89O0Ecy8,@urssaf343,1
CST89O0Ecy8,@user-ej9kb1kb2d,1
CST89O0Ecy8,@user-qy2wf2lt6v,1
CST89O0Ecy8,@viggizags,1
CST89O0Ecy8,@x_ph1l,1
CST89O0Ecy8,@xcoder1122,1
CST89O0Ecy8,@yavvivvay,1
CST89O0Ecy8,@yomajo,1
CST89O0Ecy8,@yourlocalsip,1
CST89O0Ecy8,@ytfeelslikenorthkorea,1
CST89O0Ecy8,@z2155,1
CST89O0Ecy8,@ziplockk,1
CST89O0Ecy8,@ΒινςΜοργκαν,1
CklJLElBtNM,@Blk_Velvet,1
CklJLElBtNM,@FlyGuyAir,1
CklJLElBtNM,@IRONMANMETALBILLDANK,1
CklJLElBtNM,@PutuGrab-t3g,1
CklJLElBtNM,@Reed_0024,1
CklJLElBtNM,@Stevo42-h9p,1
CklJLElBtNM,@TheManchise517,1
CklJLElBtNM,@antoineroyer3841,1
CklJLElBtNM,@ashman123456789,1
CklJLElBtNM,@byshabn,1
CklJLElBtNM,@chad-lad,1
CklJLElBtNM,@galileo93,1
CklJLElBtNM,@james.h.007,1
CklJLElBtNM,@jeffbrownmd,1
CklJLElBtNM,@joshharris7193,1
CklJLElBtNM,@mathewmcfool,2
CklJLElBtNM,@muhammaddarwish,1
CklJLElBtNM,@robphillips8812,1
CklJLElBtNM,@sby505,1
CklJLElBtNM,@tahiti1,1
CklJLElBtNM,@wallybeats9648,1
Ctpo_gsGQJs,@CaliforniaLloydUK,1
Ctpo_gsGQJs,@HimanshuYTA,1
Ctpo_gsGQJs,@Homecare888,1
Ctpo_gsGQJs,@IslandGrade,1
Ctpo_gsGQJs,@KSMani-l3d,1
Ctpo_gsGQJs,@Micaellaaa4,1
Ctpo_gsGQJs,@Shuddhbharatiya,1
Ctpo_gsGQJs,@couponhuntcanada,1
Ctpo_gsGQJs,@jagadishraj558,1
Ctpo_gsGQJs,@pologostubegeiorge,1
Ctpo_gsGQJs,@pratyakshsomani,1
Ctpo_gsGQJs,@saintpablojuan1234,1
Ctpo_gsGQJs,@umangdas8584,1
Ctpo_gsGQJs,@vartikagupta3664,1
CusQM9FEq3E,@BitPlayerOne,1
CusQM9FEq3E,@IchsanPratama-k8x,1
CusQM9FEq3E,@MOVIMIENTOFUNCIONAL,1
CusQM9FEq3E,@NoPurpose-m7w,1
CusQM9FEq3E,@SavageReviewsOfficial,8
CusQM9FEq3E,@Taiki-nx9fd,3
CusQM9FEq3E,@XCodeForge,1
CusQM9FEq3E,@aaaa-f8g6s,2
CusQM9FEq3E,@dongyoblee2668,1
CusQM9FEq3E,@fouralex,1
CusQM9FEq3E,@mazzaj89,1
CusQM9FEq3E,@michaim,1
CusQM9FEq3E,@nero1375,1
CusQM9FEq3E,@ranjitsingh9791,1
CusQM9FEq3E,@robertfernandez9135,1
CusQM9FEq3E,@rogerroan7583,1
CusQM9FEq3E,@testtestman2355,3
CusQM9FEq3E,@troelsgudiksen9900,1
CwHD6Fg-Mjs,@079banana3,1
CwHD6Fg-Mjs,@1whomakes,1
CwHD6Fg-Mjs,@AWmemeifornia,1
CwHD6Fg-Mjs,@Alapahauk,1
CwHD6Fg-Mjs,@Ali.AlMamory,1
CwHD6Fg-Mjs,@AndrewTSq,1
CwHD6Fg-Mjs,@AnimeRookie,1
CwHD6Fg-Mjs,@Arrowheadent,1
CwHD6Fg-Mjs,@AtlanticAerospace,2
CwHD6Fg-Mjs,@BassemBenGhorbel,1
CwHD6Fg-Mjs,@BelovedChidaushe-t3l8n,1
CwHD6Fg-Mjs,@BigJoe_8,1
CwHD6Fg-Mjs,@BitRae,1
CwHD6Fg-Mjs,@Brickkzz,1
CwHD6Fg-Mjs,@CapuWriting,1
CwHD6Fg-Mjs,@Cecilia-v7o5d,1
CwHD6Fg-Mjs,@ChristopherCricketWallace,2
CwHD6Fg-Mjs,@Ctiwari22,1
CwHD6Fg-Mjs,@Darshan5566,1
CwHD6Fg-Mjs,@DeepakDhawan74,1
CwHD6Fg-Mjs,@Detonat0r,1
CwHD6Fg-Mjs,@Dev-fo8zt,1
CwHD6Fg-Mjs,@Dr.Ohms2024,1
CwHD6Fg-Mjs,@EimantasK,1
CwHD6Fg-Mjs,@Enekeen,1
CwHD6Fg-Mjs,@FloydDiamond,1
CwHD6Fg-Mjs,@GoingForAdventure,1
CwHD6Fg-Mjs,@HUDPlusApp,1
CwHD6Fg-Mjs,@Haiyain,1
CwHD6Fg-Mjs,@Hissecretobsession1,1
CwHD6Fg-Mjs,@India_glazer,1
CwHD6Fg-Mjs,@J.Prspktv,1
CwHD6Fg-Mjs,@JhdSf-e7n3g,1
CwHD6Fg-Mjs,@KingSleepytheCat,1
CwHD6Fg-Mjs,@KousGG,1
CwHD6Fg-Mjs,@LeoJ.L-w8j7n,1
CwHD6Fg-Mjs,@MarasinhamudiyanselageMudithak,1
CwHD6Fg-Mjs,@Max-fs5gc,1
CwHD6Fg-Mjs,@MdSifat-o9i6k,1
CwHD6Fg-Mjs,@MiddletonTechnologies,1
CwHD6Fg-Mjs,@MindGlitches404,2
CwHD6Fg-Mjs,@MrOnirr,1
CwHD6Fg-Mjs,@Mrtn_512,1
CwHD6Fg-Mjs,@NAHINASAJIB-z9e,1
CwHD6Fg-Mjs,@NatureandPeaceLover,1
CwHD6Fg-Mjs,@Nicolas-dj1qg,1
CwHD6Fg-Mjs,@OiVinn-eq1ml,1
CwHD6Fg-Mjs,@PBTejasvlogs,1
CwHD6Fg-Mjs,@PashasVirtualGlowHub,1
CwHD6Fg-Mjs,@PaulaLynnWhitaker,1
CwHD6Fg-Mjs,@PhantasmaMichael,1
CwHD6Fg-Mjs,@PriscaBaidoo-q5u,1
CwHD6Fg-Mjs,@QdotOled,1
CwHD6Fg-Mjs,@QuestionMartin,1
CwHD6Fg-Mjs,@RafaCMur,1
CwHD6Fg-Mjs,@Reed_0024,1
CwHD6Fg-Mjs,@Shadowmaster4580-ri6nt,1
CwHD6Fg-Mjs,@Shortformhd,1
CwHD6Fg-Mjs,@SilentGraph120,1
CwHD6Fg-Mjs,@SimplyExplainedDecoded,1
CwHD6Fg-Mjs,@StatelessChad,1
CwHD6Fg-Mjs,@SteepedInAnimalSauce,1
CwHD6Fg-Mjs,@StefTechSurfer,7
CwHD6Fg-Mjs,@Subcide,1
CwHD6Fg-Mjs,@SwapnilKumar-i4v,1
CwHD6Fg-Mjs,@TealBeretta,1
CwHD6Fg-Mjs,@Thcj-b9q,1
CwHD6Fg-Mjs,@TheCod3r,1
CwHD6Fg-Mjs,@TheMatt99_1,1
CwHD6Fg-Mjs,@TheUltimateGeminiHasSurvived,1
CwHD6Fg-Mjs,@ThienPham-kk5qu,1
CwHD6Fg-Mjs,@Thvdvgfdewas,1
CwHD6Fg-Mjs,@TiagoSouza-g5s,1
CwHD6Fg-Mjs,@TimothyBlankenship-ib9pm,1
CwHD6Fg-Mjs,@Tonyb-f4e,1
CwHD6Fg-Mjs,@TorIvanBoine,1
CwHD6Fg-Mjs,@UyuniBlanco,1
CwHD6Fg-Mjs,@WebDev781,1
CwHD6Fg-Mjs,@WildlifeBattleKingdoms-88,1
CwHD6Fg-Mjs,@WotanSkyFather,1
CwHD6Fg-Mjs,@YaaaaMannnnnnn,1
CwHD6Fg-Mjs,@_nickthered,1
CwHD6Fg-Mjs,@abdulqadir6416,1
CwHD6Fg-Mjs,@adhd.violet,1
CwHD6Fg-Mjs,@afailable,1
CwHD6Fg-Mjs,@alanfjesus,1
CwHD6Fg-Mjs,@allesgelingt,1
CwHD6Fg-Mjs,@alonzo995,1
CwHD6Fg-Mjs,@anantrao07,1
CwHD6Fg-Mjs,@andy_name,1
CwHD6Fg-Mjs,@angshurpitaganguly833,1
CwHD6Fg-Mjs,@apostolis_23,1
CwHD6Fg-Mjs,@appstuff6565,1
CwHD6Fg-Mjs,@aranthos,1
CwHD6Fg-Mjs,@askaristejano9564,1
CwHD6Fg-Mjs,@aspiral-tech,2
CwHD6Fg-Mjs,@astfr2,1
CwHD6Fg-Mjs,@backroaddispatch,1
CwHD6Fg-Mjs,@beck64,1
CwHD6Fg-Mjs,@beuncheated,1
CwHD6Fg-Mjs,@bighitsfootage,1
CwHD6Fg-Mjs,@bnjames-u4d,1
CwHD6Fg-Mjs,@calebmoyou7856,1
CwHD6Fg-Mjs,@caydenrgarrett,1
CwHD6Fg-Mjs,@centipedekid9824,2
CwHD6Fg-Mjs,@chrisderhacker1647,1
CwHD6Fg-Mjs,@chrismoseley4164,1
CwHD6Fg-Mjs,@contrast_zero,1
CwHD6Fg-Mjs,@daveanderson1489,1
CwHD6Fg-Mjs,@dg_dotnet9616,1
CwHD6Fg-Mjs,@dheerajkumarsoni24,1
CwHD6Fg-Mjs,@documentprogress,1
CwHD6Fg-Mjs,@donotdelay0,1
CwHD6Fg-Mjs,@doyourownresearch7297,1
CwHD6Fg-Mjs,@drewe9514,1
CwHD6Fg-Mjs,@driversteve9345,1
CwHD6Fg-Mjs,@dsonewa,1
CwHD6Fg-Mjs,@effortlessplug1963,1
CwHD6Fg-Mjs,@excellerateurbreath,1
CwHD6Fg-Mjs,@fernando-loula,1
CwHD6Fg-Mjs,@filiphannel7326,1
CwHD6Fg-Mjs,@firefox98213,1
CwHD6Fg-Mjs,@foreignwarren7361,1
CwHD6Fg-Mjs,@fra1635erevofm,1
CwHD6Fg-Mjs,@g00dchris,1
CwHD6Fg-Mjs,@gb5634,1
CwHD6Fg-Mjs,@gerardsk8ordie,1
CwHD6Fg-Mjs,@guitarchitectural,1
CwHD6Fg-Mjs,@hamzaabdirahman9703,1
CwHD6Fg-Mjs,@harshgupta1313,1
CwHD6Fg-Mjs,@iandifilippocure,1
CwHD6Fg-Mjs,@immo-arne,1
CwHD6Fg-Mjs,@itis141,1
CwHD6Fg-Mjs,@ivanivanov144,1
CwHD6Fg-Mjs,@jakfrescko,1
CwHD6Fg-Mjs,@jakoa3,1
CwHD6Fg-Mjs,@jeffhammerforteimpact,1
CwHD6Fg-Mjs,@jffiiicd,1
CwHD6Fg-Mjs,@jimmy_x557,1
CwHD6Fg-Mjs,@johnnygarcia6359,1
CwHD6Fg-Mjs,@johnnyrambone,1
CwHD6Fg-Mjs,@jordankendall86,1
CwHD6Fg-Mjs,@keyboardcaresser,1
CwHD6Fg-Mjs,@kimioapps3536,1
CwHD6Fg-Mjs,@lagunabeachoc,1
CwHD6Fg-Mjs,@laurenciomontes8052,1
CwHD6Fg-Mjs,@lavonnanewberger1542,1
CwHD6Fg-Mjs,@lostmeme9862,1
CwHD6Fg-Mjs,@lukemiles1711,1
CwHD6Fg-Mjs,@madhukarsomu,1
CwHD6Fg-Mjs,@magellan8449,1
CwHD6Fg-Mjs,@marekhrusovsky1397,1
CwHD6Fg-Mjs,@mattz1599,1
CwHD6Fg-Mjs,@minkwak9131,1
CwHD6Fg-Mjs,@mister-yuki-wfh,1
CwHD6Fg-Mjs,@moose217,1
CwHD6Fg-Mjs,@mthobisimhlungu6252,1
CwHD6Fg-Mjs,@mumbakayoba3082,1
CwHD6Fg-Mjs,@naturallydifferentbeats,1
CwHD6Fg-Mjs,@nazmulali-q1v,1
CwHD6Fg-Mjs,@negspaldonation,1
CwHD6Fg-Mjs,@nero1375,2
CwHD6Fg-Mjs,@nexovec,1
CwHD6Fg-Mjs,@nkhdj,1
CwHD6Fg-Mjs,@oregongreen969,3
CwHD6Fg-Mjs,@outclass3109,1
CwHD6Fg-Mjs,@phatnguyen1059,1
CwHD6Fg-Mjs,@pierrechelhot7592,1
CwHD6Fg-Mjs,@pipson-w1y,1
CwHD6Fg-Mjs,@pizmO_O,1
CwHD6Fg-Mjs,@popothebright,2
CwHD6Fg-Mjs,@prodigy1605,1
CwHD6Fg-Mjs,@psnts-5ao,1
CwHD6Fg-Mjs,@qstar5070,1
CwHD6Fg-Mjs,@randumb42069,1
CwHD6Fg-Mjs,@reddyfuzytech,1
CwHD6Fg-Mjs,@rodrigodiaz1321,1
CwHD6Fg-Mjs,@rubenb.molina6968,1
CwHD6Fg-Mjs,@ryanedwards8549,1
CwHD6Fg-Mjs,@s3renity1984,1
CwHD6Fg-Mjs,@salvadorrivera7606,1
CwHD6Fg-Mjs,@satthiru8133,1
CwHD6Fg-Mjs,@seaguyjs,1
CwHD6Fg-Mjs,@seansean7653,1
CwHD6Fg-Mjs,@sgaccioli,1
CwHD6Fg-Mjs,@silverslayer1321,1
CwHD6Fg-Mjs,@simonelion3903,1
CwHD6Fg-Mjs,@someone-vr6el,1
CwHD6Fg-Mjs,@spidboy42,1
CwHD6Fg-Mjs,@splitloopgaming3523,1
CwHD6Fg-Mjs,@sras1234,1
CwHD6Fg-Mjs,@sslainn,1
CwHD6Fg-Mjs,@starterstory,1
CwHD6Fg-Mjs,@swordsx48,1
CwHD6Fg-Mjs,@time2coffee9,1
CwHD6Fg-Mjs,@tkidd250,1
CwHD6Fg-Mjs,@tonytino139,1
CwHD6Fg-Mjs,@tradingconstellations,1
CwHD6Fg-Mjs,@txleads6020,1
CwHD6Fg-Mjs,@unboundace786,1
CwHD6Fg-Mjs,@usuariocelular8065,1
CwHD6Fg-Mjs,@victormorales8882,1
CwHD6Fg-Mjs,@vinnym8221,1
CwHD6Fg-Mjs,@vvil_hvn,1
CwHD6Fg-Mjs,@zfarooq915,1
CwHD6Fg-Mjs,@zubayer924,1
CwHD6Fg-Mjs,@ธนากรสมัครใชัย-ศ3ต,1
CwHD6Fg-Mjs,@พัธชาร์ฟ-ป8จ,1
CwHD6Fg-Mjs,@อัฟนันมะดาโอ๊ะ-ป9ฮ,1
DLP9CagE3dU,@-nishizumisan-,1
DLP9CagE3dU,@AlexanderGambaryan,1
DLP9CagE3dU,@Am5lu,1
DLP9CagE3dU,@Anting17,1
DLP9CagE3dU,@Apollo101A,1
DLP9CagE3dU,@Bradgilliswhammyman,2
DLP9CagE3dU,@Captainspamo,1
DLP9CagE3dU,@ChibuikeMaduabuchi,1
DLP9CagE3dU,@CowboyMatty-m33,1
DLP9CagE3dU,@GatoBombastic-o7o,1
DLP9CagE3dU,@Gift3d_Hands,1
DLP9CagE3dU,@JamesJohnson-q9m,1
DLP9CagE3dU,@JamesMansell,1
DLP9CagE3dU,@JoshuaCherwinski,1
DLP9CagE3dU,@MamadiDiawara-d2d,1
DLP9CagE3dU,@Markoss007,1
DLP9CagE3dU,@MocniSkopac,1
DLP9CagE3dU,@MrErick1160,1
DLP9CagE3dU,@NFSCsapat,1
DLP9CagE3dU,@PraneyBehl,1
DLP9CagE3dU,@RareTechniques,1
DLP9CagE3dU,@Ryvish,1
DLP9CagE3dU,@ShaneHolloman,1
DLP9CagE3dU,@ShoupDogg225,1
DLP9CagE3dU,@SideQuestSideQuest,2
DLP9CagE3dU,@SigmaShakeInc,1
DLP9CagE3dU,@SvensonGermany,1
DLP9CagE3dU,@TheTorchBearer-hk8ou,2
DLP9CagE3dU,@ThomasSandbag,1
DLP9CagE3dU,@WonBeenLee,3
DLP9CagE3dU,@Zargamox,1
DLP9CagE3dU,@a---------------,1
DLP9CagE3dU,@ahmadhaidirmusana,1
DLP9CagE3dU,@akademi1215,1
DLP9CagE3dU,@anthonycox4860,1
DLP9CagE3dU,@ashh3051,1
DLP9CagE3dU,@ashleigh3021,1
DLP9CagE3dU,@ashu1461,1
DLP9CagE3dU,@ateesdalejr,1
DLP9CagE3dU,@attila.szelei,1
DLP9CagE3dU,@ayushmanmukherjee6500,1
DLP9CagE3dU,@benjaminm.4044,1
DLP9CagE3dU,@bgtyhnmju7,1
DLP9CagE3dU,@bounaniang,1
DLP9CagE3dU,@brunocordista,1
DLP9CagE3dU,@byrnemeister2008,3
DLP9CagE3dU,@chidorirasenganz,2
DLP9CagE3dU,@comedy-v3d9u,1
DLP9CagE3dU,@comradejones,3
DLP9CagE3dU,@costel13112002,1
DLP9CagE3dU,@crinklyink,4
DLP9CagE3dU,@dalec2274,1
DLP9CagE3dU,@daveinpublic,1
DLP9CagE3dU,@davidrichardson3573,3
DLP9CagE3dU,@foabodo,1
DLP9CagE3dU,@francisco444,2
DLP9CagE3dU,@frankhuang7788,1
DLP9CagE3dU,@gwigiefqefjugb,1
DLP9CagE3dU,@hugohickman7694,2
DLP9CagE3dU,@jbond5834,1
DLP9CagE3dU,@kenshiman90,1
DLP9CagE3dU,@kraz007,1
DLP9CagE3dU,@lairny,1
DLP9CagE3dU,@lopa-wt7eg,1
DLP9CagE3dU,@lost7720,1
DLP9CagE3dU,@ludolfklenke638,1
DLP9CagE3dU,@makinganoise6028,2
DLP9CagE3dU,@mhnoni,1
DLP9CagE3dU,@micbab-vg2mu,1
DLP9CagE3dU,@nelsonndahiro6115,1
DLP9CagE3dU,@nibtreak5308,1
DLP9CagE3dU,@ninot2323,1
DLP9CagE3dU,@quantumduskecho,1
DLP9CagE3dU,@ritikkarma1405,1
DLP9CagE3dU,@rsbluesky,1
DLP9CagE3dU,@rudejudas0,1
DLP9CagE3dU,@sebuzdugan,1
DLP9CagE3dU,@strawberriesandcum,1
DLP9CagE3dU,@thungo185,1
DLP9CagE3dU,@usivaguru9150,1
DLP9CagE3dU,@wisetour4ever,1
DLP9CagE3dU,@zedmouse,1
D_FCYsshMI4,@2318291,2
D_FCYsshMI4,@A-R-V,1
D_FCYsshMI4,@AdamSmaka-o8p,1
D_FCYsshMI4,@AlphaTechFinance,1
D_FCYsshMI4,@AmanpreetSinghCHD,1
D_FCYsshMI4,@ArtificialWinter-q3q,1
D_FCYsshMI4,@Brando-SHOT-Marketing,1
D_FCYsshMI4,@CErixsson,1
D_FCYsshMI4,@CNBARC24,1
D_FCYsshMI4,@CasualTortoise,1
D_FCYsshMI4,@Chris-se3nc,1
D_FCYsshMI4,@Cr7pt0r,1
D_FCYsshMI4,@Credit4u,1
D_FCYsshMI4,@CyberIntent,2
D_FCYsshMI4,@DG-uv3zw,1
D_FCYsshMI4,@Daniel-y5m1l,1
D_FCYsshMI4,@Dasindance,2
D_FCYsshMI4,@DavidHeinze-e7l,1
D_FCYsshMI4,@Devrue,1
D_FCYsshMI4,@DouglasThompson_Profile,1
D_FCYsshMI4,@DownTheBarrelOfaGun,1
D_FCYsshMI4,@Earzone63,1
D_FCYsshMI4,@Frexuz,1
D_FCYsshMI4,@FutureStatesWithIkem,1
D_FCYsshMI4,@GHOSTGRAVES1,1
D_FCYsshMI4,@Hitaka_,1
D_FCYsshMI4,@HpNoTiZd,1
D_FCYsshMI4,@IanJoseph-t3m,1
D_FCYsshMI4,@ImOnAGoat91,1
D_FCYsshMI4,@JackPan-w1j8e,1
D_FCYsshMI4,@JohnSmith762A11B,1
D_FCYsshMI4,@JoshuaDMugayi,1
D_FCYsshMI4,@JulianFernandez,1
D_FCYsshMI4,@KageBlink,1
D_FCYsshMI4,@Kvx97,1
D_FCYsshMI4,@KyivanSovereign,1
D_FCYsshMI4,@LaughLogicTV,1
D_FCYsshMI4,@LeSchurke,1
D_FCYsshMI4,@LeesLab-l2d,1
D_FCYsshMI4,@Lightwalker97,1
D_FCYsshMI4,@MaheshPatil-lr7wv,1
D_FCYsshMI4,@Malestani24,1
D_FCYsshMI4,@Marconi.Estates-m5j,1
D_FCYsshMI4,@MaxDontStack,1
D_FCYsshMI4,@Merkin63e,1
D_FCYsshMI4,@MichaelBriggs3,1
D_FCYsshMI4,@MisterK-YT,2
D_FCYsshMI4,@Mlandi-y3i,1
D_FCYsshMI4,@Mr.MuhammedQassim,1
D_FCYsshMI4,@MrErick1160,1
D_FCYsshMI4,@MrSinghExperience,1
D_FCYsshMI4,@Mrtom40,1
D_FCYsshMI4,@Mwesigebenjaminkabuye,1
D_FCYsshMI4,@NTXGab,1
D_FCYsshMI4,@NeuroDailyGo,1
D_FCYsshMI4,@Nifty-Stuff,1
D_FCYsshMI4,@NncFactsss,5
D_FCYsshMI4,@ODEI_ai,1
D_FCYsshMI4,@OlegShulyakov,1
D_FCYsshMI4,@OleksiiGVS,1
D_FCYsshMI4,@PhiRectangle,1
D_FCYsshMI4,@PuffingOnClouds,1
D_FCYsshMI4,@QuantumlyImmortal,1
D_FCYsshMI4,@RiteshMahatme-f9u,1
D_FCYsshMI4,@RobooHood,1
D_FCYsshMI4,@SamuelAdjabeng-j3v,2
D_FCYsshMI4,@SauravTiru,1
D_FCYsshMI4,@Screenload,1
D_FCYsshMI4,@ShaunRoselt,1
D_FCYsshMI4,@SimonSzxcv,1
D_FCYsshMI4,@SolutionsUnboxed,1
D_FCYsshMI4,@SonicRealmGaming,2
D_FCYsshMI4,@SpeakTruth318,1
D_FCYsshMI4,@StijnGrol,1
D_FCYsshMI4,@TeusãoeMotivação,1
D_FCYsshMI4,@TheGuillotineKing,1
D_FCYsshMI4,@TorStation-c8z,1
D_FCYsshMI4,@Under5Tech,1
D_FCYsshMI4,@Vamusic702,1
D_FCYsshMI4,@WKeepit100,1
D_FCYsshMI4,@YeneSpace,1
D_FCYsshMI4,@YükselToprak-r9y,1
D_FCYsshMI4,@ZachFogg,1
D_FCYsshMI4,@adrianfam8098,1
D_FCYsshMI4,@ahmadhaidirmusana,1
D_FCYsshMI4,@alexanderj4545,1
D_FCYsshMI4,@alfredthemagician3528,1
D_FCYsshMI4,@alignedweb,1
D_FCYsshMI4,@amjhedd,1
D_FCYsshMI4,@andreaskrbyravn855,1
D_FCYsshMI4,@aryanharitsa3068,2
D_FCYsshMI4,@askingwhy123,1
D_FCYsshMI4,@astromikael,1
D_FCYsshMI4,@azeem_desu,1
D_FCYsshMI4,@azouzi8968,2
D_FCYsshMI4,@brainfragrances,1
D_FCYsshMI4,@cefran-cq6ro,1
D_FCYsshMI4,@coomer96,1
D_FCYsshMI4,@courtmanr,1
D_FCYsshMI4,@cucciolo182,1
D_FCYsshMI4,@d3stroyah,1
D_FCYsshMI4,@danielelkadi3499,1
D_FCYsshMI4,@danielpgreen,1
D_FCYsshMI4,@danjelqose,1
D_FCYsshMI4,@davidpicknell7470,1
D_FCYsshMI4,@deadlypalms,1
D_FCYsshMI4,@dennislindstrom8155,1
D_FCYsshMI4,@dirtpixel5777,1
D_FCYsshMI4,@doganddev_funs,1
D_FCYsshMI4,@duytdl,1
D_FCYsshMI4,@egezonbaruti,1
D_FCYsshMI4,@existentialnuance-wp7lt,1
D_FCYsshMI4,@eyesofatiger1,1
D_FCYsshMI4,@finalfan321,1
D_FCYsshMI4,@fireispure,1
D_FCYsshMI4,@florsheimestablished2796,1
D_FCYsshMI4,@frankywright,1
D_FCYsshMI4,@gamlehaugan,1
D_FCYsshMI4,@gerrylistudio,1
D_FCYsshMI4,@gibblsworthiscool,1
D_FCYsshMI4,@gpligor,1
D_FCYsshMI4,@happiness-outdoors,1
D_FCYsshMI4,@hermanninpelle,1
D_FCYsshMI4,@ht1238,1
D_FCYsshMI4,@iandrake4683,1
D_FCYsshMI4,@iks8622,1
D_FCYsshMI4,@isaacmujuni5196,1
D_FCYsshMI4,@itssathyatalks3996,1
D_FCYsshMI4,@jacksonperry6788,1
D_FCYsshMI4,@jbond5834,1
D_FCYsshMI4,@justachannelforwatching,1
D_FCYsshMI4,@kajsing,1
D_FCYsshMI4,@kckprens,1
D_FCYsshMI4,@kevinhalle5017,1
D_FCYsshMI4,@kivatinos,1
D_FCYsshMI4,@l33tmagepk6,1
D_FCYsshMI4,@lavericklavericklave,2
D_FCYsshMI4,@leonif1,1
D_FCYsshMI4,@linowirag8494,1
D_FCYsshMI4,@luffytaro-tg1gm,1
D_FCYsshMI4,@marco6993,1
D_FCYsshMI4,@marcpanther8515,1
D_FCYsshMI4,@michaelbuddy,1
D_FCYsshMI4,@mingxiu-ee6px,1
D_FCYsshMI4,@mohsine87,1
D_FCYsshMI4,@monmo4529,1
D_FCYsshMI4,@movi91,1
D_FCYsshMI4,@nguyenan8302,1
D_FCYsshMI4,@nicomusk695,1
D_FCYsshMI4,@nobodi123,1
D_FCYsshMI4,@nonameman2006,1
D_FCYsshMI4,@ogshotcallerz,1
D_FCYsshMI4,@orangehatmusic225,1
D_FCYsshMI4,@otuken79,1
D_FCYsshMI4,@parzival123,1
D_FCYsshMI4,@peterweilant6600,1
D_FCYsshMI4,@phpn99,2
D_FCYsshMI4,@piemasta93,1
D_FCYsshMI4,@piorewrzece,1
D_FCYsshMI4,@rachelnocode,1
D_FCYsshMI4,@rajbose148,1
D_FCYsshMI4,@randomcontrol,1
D_FCYsshMI4,@rbr951,1
D_FCYsshMI4,@reubenroy,1
D_FCYsshMI4,@riccardomusmeci4565,1
D_FCYsshMI4,@rish8917,1
D_FCYsshMI4,@robertoventura7974,1
D_FCYsshMI4,@rubensepulveda8830,1
D_FCYsshMI4,@rudejudas0,1
D_FCYsshMI4,@sanatani_bengaliGuy,1
D_FCYsshMI4,@satriasuria877,1
D_FCYsshMI4,@silsigan,1
D_FCYsshMI4,@smealson1919,1
D_FCYsshMI4,@sorapala,1
D_FCYsshMI4,@soulspirit86,1
D_FCYsshMI4,@starverzdesign2632,1
D_FCYsshMI4,@stefanhansen5882,1
D_FCYsshMI4,@sujaan.,1
D_FCYsshMI4,@sweetmoment8196,1
D_FCYsshMI4,@theTeslak,1
D_FCYsshMI4,@tokkyor,1
D_FCYsshMI4,@tomeller22,1
D_FCYsshMI4,@urkururear,1
D_FCYsshMI4,@usivaguru9150,1
D_FCYsshMI4,@valuemastery,1
D_FCYsshMI4,@w9ca,1
D_FCYsshMI4,@wffff2,1
D_FCYsshMI4,@wildwoodweddingfilms,1
D_FCYsshMI4,@williamscott-x2l,1
D_FCYsshMI4,@willywalter6366,1
D_FCYsshMI4,@wormjuice7772,1
D_FCYsshMI4,@xKarmaYT,1
D_FCYsshMI4,@xdamos,1
D_FCYsshMI4,@yoavgoldenberg8543,1
D_FCYsshMI4,@yueyu1338,1
D_FCYsshMI4,@ДмитрийДобудько-ь9й,1
D_FCYsshMI4,@제로콜라-d6y,1
EH5jx5qPabU,@1ireneaustin,2
EH5jx5qPabU,@AIsmarttech2026,1
EH5jx5qPabU,@AKINYILMAZOKYANUSI,1
EH5jx5qPabU,@ALERTGAMING420,1
EH5jx5qPabU,@AS-gp1zs,1
EH5jx5qPabU,@AbdiBooye,1
EH5jx5qPabU,@AblexDad,1
EH5jx5qPabU,@Aitechbro45,1
EH5jx5qPabU,@AliEskandari-n2v9n,1
EH5jx5qPabU,@AllinOneAPIBelowOfficialPrices,1
EH5jx5qPabU,@AlokKumar-q9l6q,1
EH5jx5qPabU,@AlwaniAkber,1
EH5jx5qPabU,@AnilSharma-sg4qw,1
EH5jx5qPabU,@AnuragChoudhary-n6t,1
EH5jx5qPabU,@AschenkdamtieAlayu,1
EH5jx5qPabU,@AuroraGazer,1
EH5jx5qPabU,@B58FAST,1
EH5jx5qPabU,@BTCOutlaw,1
EH5jx5qPabU,@Bana-ie2eg,1
EH5jx5qPabU,@BerthinMbola,1
EH5jx5qPabU,@CC-jy4gr,1
EH5jx5qPabU,@COLORPAPER,1
EH5jx5qPabU,@CRMInfusion,1
EH5jx5qPabU,@CenterinChrist,3
EH5jx5qPabU,@Chemvision-rl1yh,1
EH5jx5qPabU,@ChristianVMN,1
EH5jx5qPabU,@Coodiasha,1
EH5jx5qPabU,@DEB-x4f5d,1
EH5jx5qPabU,@DK_TheRed,1
EH5jx5qPabU,@DaoTau,1
EH5jx5qPabU,@DavvagTechTalks,1
EH5jx5qPabU,@DevanshAhuja-x7y4q,1
EH5jx5qPabU,@Dipanshu_Phougat123,1
EH5jx5qPabU,@Donhector1982,1
EH5jx5qPabU,@EleryDavid,1
EH5jx5qPabU,@Entrext-i1b,2
EH5jx5qPabU,@EvoPortal,1
EH5jx5qPabU,@FalanaDhukanaplasticsim,1
EH5jx5qPabU,@FinancialFuel7,1
EH5jx5qPabU,@FlashBureau,1
EH5jx5qPabU,@GajjarVishal-x3c,1
EH5jx5qPabU,@George-xh1ti,1
EH5jx5qPabU,@Gkoodle,1
EH5jx5qPabU,@GovindPaswan1,1
EH5jx5qPabU,@GuilhermeBrumDutra,1
EH5jx5qPabU,@Halosniper9895,1
EH5jx5qPabU,@Hasratzahra-x4t,1
EH5jx5qPabU,@Heatseaker2011,1
EH5jx5qPabU,@HitokiriJorvis,1
EH5jx5qPabU,@IndianaDoug,1
EH5jx5qPabU,@Its_milkchocholatepeanut,1
EH5jx5qPabU,@J3wlz24,1
EH5jx5qPabU,@Jae-x6j,1
EH5jx5qPabU,@JaneHarrison-l3x,1
EH5jx5qPabU,@JinaneKarhaniRawda,1
EH5jx5qPabU,@JocelynPilapil-r7p,1
EH5jx5qPabU,@JohannesLopes-c8j,1
EH5jx5qPabU,@JohnRestrepo-bo9lf,1
EH5jx5qPabU,@JoshuaSofoluwe,1
EH5jx5qPabU,@Juan_Nighty,1
EH5jx5qPabU,@KediboneMolehabangwe,1
EH5jx5qPabU,@KisameSempai,1
EH5jx5qPabU,@Lail1Lail1-o7f,1
EH5jx5qPabU,@LonelySwartz,1
EH5jx5qPabU,@LynneBrown-j8i5i,1
EH5jx5qPabU,@MHLee168,1
EH5jx5qPabU,@MachinedInWood,1
EH5jx5qPabU,@ManishKumar-vm4zq,1
EH5jx5qPabU,@MarttinCrypto,1
EH5jx5qPabU,@MartyJNW3.14,1
EH5jx5qPabU,@MdRijwanAnsari-pq3uq,1
EH5jx5qPabU,@MoheesBany,1
EH5jx5qPabU,@MoneysmartREAL,1
EH5jx5qPabU,@MrPremsir,1
EH5jx5qPabU,@MrWhiteKeys1,1
EH5jx5qPabU,@NaijaTransformHub,1
EH5jx5qPabU,@NatukundaSusan-y8j,1
EH5jx5qPabU,@NatureGate-f6d3h,1
EH5jx5qPabU,@Neeshkarall,1
EH5jx5qPabU,@NikB20,1
EH5jx5qPabU,@Omidism1,1
EH5jx5qPabU,@Ozzio18753,1
EH5jx5qPabU,@PantelisKokkalis,1
EH5jx5qPabU,@QuranicGuidance-571,1
EH5jx5qPabU,@RONY-PRINCE,1
EH5jx5qPabU,@Rahulnayaka566,1
EH5jx5qPabU,@Ricouncharted,1
EH5jx5qPabU,@RideLow,1
EH5jx5qPabU,@SPISheste,1
EH5jx5qPabU,@STEPPESTEP,1
EH5jx5qPabU,@Salmanebentmouchi,1
EH5jx5qPabU,@Sankit-n8t,1
EH5jx5qPabU,@Secret4us,1
EH5jx5qPabU,@ShadoPantherOfficial,1
EH5jx5qPabU,@SilvioCrnički,1
EH5jx5qPabU,@SmartEdge_Circle,1
EH5jx5qPabU,@Sofiehuii,1
EH5jx5qPabU,@Sozy88-h3x,1
EH5jx5qPabU,@StewartGartland,1
EH5jx5qPabU,@TahirTravels,1
EH5jx5qPabU,@TheIcecoldorange,1
EH5jx5qPabU,@Thedavidk,1
EH5jx5qPabU,@TomShelby-x8j,1
EH5jx5qPabU,@TyronGyde,1
EH5jx5qPabU,@Uknowuknowtt,1
EH5jx5qPabU,@UmarBagwan-p9d,1
EH5jx5qPabU,@UzierAbbasi-m1x,1
EH5jx5qPabU,@Vantage-Phantom,1
EH5jx5qPabU,@VikramVasava-y9s,1
EH5jx5qPabU,@Vucicmlohavagnjidaizdajnicka,1
EH5jx5qPabU,@Whitecriminalgamer,1
EH5jx5qPabU,@YourHappiness-v8f4e,1
EH5jx5qPabU,@a.w.i3138,1
EH5jx5qPabU,@agurciajack,1
EH5jx5qPabU,@ahmadaaa-xf7eh,1
EH5jx5qPabU,@aiorbitlab-d5u,1
EH5jx5qPabU,@alanbsmollett,1
EH5jx5qPabU,@anonymousonez,1
EH5jx5qPabU,@anzeplantan5216,1
EH5jx5qPabU,@athar786100,1
EH5jx5qPabU,@awesomenesswuhu,1
EH5jx5qPabU,@benvel2302,1
EH5jx5qPabU,@bettyberabose9771,1
EH5jx5qPabU,@bhabenpathak1111,1
EH5jx5qPabU,@bharadwajabhijit,1
EH5jx5qPabU,@bigbthesoulcrackerband1614,1
EH5jx5qPabU,@boochy_glamour,1
EH5jx5qPabU,@brade7951,1
EH5jx5qPabU,@camilogyllback7193,1
EH5jx5qPabU,@carolinadauria3384,1
EH5jx5qPabU,@chrisvanart,1
EH5jx5qPabU,@ciro9951,1
EH5jx5qPabU,@commiezombie2477,1
EH5jx5qPabU,@danbrymo9,1
EH5jx5qPabU,@daniel84fcporto,1
EH5jx5qPabU,@darthychannel,1
EH5jx5qPabU,@decodinglife,1
EH5jx5qPabU,@dpeezy615_Derrick,1
EH5jx5qPabU,@eXplodeYourRealEstateCareer,1
EH5jx5qPabU,@edkaempf906,1
EH5jx5qPabU,@ethanmartin1481,1
EH5jx5qPabU,@felixong,1
EH5jx5qPabU,@fieldjx,1
EH5jx5qPabU,@frankem-q4k,1
EH5jx5qPabU,@futurepedia_io,1
EH5jx5qPabU,@gauthaP,1
EH5jx5qPabU,@gdahlman,1
EH5jx5qPabU,@helmshardover,2
EH5jx5qPabU,@howcomeitnotcome,1
EH5jx5qPabU,@ibellaciao,1
EH5jx5qPabU,@inlukeslens,1
EH5jx5qPabU,@ismyalak1419,1
EH5jx5qPabU,@jairmarin,1
EH5jx5qPabU,@janessa6761,1
EH5jx5qPabU,@jelcroospockt,1
EH5jx5qPabU,@joytekb,1
EH5jx5qPabU,@justprogrammer123,1
EH5jx5qPabU,@karimportfolio3137,1
EH5jx5qPabU,@kennethbattaglia2994,1
EH5jx5qPabU,@kreeyadesignofficial,1
EH5jx5qPabU,@kristala-k8e,1
EH5jx5qPabU,@ladyjeynd8166,1
EH5jx5qPabU,@limacom,1
EH5jx5qPabU,@lioruzan2048,1
EH5jx5qPabU,@lorenzobenjamin6579,1
EH5jx5qPabU,@magendavid7,1
EH5jx5qPabU,@malikgatdula18,1
EH5jx5qPabU,@manamimran-m5i,1
EH5jx5qPabU,@mashmash80,1
EH5jx5qPabU,@mazobakry,1
EH5jx5qPabU,@mensb1936,1
EH5jx5qPabU,@messengerministries2253,1
EH5jx5qPabU,@mindslabtv8,1
EH5jx5qPabU,@mr_fitswell,1
EH5jx5qPabU,@mytauruslifestyle,1
EH5jx5qPabU,@naeemulhasan1817,1
EH5jx5qPabU,@nagendra1818,1
EH5jx5qPabU,@nicoVH5150,1
EH5jx5qPabU,@notorioustofu,1
EH5jx5qPabU,@oblivionsmoke,1
EH5jx5qPabU,@okothdavid6403,1
EH5jx5qPabU,@oldtjikko789,1
EH5jx5qPabU,@paparaoveeragandham284,1
EH5jx5qPabU,@patriciacornejo9668,1
EH5jx5qPabU,@qwesigeezy696,1
EH5jx5qPabU,@rajkumar-v7q4f,1
EH5jx5qPabU,@rathodsanjay1929,1
EH5jx5qPabU,@realJohnJohn,1
EH5jx5qPabU,@realrishal,1
EH5jx5qPabU,@rickyhawkins,1
EH5jx5qPabU,@rock4115,1
EH5jx5qPabU,@romanticlovely8904,1
EH5jx5qPabU,@saheedazeez4483,1
EH5jx5qPabU,@salimren169,1
EH5jx5qPabU,@sandeepkota4185,1
EH5jx5qPabU,@scaresandsparks,1
EH5jx5qPabU,@schoggi-k,1
EH5jx5qPabU,@shahilparmar08,1
EH5jx5qPabU,@sosaismary,1
EH5jx5qPabU,@swarnadyutisarkar7614,1
EH5jx5qPabU,@t.stories.daynnight,1
EH5jx5qPabU,@tanishkff1,1
EH5jx5qPabU,@tapandey938,1
EH5jx5qPabU,@tarakolawole6409,1
EH5jx5qPabU,@td8269,1
EH5jx5qPabU,@terencehernandez9646,1
EH5jx5qPabU,@thelouismai,1
EH5jx5qPabU,@tonybodlovic5825,1
EH5jx5qPabU,@valentinavalentine8188,1
EH5jx5qPabU,@weinerblut6869,1
EH5jx5qPabU,@yalmazaseel6681,1
EH5jx5qPabU,@ناصرجرادات-ق6د,1
EJX9Ckqt0YU,@Brice21,1
EJX9Ckqt0YU,@Jashnaldo155,2
EJX9Ckqt0YU,@Kirizan,1
EJX9Ckqt0YU,@Kris-to7vh,2
EJX9Ckqt0YU,@Nick-sz7fs,1
EJX9Ckqt0YU,@Philicr235,1
EJX9Ckqt0YU,@TheSaddlePaddle,1
EJX9Ckqt0YU,@YourAverageTechBro,3
EJX9Ckqt0YU,@asit108,1
EJX9Ckqt0YU,@bhomikpilkhwal,1
EJX9Ckqt0YU,@buildsNbytes,1
EJX9Ckqt0YU,@bysahana,1
EJX9Ckqt0YU,@charliebholtz,2
EJX9Ckqt0YU,@divyanshudn,1
EJX9Ckqt0YU,@illia_user,1
EJX9Ckqt0YU,@jacktabomb,1
EJX9Ckqt0YU,@nandans2506,1
EJX9Ckqt0YU,@nmead33,1
EJX9Ckqt0YU,@pablo-1139,1
EJX9Ckqt0YU,@randomshortsxd-l5h,1
EJX9Ckqt0YU,@thepixelworld3025,1
EJX9Ckqt0YU,@victorboittiaux4990,1
ElYxdpYi4U0,@Ev3ryBodyGets1-o4o,1
ElYxdpYi4U0,@GeobotPY,1
ElYxdpYi4U0,@PrivacyProfessionalTraining,1
ElYxdpYi4U0,@ThePatriotPirate,1
ElYxdpYi4U0,@Zolem-i7o,1
ElYxdpYi4U0,@claytonhinkle5468,3
ElYxdpYi4U0,@elpepelucho,1
ElYxdpYi4U0,@leondbleondb,1
ElYxdpYi4U0,@maximillian000,1
ElYxdpYi4U0,@nerios.v,1
ElYxdpYi4U0,@nwokobia,1
ElYxdpYi4U0,@obada_al-hamwi,1
ElYxdpYi4U0,@priitraag,1
ElYxdpYi4U0,@ricardoasueiras,1
ElYxdpYi4U0,@sofianlak,1
ElYxdpYi4U0,@zenvanriel,6
ElYxdpYi4U0,@ислям-з7б,1
EwVs3O2Zm6I,@222CP,1
EwVs3O2Zm6I,@ClainPlays,1
EwVs3O2Zm6I,@DarrellParkhouse-i2u,1
EwVs3O2Zm6I,@Gavin_1992,1
EwVs3O2Zm6I,@LorenzoDecaria,1
EwVs3O2Zm6I,@ManaratAl3ilm,1
EwVs3O2Zm6I,@ShouGanaiShouGanai,1
EwVs3O2Zm6I,@TonimusicEstúdio,1
EwVs3O2Zm6I,@ahmedkasmi7194,1
EwVs3O2Zm6I,@atc12138,1
EwVs3O2Zm6I,@attribute-4677,2
EwVs3O2Zm6I,@avonzo,1
EwVs3O2Zm6I,@b_online_916,1
EwVs3O2Zm6I,@baqirnekfar-tm8iw,1
EwVs3O2Zm6I,@beingmyself3706,1
EwVs3O2Zm6I,@bouamarelouahhabi9525,1
EwVs3O2Zm6I,@chavier09,1
EwVs3O2Zm6I,@darkwzrd00,1
EwVs3O2Zm6I,@demdimi9316,1
EwVs3O2Zm6I,@enriquevelezbravo9791,1
EwVs3O2Zm6I,@ginocarosela6463,1
EwVs3O2Zm6I,@imjoeybone1156,1
EwVs3O2Zm6I,@josejavier19,1
EwVs3O2Zm6I,@kazakx,1
EwVs3O2Zm6I,@krumjahn,5
EwVs3O2Zm6I,@kyletran25,1
EwVs3O2Zm6I,@luziela.dugart6987,1
EwVs3O2Zm6I,@madagascarchronicles,1
EwVs3O2Zm6I,@meirgoldenberg5638,2
EwVs3O2Zm6I,@monika1las,1
EwVs3O2Zm6I,@rajusri1896,1
EwVs3O2Zm6I,@richard2845,1
EwVs3O2Zm6I,@sergioduque94,1
EwVs3O2Zm6I,@sigaar-dev,1
EwVs3O2Zm6I,@slowtyper95,1
EwVs3O2Zm6I,@softwarephil1709,1
EwVs3O2Zm6I,@somestay07,1
EwVs3O2Zm6I,@stephenc1911,1
EwVs3O2Zm6I,@user20923,1
EwVs3O2Zm6I,@weltbestevideos,4
EwVs3O2Zm6I,@zviriko6850,1
FwOTs4UxQS4,@1mindclips,1
FwOTs4UxQS4,@808chevykev,1
FwOTs4UxQS4,@ACPLQLE,1
FwOTs4UxQS4,@ADAMOLOGY,1
FwOTs4UxQS4,@AIArchitect95,1
FwOTs4UxQS4,@AIMasterClassPro-z2q,1
FwOTs4UxQS4,@AINutsAndBerries,1
FwOTs4UxQS4,@Aadhya_feats,1
FwOTs4UxQS4,@AblexDad,1
FwOTs4UxQS4,@AdrianPraljak,1
FwOTs4UxQS4,@Agentic-Movers,1
FwOTs4UxQS4,@AhmedAbdulsalam-q2n,1
FwOTs4UxQS4,@AtomDotMe,1
FwOTs4UxQS4,@AustinJames-u4k,1
FwOTs4UxQS4,@BexposGsqueak,1
FwOTs4UxQS4,@BigRedShooter,1
FwOTs4UxQS4,@BillyLarryDojo,1
FwOTs4UxQS4,@BogoshJeni,1
FwOTs4UxQS4,@CC-jy4gr,1
FwOTs4UxQS4,@Coachfaithtransforms,1
FwOTs4UxQS4,@Cristishor201,1
FwOTs4UxQS4,@DKBLive,1
FwOTs4UxQS4,@Davesivak,1
FwOTs4UxQS4,@David-f6p6d,1
FwOTs4UxQS4,@David-jr9gx,1
FwOTs4UxQS4,@DavidC-adviceontheway,2
FwOTs4UxQS4,@DavidChester-u6q,1
FwOTs4UxQS4,@DavvagTechTalks,2
FwOTs4UxQS4,@DianaRM-i1w5f,1
FwOTs4UxQS4,@Dominus_Potatus,1
FwOTs4UxQS4,@DorcasButler-s6g,1
FwOTs4UxQS4,@DragosMatei-t2g,1
FwOTs4UxQS4,@DrewNotAndrew2,1
FwOTs4UxQS4,@DuyênPhan-r9k,1
FwOTs4UxQS4,@EntreConvrsas,1
FwOTs4UxQS4,@FaithFinanceMath2,1
FwOTs4UxQS4,@FilipinaExecutiveAssistant,1
FwOTs4UxQS4,@GeminiAir,1
FwOTs4UxQS4,@Goose1594,1
FwOTs4UxQS4,@GrowingThroughWithJodey,1
FwOTs4UxQS4,@Gundamandwa3hammercrazyfan,1
FwOTs4UxQS4,@Halosniper9895,1
FwOTs4UxQS4,@Hasan-po6ud,1
FwOTs4UxQS4,@Irshadba99,1
FwOTs4UxQS4,@Isaac_aviles,1
FwOTs4UxQS4,@Itanshi-e5s,13
FwOTs4UxQS4,@JKCOfficial08,1
FwOTs4UxQS4,@Jacqueline_Schklar,2
FwOTs4UxQS4,@JeffSu,64
FwOTs4UxQS4,@JerilNadar-ey3sj,1
FwOTs4UxQS4,@JordanDawbe,1
FwOTs4UxQS4,@JoyJitu-vv6kv,1
FwOTs4UxQS4,@KVKAutomates,1
FwOTs4UxQS4,@Kelly-CH39,1
FwOTs4UxQS4,@Ken1912-w1y,1
FwOTs4UxQS4,@KerenSolomon,1
FwOTs4UxQS4,@Kirstel,1
FwOTs4UxQS4,@LearnAboutBit,1
FwOTs4UxQS4,@LearnWithSaiEnglish,1
FwOTs4UxQS4,@LifeInspirations197,1
FwOTs4UxQS4,@MHLee168,1
FwOTs4UxQS4,@MJLeeee,1
FwOTs4UxQS4,@MariuszAdach,1
FwOTs4UxQS4,@Matoflow23,1
FwOTs4UxQS4,@MrHaridev,1
FwOTs4UxQS4,@NeilKohli,1
FwOTs4UxQS4,@NeoDon1,1
FwOTs4UxQS4,@NiceSaRose,1
FwOTs4UxQS4,@Nugan4d,1
FwOTs4UxQS4,@Olexandr____,1
FwOTs4UxQS4,@OrjiEmmanuel-g5q,1
FwOTs4UxQS4,@PauliinaSvanholm,1
FwOTs4UxQS4,@PlaylistNumero1,1
FwOTs4UxQS4,@RalucaMMihai,1
FwOTs4UxQS4,@RamaniSingh-l6p,2
FwOTs4UxQS4,@RealOperatorLab,1
FwOTs4UxQS4,@RobertoMartinez-c7s,1
FwOTs4UxQS4,@RockyT4114,1
FwOTs4UxQS4,@STripps,1
FwOTs4UxQS4,@Scoop-Analytics,1
FwOTs4UxQS4,@ShalomSho,1
FwOTs4UxQS4,@Sheidraam,1
FwOTs4UxQS4,@ShivaniRaje-t3x,1
FwOTs4UxQS4,@SikinaWalia,1
FwOTs4UxQS4,@Slaptile,1
FwOTs4UxQS4,@Speech2_Text,1
FwOTs4UxQS4,@SpinDriftTheory,2
FwOTs4UxQS4,@SteffanDalsgaard,1
FwOTs4UxQS4,@StreetSmartBusiness,1
FwOTs4UxQS4,@Suzyswizy,1
FwOTs4UxQS4,@TET2005,1
FwOTs4UxQS4,@The4thofDiamonds,1
FwOTs4UxQS4,@TheAIEdge-n9j,1
FwOTs4UxQS4,@TheMrdhyde,1
FwOTs4UxQS4,@TheWiderLedger,1
FwOTs4UxQS4,@ThesisAI,1
FwOTs4UxQS4,@ThiBinhTran-s9u,1
FwOTs4UxQS4,@Tony-w6n3q,1
FwOTs4UxQS4,@TristanAnderson-g1g,1
FwOTs4UxQS4,@UmarRashid-l9f,1
FwOTs4UxQS4,@UnchainedSky,1
FwOTs4UxQS4,@UnicornFigurine,1
FwOTs4UxQS4,@VeronicaSamuel-l8h,1
FwOTs4UxQS4,@VerseEz,1
FwOTs4UxQS4,@Vorg-n5z,1
FwOTs4UxQS4,@WarOrdersAndKittens444,1
FwOTs4UxQS4,@WażneRzeczy,2
FwOTs4UxQS4,@YOURBoiAlex123,1
FwOTs4UxQS4,@Yaraa_AI,2
FwOTs4UxQS4,@a2zin125,1
FwOTs4UxQS4,@abh-sc,1
FwOTs4UxQS4,@activex7327,1
FwOTs4UxQS4,@adammorocz1975,1
FwOTs4UxQS4,@aguilarvarsovian,1
FwOTs4UxQS4,@ahoh3214,1
FwOTs4UxQS4,@aishwaryarao7462,1
FwOTs4UxQS4,@akashgillella,1
FwOTs4UxQS4,@alexanderrehmer9891,1
FwOTs4UxQS4,@aliensamongus9092,1
FwOTs4UxQS4,@amills5555,1
FwOTs4UxQS4,@amruthamy8879,1
FwOTs4UxQS4,@anadaliachadel6992,1
FwOTs4UxQS4,@andrewcaldin3322,1
FwOTs4UxQS4,@aninditasaha3113,1
FwOTs4UxQS4,@anonymous-user-2024,1
FwOTs4UxQS4,@apostleofzion,1
FwOTs4UxQS4,@arifshuja7777,1
FwOTs4UxQS4,@benjiunfiltered,1
FwOTs4UxQS4,@bradborrows8784,1
FwOTs4UxQS4,@bradleyminshall7570,1
FwOTs4UxQS4,@brandrange2288,1
FwOTs4UxQS4,@carlossilva2891,1
FwOTs4UxQS4,@centralopsai,1
FwOTs4UxQS4,@chefboyali-1,1
FwOTs4UxQS4,@chicomo58,1
FwOTs4UxQS4,@chienn77,1
FwOTs4UxQS4,@choi-c5g,1
FwOTs4UxQS4,@chrisgarty,1
FwOTs4UxQS4,@chrishansen1719,1
FwOTs4UxQS4,@damithelight,1
FwOTs4UxQS4,@danhnguyen-mm2ue,1
FwOTs4UxQS4,@davidj1395,1
FwOTs4UxQS4,@designersprespective,1
FwOTs4UxQS4,@dichebach,1
FwOTs4UxQS4,@doesoffaxxxx,1
FwOTs4UxQS4,@dookula,1
FwOTs4UxQS4,@drjones762,1
FwOTs4UxQS4,@eLLokoSauron,1
FwOTs4UxQS4,@eagelefly,1
FwOTs4UxQS4,@eduardonajarrojr,1
FwOTs4UxQS4,@ekot0419,1
FwOTs4UxQS4,@elmouad01,1
FwOTs4UxQS4,@emekejike,1
FwOTs4UxQS4,@entropy-l2v,1
FwOTs4UxQS4,@ethannky,1
FwOTs4UxQS4,@fallingscalesmedia,1
FwOTs4UxQS4,@folksongpreacher2255,1
FwOTs4UxQS4,@frostyfitzx,1
FwOTs4UxQS4,@fundifferent1,1
FwOTs4UxQS4,@gmansi,1
FwOTs4UxQS4,@gmvir4190,1
FwOTs4UxQS4,@gregtuve1109,1
FwOTs4UxQS4,@grit_on,1
FwOTs4UxQS4,@haydenmacfarlane7194,1
FwOTs4UxQS4,@hbzain1,1
FwOTs4UxQS4,@hessulipoika13,1
FwOTs4UxQS4,@hexicjbl,1
FwOTs4UxQS4,@homesageaiYT,1
FwOTs4UxQS4,@honestabe1940,1
FwOTs4UxQS4,@ibrahimaltunnn3431,1
FwOTs4UxQS4,@invest_kaki,1
FwOTs4UxQS4,@ionutc-donighian6678,1
FwOTs4UxQS4,@iqrasajjad-s8r,1
FwOTs4UxQS4,@itsmejustemail3143,1
FwOTs4UxQS4,@jamesguy6473,1
FwOTs4UxQS4,@jayaprakashb598,1
FwOTs4UxQS4,@jelletimmerman3970,1
FwOTs4UxQS4,@jianmarcoyt,1
FwOTs4UxQS4,@jimijank,1
FwOTs4UxQS4,@jlb8696,1
FwOTs4UxQS4,@joyashiedu,1
FwOTs4UxQS4,@juliegeorge6227,1
FwOTs4UxQS4,@juliofernandez8179,1
FwOTs4UxQS4,@junkname9983,1
FwOTs4UxQS4,@keithgriffiths4643,1
FwOTs4UxQS4,@kenkenson,1
FwOTs4UxQS4,@kmwrites7456,2
FwOTs4UxQS4,@lamsung9578,1
FwOTs4UxQS4,@larsmeekel6168,1
FwOTs4UxQS4,@leiwang-gl8ds,1
FwOTs4UxQS4,@letstalkaboutmoney2866,1
FwOTs4UxQS4,@lorenzolietti8864,1
FwOTs4UxQS4,@mai-v9t1e,1
FwOTs4UxQS4,@manamimran-m5i,1
FwOTs4UxQS4,@manuellssnsalzk5673,1
FwOTs4UxQS4,@marcm3000,1
FwOTs4UxQS4,@mathieupicard2363,1
FwOTs4UxQS4,@mechanicaltypewriteroperat9885,1
FwOTs4UxQS4,@melenalopez0531,1
FwOTs4UxQS4,@michaeljones8942,1
FwOTs4UxQS4,@mikeayersrealtor,1
FwOTs4UxQS4,@mindspott,1
FwOTs4UxQS4,@mmaverick2010,1
FwOTs4UxQS4,@mohitporwal1298,1
FwOTs4UxQS4,@mustaphaidris2287,1
FwOTs4UxQS4,@myiesha2940,1
FwOTs4UxQS4,@natalijas1,1
FwOTs4UxQS4,@nikkilong-y6d,1
FwOTs4UxQS4,@norbertt.t6444,1
FwOTs4UxQS4,@oliverbo3,1
FwOTs4UxQS4,@oliviermoreau8548,1
FwOTs4UxQS4,@panan7777,1
FwOTs4UxQS4,@prodifAI-2.0,1
FwOTs4UxQS4,@q1g7tain-q1g7t,1
FwOTs4UxQS4,@randykatesATL,1
FwOTs4UxQS4,@raoul-thomascampian1726,1
FwOTs4UxQS4,@rezaraki4112,1
FwOTs4UxQS4,@robdawson6014,1
FwOTs4UxQS4,@robertfuller2196,1
FwOTs4UxQS4,@roeljonk9685,3
FwOTs4UxQS4,@rosyalarcon5064,1
FwOTs4UxQS4,@ruix-c6g,1
FwOTs4UxQS4,@s.p.n741,1
FwOTs4UxQS4,@samanmparsi,2
FwOTs4UxQS4,@samvan7787,1
FwOTs4UxQS4,@scottydo0081,1
FwOTs4UxQS4,@shafiulazam5953,1
FwOTs4UxQS4,@sharkz-m,1
FwOTs4UxQS4,@sharmeenrizvi8145,1
FwOTs4UxQS4,@shubham_srt,1
FwOTs4UxQS4,@silentc1015,1
FwOTs4UxQS4,@simil252,1
FwOTs4UxQS4,@skyxsqueen,1
FwOTs4UxQS4,@smsalvador,1
FwOTs4UxQS4,@snex07z,1
FwOTs4UxQS4,@softashutube,1
FwOTs4UxQS4,@sonabg,1
FwOTs4UxQS4,@sudhakarprabhu,1
FwOTs4UxQS4,@systemwiseofficial,1
FwOTs4UxQS4,@tarabrooks9416,1
FwOTs4UxQS4,@techgropse,1
FwOTs4UxQS4,@thatchangedthings,1
FwOTs4UxQS4,@tonyaexplains,1
FwOTs4UxQS4,@tonysokaleoralvich2640,1
FwOTs4UxQS4,@treplay8846,1
FwOTs4UxQS4,@tuannguyenanh175,1
FwOTs4UxQS4,@twenty3_cheng,1
FwOTs4UxQS4,@vasugarg4368,1
FwOTs4UxQS4,@vens-love-diary-updates,1
FwOTs4UxQS4,@vladKoRny,1
FwOTs4UxQS4,@walidbouchibaa,1
FwOTs4UxQS4,@warum10,1
FwOTs4UxQS4,@williamcurry7659,1
FwOTs4UxQS4,@yarnbear19,1
FwOTs4UxQS4,@yoga-denitsa,1
FwOTs4UxQS4,@خالدالردادي-ر7ل,1
G1O6TJEXfgE,@AhmedIbrahimKhallaf,1
G1O6TJEXfgE,@Bot7866-h7o,1
G1O6TJEXfgE,@BrennRommelMarcelo,1
G1O6TJEXfgE,@DevineMuhoza,1
G1O6TJEXfgE,@GyanDarshan108,1
G1O6TJEXfgE,@INDClashers,1
G1O6TJEXfgE,@Krucezam,1
G1O6TJEXfgE,@KuvisoAW,2
G1O6TJEXfgE,@LordVodka313,1
G1O6TJEXfgE,@Narendra-r2e1y,1
G1O6TJEXfgE,@PRE5S,1
G1O6TJEXfgE,@Raja-Chib,1
G1O6TJEXfgE,@RajeshR-bz3nj,1
G1O6TJEXfgE,@Shubham1220.pandey,1
G1O6TJEXfgE,@SurMat-s6g,1
G1O6TJEXfgE,@The_WK,1
G1O6TJEXfgE,@Worldofideas-q6n,1
G1O6TJEXfgE,@Zayne1706,1
G1O6TJEXfgE,@abdullahshahid4297,1
G1O6TJEXfgE,@adithyasivakumar2338,1
G1O6TJEXfgE,@adityamandhare5117,1
G1O6TJEXfgE,@arunsector,1
G1O6TJEXfgE,@ayushh_io,13
G1O6TJEXfgE,@bhuvan6926,3
G1O6TJEXfgE,@buddiesbaba6725,1
G1O6TJEXfgE,@danikimastia4346,1
G1O6TJEXfgE,@firogate,1
G1O6TJEXfgE,@gouthamvishal007,2
G1O6TJEXfgE,@ihsanpro9406,1
G1O6TJEXfgE,@joecok,1
G1O6TJEXfgE,@kuchbhi-to2ru,1
G1O6TJEXfgE,@l2ob1222,1
G1O6TJEXfgE,@life_in_their_shoes_1,1
G1O6TJEXfgE,@lumbee1986,1
G1O6TJEXfgE,@lyrics_status_04,2
G1O6TJEXfgE,@mriduljaiman3063,1
G1O6TJEXfgE,@piie1996,2
G1O6TJEXfgE,@rmcf3972,1
G1O6TJEXfgE,@rpesc7918,1
G1O6TJEXfgE,@scalerapakaanu,1
G1O6TJEXfgE,@shipnotes,1
G1O6TJEXfgE,@silversurferablaze1,1
G1O6TJEXfgE,@skrat1001,1
G1O6TJEXfgE,@sobanthegreat1099,1
G1O6TJEXfgE,@souvikkar7402,1
G1O6TJEXfgE,@theWorldOfSharma,1
G1O6TJEXfgE,@web_wing,1
G1O6TJEXfgE,@yourbuddyme97,1
G1O6TJEXfgE,@ジャーソン1432,1
H3M95i4iS5c,@1conscience0dimension,1
H3M95i4iS5c,@2upload2utube,1
H3M95i4iS5c,@3litepker,1
H3M95i4iS5c,@Ayon-Karmakar,1
H3M95i4iS5c,@Beloved_Digital,1
H3M95i4iS5c,@Cagi96,1
H3M95i4iS5c,@D4MAGEINC,1
H3M95i4iS5c,@DGallowaytheGrumbus,1
H3M95i4iS5c,@DavidSegura99,3
H3M95i4iS5c,@DukeJon1969,1
H3M95i4iS5c,@FilippoGianburrasca,1
H3M95i4iS5c,@Gabriel-iq6ug,1
H3M95i4iS5c,@GustavoGyotoku,1
H3M95i4iS5c,@IOSADMDENIM,1
H3M95i4iS5c,@JaimeBIDtravel,1
H3M95i4iS5c,@Jbustosalazar,2
H3M95i4iS5c,@MathiasElle-i1q,1
H3M95i4iS5c,@MdDalworHossain-w7s,1
H3M95i4iS5c,@NEP713,1
H3M95i4iS5c,@PatrickRobinsonZA,2
H3M95i4iS5c,@PaulFrischknecht,1
H3M95i4iS5c,@PeterStan-ko4lk,1
H3M95i4iS5c,@RickyMcevoy-d7s,1
H3M95i4iS5c,@ScorchedEarthRevenge,1
H3M95i4iS5c,@SibTiger33,1
H3M95i4iS5c,@SonicEcho1,1
H3M95i4iS5c,@Submarinatx,1
H3M95i4iS5c,@Vecktor_Dalton,1
H3M95i4iS5c,@adityacholkar1421,1
H3M95i4iS5c,@adrielomalley,2
H3M95i4iS5c,@ai-acel,1
H3M95i4iS5c,@akshay_doozie,1
H3M95i4iS5c,@alexreich8711,1
H3M95i4iS5c,@allengozo,1
H3M95i4iS5c,@anatoliistasiukevych4979,1
H3M95i4iS5c,@anilkumar_6_7,1
H3M95i4iS5c,@anotherelvis,1
H3M95i4iS5c,@apaksoy,1
H3M95i4iS5c,@bowenwang,1
H3M95i4iS5c,@camilotello3296,1
H3M95i4iS5c,@case_tips,1
H3M95i4iS5c,@chadgrant8870,1
H3M95i4iS5c,@chanep1,1
H3M95i4iS5c,@choond,1
H3M95i4iS5c,@code,9
H3M95i4iS5c,@coolworx,1
H3M95i4iS5c,@cwest8863,1
H3M95i4iS5c,@dimitarboykovboychev,1
H3M95i4iS5c,@ericjohnson2038,1
H3M95i4iS5c,@gjkuehn,1
H3M95i4iS5c,@goldennyirenda1629,1
H3M95i4iS5c,@goofballbiscuits3647,1
H3M95i4iS5c,@harryjohnson615,1
H3M95i4iS5c,@himadrithaker4857,1
H3M95i4iS5c,@ilove2learn783,1
H3M95i4iS5c,@jilmerjohncariaso6825,1
H3M95i4iS5c,@jodyaryono1345,1
H3M95i4iS5c,@jonasex3001,1
H3M95i4iS5c,@jonathanhill7829,1
H3M95i4iS5c,@jrgalyen,2
H3M95i4iS5c,@kameshp9995,1
H3M95i4iS5c,@kevo777ez,1
H3M95i4iS5c,@knightofmathematics,1
H3M95i4iS5c,@lararawf6100,1
H3M95i4iS5c,@lotfich5573,1
H3M95i4iS5c,@maasaigeordie,1
H3M95i4iS5c,@matberta706,1
H3M95i4iS5c,@mathembamagwentshu201,1
H3M95i4iS5c,@mind6861,1
H3M95i4iS5c,@mitchhoneysett7674,1
H3M95i4iS5c,@mjpthetrucker9485,1
H3M95i4iS5c,@mmeuwese,1
H3M95i4iS5c,@mohammadhosaintafteh,1
H3M95i4iS5c,@mrohailiqbal,1
H3M95i4iS5c,@mukhtartanimugarba9527,1
H3M95i4iS5c,@mymobile5014,1
H3M95i4iS5c,@nireshshao7767,1
H3M95i4iS5c,@nuclearducks7387,1
H3M95i4iS5c,@petecapecod,2
H3M95i4iS5c,@phillachmann4840,1
H3M95i4iS5c,@premjeetprasad8676,1
H3M95i4iS5c,@raymobula,1
H3M95i4iS5c,@razorbackroar,1
H3M95i4iS5c,@rebeccabarker7226,1
H3M95i4iS5c,@rebelkeir,1
H3M95i4iS5c,@robertf57,1
H3M95i4iS5c,@rpm7203,1
H3M95i4iS5c,@salexsurya,1
H3M95i4iS5c,@scottfrost317,1
H3M95i4iS5c,@scottstormcarter9603,1
H3M95i4iS5c,@serdar_1978,1
H3M95i4iS5c,@smiththomas64,1
H3M95i4iS5c,@tbalci,1
H3M95i4iS5c,@thelinkofperfectioncharity9469,1
H3M95i4iS5c,@theooliveira,1
H3M95i4iS5c,@thinhlpg,1
H3M95i4iS5c,@tilkesh,1
H3M95i4iS5c,@timstevens3361,1
H3M95i4iS5c,@tonyedgal,1
H3M95i4iS5c,@um_jotas,1
H3M95i4iS5c,@user-vz8zk7qo8f,1
H3M95i4iS5c,@vadster,1
H3M95i4iS5c,@xerces8,1
H3M95i4iS5c,@xxd3030,1
H3M95i4iS5c,@zapy422,1
H3M95i4iS5c,@zezeandjr4110,1
H3M95i4iS5c,@जयमहाराष्ट्र24,1
H3M95i4iS5c,@骆小盼,1
HDEGFNAUkX8,@AlaaBoughdadi,1
HDEGFNAUkX8,@AshadulSadu,1
HDEGFNAUkX8,@Bgmi_with_ved,1
HDEGFNAUkX8,@CDEA_1,1
HDEGFNAUkX8,@CrazyFacts-g-h,1
HDEGFNAUkX8,@FaithFusion70,1
HDEGFNAUkX8,@Fhula,1
HDEGFNAUkX8,@GEAKKI,1
HDEGFNAUkX8,@Hoctap,1
HDEGFNAUkX8,@ISLAMIC_POST-Haq,1
HDEGFNAUkX8,@IstiakAhmedFemous,1
HDEGFNAUkX8,@KIDSTV4536-t5v,1
HDEGFNAUkX8,@Life.in.Facts.911,1
HDEGFNAUkX8,@LordBORUTO121,1
HDEGFNAUkX8,@MDMAJHI934,1
HDEGFNAUkX8,@Mausam-Deepak,1
HDEGFNAUkX8,@Noor-Xrex,1
HDEGFNAUkX8,@Onlygirl004,1
HDEGFNAUkX8,@PriyankaSingh-ii7pw,1
HDEGFNAUkX8,@Ramusicofficial34321,1
HDEGFNAUkX8,@RatulTamim-u7d,1
HDEGFNAUkX8,@Ridelit-m4z,1
HDEGFNAUkX8,@SAHILVOICELIVE,1
HDEGFNAUkX8,@SHERYBAHI56,1
HDEGFNAUkX8,@SamiraSamira-n1v,1
HDEGFNAUkX8,@Shahidkhan.234,1
HDEGFNAUkX8,@Tebou-k2,1
HDEGFNAUkX8,@ThatOnePlayer909,1
HDEGFNAUkX8,@UniqueChhetri729,1
HDEGFNAUkX8,@Vinayshort.93,1
HDEGFNAUkX8,@abhinavsinghal5486,1
HDEGFNAUkX8,@achalsinghyaduvanshi7562,1
HDEGFNAUkX8,@actressm,1
HDEGFNAUkX8,@chandanimishra9798,1
HDEGFNAUkX8,@cricket9998-x,1
HDEGFNAUkX8,@darren780,1
HDEGFNAUkX8,@djelloulmarga22,1
HDEGFNAUkX8,@ernsttech5255,1
HDEGFNAUkX8,@kalebadane1,1
HDEGFNAUkX8,@lilibeth6278,1
HDEGFNAUkX8,@me_codeblazy,1
HDEGFNAUkX8,@mohitkumar-u1l4z,1
HDEGFNAUkX8,@moizplayss,1
HDEGFNAUkX8,@nguyenvantai9093,1
HDEGFNAUkX8,@obbymaster-c2c,1
HDEGFNAUkX8,@pixzuxo,1
HDEGFNAUkX8,@rahengmeng1215,1
HDEGFNAUkX8,@rex25k,1
HDEGFNAUkX8,@scottish_folds_are_evil,1
HFM3se4lNiw,@0xBADABA55,1
HFM3se4lNiw,@33GamingHalwa-w3u,1
HFM3se4lNiw,@AC-cg6mf,1
HFM3se4lNiw,@AamirShahzad-t1w,1
HFM3se4lNiw,@Abdennour_Ab,1
HFM3se4lNiw,@Anathole24,1
HFM3se4lNiw,@Andyandrwew144,1
HFM3se4lNiw,@AzaB2C,1
HFM3se4lNiw,@BhargavThakor-b4n,1
HFM3se4lNiw,@BlackGoku_Editz007,1
HFM3se4lNiw,@BnSz55,1
HFM3se4lNiw,@BrandonMartinez-td5xx,1
HFM3se4lNiw,@ButterNut-v3u,1
HFM3se4lNiw,@Charli-l7c,1
HFM3se4lNiw,@Consciousnessv2.0,1
HFM3se4lNiw,@Danniabehera,1
HFM3se4lNiw,@Dead4Ever,1
HFM3se4lNiw,@DediPurwanto-yw9ce,1
HFM3se4lNiw,@DefElDean,1
HFM3se4lNiw,@DeltaPinus,1
HFM3se4lNiw,@Dex4Sure,1
HFM3se4lNiw,@EwertonDutra,2
HFM3se4lNiw,@FaintApp,2
HFM3se4lNiw,@Fleckon,1
HFM3se4lNiw,@FortuneGodstar,1
HFM3se4lNiw,@FraggerGaming-oz2sf,1
HFM3se4lNiw,@GEF6560AI,1
HFM3se4lNiw,@Graciele26,1
HFM3se4lNiw,@GrowthInvestingMastery,1
HFM3se4lNiw,@Harmansingh-bb9bs,1
HFM3se4lNiw,@HassanAlsloum,1
HFM3se4lNiw,@HemalxEditz,1
HFM3se4lNiw,@IanHollis,1
HFM3se4lNiw,@Ivan-wp1ne1,1
HFM3se4lNiw,@IvoPavlik,2
HFM3se4lNiw,@JB-dv7ew,1
HFM3se4lNiw,@Jaeforex41,1
HFM3se4lNiw,@Jamwedituron,1
HFM3se4lNiw,@JstTrvllg,1
HFM3se4lNiw,@Justice4x,1
HFM3se4lNiw,@KidistMerge,1
HFM3se4lNiw,@KittyCat-hd5hi,1
HFM3se4lNiw,@KonstantinosTsatsarounos,1
HFM3se4lNiw,@Larry321ness,1
HFM3se4lNiw,@Leonalayja,1
HFM3se4lNiw,@LeonardoLee3396,1
HFM3se4lNiw,@LittleAsterion,1
HFM3se4lNiw,@Lucifer-q1i6g,1
HFM3se4lNiw,@MANGALkushwaha-e5w,1
HFM3se4lNiw,@MP-hl8ty,1
HFM3se4lNiw,@MonsterCreations662,1
HFM3se4lNiw,@MorganTylerBeatrice,1
HFM3se4lNiw,@MuxtAbdul,1
HFM3se4lNiw,@NailaArshad-c2j,1
HFM3se4lNiw,@NewtonNewton-k7b,1
HFM3se4lNiw,@NiaPD,1
HFM3se4lNiw,@NielBhuyan-i7x,1
HFM3se4lNiw,@Noah-357,1
HFM3se4lNiw,@Phai.Studio,1
HFM3se4lNiw,@PrakharMishra150290,1
HFM3se4lNiw,@Quarcode14,1
HFM3se4lNiw,@QueenElizabeth1sth,2
HFM3se4lNiw,@R2D2M2,1
HFM3se4lNiw,@R3ALTALK-music,1
HFM3se4lNiw,@RaceCarLogic,1
HFM3se4lNiw,@Rahu-q3s,1
HFM3se4lNiw,@RandallPuterbaugh,1
HFM3se4lNiw,@RimaSamanta-c6n,1
HFM3se4lNiw,@RoaaMudathir,1
HFM3se4lNiw,@RockySurf,1
HFM3se4lNiw,@Rohan-444FF,1
HFM3se4lNiw,@RollingcoleW,1
HFM3se4lNiw,@RudyM_EvelynAI,1
HFM3se4lNiw,@SabariSabari-z6k,1
HFM3se4lNiw,@SajalKatiyar-e1v,1
HFM3se4lNiw,@ShighetariVlogs,1
HFM3se4lNiw,@ShinesanaaAmarsanaa,1
HFM3se4lNiw,@Smilesforeva,1
HFM3se4lNiw,@StLo_easy.new_done,1
HFM3se4lNiw,@TdhanikaTdhanika,1
HFM3se4lNiw,@The999konrad1,1
HFM3se4lNiw,@Tubekonto9,1
HFM3se4lNiw,@USpols,1
HFM3se4lNiw,@UnrealSL,1
HFM3se4lNiw,@WifeWantsAWizard,1
HFM3se4lNiw,@YaredTesfaye-d9f,1
HFM3se4lNiw,@YosefAldamen-i2y,1
HFM3se4lNiw,@YuriMaya1,1
HFM3se4lNiw,@ahmadfaris592,1
HFM3se4lNiw,@ahmed-mujtaba,1
HFM3se4lNiw,@amirtorhan2762,1
HFM3se4lNiw,@amk-j2t,1
HFM3se4lNiw,@anasobyd-sq3yp,1
HFM3se4lNiw,@anonbcithinkimfamous,1
HFM3se4lNiw,@antsplantsnature,1
HFM3se4lNiw,@arianhoorn,1
HFM3se4lNiw,@arielzwolinski,1
HFM3se4lNiw,@ashishkumar-if4io,1
HFM3se4lNiw,@asishkumarsatapathy3466,1
HFM3se4lNiw,@backtofuture2040,1
HFM3se4lNiw,@backupwatsapp1872,1
HFM3se4lNiw,@barronzemo4659,1
HFM3se4lNiw,@bbfabien,1
HFM3se4lNiw,@belfort777,1
HFM3se4lNiw,@camburley9723,1
HFM3se4lNiw,@celas855,1
HFM3se4lNiw,@cheese-power,1
HFM3se4lNiw,@corruptedknight0,1
HFM3se4lNiw,@csonic,1
HFM3se4lNiw,@dannystaten5701,1
HFM3se4lNiw,@darbaharezibatade398,1
HFM3se4lNiw,@davefellows,1
HFM3se4lNiw,@dcruz742,1
HFM3se4lNiw,@dev-vibes02,1
HFM3se4lNiw,@djole02,1
HFM3se4lNiw,@djthefreeway,1
HFM3se4lNiw,@dom2326,2
HFM3se4lNiw,@eRiiiiiCc,1
HFM3se4lNiw,@eeeeeparker,1
HFM3se4lNiw,@el_larva,1
HFM3se4lNiw,@enzorodrigoalvarez,1
HFM3se4lNiw,@estrellametal1,1
HFM3se4lNiw,@fareloz,1
HFM3se4lNiw,@homewardboundphotos,1
HFM3se4lNiw,@itlabzagreb,1
HFM3se4lNiw,@jakobrosenberg2008,1
HFM3se4lNiw,@jean-ve7rn,1
HFM3se4lNiw,@joe_daza_rs3,1
HFM3se4lNiw,@jokerbanny,1
HFM3se4lNiw,@jolumoraes,1
HFM3se4lNiw,@justindrp,1
HFM3se4lNiw,@jyotiprajapati2500,1
HFM3se4lNiw,@kapiqu2709,1
HFM3se4lNiw,@karlisgertmanis,1
HFM3se4lNiw,@kovurudamodarreddy3454,1
HFM3se4lNiw,@krishnakanan-w4w,1
HFM3se4lNiw,@ktm390x,1
HFM3se4lNiw,@laithzayoud,1
HFM3se4lNiw,@lylebraybrook275,1
HFM3se4lNiw,@majidsaid1698,1
HFM3se4lNiw,@mayrose75-r1c,1
HFM3se4lNiw,@miloow,1
HFM3se4lNiw,@miv-6031,1
HFM3se4lNiw,@mko-ai,1
HFM3se4lNiw,@moeinsadraei6605,1
HFM3se4lNiw,@mohdfazliab5627,1
HFM3se4lNiw,@morrisalanisette9067,1
HFM3se4lNiw,@mtoctrz9360,1
HFM3se4lNiw,@murunbuch,1
HFM3se4lNiw,@myentertainment55,1
HFM3se4lNiw,@nahumlider5453,1
HFM3se4lNiw,@nathanbecker327,1
HFM3se4lNiw,@navturn,1
HFM3se4lNiw,@newisgood6353,1
HFM3se4lNiw,@nomadic.singularity,1
HFM3se4lNiw,@oneil3673,1
HFM3se4lNiw,@oudomkeo,1
HFM3se4lNiw,@pantanom18,1
HFM3se4lNiw,@peachfairy1569,1
HFM3se4lNiw,@pwn1,1
HFM3se4lNiw,@raeesshaik1516,1
HFM3se4lNiw,@rakshitgupta605,1
HFM3se4lNiw,@rasbro87,1
HFM3se4lNiw,@raspberrynode8802,1
HFM3se4lNiw,@ravikanth8695,1
HFM3se4lNiw,@risingphoenix1484,1
HFM3se4lNiw,@rodmoura82,1
HFM3se4lNiw,@sahurgaming007,1
HFM3se4lNiw,@samueldavidgomezramos7880,1
HFM3se4lNiw,@seanmikejaffer423,1
HFM3se4lNiw,@segretoesconociuto,1
HFM3se4lNiw,@shaihazher,1
HFM3se4lNiw,@sharpsticksnz4112,1
HFM3se4lNiw,@souravdey9239,1
HFM3se4lNiw,@srx1245,1
HFM3se4lNiw,@sslainn,1
HFM3se4lNiw,@staan.b,1
HFM3se4lNiw,@stepanturchenko,1
HFM3se4lNiw,@steveybarclay,1
HFM3se4lNiw,@sudebkumarmandal1079,1
HFM3se4lNiw,@sunilgurjar-xk1ic,1
HFM3se4lNiw,@supercompooper,1
HFM3se4lNiw,@supergoobergirlable,1
HFM3se4lNiw,@supersonic6734,1
HFM3se4lNiw,@technicaltalha1242,1
HFM3se4lNiw,@teddyperera8531,1
HFM3se4lNiw,@tenxdevv,1
HFM3se4lNiw,@test18fort,1
HFM3se4lNiw,@thilinachaturanga6274,1
HFM3se4lNiw,@tiltedchess,1
HFM3se4lNiw,@tobymoby8524,1
HFM3se4lNiw,@tommymalm,1
HFM3se4lNiw,@twoandhalfbengals,1
HFM3se4lNiw,@ujalaupadhyay8555,1
HFM3se4lNiw,@unrealsolutions-us,1
HFM3se4lNiw,@user-tf4bb6ch6m,1
HFM3se4lNiw,@utilisateurlf,1
HFM3se4lNiw,@vasylms2459,1
HFM3se4lNiw,@vibes24,1
HFM3se4lNiw,@vinodmathew3036,1
HFM3se4lNiw,@vipse1984,1
HFM3se4lNiw,@winsomehertz2751,1
HFM3se4lNiw,@ريمرحموني,1
HFM3se4lNiw,@베시어스,1
HIHxDqGauJU,@AI_MI_guy,1
HIHxDqGauJU,@AUGMENtyzer-Industries,1
HIHxDqGauJU,@AdventMoxy,1
HIHxDqGauJU,@Apex-shares,1
HIHxDqGauJU,@Belizianboi13,1
HIHxDqGauJU,@Chris1234-n2z,2
HIHxDqGauJU,@Deltamegrez,1
HIHxDqGauJU,@Dififigneisiaixjv,1
HIHxDqGauJU,@Dokuzu,1
HIHxDqGauJU,@FAISALMADLAWI,1
HIHxDqGauJU,@FactChecked24,6
HIHxDqGauJU,@GoodBaleadaMusic,3
HIHxDqGauJU,@HollowReacts1,2
HIHxDqGauJU,@Hrbatanu,1
HIHxDqGauJU,@Imran-M-,1
HIHxDqGauJU,@JG-vn7ys,1
HIHxDqGauJU,@Jdinrbfidndifofkdndjoflfndjdk,2
HIHxDqGauJU,@KaffeeJankie,1
HIHxDqGauJU,@KelvinA.Cuellar,1
HIHxDqGauJU,@Mang334,1
HIHxDqGauJU,@MrFaiqueShakil,1
HIHxDqGauJU,@NaveedAli-n5g,2
HIHxDqGauJU,@NoahSpurrier,1
HIHxDqGauJU,@OshadaAdithya-bs3up,1
HIHxDqGauJU,@OurGao,1
HIHxDqGauJU,@PlugEdits-yg7ew,1
HIHxDqGauJU,@Rami_Zaki-k2b,2
HIHxDqGauJU,@RichKuo7,91
HIHxDqGauJU,@SPCPerez19Delta,1
HIHxDqGauJU,@SuperDeluxe80,1
HIHxDqGauJU,@TheOnecrazyrunner,1
HIHxDqGauJU,@Tips-r-us,1
HIHxDqGauJU,@Visual_Economics,1
HIHxDqGauJU,@WaldirArruda,1
HIHxDqGauJU,@akashgill870,1
HIHxDqGauJU,@anandbens6358,2
HIHxDqGauJU,@andrewabogado,2
HIHxDqGauJU,@aqibmajeed6181,1
HIHxDqGauJU,@arontvs,1
HIHxDqGauJU,@avedenmadriaga6234,1
HIHxDqGauJU,@awinterarsenal,1
HIHxDqGauJU,@baionikku,1
HIHxDqGauJU,@batuhanartan,1
HIHxDqGauJU,@blarvinius,1
HIHxDqGauJU,@bonamin,1
HIHxDqGauJU,@booksdulce1383,1
HIHxDqGauJU,@brianmaingi3190,1
HIHxDqGauJU,@colbyryan6884,1
HIHxDqGauJU,@d-omrani,2
HIHxDqGauJU,@davidc3268,1
HIHxDqGauJU,@echabbewal,2
HIHxDqGauJU,@ernestomendoza4225,1
HIHxDqGauJU,@forhao,1
HIHxDqGauJU,@greg7371,1
HIHxDqGauJU,@guyeshel9316,2
HIHxDqGauJU,@jacob9340,1
HIHxDqGauJU,@kim-me-so,2
HIHxDqGauJU,@lassiecoder,1
HIHxDqGauJU,@lzcats7431,1
HIHxDqGauJU,@marcosferreira8463,1
HIHxDqGauJU,@melindajunata,1
HIHxDqGauJU,@mjcodesdaily,1
HIHxDqGauJU,@nidhalchelhi,1
HIHxDqGauJU,@outsidethebox262,1
HIHxDqGauJU,@rawebtech,1
HIHxDqGauJU,@rustyd-s9f,1
HIHxDqGauJU,@rutger_ai,1
HIHxDqGauJU,@sboshnello9767,1
HIHxDqGauJU,@shahidullahmuffakir668,1
HIHxDqGauJU,@simmzzzz,1
HIHxDqGauJU,@stackit_5417,1
HIHxDqGauJU,@stoaio,1
HIHxDqGauJU,@thesaxwarrior,2
HIHxDqGauJU,@unboundace786,1
HIHxDqGauJU,@uncleswag90,1
HIHxDqGauJU,@wifitrapper,1
HIHxDqGauJU,@魔巨,1
HIp8sFB2GGw,@ANIMESIGMA4,1
HIp8sFB2GGw,@ASMRLEO007,1
HIp8sFB2GGw,@AbdishakurisseAli-b3i,1
HIp8sFB2GGw,@AbdulRasheed279-s8n,1
HIp8sFB2GGw,@Aboulegrandaboulegrand484,1
HIp8sFB2GGw,@ActiveAnanta,1
HIp8sFB2GGw,@AlishbaKhan-pb9ui,1
HIp8sFB2GGw,@AmarPatel-d3h,1
HIp8sFB2GGw,@Amazonproducts225,1
HIp8sFB2GGw,@Angelina._.I22,1
HIp8sFB2GGw,@AnilKumar-x6o1e,1
HIp8sFB2GGw,@AqeelAhmad-xp8ke,1
HIp8sFB2GGw,@ArslanWattoo-b3q,1
HIp8sFB2GGw,@Art_ist_Akshay,1
HIp8sFB2GGw,@ArunaKumar-ed5eb,1
HIp8sFB2GGw,@AsmitaSarkar-z1y,1
HIp8sFB2GGw,@B2k____gaming____101,1
HIp8sFB2GGw,@BalramSaini-r6c,1
HIp8sFB2GGw,@Bhai.9,1
HIp8sFB2GGw,@Bhojpuriofficial5432,1
HIp8sFB2GGw,@Black-gaming230,1
HIp8sFB2GGw,@BooksReview-rz9gv,1
HIp8sFB2GGw,@Brandon-youtube,1
HIp8sFB2GGw,@BunnyLover-ns6gd,1
HIp8sFB2GGw,@CANALABANDONADO71,1
HIp8sFB2GGw,@CHUCKYCHUCKYBOBUCY,1
HIp8sFB2GGw,@CartoonsTV1-gu9hv,1
HIp8sFB2GGw,@ChHamza-mv3gh,1
HIp8sFB2GGw,@ColaxGamer-x6m,1
HIp8sFB2GGw,@DaAd-v5f,1
HIp8sFB2GGw,@DancingDragonsLive,1
HIp8sFB2GGw,@DanielMukwakwa,1
HIp8sFB2GGw,@Dansnazah,1
HIp8sFB2GGw,@Dckulhareofficial,1
HIp8sFB2GGw,@Dil2006-o7b,1
HIp8sFB2GGw,@Donnirononon,1
HIp8sFB2GGw,@Fireship,1
HIp8sFB2GGw,@Fitnestvk,1
HIp8sFB2GGw,@FunnyMoment-i3r,1
HIp8sFB2GGw,@Funnyfilmshorts-d7d,1
HIp8sFB2GGw,@GamalAl-Esayi,1
HIp8sFB2GGw,@Gaming-With-RocKstaR-fm1xr,1
HIp8sFB2GGw,@GauravKaranwal007,1
HIp8sFB2GGw,@GiaBảoYT,1
HIp8sFB2GGw,@GregWoch,1
HIp8sFB2GGw,@GunTech,1
HIp8sFB2GGw,@GupatVetti-x5w,1
HIp8sFB2GGw,@HUNTERplayallgamesurvivew,1
HIp8sFB2GGw,@HaseenKhan-nw3qg,1
HIp8sFB2GGw,@HassanTechIsla,1
HIp8sFB2GGw,@Heyzeynep222,1
HIp8sFB2GGw,@Hiphophype65,1
HIp8sFB2GGw,@Hpgaming-0072,1
HIp8sFB2GGw,@INDIABHOPURISONG10MViews,1
HIp8sFB2GGw,@InterLinkNetwork07,1
HIp8sFB2GGw,@JASMEETSINGHVLOGS-21,1
HIp8sFB2GGw,@JJeelani,1
HIp8sFB2GGw,@JeapBayidikilamio-m5v,1
HIp8sFB2GGw,@KaaluFF..992,1
HIp8sFB2GGw,@KeshavBansal-u3z,1
HIp8sFB2GGw,@KidsFunLearnUniverse,1
HIp8sFB2GGw,@KidsRhymesFactory,1
HIp8sFB2GGw,@King86810k,1
HIp8sFB2GGw,@LeoMessiFanWorld,1
HIp8sFB2GGw,@Linu_Tripathy,1
HIp8sFB2GGw,@MDNayem-fb5tp,1
HIp8sFB2GGw,@MRTamim2.0-p2e,1
HIp8sFB2GGw,@Magnetbhut01-v7k,1
HIp8sFB2GGw,@Manishapandey494,1
HIp8sFB2GGw,@MariaMesa-k8k,1
HIp8sFB2GGw,@Mayank-t5b2s,1
HIp8sFB2GGw,@MdMahadi-dx8ji,1
HIp8sFB2GGw,@MdShakil-nv2uh,1
HIp8sFB2GGw,@Mdalamind11,1
HIp8sFB2GGw,@Minh36vlog,1
HIp8sFB2GGw,@MohamedAli-g1k2y,1
HIp8sFB2GGw,@MohitTambekar,1
HIp8sFB2GGw,@MohitpreetSingh-cy2gm,1
HIp8sFB2GGw,@MonuranjanKalita-jv5vi,1
HIp8sFB2GGw,@Motionkeys-321,1
HIp8sFB2GGw,@Motivationallife-y6v,1
HIp8sFB2GGw,@MouradSerghini,1
HIp8sFB2GGw,@Mr.manga.S,1
HIp8sFB2GGw,@Muawia-2005,1
HIp8sFB2GGw,@MunasarHasan-j3u,1
HIp8sFB2GGw,@NKfromS,1
HIp8sFB2GGw,@NOPOSTERDAILY,1
HIp8sFB2GGw,@NabinTmg-v4l2o,1
HIp8sFB2GGw,@NaturesBueaty,1
HIp8sFB2GGw,@Negatif34,1
HIp8sFB2GGw,@Noor-Xrex,1
HIp8sFB2GGw,@Nothing-q5j3d-2,1
HIp8sFB2GGw,@Olaf-y5v,1
HIp8sFB2GGw,@Onlyshort470,1
HIp8sFB2GGw,@OriginBullet,1
HIp8sFB2GGw,@P2PIRATE1k,1
HIp8sFB2GGw,@PARLO444,1
HIp8sFB2GGw,@Pandaplayer,1
HIp8sFB2GGw,@Pisethkonkhmer-v1t,1
HIp8sFB2GGw,@PoetrywithManoj2404,1
HIp8sFB2GGw,@PreetiSetia-o6v,1
HIp8sFB2GGw,@ProgrammerLanguage-w9v,1
HIp8sFB2GGw,@QuestVortexxxx,1
HIp8sFB2GGw,@RafaelNascimento-qo1jp,1
HIp8sFB2GGw,@RajanBhai416-r8j,1
HIp8sFB2GGw,@RamKumar-g3d1c,1
HIp8sFB2GGw,@Rudra_ki_kalaa,1
HIp8sFB2GGw,@SHERYBAHI56,1
HIp8sFB2GGw,@SKGamer-1137,1
HIp8sFB2GGw,@SachinGaming___8263,1
HIp8sFB2GGw,@Sahir_Sarbazi,1
HIp8sFB2GGw,@Salambakag3i,1
HIp8sFB2GGw,@Shivshorts-n3j,1
HIp8sFB2GGw,@Shoxnur_oke,1
HIp8sFB2GGw,@SohamKumar-lq6rf,1
HIp8sFB2GGw,@SonaGangwar-u7c,1
HIp8sFB2GGw,@SukritiGupta-xs2ic,1
HIp8sFB2GGw,@Sultanbhai9681,1
HIp8sFB2GGw,@Sunilpardhan-f2o,1
HIp8sFB2GGw,@SusannaVilho,1
HIp8sFB2GGw,@TanzanienmrlaVie,1
HIp8sFB2GGw,@Technicalguru-44,1
HIp8sFB2GGw,@TechnoGamerzpar2,1
HIp8sFB2GGw,@UR.Cristioano_07,1
HIp8sFB2GGw,@USTADNFAKLFANCLUB,1
HIp8sFB2GGw,@UniqueChhetri729,1
HIp8sFB2GGw,@VaibhavSontakke-qt8ne,1
HIp8sFB2GGw,@VirShukla-i6o,1
HIp8sFB2GGw,@WealthWisdom-s7w,1
HIp8sFB2GGw,@YasirGaming-y,1
HIp8sFB2GGw,@YazanMohammed-z9o,1
HIp8sFB2GGw,@YoTele-c2o,1
HIp8sFB2GGw,@ZakiBooba,1
HIp8sFB2GGw,@ahmedsaid-s4t,1
HIp8sFB2GGw,@aravinth6728,1
HIp8sFB2GGw,@ariyanarman2498,1
HIp8sFB2GGw,@arrrghh,1
HIp8sFB2GGw,@aspiyajunaith1362,1
HIp8sFB2GGw,@asstudioofficial-d9e,1
HIp8sFB2GGw,@baklulu7392,1
HIp8sFB2GGw,@bishtop09,1
HIp8sFB2GGw,@chessy_i,1
HIp8sFB2GGw,@comedy-01-SRK,1
HIp8sFB2GGw,@concurrentsuchness,1
HIp8sFB2GGw,@danielavergaracastro5418,1
HIp8sFB2GGw,@darianaaponte6077,1
HIp8sFB2GGw,@davidstuart5634,1
HIp8sFB2GGw,@devkaran0123,1
HIp8sFB2GGw,@dinajpurlive3304,1
HIp8sFB2GGw,@dndjxnskdbajd4561,1
HIp8sFB2GGw,@erlandvideo,1
HIp8sFB2GGw,@finnnesemax,1
HIp8sFB2GGw,@hakanakdag46,1
HIp8sFB2GGw,@hanifsanghi1007,1
HIp8sFB2GGw,@hassanahlove,1
HIp8sFB2GGw,@hayden-james,1
HIp8sFB2GGw,@hdmovies-v6l,1
HIp8sFB2GGw,@heavenglorytv5790,1
HIp8sFB2GGw,@judyhmingthansiami1996,1
HIp8sFB2GGw,@kaatlaagroup,1
HIp8sFB2GGw,@kaifibnemanzar,1
HIp8sFB2GGw,@kitsune20938,1
HIp8sFB2GGw,@krishnajangid6882,1
HIp8sFB2GGw,@maciff1,1
HIp8sFB2GGw,@manish_moga,1
HIp8sFB2GGw,@marcelsafin6675,1
HIp8sFB2GGw,@mdmishbaulislam-b8n,1
HIp8sFB2GGw,@michaelmatos3200,1
HIp8sFB2GGw,@miloshayk1724,1
HIp8sFB2GGw,@modo_modo_x,1
HIp8sFB2GGw,@moiseszx_,1
HIp8sFB2GGw,@mokuy-n4t,1
HIp8sFB2GGw,@mr-Ps9,1
HIp8sFB2GGw,@na_bhai03,1
HIp8sFB2GGw,@nourelhayah642,1
HIp8sFB2GGw,@nvmPratyush,1
HIp8sFB2GGw,@obbymaster-c2c,1
HIp8sFB2GGw,@okoro_abia,1
HIp8sFB2GGw,@osamagaffar,1
HIp8sFB2GGw,@papawei,1
HIp8sFB2GGw,@pggaming9090,1
HIp8sFB2GGw,@phonk_elite,1
HIp8sFB2GGw,@pio-y7h,1
HIp8sFB2GGw,@princessZaraKhan,1
HIp8sFB2GGw,@pygeek12,1
HIp8sFB2GGw,@riadskandinafe7044,1
HIp8sFB2GGw,@rs18live,1
HIp8sFB2GGw,@rubelshifa89gmail.,1
HIp8sFB2GGw,@sajanhussain1987,1
HIp8sFB2GGw,@santoputratunggal6401,1
HIp8sFB2GGw,@sappireflames0009,1
HIp8sFB2GGw,@shizashkh7832,1
HIp8sFB2GGw,@shyamsanchar2028K,1
HIp8sFB2GGw,@silicalove-g9y,1
HIp8sFB2GGw,@simmy_queen,1
HIp8sFB2GGw,@slaizen,1
HIp8sFB2GGw,@tom_angelacat,1
HIp8sFB2GGw,@travelwithbussimulator,1
HIp8sFB2GGw,@troissyllabesofficiel,1
HIp8sFB2GGw,@welcometofoodieskitchen5315,1
HIp8sFB2GGw,@wipadyt,1
HIp8sFB2GGw,@yetundeolofinyokun,1
HIp8sFB2GGw,@zes7215,1
HIp8sFB2GGw,@Маг.отккултисть,1
HIp8sFB2GGw,@رافتصلاحالوهيبي-د8غ,1
IuyVVtr1uhY,@1836-,1
IuyVVtr1uhY,@A.K_1998,1
IuyVVtr1uhY,@AI-influencer012,1
IuyVVtr1uhY,@Abdullah_Cph,1
IuyVVtr1uhY,@AbubakarDirisu,1
IuyVVtr1uhY,@Aghamirzayev,1
IuyVVtr1uhY,@AllahomAnsorGaza,1
IuyVVtr1uhY,@AlomShah-79,1
IuyVVtr1uhY,@AluyaTV,1
IuyVVtr1uhY,@AndyAIGA,1
IuyVVtr1uhY,@AtiLLa989,1
IuyVVtr1uhY,@AvinashSingh-tr5vt,1
IuyVVtr1uhY,@BoosterShot1010,1
IuyVVtr1uhY,@Bruce-2636,1
IuyVVtr1uhY,@COOLAKYU,1
IuyVVtr1uhY,@CapuWriting,1
IuyVVtr1uhY,@CodeAIWalaX,1
IuyVVtr1uhY,@CodeWithAmeen-s7y,1
IuyVVtr1uhY,@Cur10usly,2
IuyVVtr1uhY,@Curiositycorner-g6v,2
IuyVVtr1uhY,@DH-jw4iy,1
IuyVVtr1uhY,@DK-ox7ze,1
IuyVVtr1uhY,@DavidKohout,1
IuyVVtr1uhY,@DebobrataPaul-n2t,1
IuyVVtr1uhY,@Dele-Oke,1
IuyVVtr1uhY,@EX1L3D_L3G3ND,1
IuyVVtr1uhY,@EmmanuelFatuase,4
IuyVVtr1uhY,@EmpowerHerUG,1
IuyVVtr1uhY,@EnamNotes,1
IuyVVtr1uhY,@Erekle-d1g,3
IuyVVtr1uhY,@Ezra-j2l3x,1
IuyVVtr1uhY,@FaithInsight-d,1
IuyVVtr1uhY,@FaithInsight-s6l,1
IuyVVtr1uhY,@FatimaAltaf-u3m,1
IuyVVtr1uhY,@GGouthamReddy,1
IuyVVtr1uhY,@GeminiAfroMusic,1
IuyVVtr1uhY,@GuugguguyfDgdgddf,1
IuyVVtr1uhY,@H4NARKY,1
IuyVVtr1uhY,@HarisKhan-bh6uj,1
IuyVVtr1uhY,@HaroonCodes66,1
IuyVVtr1uhY,@Isholahassanop4js,1
IuyVVtr1uhY,@JEHANGIR-pt6pf,1
IuyVVtr1uhY,@JSRJS,2
IuyVVtr1uhY,@JeanPierreCasanovaFuentes,1
IuyVVtr1uhY,@KAADSO,1
IuyVVtr1uhY,@KanofiAdmassu,1
IuyVVtr1uhY,@KennTechie-z1s,1
IuyVVtr1uhY,@KevL-t9r,1
IuyVVtr1uhY,@LokeshKumar-tk7ri,1
IuyVVtr1uhY,@MichaelThomasOFlaherty,3
IuyVVtr1uhY,@MidnightWitness-j,1
IuyVVtr1uhY,@MrMohsin1978,1
IuyVVtr1uhY,@MrSedorf,1
IuyVVtr1uhY,@MunibDanish-cs9nd,3
IuyVVtr1uhY,@NeverCodeAlone,4
IuyVVtr1uhY,@NəzrinŞamilova-s1o,1
IuyVVtr1uhY,@OpenSourceSpotlight,6
IuyVVtr1uhY,@RajaFarrar,1
IuyVVtr1uhY,@RealAfricaGuide,1
IuyVVtr1uhY,@RickGtr271,1
IuyVVtr1uhY,@RobertoOrtis,1
IuyVVtr1uhY,@RomuloMagalhaesAutoTOPO,1
IuyVVtr1uhY,@RoyElias1977,1
IuyVVtr1uhY,@SRI-j5r,1
IuyVVtr1uhY,@SachinChauhan-ch6el,1
IuyVVtr1uhY,@Sandesh-g3k,2
IuyVVtr1uhY,@SayWhaaaaaaaaaaaaaaaaaaaaaaat,1
IuyVVtr1uhY,@Sohel2G,1
IuyVVtr1uhY,@StoryBuddies1515,4
IuyVVtr1uhY,@SuperChargeAI1234,1
IuyVVtr1uhY,@TheRealCosmicOne,1
IuyVVtr1uhY,@UsmanTheDev,1
IuyVVtr1uhY,@UwayoSamuel-p1y,1
IuyVVtr1uhY,@VIKASHMADHUKAR,1
IuyVVtr1uhY,@VamasivanMayurathan,1
IuyVVtr1uhY,@Vellan.,1
IuyVVtr1uhY,@VishalBairagi-s7l,1
IuyVVtr1uhY,@Vrickz123,1
IuyVVtr1uhY,@__Abu_Ali__,2
IuyVVtr1uhY,@aYn_5Y,1
IuyVVtr1uhY,@aakashSharma-is9bk,1
IuyVVtr1uhY,@abdelalikabou9197,1
IuyVVtr1uhY,@abdisamadjoe,1
IuyVVtr1uhY,@ademineshat,3
IuyVVtr1uhY,@ahmetozdemir2207,1
IuyVVtr1uhY,@ajitnandakumar,1
IuyVVtr1uhY,@akhzarnazir,1
IuyVVtr1uhY,@alenashmelkova777,1
IuyVVtr1uhY,@ali6580-t9f,1
IuyVVtr1uhY,@andersr666,1
IuyVVtr1uhY,@andymiller0324,1
IuyVVtr1uhY,@aomo5293,1
IuyVVtr1uhY,@asifrahman3489,1
IuyVVtr1uhY,@brianwakhutu2554,1
IuyVVtr1uhY,@bronkoku,1
IuyVVtr1uhY,@build-4rm-nothing,1
IuyVVtr1uhY,@carpenter083,1
IuyVVtr1uhY,@chadsmith71,1
IuyVVtr1uhY,@chetan7600,1
IuyVVtr1uhY,@chukwumaozoemene1384,1
IuyVVtr1uhY,@cindioglusolutions5212,1
IuyVVtr1uhY,@claritynz,1
IuyVVtr1uhY,@crackedricky-KE,1
IuyVVtr1uhY,@davedbaveda,1
IuyVVtr1uhY,@davidmercado2329,1
IuyVVtr1uhY,@davidzais,1
IuyVVtr1uhY,@dimitriospavlis9977,1
IuyVVtr1uhY,@din-Ish5771,1
IuyVVtr1uhY,@dreamkid420,1
IuyVVtr1uhY,@emmybest5831,1
IuyVVtr1uhY,@fazlulmohideen8783,1
IuyVVtr1uhY,@fmitsinc9146,1
IuyVVtr1uhY,@frankru7284,1
IuyVVtr1uhY,@ghulamashraf2880,1
IuyVVtr1uhY,@gokul.raj.ravikumar,1
IuyVVtr1uhY,@golodiassaid4879,1
IuyVVtr1uhY,@goyalsachin22,1
IuyVVtr1uhY,@guffy1267,1
IuyVVtr1uhY,@gundamaiahannamaina9273,1
IuyVVtr1uhY,@guyincognito1983,5
IuyVVtr1uhY,@haaa_ron,1
IuyVVtr1uhY,@hafizbaharuddin9358,1
IuyVVtr1uhY,@hansmagix,1
IuyVVtr1uhY,@hanyhassan9483,1
IuyVVtr1uhY,@hasangunes.w,1
IuyVVtr1uhY,@hashtagnerdz6745,1
IuyVVtr1uhY,@heytayyab,1
IuyVVtr1uhY,@iffalcontcl6738,1
IuyVVtr1uhY,@itsMeTheCoder,1
IuyVVtr1uhY,@iviidev,1
IuyVVtr1uhY,@jammaj5,1
IuyVVtr1uhY,@jaunt3603,1
IuyVVtr1uhY,@jennisadozai828,1
IuyVVtr1uhY,@johnaart,1
IuyVVtr1uhY,@johnne86sd,1
IuyVVtr1uhY,@junnuravikumar,1
IuyVVtr1uhY,@k303k,1
IuyVVtr1uhY,@kakiereh4545,1
IuyVVtr1uhY,@kamalpanhwar3778,1
IuyVVtr1uhY,@kayodefadoju5424,1
IuyVVtr1uhY,@kishanmahadevwala4571,1
IuyVVtr1uhY,@luq0T0_403,1
IuyVVtr1uhY,@lêxuâncường-f7sC,1
IuyVVtr1uhY,@manimaran9949,1
IuyVVtr1uhY,@mansaraicha8301,1
IuyVVtr1uhY,@mehranrasheedgoraya4891,1
IuyVVtr1uhY,@melancam,1
IuyVVtr1uhY,@michael_azzer,1
IuyVVtr1uhY,@mk553,1
IuyVVtr1uhY,@mockinghyena960,1
IuyVVtr1uhY,@modernvibecoding,1
IuyVVtr1uhY,@mohammedsuhail168,1
IuyVVtr1uhY,@mohdkhaleeq7468,1
IuyVVtr1uhY,@mridulgupta5705,1
IuyVVtr1uhY,@mrityunjoysen10,1
IuyVVtr1uhY,@mroscoo,1
IuyVVtr1uhY,@muhammadalihaider2069,1
IuyVVtr1uhY,@muhammadnaveed7953,1
IuyVVtr1uhY,@mumbakayoba3082,2
IuyVVtr1uhY,@muzamilabdallah6768,1
IuyVVtr1uhY,@myJapanTV013,1
IuyVVtr1uhY,@nasimshekh3280,1
IuyVVtr1uhY,@niaz-ulhaque6575,1
IuyVVtr1uhY,@niwazukihon,1
IuyVVtr1uhY,@noohaliahmed3978,2
IuyVVtr1uhY,@osasomos-y2x,1
IuyVVtr1uhY,@papoteur8635,1
IuyVVtr1uhY,@paulhenricksen5728,1
IuyVVtr1uhY,@paulink.3196,1
IuyVVtr1uhY,@pazdydev,1
IuyVVtr1uhY,@pedrogrillomorales7494,1
IuyVVtr1uhY,@prabhuelec,1
IuyVVtr1uhY,@programmingwithmosh,7
IuyVVtr1uhY,@qurashiakeel,2
IuyVVtr1uhY,@rana2hin,1
IuyVVtr1uhY,@raoumar9110,2
IuyVVtr1uhY,@rasifrana,1
IuyVVtr1uhY,@realrelaxingsounds,1
IuyVVtr1uhY,@reyanrahman,1
IuyVVtr1uhY,@riyadislam97,1
IuyVVtr1uhY,@robot.visions,1
IuyVVtr1uhY,@ronniedreamz107,1
IuyVVtr1uhY,@saadsalam,1
IuyVVtr1uhY,@saahiltamboli206,1
IuyVVtr1uhY,@sabbirsheikhss,1
IuyVVtr1uhY,@samirnigam5921,1
IuyVVtr1uhY,@san1799,1
IuyVVtr1uhY,@satvikkapoor23859,1
IuyVVtr1uhY,@satyam4cs,1
IuyVVtr1uhY,@seinkseiya,1
IuyVVtr1uhY,@shivamshekhar5184,1
IuyVVtr1uhY,@smaragd_,1
IuyVVtr1uhY,@snehapokharel5434,1
IuyVVtr1uhY,@sohailnaseer7251,1
IuyVVtr1uhY,@sonybajracharya,1
IuyVVtr1uhY,@suvratrai,1
IuyVVtr1uhY,@techienomadiso8970,1
IuyVVtr1uhY,@thankGodbissong,1
IuyVVtr1uhY,@theanomaly340,1
IuyVVtr1uhY,@townnine,1
IuyVVtr1uhY,@tulanijones7865,1
IuyVVtr1uhY,@tyclips57,1
IuyVVtr1uhY,@unclelukendiba,1
IuyVVtr1uhY,@urlocalcoder,1
IuyVVtr1uhY,@variousplaces,1
IuyVVtr1uhY,@vausmusic,1
IuyVVtr1uhY,@walayat_khan,1
IuyVVtr1uhY,@wandervibeswithmujeeb,1
IuyVVtr1uhY,@wensen-u2m1f,1
IuyVVtr1uhY,@yahayaoyinkansola8258,1
IuyVVtr1uhY,@zarif-automates,1
IuyVVtr1uhY,@יצחקי-צ6ח,2
IuyVVtr1uhY,@张小鱼-i4u,1
JSuS-zXMVwE,@AkbarNurPribadi,1
JSuS-zXMVwE,@AnkushJainbl,1
JSuS-zXMVwE,@ArchitecturalAesthetics2046,1
JSuS-zXMVwE,@AyanRaza612,1
JSuS-zXMVwE,@BigHarryNuts2.0,1
JSuS-zXMVwE,@Blizzpoint,1
JSuS-zXMVwE,@BobbyBrixx,1
JSuS-zXMVwE,@Buddhist_Mnk,1
JSuS-zXMVwE,@CGAR_420,1
JSuS-zXMVwE,@CodexTuber,1
JSuS-zXMVwE,@DEM1GOD7,1
JSuS-zXMVwE,@DREAMWORKERSKY,1
JSuS-zXMVwE,@DionSiluch,1
JSuS-zXMVwE,@DistortedV12,1
JSuS-zXMVwE,@Elliot_zaz,1
JSuS-zXMVwE,@Grizowes,1
JSuS-zXMVwE,@H.N7,1
JSuS-zXMVwE,@ItsAllGoodGames,1
JSuS-zXMVwE,@IvanGalayko,1
JSuS-zXMVwE,@JackLondon-m5s,1
JSuS-zXMVwE,@JayMarksDaSpot,1
JSuS-zXMVwE,@Jimmy_R2007,1
JSuS-zXMVwE,@Jordan-er9bx,1
JSuS-zXMVwE,@JustMaiyak,1
JSuS-zXMVwE,@Kaiser_717,1
JSuS-zXMVwE,@LilMartyFarty,1
JSuS-zXMVwE,@MahshooqZubair-e9v,1
JSuS-zXMVwE,@MasonJarMassey,2
JSuS-zXMVwE,@MordorAndBeyond,1
JSuS-zXMVwE,@MrDejvidkit,1
JSuS-zXMVwE,@MrMudbill,1
JSuS-zXMVwE,@MrOdoric,1
JSuS-zXMVwE,@MyTravelOdyssey,1
JSuS-zXMVwE,@NullHypothesisTech,1
JSuS-zXMVwE,@Ojet-u5e,1
JSuS-zXMVwE,@Olaf-y5v,1
JSuS-zXMVwE,@Olyrous,1
JSuS-zXMVwE,@P0RT_FC,1
JSuS-zXMVwE,@RanjeethDevaiah,1
JSuS-zXMVwE,@RealRameshBabu,1
JSuS-zXMVwE,@ReyRandom-l2o,1
JSuS-zXMVwE,@RodrigoAlvesMesquita5,1
JSuS-zXMVwE,@RogueRadar-x,1
JSuS-zXMVwE,@SPCPerez19Delta,1
JSuS-zXMVwE,@SXsoft99,1
JSuS-zXMVwE,@ShaferHart,1
JSuS-zXMVwE,@ShibasisPatnaik,1
JSuS-zXMVwE,@SirBilby,1
JSuS-zXMVwE,@THEPRK,1
JSuS-zXMVwE,@TSaqo,1
JSuS-zXMVwE,@TheEbencarljo,1
JSuS-zXMVwE,@TheFreckCo,1
JSuS-zXMVwE,@TheLummen.,1
JSuS-zXMVwE,@TheSkyRuler,1
JSuS-zXMVwE,@TheVirtualArena24,1
JSuS-zXMVwE,@TheworldOfDevil,1
JSuS-zXMVwE,@TileBitan,1
JSuS-zXMVwE,@Tony-dp1rl,1
JSuS-zXMVwE,@TottoroOkarin,1
JSuS-zXMVwE,@Zero-_-...,1
JSuS-zXMVwE,@ZeroSignalZen,1
JSuS-zXMVwE,@abba_m_,1
JSuS-zXMVwE,@abhisheksingh-rd2ur,1
JSuS-zXMVwE,@abhyas_k_29,1
JSuS-zXMVwE,@africadeclassified,1
JSuS-zXMVwE,@afriend8961,1
JSuS-zXMVwE,@ahmadhabib6568,1
JSuS-zXMVwE,@aidevyt,1
JSuS-zXMVwE,@ainewsly1,1
JSuS-zXMVwE,@akbarsha03,1
JSuS-zXMVwE,@alexgrozav2736,1
JSuS-zXMVwE,@amarug,1
JSuS-zXMVwE,@andreaslassak2111,1
JSuS-zXMVwE,@andyrozario7,1
JSuS-zXMVwE,@anyhow-x3v,1
JSuS-zXMVwE,@arcaneminded,1
JSuS-zXMVwE,@arpyan,1
JSuS-zXMVwE,@asatorftw,1
JSuS-zXMVwE,@asgpmax1102,1
JSuS-zXMVwE,@asronome,1
JSuS-zXMVwE,@atleta_hu,1
JSuS-zXMVwE,@babaganaabba785,1
JSuS-zXMVwE,@bingobongo1615,1
JSuS-zXMVwE,@bitman_agent67,1
JSuS-zXMVwE,@bloognoo,1
JSuS-zXMVwE,@bowlingguy7755,1
JSuS-zXMVwE,@bronzekoala9141,1
JSuS-zXMVwE,@broor,1
JSuS-zXMVwE,@canttalkanymore,1
JSuS-zXMVwE,@carrycat876,2
JSuS-zXMVwE,@cheesebusiness,1
JSuS-zXMVwE,@chrisjohns8622,1
JSuS-zXMVwE,@codingandchillin,1
JSuS-zXMVwE,@codrincod424,1
JSuS-zXMVwE,@collinc-00,1
JSuS-zXMVwE,@connorup420,1
JSuS-zXMVwE,@constantinegeist1854,1
JSuS-zXMVwE,@cyb3rk1d71,1
JSuS-zXMVwE,@cykablyat867,1
JSuS-zXMVwE,@danielarista1352,1
JSuS-zXMVwE,@danielsoto9876,1
JSuS-zXMVwE,@danrussell_official,1
JSuS-zXMVwE,@darkfeign,1
JSuS-zXMVwE,@darrelvanonselen7486,1
JSuS-zXMVwE,@derrick8491,1
JSuS-zXMVwE,@drstrangebudgie4052,1
JSuS-zXMVwE,@electronicheartbreak.,1
JSuS-zXMVwE,@ericmackrodt9441,1
JSuS-zXMVwE,@erikslorenz,1
JSuS-zXMVwE,@ethanbrehin220,1
JSuS-zXMVwE,@gamingthunderbolt1621,1
JSuS-zXMVwE,@gklogamer,1
JSuS-zXMVwE,@gl4_manu,1
JSuS-zXMVwE,@greenberetg.b6793,1
JSuS-zXMVwE,@harshitsingh5979,1
JSuS-zXMVwE,@hasiiabbasi,1
JSuS-zXMVwE,@hieyeque1,1
JSuS-zXMVwE,@hoxtonfilmworks,1
JSuS-zXMVwE,@ibendover4817,1
JSuS-zXMVwE,@idanatsmon5760,1
JSuS-zXMVwE,@iite845,1
JSuS-zXMVwE,@imraan_alam,1
JSuS-zXMVwE,@inteist,1
JSuS-zXMVwE,@javiehyt,1
JSuS-zXMVwE,@jpawlowski,1
JSuS-zXMVwE,@justin3811,1
JSuS-zXMVwE,@kbrac9905,1
JSuS-zXMVwE,@kdewanik,1
JSuS-zXMVwE,@keoryinstagib,1
JSuS-zXMVwE,@kotzblitz7716,1
JSuS-zXMVwE,@kovulduncom,1
JSuS-zXMVwE,@kvickart,1
JSuS-zXMVwE,@lelkasa361,1
JSuS-zXMVwE,@litrlyanything,1
JSuS-zXMVwE,@livinlicious,1
JSuS-zXMVwE,@llmcoder,1
JSuS-zXMVwE,@lockin222,1
JSuS-zXMVwE,@lpeabody,1
JSuS-zXMVwE,@lukaszkulasek,1
JSuS-zXMVwE,@magicmulder,1
JSuS-zXMVwE,@magnusstahljacobsen9251,1
JSuS-zXMVwE,@majky358,2
JSuS-zXMVwE,@marleymomo9582,1
JSuS-zXMVwE,@mashermack,1
JSuS-zXMVwE,@may_strong_for_me,1
JSuS-zXMVwE,@mbc-3991,1
JSuS-zXMVwE,@mgrycz,1
JSuS-zXMVwE,@michaellerch,1
JSuS-zXMVwE,@miervaldis42,1
JSuS-zXMVwE,@mifud3,1
JSuS-zXMVwE,@mohammadeunus7087,1
JSuS-zXMVwE,@monkeymike_official,1
JSuS-zXMVwE,@moolipit,1
JSuS-zXMVwE,@motbus3,1
JSuS-zXMVwE,@msahu2595,1
JSuS-zXMVwE,@msalih,1
JSuS-zXMVwE,@muriu,1
JSuS-zXMVwE,@neocanadian6307,1
JSuS-zXMVwE,@nero1375,1
JSuS-zXMVwE,@nike5428,1
JSuS-zXMVwE,@nonono9700,1
JSuS-zXMVwE,@nurmuhammadluthfi5407,1
JSuS-zXMVwE,@omee_y,1
JSuS-zXMVwE,@owlowltothemoon,2
JSuS-zXMVwE,@pancakeman41597,1
JSuS-zXMVwE,@paulsaulpaul,1
JSuS-zXMVwE,@paveltravvel,1
JSuS-zXMVwE,@plainprince,2
JSuS-zXMVwE,@pranavsharma7479,1
JSuS-zXMVwE,@pushingpandas6479,1
JSuS-zXMVwE,@rageitalic-t3c,1
JSuS-zXMVwE,@rasmuslinnemann13,1
JSuS-zXMVwE,@ricardocnn,1
JSuS-zXMVwE,@robovirtuoso1354,1
JSuS-zXMVwE,@saithejapamarty,1
JSuS-zXMVwE,@scarlett6761,1
JSuS-zXMVwE,@shaddow11ro,1
JSuS-zXMVwE,@shashikantsingh4117,1
JSuS-zXMVwE,@some_one_on_YouTube,1
JSuS-zXMVwE,@ssssssssssama,1
JSuS-zXMVwE,@stickpilled,4
JSuS-zXMVwE,@superbuilderhq,1
JSuS-zXMVwE,@sushisoup6840,1
JSuS-zXMVwE,@swisox,1
JSuS-zXMVwE,@tbg6nb,1
JSuS-zXMVwE,@tejask4163,1
JSuS-zXMVwE,@tensing89,1
JSuS-zXMVwE,@theOrion42,1
JSuS-zXMVwE,@thelonedev,1
JSuS-zXMVwE,@tireofthisshityeah,1
JSuS-zXMVwE,@tizio5103,1
JSuS-zXMVwE,@typingsomewords,1
JSuS-zXMVwE,@upneer,1
JSuS-zXMVwE,@v2ike6udik,1
JSuS-zXMVwE,@vibesurfer37,1
JSuS-zXMVwE,@vividnightmare_,1
JSuS-zXMVwE,@wenterinfaer7868,1
JSuS-zXMVwE,@wholelottatxrun,1
JSuS-zXMVwE,@xxxq226,1
JSuS-zXMVwE,@yellowman617,1
JW5KBivWl_0,@ANirajKumar,1
JW5KBivWl_0,@Aadi-d3s,1
JW5KBivWl_0,@AadityaSamani-t5z,1
JW5KBivWl_0,@Aff2324,1
JW5KBivWl_0,@Alex-Experiences,1
JW5KBivWl_0,@AnnaDisco-t4r,1
JW5KBivWl_0,@Arhan-d8s,1
JW5KBivWl_0,@Arvindvincentz,2
JW5KBivWl_0,@AtishyaJain-hh7bp,2
JW5KBivWl_0,@BalajiAkubattini4,1
JW5KBivWl_0,@CEO_Founder_of_Bugshooter,1
JW5KBivWl_0,@DEVRAJ-vv8jc,1
JW5KBivWl_0,@DeepThinkKashish,1
JW5KBivWl_0,@FactswithShreyash,1
JW5KBivWl_0,@FawziaRahman-s7h,1
JW5KBivWl_0,@Feroxiss,1
JW5KBivWl_0,@Hammadi-t1g,1
JW5KBivWl_0,@Hixen-1W9,1
JW5KBivWl_0,@ITHASA-015,1
JW5KBivWl_0,@JamesBond-pn3nv,1
JW5KBivWl_0,@KK-4ever,1
JW5KBivWl_0,@Karan9897-p,1
JW5KBivWl_0,@Kattimanipremkumar,1
JW5KBivWl_0,@KaushalkishoreMishra-n3x,1
JW5KBivWl_0,@KiranDas-ln2jo,1
JW5KBivWl_0,@Learnwithnagendra,1
JW5KBivWl_0,@Likhith-o9q,1
JW5KBivWl_0,@LokeshGupta-z2i9g,1
JW5KBivWl_0,@ManoharTheClarityArchitect,1
JW5KBivWl_0,@MdNeyamet,1
JW5KBivWl_0,@MuhammadHasan.786,1
JW5KBivWl_0,@Muneer398,1
JW5KBivWl_0,@PaionoRr,1
JW5KBivWl_0,@Poweredbydj,1
JW5KBivWl_0,@PravinSingh-i3y,1
JW5KBivWl_0,@Purpose_of_Life_07,1
JW5KBivWl_0,@Raistar_13-x5e,1
JW5KBivWl_0,@Ram01Rawat,1
JW5KBivWl_0,@RidimaJain-w2v,1
JW5KBivWl_0,@SajalKatiyar-e1v,1
JW5KBivWl_0,@Shahbazalii_,5
JW5KBivWl_0,@ShivamVermaokdone,1
JW5KBivWl_0,@Siaccghdxzcvhgzzz,2
JW5KBivWl_0,@SidMalipatil,1
JW5KBivWl_0,@Suresh-k9l1q,1
JW5KBivWl_0,@TaxSmooth,1
JW5KBivWl_0,@Tazeem4Study,1
JW5KBivWl_0,@TheMrUndestructable,1
JW5KBivWl_0,@Viraltrend3630,1
JW5KBivWl_0,@WealthAIWebApp,1
JW5KBivWl_0,@XViewer-k9x,1
JW5KBivWl_0,@aakaashwani,1
JW5KBivWl_0,@airwaycentrelucknow,2
JW5KBivWl_0,@angshurpitaganguly833,1
JW5KBivWl_0,@anilsupraj,1
JW5KBivWl_0,@anirvanlahiri8743,1
JW5KBivWl_0,@anishVerma-j4r,1
JW5KBivWl_0,@anthonputra-f2v,1
JW5KBivWl_0,@arunrko2922,1
JW5KBivWl_0,@ashenonesol,1
JW5KBivWl_0,@bpashupalak,1
JW5KBivWl_0,@buddingtech,1
JW5KBivWl_0,@chessonline4646guru,1
JW5KBivWl_0,@currentaffairsWithfun,1
JW5KBivWl_0,@danielcortez3835,1
JW5KBivWl_0,@dhiraj-y3o,1
JW5KBivWl_0,@faizanchoudhry3242,1
JW5KBivWl_0,@gireeshbhat4158,2
JW5KBivWl_0,@green4636,1
JW5KBivWl_0,@gyansagarmovie,1
JW5KBivWl_0,@harishchand90,1
JW5KBivWl_0,@harshsmor,1
JW5KBivWl_0,@ishowfab-o8u,1
JW5KBivWl_0,@jatinkumar099,1
JW5KBivWl_0,@jayajaythrive,3
JW5KBivWl_0,@kabitayesmin6826,1
JW5KBivWl_0,@kanakgfgaming,3
JW5KBivWl_0,@kingofshop5949,1
JW5KBivWl_0,@laura07-pw4bn,1
JW5KBivWl_0,@maazayaz1769,1
JW5KBivWl_0,@mazaheruddin209,1
JW5KBivWl_0,@moshiurkazi,1
JW5KBivWl_0,@naivegaming2663,1
JW5KBivWl_0,@nasird9119,1
JW5KBivWl_0,@navdissenyo,1
JW5KBivWl_0,@ndb14421432,1
JW5KBivWl_0,@nikunjaggarwal3772,1
JW5KBivWl_0,@ogxyn,1
JW5KBivWl_0,@pinkman4946,1
JW5KBivWl_0,@plusultra7258,1
JW5KBivWl_0,@pranshujaiswal4760,2
JW5KBivWl_0,@prasannamalviya3923,1
JW5KBivWl_0,@princehearted3994,2
JW5KBivWl_0,@prolongtrader7874,1
JW5KBivWl_0,@rarexyt,1
JW5KBivWl_0,@ravisekharveenam3587,1
JW5KBivWl_0,@renorushtv,1
JW5KBivWl_0,@sameera1995,1
JW5KBivWl_0,@satyaprakashpandey4040,1
JW5KBivWl_0,@sd-yt-6,1
JW5KBivWl_0,@sharadrai6138,2
JW5KBivWl_0,@siddiquedeshmukh4554,1
JW5KBivWl_0,@soap1645,1
JW5KBivWl_0,@squibby.com-k4b,1
JW5KBivWl_0,@sreekanthdevireddy,1
JW5KBivWl_0,@sripriya029,1
JW5KBivWl_0,@sudeepka3,1
JW5KBivWl_0,@sujaybhoi27,1
JW5KBivWl_0,@sujaybodas,1
JW5KBivWl_0,@sundaragandhi2261,1
JW5KBivWl_0,@sunilkumarkomari7906,1
JW5KBivWl_0,@tanujkhandelwal5487,1
JW5KBivWl_0,@thekidsstoryteller-nene,1
JW5KBivWl_0,@thethor32,1
JW5KBivWl_0,@vaibhavk9291,1
JW5KBivWl_0,@vickyvirat5166,1
JW5KBivWl_0,@vinodkumar_1807,1
JW5KBivWl_0,@vipin_sb,2
JW5KBivWl_0,@viralchronicleshub,1
JW5KBivWl_0,@vmthugmemes2373,1
JW5KBivWl_0,@wolverine7151,1
JW5KBivWl_0,@yogeshjoon,1
JW5KBivWl_0,@محمدادريس-ص8د,1
KF-JVTDftN4,@50_cent33,1
KF-JVTDftN4,@AIbyNerd,1
KF-JVTDftN4,@Amaan_789,1
KF-JVTDftN4,@AntoineDennison,1
KF-JVTDftN4,@ArchaicVirusStudios,1
KF-JVTDftN4,@As-tv-cartoon,1
KF-JVTDftN4,@AshynthaDyzar,1
KF-JVTDftN4,@Boxing_Gamer,2
KF-JVTDftN4,@CarpenterRobert,1
KF-JVTDftN4,@CsekmeKrisztianHUN,1
KF-JVTDftN4,@Eaglessoft,1
KF-JVTDftN4,@FNAIGUY,2
KF-JVTDftN4,@Fabuliosorus,1
KF-JVTDftN4,@Fantasmagorikus,1
KF-JVTDftN4,@Groundhog-t7l,1
KF-JVTDftN4,@Hacsukh,1
KF-JVTDftN4,@JaniceCarter-ws7lu,1
KF-JVTDftN4,@KENYAFLIX-mf4lu,1
KF-JVTDftN4,@LegionInfanterie,1
KF-JVTDftN4,@LouisDuran,1
KF-JVTDftN4,@MalikRobot333,1
KF-JVTDftN4,@MoeLueker,1
KF-JVTDftN4,@MrDomiko,1
KF-JVTDftN4,@PRMEA1NZ,1
KF-JVTDftN4,@PrensCin,1
KF-JVTDftN4,@PriyaManas-y6f,1
KF-JVTDftN4,@RikayuWilzam,1
KF-JVTDftN4,@Riskiiiiiiiiii,1
KF-JVTDftN4,@RobloxTherapy-YT,1
KF-JVTDftN4,@Royal76679,1
KF-JVTDftN4,@Samyamneupane-k2s,1
KF-JVTDftN4,@Sci-Fill-l-l,2
KF-JVTDftN4,@SenseiReza,1
KF-JVTDftN4,@Someone-ly7um,1
KF-JVTDftN4,@Spl1ntMan,1
KF-JVTDftN4,@StevenRotelli,1
KF-JVTDftN4,@SuryaKarigar,1
KF-JVTDftN4,@TKSaras,1
KF-JVTDftN4,@TheViperniz1,1
KF-JVTDftN4,@Thyme.Keeper,1
KF-JVTDftN4,@VjwefyxcsBfignksvycahb,1
KF-JVTDftN4,@Wahinies,3
KF-JVTDftN4,@Willoww_4life,1
KF-JVTDftN4,@abdellahb1398,1
KF-JVTDftN4,@abdulsuluman1417,1
KF-JVTDftN4,@adrianfam8098,1
KF-JVTDftN4,@aeonsleo2,1
KF-JVTDftN4,@agastyajindal,1
KF-JVTDftN4,@ahmedselima2544,1
KF-JVTDftN4,@alexpigeon,1
KF-JVTDftN4,@amankumarjha8155,1
KF-JVTDftN4,@awakenyoursenses915,1
KF-JVTDftN4,@bambinoesu,1
KF-JVTDftN4,@baricada.,1
KF-JVTDftN4,@buildlackey,2
KF-JVTDftN4,@catDrama786,1
KF-JVTDftN4,@claudiusarnellius2465,1
KF-JVTDftN4,@degisner,1
KF-JVTDftN4,@desiboi926,1
KF-JVTDftN4,@dharmrajkeer4511,1
KF-JVTDftN4,@eladbari,1
KF-JVTDftN4,@froogleislive,1
KF-JVTDftN4,@gamershd6225,1
KF-JVTDftN4,@greenaware8580,1
KF-JVTDftN4,@hahtbites,1
KF-JVTDftN4,@jameskim2007,1
KF-JVTDftN4,@jeno.javori_music,2
KF-JVTDftN4,@johnrambo7147,1
KF-JVTDftN4,@karan-n3g2e,1
KF-JVTDftN4,@kittengray9232,1
KF-JVTDftN4,@krishnaarigela-on8gc,1
KF-JVTDftN4,@leonelvega7239,2
KF-JVTDftN4,@madhu4285,1
KF-JVTDftN4,@markwilliamsbrown9889,1
KF-JVTDftN4,@matouskavalik,1
KF-JVTDftN4,@maxusers,1
KF-JVTDftN4,@megakilllll,1
KF-JVTDftN4,@metaversenft,1
KF-JVTDftN4,@mmhhh8833,1
KF-JVTDftN4,@mono24,1
KF-JVTDftN4,@nateLegakis,1
KF-JVTDftN4,@pablofernandez6051,1
KF-JVTDftN4,@parthapal333,1
KF-JVTDftN4,@remy8587,1
KF-JVTDftN4,@richardzhang3245,1
KF-JVTDftN4,@roberthiemstra8726,1
KF-JVTDftN4,@s1eepr709,1
KF-JVTDftN4,@salmanraza7083,1
KF-JVTDftN4,@shawnchaudry2126,1
KF-JVTDftN4,@sheditingofficial1437,1
KF-JVTDftN4,@siomokof3425,1
KF-JVTDftN4,@sirotkindavid,2
KF-JVTDftN4,@springi1337,1
KF-JVTDftN4,@thecodexarchitect,1
KF-JVTDftN4,@theindubitable,1
KF-JVTDftN4,@user-qy2wf2lt6v,1
KF-JVTDftN4,@victorespinoza355,1
KF-JVTDftN4,@williamk6605,1
KF-JVTDftN4,@wizzywipwopwoo,1
KF-JVTDftN4,@xpointer483,1
KF-JVTDftN4,@zyklos229,1
KO_GzPZtNV4,@StolenPw,1
KO_GzPZtNV4,@sabrina_ramonov,1
KXIdYEdOPys,@4l3dx-c3c,1
KXIdYEdOPys,@AdamTabiev,1
KXIdYEdOPys,@AjitRaina-y8w,2
KXIdYEdOPys,@BruteForm_07,4
KXIdYEdOPys,@CitAllHearItAll,2
KXIdYEdOPys,@CronicasBunker,1
KXIdYEdOPys,@CuratedEvenings,1
KXIdYEdOPys,@CynthiaHoward-gy1zt,1
KXIdYEdOPys,@DeanEarls,1
KXIdYEdOPys,@ER-yb1pu,1
KXIdYEdOPys,@Elektrataloon,2
KXIdYEdOPys,@ElliyahuRosha,1
KXIdYEdOPys,@FRANK-u2u5s,1
KXIdYEdOPys,@Flippergob,1
KXIdYEdOPys,@GharacDurac,1
KXIdYEdOPys,@JamalNichols,1
KXIdYEdOPys,@JaredJacobsonLaw,2
KXIdYEdOPys,@JarredJeffBandongTaedo,1
KXIdYEdOPys,@Jascensionvoid,1
KXIdYEdOPys,@Jason-mz8xw,1
KXIdYEdOPys,@JoeyTheLovable,1
KXIdYEdOPys,@Jzguan,1
KXIdYEdOPys,@KVKAutomates,1
KXIdYEdOPys,@Kawmikawzee,1
KXIdYEdOPys,@Krasig4605,1
KXIdYEdOPys,@Lannd84,1
KXIdYEdOPys,@LoCoMoTioNXs,1
KXIdYEdOPys,@LorenzoOradia,1
KXIdYEdOPys,@LucasTsai-q7r,1
KXIdYEdOPys,@MaximilianFeichtinger,2
KXIdYEdOPys,@MichalBrighton,1
KXIdYEdOPys,@MickaelCoulibalyter,1
KXIdYEdOPys,@NazmulIslam-d4k,1
KXIdYEdOPys,@NewMuslimVoice,1
KXIdYEdOPys,@Nohandleqwert,1
KXIdYEdOPys,@RaceKaiser-e6j,1
KXIdYEdOPys,@ReinFreak,1
KXIdYEdOPys,@RickyLipe,2
KXIdYEdOPys,@RobertVirona,1
KXIdYEdOPys,@RomanBotan47,1
KXIdYEdOPys,@SOPHDAYS-gl1rr,1
KXIdYEdOPys,@ShouwangZhe-g9v,1
KXIdYEdOPys,@Sinoeth,1
KXIdYEdOPys,@SmalltimR,1
KXIdYEdOPys,@StefaRobinsonAINews,1
KXIdYEdOPys,@SteveHensley2,1
KXIdYEdOPys,@TiredDadTech,1
KXIdYEdOPys,@Tomxxadam,1
KXIdYEdOPys,@TrevorAllenPhotography,1
KXIdYEdOPys,@Vakabon112,1
KXIdYEdOPys,@Vanaheimxx,1
KXIdYEdOPys,@Yossi_ehrenfeldyt,1
KXIdYEdOPys,@aboutdamntime,1
KXIdYEdOPys,@acimdotnet,1
KXIdYEdOPys,@aitoolswithpark,1
KXIdYEdOPys,@alrightletstalkhockey,1
KXIdYEdOPys,@amazinglife575,1
KXIdYEdOPys,@anassabah-p3x,1
KXIdYEdOPys,@angelovestieri9013,1
KXIdYEdOPys,@anhkind,1
KXIdYEdOPys,@apdurden,1
KXIdYEdOPys,@asi-system,1
KXIdYEdOPys,@automatewithmarcus,1
KXIdYEdOPys,@badcali_kid,2
KXIdYEdOPys,@baron523,1
KXIdYEdOPys,@bendelladj100B-T,1
KXIdYEdOPys,@benjaminlewis885,1
KXIdYEdOPys,@bestmomentsranked,1
KXIdYEdOPys,@blackneelix,1
KXIdYEdOPys,@boofmaloof147,1
KXIdYEdOPys,@charlieespeleta5616,1
KXIdYEdOPys,@clouds2593,1
KXIdYEdOPys,@cyla4828,1
KXIdYEdOPys,@daltondifferent8574,1
KXIdYEdOPys,@davidgual93,2
KXIdYEdOPys,@dericksozo1135,1
KXIdYEdOPys,@dxrksidius1637,1
KXIdYEdOPys,@edh3268,1
KXIdYEdOPys,@eliasetl7945,1
KXIdYEdOPys,@elissiahardy699,1
KXIdYEdOPys,@ericxie1661,1
KXIdYEdOPys,@existentialrap521,1
KXIdYEdOPys,@fatihcambek6609,2
KXIdYEdOPys,@frankiewong2215,1
KXIdYEdOPys,@gauravsbuilding,1
KXIdYEdOPys,@goodforyouyou,1
KXIdYEdOPys,@guledomar1,1
KXIdYEdOPys,@haminmars,1
KXIdYEdOPys,@iNTERnazionaleNotizia589,2
KXIdYEdOPys,@ianPedlar,1
KXIdYEdOPys,@jincanliu7124,1
KXIdYEdOPys,@jlandz,1
KXIdYEdOPys,@johnwicked882,1
KXIdYEdOPys,@joshuagoh6324,1
KXIdYEdOPys,@just.elson.erick.20,1
KXIdYEdOPys,@kevinpluton,2
KXIdYEdOPys,@kidfresh07,1
KXIdYEdOPys,@kinghuynhbao3954,1
KXIdYEdOPys,@luisklepa,1
KXIdYEdOPys,@luqkiiim,1
KXIdYEdOPys,@marukami6626,1
KXIdYEdOPys,@mdumiseni_mnguni,1
KXIdYEdOPys,@midori_to_ringo,2
KXIdYEdOPys,@mostafaelgamel6415,1
KXIdYEdOPys,@nick_stelmakh,1
KXIdYEdOPys,@nicky_rads,1
KXIdYEdOPys,@niclas.lindstrom,1
KXIdYEdOPys,@no_filter_87,1
KXIdYEdOPys,@nowlyt,1
KXIdYEdOPys,@ntf81,1
KXIdYEdOPys,@patriekalbers,1
KXIdYEdOPys,@pauleasther,1
KXIdYEdOPys,@pxbroccoli,1
KXIdYEdOPys,@ralphmoreau2768,1
KXIdYEdOPys,@renzhutayko360,1
KXIdYEdOPys,@rileybrownai,8
KXIdYEdOPys,@rudolfburggraaf,1
KXIdYEdOPys,@scotthancock5994,2
KXIdYEdOPys,@sergeleinweber9147,2
KXIdYEdOPys,@spiotrowicz33,1
KXIdYEdOPys,@sprucespaner,1
KXIdYEdOPys,@sreekartammana,1
KXIdYEdOPys,@stevereid636,2
KXIdYEdOPys,@tbuck571,1
KXIdYEdOPys,@thepinkrabite9989,1
KXIdYEdOPys,@thevaultdoor,1
KXIdYEdOPys,@toptengoat,1
KXIdYEdOPys,@treskwilosz837,1
KXIdYEdOPys,@treyjenkins5672,1
KXIdYEdOPys,@trinavoell8013,1
KXIdYEdOPys,@tylervlive,1
KXIdYEdOPys,@wf6759,2
KXIdYEdOPys,@yeshnow,1
KXIdYEdOPys,@yursonfinance,1
KXIdYEdOPys,@ywueeee,1
KXIdYEdOPys,@zdrux,2
KXIdYEdOPys,@zscoder,1
KXIdYEdOPys,@吴石-s2g,1
Kd0QGZMy_tA,@ABB-y1b,1
Kd0QGZMy_tA,@Ajmaleeee,1
Kd0QGZMy_tA,@Boxing_Gamer,1
Kd0QGZMy_tA,@Brandon-ob9rg,1
Kd0QGZMy_tA,@Carl-tz7zj,1
Kd0QGZMy_tA,@CheeseStickzZ,1
Kd0QGZMy_tA,@DavidBrown30,1
Kd0QGZMy_tA,@DevelopersDigest,4
Kd0QGZMy_tA,@ESSOR.france,1
Kd0QGZMy_tA,@FlavioGraf,1
Kd0QGZMy_tA,@FunWithBits,1
Kd0QGZMy_tA,@GamingAmbienceLive,1
Kd0QGZMy_tA,@JohnSmith762A11B,1
Kd0QGZMy_tA,@MeixiaJiang-v7m,1
Kd0QGZMy_tA,@N7__7,1
Kd0QGZMy_tA,@TrollAndPlay,1
Kd0QGZMy_tA,@Winters11,1
Kd0QGZMy_tA,@Zhuyu2024,1
Kd0QGZMy_tA,@andrewp-m2o,1
Kd0QGZMy_tA,@chrishutchinson3827,1
Kd0QGZMy_tA,@deogratiusvalerin3750,1
Kd0QGZMy_tA,@desiboi926,1
Kd0QGZMy_tA,@drewdavis597,1
Kd0QGZMy_tA,@ducpham1920,2
Kd0QGZMy_tA,@elbokick4ss100,1
Kd0QGZMy_tA,@ernsttech5255,1
Kd0QGZMy_tA,@galanoth17,1
Kd0QGZMy_tA,@gavinfuckinbelson,1
Kd0QGZMy_tA,@hypervanse,2
Kd0QGZMy_tA,@idealdata-wr9fp,1
Kd0QGZMy_tA,@imkazimahmed,1
Kd0QGZMy_tA,@jewlouds,1
Kd0QGZMy_tA,@just_a_curious_coder,1
Kd0QGZMy_tA,@lambdalearner7670,1
Kd0QGZMy_tA,@m.x.,1
Kd0QGZMy_tA,@maxaquilino7264,1
Kd0QGZMy_tA,@nitishchauhan8113,1
Kd0QGZMy_tA,@noadsensehere9195,1
Kd0QGZMy_tA,@nufh,1
Kd0QGZMy_tA,@plegkody,1
Kd0QGZMy_tA,@poisonza,1
Kd0QGZMy_tA,@pradeeprao822,1
Kd0QGZMy_tA,@prakhar.bhardwaj,2
Kd0QGZMy_tA,@proflead,1
Kd0QGZMy_tA,@rstell589,1
Kd0QGZMy_tA,@rubberuk,1
Kd0QGZMy_tA,@shivahaze9014,1
Kd0QGZMy_tA,@velious2121,1
Kd0QGZMy_tA,@周游星,1
LR04bU_yV5k,@AlexMAMPISAINA,1
LR04bU_yV5k,@BoStevens-h3l,1
LR04bU_yV5k,@DrSleepless,1
LR04bU_yV5k,@Dygit,3
LR04bU_yV5k,@GMUStudentDesign,1
LR04bU_yV5k,@MikeBurnsDev,1
LR04bU_yV5k,@MoPaTography,2
LR04bU_yV5k,@NoVamp3499,1
LR04bU_yV5k,@Olaf-y5v,1
LR04bU_yV5k,@OldManWithaDrone,1
LR04bU_yV5k,@Pinkishmaggit,1
LR04bU_yV5k,@R.G.Vitanov,1
LR04bU_yV5k,@Rockyzach88,1
LR04bU_yV5k,@Sancarn,1
LR04bU_yV5k,@ToddVance,1
LR04bU_yV5k,@amerikuntz,1
LR04bU_yV5k,@bobbychungus,1
LR04bU_yV5k,@captainmcface9393,1
LR04bU_yV5k,@chizzlemo3094,1
LR04bU_yV5k,@clintonkeith5333,1
LR04bU_yV5k,@danielvega646,1
LR04bU_yV5k,@daveweatherall7523,1
LR04bU_yV5k,@eSeekapp,1
LR04bU_yV5k,@foobarbecue,1
LR04bU_yV5k,@fossware24,1
LR04bU_yV5k,@gregcode,9
LR04bU_yV5k,@hf7219,1
LR04bU_yV5k,@jackbonomo3897,1
LR04bU_yV5k,@korniszon68,1
LR04bU_yV5k,@lsanchezcastellanos,1
LR04bU_yV5k,@lukehebert6207,1
LR04bU_yV5k,@magendavid7,1
LR04bU_yV5k,@mcbeeeg,1
LR04bU_yV5k,@mdTarek-w5n8u,2
LR04bU_yV5k,@megastonkstrading,1
LR04bU_yV5k,@mizatt,1
LR04bU_yV5k,@mohammedcherkaoui9292,1
LR04bU_yV5k,@mrtango5003,1
LR04bU_yV5k,@ruwette,1
LR04bU_yV5k,@setop123,1
LR04bU_yV5k,@sillystuff6247,1
LR04bU_yV5k,@stanislavhristakiev1881,1
LR04bU_yV5k,@zaitech3991,1
LV-Uu7GvpUo,@AIwithsufi-s3s,1
LV-Uu7GvpUo,@Abby_Connect,1
LV-Uu7GvpUo,@AgnarHalldorsson,1
LV-Uu7GvpUo,@AiBlipai,1
LV-Uu7GvpUo,@Alvaro-tq7my,1
LV-Uu7GvpUo,@Alwaysremember-j9c,1
LV-Uu7GvpUo,@Anthony31416,1
LV-Uu7GvpUo,@Baronverse,1
LV-Uu7GvpUo,@BharatVakya,1
LV-Uu7GvpUo,@BombonShoper,1
LV-Uu7GvpUo,@BramYuda-d8w,1
LV-Uu7GvpUo,@BrianScottDigital,1
LV-Uu7GvpUo,@CalmColorado,1
LV-Uu7GvpUo,@ChildressCreekKennels,1
LV-Uu7GvpUo,@ChristIsRisen7777,1
LV-Uu7GvpUo,@CodingDrills,1
LV-Uu7GvpUo,@DIP4K,1
LV-Uu7GvpUo,@DailyStalkerUpdate,2
LV-Uu7GvpUo,@DarligLeo,1
LV-Uu7GvpUo,@DataLog,1
LV-Uu7GvpUo,@DevBlogger-h8g,1
LV-Uu7GvpUo,@DiegoLinux-b4u,1
LV-Uu7GvpUo,@EdgarDerby1988,1
LV-Uu7GvpUo,@ElectroHobbyist,1
LV-Uu7GvpUo,@EricSteward-k4n,1
LV-Uu7GvpUo,@FRanger92,1
LV-Uu7GvpUo,@ForgeFitnessEquipment,1
LV-Uu7GvpUo,@GSuii,1
LV-Uu7GvpUo,@HansMondoa,1
LV-Uu7GvpUo,@HeadStronger-HS,1
LV-Uu7GvpUo,@Invincible-vp1zt,1
LV-Uu7GvpUo,@JSnake-t9o,1
LV-Uu7GvpUo,@Jas_01101,1
LV-Uu7GvpUo,@JohnMartin-pjasca,1
LV-Uu7GvpUo,@KT34462,1
LV-Uu7GvpUo,@Kingzman_808,1
LV-Uu7GvpUo,@Klab2222,1
LV-Uu7GvpUo,@LikeNigina,1
LV-Uu7GvpUo,@LuckyDuckyGamesTWW,1
LV-Uu7GvpUo,@MJ-cf9nl,1
LV-Uu7GvpUo,@McGrambo2,1
LV-Uu7GvpUo,@MenWhoPaint,1
LV-Uu7GvpUo,@MetaStacker,1
LV-Uu7GvpUo,@MichaelGlendinning,1
LV-Uu7GvpUo,@Mimi25291,1
LV-Uu7GvpUo,@MuhammadSanihudu-g8v,1
LV-Uu7GvpUo,@NataliaGems-p5o,1
LV-Uu7GvpUo,@NatisBelicere,1
LV-Uu7GvpUo,@NeoStarImpact,1
LV-Uu7GvpUo,@NothingComment,1
LV-Uu7GvpUo,@Ourinterestingplanet,1
LV-Uu7GvpUo,@PoppyAIHacks,1
LV-Uu7GvpUo,@Pristaire,1
LV-Uu7GvpUo,@Raune7,1
LV-Uu7GvpUo,@Repp388,1
LV-Uu7GvpUo,@RickyBobby-l5q,1
LV-Uu7GvpUo,@RicoRicks-m9o,1
LV-Uu7GvpUo,@Rtdnb-r7z,1
LV-Uu7GvpUo,@Sebastian198910,1
LV-Uu7GvpUo,@Sigismund_Hu,1
LV-Uu7GvpUo,@SkarletWanda,1
LV-Uu7GvpUo,@SomosExperiencia,1
LV-Uu7GvpUo,@Soup-yumyum,1
LV-Uu7GvpUo,@Stuartsugden-i5s,1
LV-Uu7GvpUo,@SuicideClique,1
LV-Uu7GvpUo,@SuperMichielv,1
LV-Uu7GvpUo,@SwedishGuy42,1
LV-Uu7GvpUo,@TecToss,1
LV-Uu7GvpUo,@TheBikeChallenge,1
LV-Uu7GvpUo,@TheHomieTre,1
LV-Uu7GvpUo,@TmanX1991,1
LV-Uu7GvpUo,@TomHarrison-x8v,1
LV-Uu7GvpUo,@ToyotaUnleashed,1
LV-Uu7GvpUo,@TrueGrowthTV,1
LV-Uu7GvpUo,@Truesoul5191,1
LV-Uu7GvpUo,@US-Air-Forces,1
LV-Uu7GvpUo,@Viking444-y2m,1
LV-Uu7GvpUo,@Vononyoutube,1
LV-Uu7GvpUo,@Xzeneth,1
LV-Uu7GvpUo,@Zeccomicco,1
LV-Uu7GvpUo,@Zenzfu,1
LV-Uu7GvpUo,@abc-yb6qv,1
LV-Uu7GvpUo,@aboutDawntoday,1
LV-Uu7GvpUo,@adamtki,1
LV-Uu7GvpUo,@adamwoolf9993,1
LV-Uu7GvpUo,@alfonsonavison2508,1
LV-Uu7GvpUo,@annapavelova9584,1
LV-Uu7GvpUo,@anonymous-mt9bp,1
LV-Uu7GvpUo,@ashcraftworkshop,1
LV-Uu7GvpUo,@atifworld,1
LV-Uu7GvpUo,@austineban4811,1
LV-Uu7GvpUo,@awooo56709,2
LV-Uu7GvpUo,@backupwatsapp1872,1
LV-Uu7GvpUo,@balloonwind2863,1
LV-Uu7GvpUo,@bignass04,1
LV-Uu7GvpUo,@blue-ghost-rider,1
LV-Uu7GvpUo,@blueberryyyyyyyyyys,1
LV-Uu7GvpUo,@brendancarroll4624,1
LV-Uu7GvpUo,@camlinhall1363,1
LV-Uu7GvpUo,@cannachrissd,1
LV-Uu7GvpUo,@clementfauchere3528,1
LV-Uu7GvpUo,@colinnitros2433,1
LV-Uu7GvpUo,@derkmat55,1
LV-Uu7GvpUo,@desecrator8979,1
LV-Uu7GvpUo,@devxii-b5695,1
LV-Uu7GvpUo,@dgtg9611,1
LV-Uu7GvpUo,@dimitristripakis7364,1
LV-Uu7GvpUo,@dominicwood3750,1
LV-Uu7GvpUo,@dq303,2
LV-Uu7GvpUo,@dragonballsuper1519,1
LV-Uu7GvpUo,@dwine6464,1
LV-Uu7GvpUo,@ericrue7670,1
LV-Uu7GvpUo,@expletive2,3
LV-Uu7GvpUo,@fadaela,1
LV-Uu7GvpUo,@famguy218,1
LV-Uu7GvpUo,@frstchan,1
LV-Uu7GvpUo,@furqantarique3484,1
LV-Uu7GvpUo,@guest-l1n,1
LV-Uu7GvpUo,@h12w__xz,1
LV-Uu7GvpUo,@hamishmccreight6639,1
LV-Uu7GvpUo,@herasucks,1
LV-Uu7GvpUo,@imhungry2387,1
LV-Uu7GvpUo,@inconvenientfacts58,1
LV-Uu7GvpUo,@iwalkenquicksand,1
LV-Uu7GvpUo,@jazandriz,1
LV-Uu7GvpUo,@joerogers4860,1
LV-Uu7GvpUo,@joffbuilds,1
LV-Uu7GvpUo,@johngammon963,1
LV-Uu7GvpUo,@johnutah293,1
LV-Uu7GvpUo,@jovid7,1
LV-Uu7GvpUo,@jric81argen,2
LV-Uu7GvpUo,@juandabe,1
LV-Uu7GvpUo,@kaleb.00000,1
LV-Uu7GvpUo,@kodymorrison2662,1
LV-Uu7GvpUo,@krisb9838,1
LV-Uu7GvpUo,@kylepurcell744,1
LV-Uu7GvpUo,@ladymallowdrafts,1
LV-Uu7GvpUo,@leo-an0zu,1
LV-Uu7GvpUo,@leongrinberg8758,1
LV-Uu7GvpUo,@leroyjenkins6347,1
LV-Uu7GvpUo,@letslearnspanishtv,1
LV-Uu7GvpUo,@limitlabco,1
LV-Uu7GvpUo,@loadblock4995,1
LV-Uu7GvpUo,@mack2233,1
LV-Uu7GvpUo,@macthemighty,1
LV-Uu7GvpUo,@marcusbeldon9219,1
LV-Uu7GvpUo,@mechanicaltypewriteroperat9885,1
LV-Uu7GvpUo,@michaelross3061,1
LV-Uu7GvpUo,@misterkanister87,1
LV-Uu7GvpUo,@nicolascuor2378,1
LV-Uu7GvpUo,@nikoszervo,1
LV-Uu7GvpUo,@noctuss86,1
LV-Uu7GvpUo,@nohome12,1
LV-Uu7GvpUo,@norbs993,1
LV-Uu7GvpUo,@noxnox2172,1
LV-Uu7GvpUo,@oliverread1060,1
LV-Uu7GvpUo,@patolzon9330,1
LV-Uu7GvpUo,@perseus5644,1
LV-Uu7GvpUo,@personofnote1571,1
LV-Uu7GvpUo,@pervertricojoe8970,1
LV-Uu7GvpUo,@peterk3556,1
LV-Uu7GvpUo,@phils1773,1
LV-Uu7GvpUo,@planktonus,1
LV-Uu7GvpUo,@popeyedoyle6360,1
LV-Uu7GvpUo,@pradeepr2044,1
LV-Uu7GvpUo,@qazyhn94,1
LV-Uu7GvpUo,@quartytypo,1
LV-Uu7GvpUo,@ramenhen5577,1
LV-Uu7GvpUo,@rcruz003,1
LV-Uu7GvpUo,@recommendmoviesseries8399,1
LV-Uu7GvpUo,@rerawho,1
LV-Uu7GvpUo,@reznor1718,1
LV-Uu7GvpUo,@rumaadhikary185,1
LV-Uu7GvpUo,@schh0,1
LV-Uu7GvpUo,@scottfranco1962,1
LV-Uu7GvpUo,@seyionutube,1
LV-Uu7GvpUo,@sharanr2667,1
LV-Uu7GvpUo,@shashankbajpai60,1
LV-Uu7GvpUo,@skywalker7589,1
LV-Uu7GvpUo,@stephenj8576,1
LV-Uu7GvpUo,@stk2905,1
LV-Uu7GvpUo,@talhaseemab8064,1
LV-Uu7GvpUo,@tedreynolds3338,2
LV-Uu7GvpUo,@thanhmai5863,1
LV-Uu7GvpUo,@thelammas8283,2
LV-Uu7GvpUo,@tobysurmann1936,1
LV-Uu7GvpUo,@tomlloyd9364,1
LV-Uu7GvpUo,@topcore77,1
LV-Uu7GvpUo,@veerjat6210,1
LV-Uu7GvpUo,@vishalsubburaman8487,1
LV-Uu7GvpUo,@vpiele9631,1
LV-Uu7GvpUo,@walimorris2406,1
LV-Uu7GvpUo,@willievasilli,1
LV-Uu7GvpUo,@wojciechfornal3335,1
LV-Uu7GvpUo,@yourmomisgayaf,1
LV-Uu7GvpUo,@zyxrhythm,1
Ll1UyM8kBNc,@2843skxkc3,1
Ll1UyM8kBNc,@A--_--M,1
Ll1UyM8kBNc,@AK-jt7ug,1
Ll1UyM8kBNc,@AdhyapnanewJourney,1
Ll1UyM8kBNc,@AmarPatel-d3h,1
Ll1UyM8kBNc,@AndyJMacLeod,1
Ll1UyM8kBNc,@AtmFatt,1
Ll1UyM8kBNc,@BLACKXPANAL_YT,1
Ll1UyM8kBNc,@Blood422,1
Ll1UyM8kBNc,@BunsDev,1
Ll1UyM8kBNc,@Clutch_McGowan,1
Ll1UyM8kBNc,@ConservativeWatchParty,5
Ll1UyM8kBNc,@DonaldMurf,1
Ll1UyM8kBNc,@Dralfiyaai,1
Ll1UyM8kBNc,@ErrorBorn,1
Ll1UyM8kBNc,@FLAXx_G,1
Ll1UyM8kBNc,@GT90GT0,1
Ll1UyM8kBNc,@Gabriel-rg7cy,1
Ll1UyM8kBNc,@GameFiai,1
Ll1UyM8kBNc,@Goziefrankhub,1
Ll1UyM8kBNc,@H4KnSL4K,1
Ll1UyM8kBNc,@Harshaivibes,2
Ll1UyM8kBNc,@Hekkam_747,2
Ll1UyM8kBNc,@Ibbu1,1
Ll1UyM8kBNc,@Infopediacom,1
Ll1UyM8kBNc,@Itsamy_10,1
Ll1UyM8kBNc,@KVKAutomates,1
Ll1UyM8kBNc,@KeaKou,1
Ll1UyM8kBNc,@KovanWS,1
Ll1UyM8kBNc,@LoveYaJSR,1
Ll1UyM8kBNc,@M23Trades,1
Ll1UyM8kBNc,@MGILL02,1
Ll1UyM8kBNc,@McxgamecasterYT,1
Ll1UyM8kBNc,@MisterJoeMock,1
Ll1UyM8kBNc,@MoElwaan,3
Ll1UyM8kBNc,@Mreti_Zanave,1
Ll1UyM8kBNc,@MuhahiZ,1
Ll1UyM8kBNc,@NathanielKrefman,1
Ll1UyM8kBNc,@NatureSeeker-37,2
Ll1UyM8kBNc,@NaveenKumar-fo4kz,1
Ll1UyM8kBNc,@NchMatrix,1
Ll1UyM8kBNc,@Nested23,1
Ll1UyM8kBNc,@Noziu6,1
Ll1UyM8kBNc,@Oarxis,1
Ll1UyM8kBNc,@PDFF-2004,1
Ll1UyM8kBNc,@PS07YouTubeper,1
Ll1UyM8kBNc,@PavandeepBandesha,1
Ll1UyM8kBNc,@Phenomenalpeincleas,1
Ll1UyM8kBNc,@Qefx,1
Ll1UyM8kBNc,@Rami_Zaki-k2b,1
Ll1UyM8kBNc,@RemindMe12,1
Ll1UyM8kBNc,@RobertoOrtis,1
Ll1UyM8kBNc,@RobiyalHoque-yk5yo,1
Ll1UyM8kBNc,@RohitBabriya-n8p,1
Ll1UyM8kBNc,@RuslanMSA,1
Ll1UyM8kBNc,@SahebBhai-pp9es,1
Ll1UyM8kBNc,@Saim.NMusic,1
Ll1UyM8kBNc,@ShyamnathSankar-b5v,1
Ll1UyM8kBNc,@SpaghettiRealm,1
Ll1UyM8kBNc,@SprakanaKerum,1
Ll1UyM8kBNc,@Squiel91,1
Ll1UyM8kBNc,@SuperRiozaki,1
Ll1UyM8kBNc,@TheLegendaryMPG,1
Ll1UyM8kBNc,@TheMatop,2
Ll1UyM8kBNc,@TheTrainstation,1
Ll1UyM8kBNc,@The_Order_Of_William_Marshal,1
Ll1UyM8kBNc,@Thyme.Keeper,3
Ll1UyM8kBNc,@Tony-dp1rl,1
Ll1UyM8kBNc,@TruckingEntrepreneurshipFamily,1
Ll1UyM8kBNc,@UmakantaRout-p6j,1
Ll1UyM8kBNc,@Vasault,1
Ll1UyM8kBNc,@Wahinies,2
Ll1UyM8kBNc,@XdekHckr,6
Ll1UyM8kBNc,@Zayne1706,1
Ll1UyM8kBNc,@aaaanderrrr,1
Ll1UyM8kBNc,@aakashSharma-is9bk,1
Ll1UyM8kBNc,@abdalla2093,1
Ll1UyM8kBNc,@abdellahb1398,4
Ll1UyM8kBNc,@abraao2213,2
Ll1UyM8kBNc,@addy-h8u,1
Ll1UyM8kBNc,@akiru300,4
Ll1UyM8kBNc,@alleycat19897,1
Ll1UyM8kBNc,@andreymokko,1
Ll1UyM8kBNc,@anonimnp52,1
Ll1UyM8kBNc,@anteloio,1
Ll1UyM8kBNc,@artificiyal,1
Ll1UyM8kBNc,@bambinoesu,2
Ll1UyM8kBNc,@beneditofredericocongolojr1567,1
Ll1UyM8kBNc,@bernardb2348,1
Ll1UyM8kBNc,@bikgrow,1
Ll1UyM8kBNc,@bragancx,1
Ll1UyM8kBNc,@brendon205,1
Ll1UyM8kBNc,@brightlyvirya7500,1
Ll1UyM8kBNc,@champ_finance,1
Ll1UyM8kBNc,@constantinosbou,1
Ll1UyM8kBNc,@cristichitz99,1
Ll1UyM8kBNc,@dance_vibe-h9i,1
Ll1UyM8kBNc,@dannyfcabrera,1
Ll1UyM8kBNc,@darkman8939,1
Ll1UyM8kBNc,@davidzita1404,1
Ll1UyM8kBNc,@dennyloevlie768,1
Ll1UyM8kBNc,@derivedx,1
Ll1UyM8kBNc,@dev_ajay_ai,1
Ll1UyM8kBNc,@dococo___sksh,1
Ll1UyM8kBNc,@drp_bear,1
Ll1UyM8kBNc,@egezonbaruti,1
Ll1UyM8kBNc,@eliteeeiya,1
Ll1UyM8kBNc,@eminberkay,1
Ll1UyM8kBNc,@entropy696,1
Ll1UyM8kBNc,@entryfileshorts2989,1
Ll1UyM8kBNc,@eusouona,1
Ll1UyM8kBNc,@fayenotfaye,1
Ll1UyM8kBNc,@feelipeson,1
Ll1UyM8kBNc,@francisco.segura,1
Ll1UyM8kBNc,@frankheelz,1
Ll1UyM8kBNc,@gildrb,1
Ll1UyM8kBNc,@grine2874,1
Ll1UyM8kBNc,@gtamy5544,1
Ll1UyM8kBNc,@hhm2134,1
Ll1UyM8kBNc,@ijutsu2438,1
Ll1UyM8kBNc,@imgravitasrants,1
Ll1UyM8kBNc,@isbafatima-g6g,1
Ll1UyM8kBNc,@jadeL1351,1
Ll1UyM8kBNc,@janwarokigali,1
Ll1UyM8kBNc,@jayalister8166,1
Ll1UyM8kBNc,@jdill3350,1
Ll1UyM8kBNc,@jesuslongqua,1
Ll1UyM8kBNc,@joaobsczip,1
Ll1UyM8kBNc,@johnsonkhoo1346,1
Ll1UyM8kBNc,@joshadams8761,1
Ll1UyM8kBNc,@juniordev4190,1
Ll1UyM8kBNc,@karimomrane7556,1
Ll1UyM8kBNc,@kikky7,1
Ll1UyM8kBNc,@kokeofficial1952,1
Ll1UyM8kBNc,@kurushimee,1
Ll1UyM8kBNc,@lassiecoder,1
Ll1UyM8kBNc,@learningwithaaron,1
Ll1UyM8kBNc,@learnwithfunquiz,1
Ll1UyM8kBNc,@lebesgue-integral,1
Ll1UyM8kBNc,@lewists9475,1
Ll1UyM8kBNc,@lordcat0-n4u,1
Ll1UyM8kBNc,@lordofpeace25,1
Ll1UyM8kBNc,@lucid-dreamz-z-z,1
Ll1UyM8kBNc,@lukaloehr,2
Ll1UyM8kBNc,@lukenysilva7425,1
Ll1UyM8kBNc,@maedz_fx_ff,1
Ll1UyM8kBNc,@mainaandminakhivlog5586,1
Ll1UyM8kBNc,@malika_in,1
Ll1UyM8kBNc,@markusfourie1170,1
Ll1UyM8kBNc,@mayurpipaliya1460,1
Ll1UyM8kBNc,@mbontoi,1
Ll1UyM8kBNc,@mianaliasjad,1
Ll1UyM8kBNc,@miguelsa2111,1
Ll1UyM8kBNc,@minhnhatnguyen8200,1
Ll1UyM8kBNc,@mirmohmmadluqman,1
Ll1UyM8kBNc,@mmmirzaeidev7737,2
Ll1UyM8kBNc,@mndevitmndevit,3
Ll1UyM8kBNc,@moxiu777,1
Ll1UyM8kBNc,@nerd-p7b,1
Ll1UyM8kBNc,@neruppuboy8630,1
Ll1UyM8kBNc,@nosvsanton,1
Ll1UyM8kBNc,@onemorespinbro,1
Ll1UyM8kBNc,@onjsdev,5
Ll1UyM8kBNc,@patchstep,1
Ll1UyM8kBNc,@pepa007,1
Ll1UyM8kBNc,@pio-y7h,1
Ll1UyM8kBNc,@quelaan,1
Ll1UyM8kBNc,@radityadito922,1
Ll1UyM8kBNc,@rafaelamendoim,1
Ll1UyM8kBNc,@rahul_lifts55,1
Ll1UyM8kBNc,@raphaelkieling6896,1
Ll1UyM8kBNc,@resultedcube,1
Ll1UyM8kBNc,@rosscads,1
Ll1UyM8kBNc,@saifsmailbox98,1
Ll1UyM8kBNc,@santiagopenaloza1190,1
Ll1UyM8kBNc,@sashogs,1
Ll1UyM8kBNc,@sebastiancasal8589,4
Ll1UyM8kBNc,@siegergeeklabs,1
Ll1UyM8kBNc,@snoozetown,1
Ll1UyM8kBNc,@sodiqayilara1519,1
Ll1UyM8kBNc,@spgaming9499-h1,1
Ll1UyM8kBNc,@sportskhel_7,1
Ll1UyM8kBNc,@suagnviki,1
Ll1UyM8kBNc,@symbol767,1
Ll1UyM8kBNc,@tamilarasan483,1
Ll1UyM8kBNc,@tangerineArc,1
Ll1UyM8kBNc,@tbz7992,1
Ll1UyM8kBNc,@tcgpoke7704,1
Ll1UyM8kBNc,@technicalrao6060,1
Ll1UyM8kBNc,@techwithflex,1
Ll1UyM8kBNc,@terranezey,1
Ll1UyM8kBNc,@theandroidtech01,1
Ll1UyM8kBNc,@thomastrips,2
Ll1UyM8kBNc,@tom19_06,1
Ll1UyM8kBNc,@trimagos,1
Ll1UyM8kBNc,@unofficialraiyenji,2
Ll1UyM8kBNc,@walkahh,1
Ll1UyM8kBNc,@wasaabbi,1
Ll1UyM8kBNc,@wcdcio,1
Ll1UyM8kBNc,@winandmachk,1
Ll1UyM8kBNc,@yvandorier5133,2
Ll1UyM8kBNc,@zanmlakar9803,1
M-1uW4W8CgE,@Adityabakshi100,1
M-1uW4W8CgE,@DaivajnaSomanna,1
M-1uW4W8CgE,@DevIndia09,1
M-1uW4W8CgE,@FuturewithAi09-d2o,1
M-1uW4W8CgE,@Goal-oriented-01,1
M-1uW4W8CgE,@PawanKumar-xk5ny,1
M-1uW4W8CgE,@Protick1994,1
M-1uW4W8CgE,@Shrucraft7,1
M-1uW4W8CgE,@SohanChaturvedi-e4q,1
M-1uW4W8CgE,@adnan36609,1
M-1uW4W8CgE,@architchatterjee6614,1
M-1uW4W8CgE,@arunupadhyaya9165,1
M-1uW4W8CgE,@avinash66,1
M-1uW4W8CgE,@growwithvinx,1
M-1uW4W8CgE,@heyfaysalcse,1
M-1uW4W8CgE,@israrzaib4644,1
M-1uW4W8CgE,@its_sahilhans,1
M-1uW4W8CgE,@kashifahmed_1995,1
M-1uW4W8CgE,@lagranges7446,1
M-1uW4W8CgE,@mohitshrivas2750,1
M-1uW4W8CgE,@mrexpertvetted,1
M-1uW4W8CgE,@prashant2026-e3u,1
M-1uW4W8CgE,@ritikasachdeva5327,1
M-1uW4W8CgE,@rohitjadhav5010,1
M-1uW4W8CgE,@sharanr2667,1
M-1uW4W8CgE,@shivamagarwal5007,1
M-1uW4W8CgE,@tanbirpradhan,2
M9iu-GLdPRk,@-Kunalarya,1
M9iu-GLdPRk,@5croshanmarasini256,1
M9iu-GLdPRk,@9Lupe-8bit,1
M9iu-GLdPRk,@ADHIRAJ_24,1
M9iu-GLdPRk,@ADITYAKUMAR-ci2cv,1
M9iu-GLdPRk,@Aayushh-77,1
M9iu-GLdPRk,@AbhishekSubba-c1g,1
M9iu-GLdPRk,@Abinanthan_CG,1
M9iu-GLdPRk,@AkramKhan-ez9lr,1
M9iu-GLdPRk,@AlreadyGaming,1
M9iu-GLdPRk,@Amazingfacts1560,1
M9iu-GLdPRk,@AmitoshBiswas-jp4ii,1
M9iu-GLdPRk,@AmosLaurore,1
M9iu-GLdPRk,@Anmol-h8z,1
M9iu-GLdPRk,@AnujThakur-g3q,1
M9iu-GLdPRk,@Ari002-y2z,1
M9iu-GLdPRk,@BHANU-PRATAP,1
M9iu-GLdPRk,@BHARRAT_01,1
M9iu-GLdPRk,@BLAZEITDOWN,1
M9iu-GLdPRk,@BRXXUCHHIA,1
M9iu-GLdPRk,@CAJP21,1
M9iu-GLdPRk,@Codecraft-tube,1
M9iu-GLdPRk,@Connecta_services,1
M9iu-GLdPRk,@DeepakHembram-y6v,1
M9iu-GLdPRk,@DesignWithJaskaran,1
M9iu-GLdPRk,@DeySounavaEducation,1
M9iu-GLdPRk,@DivitMehta-i2s,1
M9iu-GLdPRk,@EaRnInG.c0m-o8y,1
M9iu-GLdPRk,@Ex-Muslim-sahil,1
M9iu-GLdPRk,@FaDi_k_memes,1
M9iu-GLdPRk,@FafCxa,1
M9iu-GLdPRk,@FreeTrial0315,1
M9iu-GLdPRk,@GT90GT0,1
M9iu-GLdPRk,@Godzilla96568,1
M9iu-GLdPRk,@Green.star-4567,1
M9iu-GLdPRk,@Heniilll,1
M9iu-GLdPRk,@Hex33_BR,1
M9iu-GLdPRk,@Innocentmone,1
M9iu-GLdPRk,@JagdishOnYT,1
M9iu-GLdPRk,@JaspreetGrover108,1
M9iu-GLdPRk,@Jayesh_Rajput_7,1
M9iu-GLdPRk,@JharkhandLocalfootballj7u,1
M9iu-GLdPRk,@JungleIQ,1
M9iu-GLdPRk,@KILONEWTONS,1
M9iu-GLdPRk,@KVKAutomates,1
M9iu-GLdPRk,@KaluLal-c7b,1
M9iu-GLdPRk,@Kamala-q2g,1
M9iu-GLdPRk,@KuldeepSingh-yj5no,1
M9iu-GLdPRk,@LightGod-z5z,1
M9iu-GLdPRk,@MaiHuSantra,1
M9iu-GLdPRk,@MayankM-zc3mv,1
M9iu-GLdPRk,@Medix4679,1
M9iu-GLdPRk,@MehulPahuja-bu6ue,1
M9iu-GLdPRk,@MemerVines,1
M9iu-GLdPRk,@Mk-007-G,1
M9iu-GLdPRk,@MotubarihaBariha,1
M9iu-GLdPRk,@Mr_Sandeep_Chaudhari,1
M9iu-GLdPRk,@Mrityu108,1
M9iu-GLdPRk,@Music-lr3nt,1
M9iu-GLdPRk,@MustajabAli-t5m,1
M9iu-GLdPRk,@NG.gaming5,1
M9iu-GLdPRk,@NIKESHKHATIWADA5G3,1
M9iu-GLdPRk,@NITRO_AI_10,1
M9iu-GLdPRk,@Nahidul_Islam1919,1
M9iu-GLdPRk,@NeelxUnfiltered,1
M9iu-GLdPRk,@NeenZa,1
M9iu-GLdPRk,@NewSciFye,1
M9iu-GLdPRk,@Nihalsre,1
M9iu-GLdPRk,@NiranjanKumarGupta-h7k,1
M9iu-GLdPRk,@Not-Yet-All,1
M9iu-GLdPRk,@OJASRANJAN-r6q,1
M9iu-GLdPRk,@OmkarJadhav3D,2
M9iu-GLdPRk,@Pankajkrm16,1
M9iu-GLdPRk,@PavanKumarNarbolikar,1
M9iu-GLdPRk,@PhunsukiIsDead,1
M9iu-GLdPRk,@Pratima_Historian,1
M9iu-GLdPRk,@Protocolmusic365,1
M9iu-GLdPRk,@RANJANJHA95,1
M9iu-GLdPRk,@RadharaniDutta-jl9hx,2
M9iu-GLdPRk,@Raghav_Kapoor_,2
M9iu-GLdPRk,@RashidAli-oc1sr,1
M9iu-GLdPRk,@Ravenbird0786,1
M9iu-GLdPRk,@RealResearchhub,1
M9iu-GLdPRk,@RudrapratapDawar,1
M9iu-GLdPRk,@S_M44Z,1
M9iu-GLdPRk,@SadikAnsari-o4t,1
M9iu-GLdPRk,@SagulalNetam-595,1
M9iu-GLdPRk,@SakshamSingh-k2c,1
M9iu-GLdPRk,@SanskariNobita,1
M9iu-GLdPRk,@ShortBoy-n1n,1
M9iu-GLdPRk,@Shortvibe-46s,1
M9iu-GLdPRk,@Stranger-jx4qd,1
M9iu-GLdPRk,@SuperheroKaif,1
M9iu-GLdPRk,@SwarajSahu,1
M9iu-GLdPRk,@THESUPERIORnakayamafesta-t5h,1
M9iu-GLdPRk,@THE_JDGAMING,1
M9iu-GLdPRk,@ThreadsofTawhid,1
M9iu-GLdPRk,@TuxikCE,2
M9iu-GLdPRk,@VaibhavGupta-k5q,1
M9iu-GLdPRk,@VaibhavSingh-v8e,1
M9iu-GLdPRk,@ValuecentAI,1
M9iu-GLdPRk,@ViciousPikachu,1
M9iu-GLdPRk,@WisdomTalks-9999,1
M9iu-GLdPRk,@YagamiXGod,1
M9iu-GLdPRk,@ZonicisAlive,1
M9iu-GLdPRk,@aayushsingh3360,1
M9iu-GLdPRk,@abcdefghijdurdh1235,1
M9iu-GLdPRk,@abdulmohsin5939,1
M9iu-GLdPRk,@abdulrehmanqureshi5243,1
M9iu-GLdPRk,@ai-myt,1
M9iu-GLdPRk,@aj_mamun_king,1
M9iu-GLdPRk,@ajiteshmishra0005,1
M9iu-GLdPRk,@akashanand5950,1
M9iu-GLdPRk,@akshaybokde6548,1
M9iu-GLdPRk,@amangadpale9284,1
M9iu-GLdPRk,@amanmalhotra8730,1
M9iu-GLdPRk,@amartyasinghnamra,1
M9iu-GLdPRk,@amarxkumar,1
M9iu-GLdPRk,@amexis67,1
M9iu-GLdPRk,@aniketpanchal9856,1
M9iu-GLdPRk,@anuraj_royy,1
M9iu-GLdPRk,@arnabchatterjee1601,1
M9iu-GLdPRk,@arnabparyali,1
M9iu-GLdPRk,@arshkumar3004,1
M9iu-GLdPRk,@arunavamukherjee497,2
M9iu-GLdPRk,@asifthebepotra,1
M9iu-GLdPRk,@aviralmishra3387,1
M9iu-GLdPRk,@bhavinprajapati2547,1
M9iu-GLdPRk,@birbalmuslim,1
M9iu-GLdPRk,@bkumar2386,1
M9iu-GLdPRk,@brainglitch,1
M9iu-GLdPRk,@coldx123,1
M9iu-GLdPRk,@colloidinterfaces,1
M9iu-GLdPRk,@cosmosci4345,1
M9iu-GLdPRk,@crickguy2003,1
M9iu-GLdPRk,@dailydosesofrandommoments,2
M9iu-GLdPRk,@dakshbhardwaj7481,1
M9iu-GLdPRk,@dastagirwajahat,1
M9iu-GLdPRk,@davisgeorge7926,1
M9iu-GLdPRk,@debdipchatterjee4046,1
M9iu-GLdPRk,@debiprasadjena1475,1
M9iu-GLdPRk,@devgoswami45,1
M9iu-GLdPRk,@devsarkar9004,1
M9iu-GLdPRk,@digitaltechnologychannel8135,1
M9iu-GLdPRk,@dipeshmallaT,1
M9iu-GLdPRk,@ekatiqul,1
M9iu-GLdPRk,@emlh1,1
M9iu-GLdPRk,@eramitjoc,1
M9iu-GLdPRk,@funtechshorts49,1
M9iu-GLdPRk,@gameexpeditionwithatharva4419,1
M9iu-GLdPRk,@ghost3981,1
M9iu-GLdPRk,@global-masla,1
M9iu-GLdPRk,@gopalsasda3155,2
M9iu-GLdPRk,@gprband1376,1
M9iu-GLdPRk,@gustyorzel6599,1
M9iu-GLdPRk,@harshdev2026,1
M9iu-GLdPRk,@harshdubey2447,1
M9iu-GLdPRk,@harshmer,1
M9iu-GLdPRk,@himanshuop84,1
M9iu-GLdPRk,@hopperspaniel,1
M9iu-GLdPRk,@iTechHarsh,1
M9iu-GLdPRk,@iamkayceee,1
M9iu-GLdPRk,@illusionslayer6173,1
M9iu-GLdPRk,@imranketamashay,1
M9iu-GLdPRk,@innovAIte-0,1
M9iu-GLdPRk,@irfanmcsd,1
M9iu-GLdPRk,@itstushartripathi,1
M9iu-GLdPRk,@japan8994,1
M9iu-GLdPRk,@karanpatil0095,1
M9iu-GLdPRk,@kgCode658,1
M9iu-GLdPRk,@khalidhusain4354,1
M9iu-GLdPRk,@kneehsus,1
M9iu-GLdPRk,@krrxsh,1
M9iu-GLdPRk,@lakshya404stc,1
M9iu-GLdPRk,@lifescience9474,1
M9iu-GLdPRk,@lokeshnegi5051,2
M9iu-GLdPRk,@maia-locus,1
M9iu-GLdPRk,@mandippatel3178,1
M9iu-GLdPRk,@mdsaifulislam3671,1
M9iu-GLdPRk,@minerunss,1
M9iu-GLdPRk,@mirzahasnatk,1
M9iu-GLdPRk,@mohitjadhav3791,1
M9iu-GLdPRk,@mr..tell.the.trust1,1
M9iu-GLdPRk,@mr.vindictive4974,1
M9iu-GLdPRk,@muhammadihaideri3330,1
M9iu-GLdPRk,@muhammadkashifaziz8609,1
M9iu-GLdPRk,@mujtahidabid392,1
M9iu-GLdPRk,@myliferocks6098,2
M9iu-GLdPRk,@mystyle453,1
M9iu-GLdPRk,@navjotarora9284,1
M9iu-GLdPRk,@nimokaze,1
M9iu-GLdPRk,@niteenbhende2239,1
M9iu-GLdPRk,@noedits5543,1
M9iu-GLdPRk,@novra-x,1
M9iu-GLdPRk,@ntseinfo3082,1
M9iu-GLdPRk,@oathanrex,1
M9iu-GLdPRk,@optimus_6prime,1
M9iu-GLdPRk,@parminderkahlon8017,1
M9iu-GLdPRk,@parthsgamingarena,1
M9iu-GLdPRk,@patrickrantsroblox,1
M9iu-GLdPRk,@plusultra7258,1
M9iu-GLdPRk,@pnvibes2,1
M9iu-GLdPRk,@powelldefee2133,1
M9iu-GLdPRk,@pradeepmajhi1270,1
M9iu-GLdPRk,@praveenkumarsingh1436,1
M9iu-GLdPRk,@pritam9873,1
M9iu-GLdPRk,@priyanshu-j4q,1
M9iu-GLdPRk,@prosongbox8332,1
M9iu-GLdPRk,@proudwadhwa,1
M9iu-GLdPRk,@raaghavchat2074,1
M9iu-GLdPRk,@raghavjuneha148,1
M9iu-GLdPRk,@rajivkumar5875,1
M9iu-GLdPRk,@rakholiyadevang,1
M9iu-GLdPRk,@rasindia4090,1
M9iu-GLdPRk,@rd6247,1
M9iu-GLdPRk,@realshahfahad,1
M9iu-GLdPRk,@ridhams4639,1
M9iu-GLdPRk,@ringtonestar83,1
M9iu-GLdPRk,@rishabhkumar-c8f4i,1
M9iu-GLdPRk,@rishinpandey9219,1
M9iu-GLdPRk,@rkrishnaharish1184,1
M9iu-GLdPRk,@rounakraj2534,1
M9iu-GLdPRk,@ru2979,2
M9iu-GLdPRk,@sagarmorakhia,1
M9iu-GLdPRk,@saralkhetitech,1
M9iu-GLdPRk,@saumay-z1,1
M9iu-GLdPRk,@shivanshukushwaha8989,1
M9iu-GLdPRk,@shopme1122,1
M9iu-GLdPRk,@skynet0811,1
M9iu-GLdPRk,@smitpatel-rl5jb,1
M9iu-GLdPRk,@smokeoutmax,1
M9iu-GLdPRk,@snapbobnors7732,1
M9iu-GLdPRk,@somenmaji7078,2
M9iu-GLdPRk,@soultyson,1
M9iu-GLdPRk,@subham_yt6159,1
M9iu-GLdPRk,@subhambiswas8374,1
M9iu-GLdPRk,@sudiptokumar986,1
M9iu-GLdPRk,@sujitkumarsingh3200,1
M9iu-GLdPRk,@summertime_sadness456,1
M9iu-GLdPRk,@sunnydhiman28,1
M9iu-GLdPRk,@sutharpavan1326,1
M9iu-GLdPRk,@the_incognito_008,1
M9iu-GLdPRk,@theclipper6433,1
M9iu-GLdPRk,@throughansh,1
M9iu-GLdPRk,@triquadgamer1904,1
M9iu-GLdPRk,@tusharprajapati2574,1
M9iu-GLdPRk,@ul_Frone,1
M9iu-GLdPRk,@umeshdhande8951,1
M9iu-GLdPRk,@unionofsoulwithgod,6
M9iu-GLdPRk,@utkarshkatiyar8383,1
M9iu-GLdPRk,@vanshtamta9448,1
M9iu-GLdPRk,@villsphere18,1
M9iu-GLdPRk,@yt_hendle,3
M9iu-GLdPRk,@кнк-ю3ш,2
M9iu-GLdPRk,@कॉमेडी-जंक्शन,1
MjSUCg2NN4g,@342crazy666,1
MjSUCg2NN4g,@8bitJoe,1
MjSUCg2NN4g,@AkdD-x5h,1
MjSUCg2NN4g,@Alanpoeta,5
MjSUCg2NN4g,@Alton-x3r5c,1
MjSUCg2NN4g,@Andy_Van,1
MjSUCg2NN4g,@Anno_Nymous,1
MjSUCg2NN4g,@AnonymousAnonymous-nr8su,1
MjSUCg2NN4g,@AtaluYT,2
MjSUCg2NN4g,@AymenYT,1
MjSUCg2NN4g,@Ballistah,1
MjSUCg2NN4g,@BurritoSupreme42,1
MjSUCg2NN4g,@CasperVanLaar,1
MjSUCg2NN4g,@CoolGirl-wf7nt,1
MjSUCg2NN4g,@Cryptic0013,1
MjSUCg2NN4g,@Daithi333Mac,1
MjSUCg2NN4g,@DazieArt,1
MjSUCg2NN4g,@DecayingWave,1
MjSUCg2NN4g,@Dkm337,1
MjSUCg2NN4g,@DrCody.,1
MjSUCg2NN4g,@EnglishAaron,1
MjSUCg2NN4g,@F0rkGray,1
MjSUCg2NN4g,@FallenTCG,1
MjSUCg2NN4g,@FinanceExperienceFree,1
MjSUCg2NN4g,@GamerKingPro2,1
MjSUCg2NN4g,@Golee1999,1
MjSUCg2NN4g,@HakobNIk,1
MjSUCg2NN4g,@HarryPujols,1
MjSUCg2NN4g,@HaseebHeaven,1
MjSUCg2NN4g,@Hithrae,1
MjSUCg2NN4g,@Hjoerleif,1
MjSUCg2NN4g,@Hk7762Tube,1
MjSUCg2NN4g,@Holphana,1
MjSUCg2NN4g,@HunterBradley-d2b,1
MjSUCg2NN4g,@Hunty49,1
MjSUCg2NN4g,@ISRAADVISUALS,1
MjSUCg2NN4g,@J0vile,1
MjSUCg2NN4g,@JanMan37,1
MjSUCg2NN4g,@JimGrOfficial,1
MjSUCg2NN4g,@JohnVanSickle-v3c,2
MjSUCg2NN4g,@JohnnyMikeDeLaRochefoucault,1
MjSUCg2NN4g,@JulianFernandez,1
MjSUCg2NN4g,@JustJasnov,14
MjSUCg2NN4g,@Kusagrass,1
MjSUCg2NN4g,@MK-hm4cp,1
MjSUCg2NN4g,@MajorPerceptron,1
MjSUCg2NN4g,@MarkDanielLouwe,1
MjSUCg2NN4g,@MatthewKnowlton-ej2to,1
MjSUCg2NN4g,@Maya-sv1pz,1
MjSUCg2NN4g,@MichaelCronan49,1
MjSUCg2NN4g,@MrBillSD,1
MjSUCg2NN4g,@MrIcenice44,1
MjSUCg2NN4g,@NADcherrychiixe,1
MjSUCg2NN4g,@NezNez,1
MjSUCg2NN4g,@Nikitomate,1
MjSUCg2NN4g,@NoLimitSquad,1
MjSUCg2NN4g,@NoOneYouKnow2025-m8c,1
MjSUCg2NN4g,@Nova-ul3vv,1
MjSUCg2NN4g,@P-39_Airacobra,1
MjSUCg2NN4g,@PJo336,1
MjSUCg2NN4g,@Person-jw7mk,1
MjSUCg2NN4g,@Pliquetw,1
MjSUCg2NN4g,@PromptAware,1
MjSUCg2NN4g,@RNGesus,1
MjSUCg2NN4g,@RogerLangille,1
MjSUCg2NN4g,@SchmuelRomero,1
MjSUCg2NN4g,@SocratesTitan,1
MjSUCg2NN4g,@Stp1974,1
MjSUCg2NN4g,@TechnoSan09,1
MjSUCg2NN4g,@TheRockallTimes,1
MjSUCg2NN4g,@Tn3r,1
MjSUCg2NN4g,@TrollMeister_,1
MjSUCg2NN4g,@TwirlingFern,1
MjSUCg2NN4g,@WhoFearsMyDears,1
MjSUCg2NN4g,@WidyawanWidarto,1
MjSUCg2NN4g,@XIXROSE,1
MjSUCg2NN4g,@YASYTU,2
MjSUCg2NN4g,@YTDE426,1
MjSUCg2NN4g,@_Dibbler_,2
MjSUCg2NN4g,@_vindicator_,1
MjSUCg2NN4g,@abdelmalekbouayad,1
MjSUCg2NN4g,@abilvap5611,1
MjSUCg2NN4g,@absolute___zero,1
MjSUCg2NN4g,@adamamoosh,1
MjSUCg2NN4g,@aest950,1
MjSUCg2NN4g,@aguy559,2
MjSUCg2NN4g,@aithos.tech1,1
MjSUCg2NN4g,@aj991,1
MjSUCg2NN4g,@alexandrupruteanu6532,1
MjSUCg2NN4g,@altruism123,2
MjSUCg2NN4g,@amzerkrazer619,1
MjSUCg2NN4g,@ando_ow,1
MjSUCg2NN4g,@andreasdam3957,1
MjSUCg2NN4g,@andreypopov6166,1
MjSUCg2NN4g,@angie99656,2
MjSUCg2NN4g,@anti_trend_official,1
MjSUCg2NN4g,@anuppemmaraju7861,1
MjSUCg2NN4g,@artofmybody2882,1
MjSUCg2NN4g,@atharvandewar1143,1
MjSUCg2NN4g,@babydragoon,1
MjSUCg2NN4g,@bentos117,1
MjSUCg2NN4g,@bijay_jena,1
MjSUCg2NN4g,@bobdravs6902,1
MjSUCg2NN4g,@bobmartin9742,1
MjSUCg2NN4g,@bonobo791,1
MjSUCg2NN4g,@brianipmh,2
MjSUCg2NN4g,@britishball1967,1
MjSUCg2NN4g,@briumphbimbles,1
MjSUCg2NN4g,@bumbarabun,1
MjSUCg2NN4g,@coreclipss,1
MjSUCg2NN4g,@corporatemaj,1
MjSUCg2NN4g,@craiglovat,1
MjSUCg2NN4g,@crapshot321,1
MjSUCg2NN4g,@crunchyblend8809,1
MjSUCg2NN4g,@crungushakooter,1
MjSUCg2NN4g,@cs108828,1
MjSUCg2NN4g,@d_bribe,1
MjSUCg2NN4g,@darksideblues135,1
MjSUCg2NN4g,@devforgehq,2
MjSUCg2NN4g,@discman15,1
MjSUCg2NN4g,@disgruntledtoons,1
MjSUCg2NN4g,@doge_69,1
MjSUCg2NN4g,@dynamic_pointer_cast,1
MjSUCg2NN4g,@elephantgrass631,4
MjSUCg2NN4g,@elielsonanjos7440,2
MjSUCg2NN4g,@erank2220,1
MjSUCg2NN4g,@erperejildo,1
MjSUCg2NN4g,@exaversial-being,1
MjSUCg2NN4g,@funnyreelsandvide,1
MjSUCg2NN4g,@gangstamoocrew,1
MjSUCg2NN4g,@geetamsingh7219,1
MjSUCg2NN4g,@georgivelev77,1
MjSUCg2NN4g,@haidargzYT,1
MjSUCg2NN4g,@hektik2200,1
MjSUCg2NN4g,@henrikjensen608,1
MjSUCg2NN4g,@idixal1836,1
MjSUCg2NN4g,@isasantovena,1
MjSUCg2NN4g,@it-philosophie,1
MjSUCg2NN4g,@jasongrelli9134,1
MjSUCg2NN4g,@jasonscala5834,1
MjSUCg2NN4g,@jaymason7097,1
MjSUCg2NN4g,@jeremiahblum7833,1
MjSUCg2NN4g,@jeromecamus4660,1
MjSUCg2NN4g,@jmms49,1
MjSUCg2NN4g,@joblessrish,1
MjSUCg2NN4g,@john_dingleballs,2
MjSUCg2NN4g,@johnphantom,1
MjSUCg2NN4g,@jokatal,1
MjSUCg2NN4g,@jurajfarsky4022,1
MjSUCg2NN4g,@kaligath6616,1
MjSUCg2NN4g,@karenwang313,1
MjSUCg2NN4g,@karlisgertmanis,1
MjSUCg2NN4g,@krystofrehacek5146,1
MjSUCg2NN4g,@kyriosity-at-github,1
MjSUCg2NN4g,@lastnecro,1
MjSUCg2NN4g,@laxohnesosse7430,1
MjSUCg2NN4g,@leftunder334,1
MjSUCg2NN4g,@lepidoptera9337,5
MjSUCg2NN4g,@lifetech4146,1
MjSUCg2NN4g,@llmcoder,1
MjSUCg2NN4g,@lordlopikong6940,1
MjSUCg2NN4g,@luczztem,1
MjSUCg2NN4g,@m322_yt,1
MjSUCg2NN4g,@mac_mcleod,3
MjSUCg2NN4g,@marcellushan,1
MjSUCg2NN4g,@margaretLiekar,1
MjSUCg2NN4g,@marychieng2553,1
MjSUCg2NN4g,@matthewpowell4884,1
MjSUCg2NN4g,@matthiaskreidenweis,1
MjSUCg2NN4g,@mayank-k6x2b,1
MjSUCg2NN4g,@medeekdesign,1
MjSUCg2NN4g,@merlindso6478,1
MjSUCg2NN4g,@mfdez920,1
MjSUCg2NN4g,@mgtowbylogic5592,1
MjSUCg2NN4g,@michaelmische1433,1
MjSUCg2NN4g,@mowthelawn5596,1
MjSUCg2NN4g,@mrd6869,1
MjSUCg2NN4g,@mrmuffins4224,1
MjSUCg2NN4g,@nevermyis,1
MjSUCg2NN4g,@nickbarton3191,3
MjSUCg2NN4g,@omarandino9083,1
MjSUCg2NN4g,@orilobo_2,1
MjSUCg2NN4g,@orlandoortiz8739,1
MjSUCg2NN4g,@pablot-r9402,1
MjSUCg2NN4g,@penotebitterw,1
MjSUCg2NN4g,@perfectionbox,1
MjSUCg2NN4g,@petef15,1
MjSUCg2NN4g,@piyush4815,1
MjSUCg2NN4g,@praveenpg,1
MjSUCg2NN4g,@prazzo1232,1
MjSUCg2NN4g,@qasimahmed3301,1
MjSUCg2NN4g,@rcclitherow6707,1
MjSUCg2NN4g,@red4666,1
MjSUCg2NN4g,@rickybrigoli942,1
MjSUCg2NN4g,@rommelalastra5992,1
MjSUCg2NN4g,@roseyemelyanova8182,1
MjSUCg2NN4g,@shauryakansal1081,1
MjSUCg2NN4g,@side7oldtype298,1
MjSUCg2NN4g,@silvacarl,3
MjSUCg2NN4g,@skeliskull,2
MjSUCg2NN4g,@slyace1301,1
MjSUCg2NN4g,@smileysmultimedia,1
MjSUCg2NN4g,@somebodymaybenobodyt,1
MjSUCg2NN4g,@sorvex9,1
MjSUCg2NN4g,@spudholder,1
MjSUCg2NN4g,@spudmaphot,1
MjSUCg2NN4g,@studiorickvian,1
MjSUCg2NN4g,@taamcyat,1
MjSUCg2NN4g,@tangerinepopgames,2
MjSUCg2NN4g,@taragnor,1
MjSUCg2NN4g,@tatarcavalry2342,1
MjSUCg2NN4g,@technics6215,1
MjSUCg2NN4g,@techrehen,1
MjSUCg2NN4g,@thestarshavefallen,1
MjSUCg2NN4g,@thiscommentsdeleted,1
MjSUCg2NN4g,@thunderdudepyromanic,1
MjSUCg2NN4g,@timdion9527,1
MjSUCg2NN4g,@timj9767,1
MjSUCg2NN4g,@tofarrtogo,1
MjSUCg2NN4g,@triminhtran2470,1
MjSUCg2NN4g,@unskeptable,1
MjSUCg2NN4g,@user-ge2vc3rl1n,1
MjSUCg2NN4g,@varunthapliyal8960,1
MjSUCg2NN4g,@victorsandoval6501,1
MjSUCg2NN4g,@viktor1496,5
MjSUCg2NN4g,@wenterinfaer7868,1
MjSUCg2NN4g,@wirehead1,1
MjSUCg2NN4g,@youteubakount4449,1
MjSUCg2NN4g,@yozh2377,1
MjSUCg2NN4g,@zarroth,1
MjSUCg2NN4g,@zaviermayo272,1
MjSUCg2NN4g,@zentrance432,1
MjSUCg2NN4g,@찌지직-k5s,1
MyRF01zzKvE,@ArslanKhan-q5v9d,1
MyRF01zzKvE,@DeepAlphaa,1
MyRF01zzKvE,@DevilUltimate,1
MyRF01zzKvE,@DonJuravin,1
MyRF01zzKvE,@Evelyn_Lisa,1
MyRF01zzKvE,@Feritclorida,1
MyRF01zzKvE,@JamesCarterjr-t3d,1
MyRF01zzKvE,@MathildaHulsky,1
MyRF01zzKvE,@RenaBegum-v7p,1
MyRF01zzKvE,@Richard-x7o4e,1
MyRF01zzKvE,@RobinWalters-l6j,1
MyRF01zzKvE,@Scott_Everett,1
MyRF01zzKvE,@clayjack-1iw,1
MyRF01zzKvE,@donbrow-26k,1
MyRF01zzKvE,@goatinginmountains,1
MyRF01zzKvE,@ifitaintaboutthemoneydontb5076,1
MyRF01zzKvE,@lsultk4,1
MyRF01zzKvE,@migueltomasmedina7205,1
MyRF01zzKvE,@mikeynocode,11
MyRF01zzKvE,@mykhan1645,1
MyRF01zzKvE,@yaya0701,1
MyRF01zzKvE,@yoren6,1
NGXXosA9CRo,@24pfilms,2
NGXXosA9CRo,@705tv,1
NGXXosA9CRo,@BYOOx5,1
NGXXosA9CRo,@DB-MH11,1
NGXXosA9CRo,@EhsanTork,1
NGXXosA9CRo,@HaroonAhmed-66,1
NGXXosA9CRo,@Im_SD,2
NGXXosA9CRo,@LittleSimp1967,2
NGXXosA9CRo,@NitiousJeet,1
NGXXosA9CRo,@PersinSmart,1
NGXXosA9CRo,@Psoewish,1
NGXXosA9CRo,@StampBotOfficial,1
NGXXosA9CRo,@ToBi-xr2mg,1
NGXXosA9CRo,@YourAverageTechBro,5
NGXXosA9CRo,@ZDL679,1
NGXXosA9CRo,@akunito,1
NGXXosA9CRo,@alexl6839,1
NGXXosA9CRo,@alirezajalaliyazdi146,1
NGXXosA9CRo,@anonyash,1
NGXXosA9CRo,@aperson1181,1
NGXXosA9CRo,@artificallead499,1
NGXXosA9CRo,@bambanx,1
NGXXosA9CRo,@brokecoder,1
NGXXosA9CRo,@christopherwilliams3293,1
NGXXosA9CRo,@coollifestyle7793,1
NGXXosA9CRo,@doArnDenAdel,1
NGXXosA9CRo,@driserq199,2
NGXXosA9CRo,@edengilbertmusic,1
NGXXosA9CRo,@elarrieux_,1
NGXXosA9CRo,@gusnje98,2
NGXXosA9CRo,@haris.mushtaq,1
NGXXosA9CRo,@hifijohn,1
NGXXosA9CRo,@infj5196,1
NGXXosA9CRo,@kymtoobe,1
NGXXosA9CRo,@nmg2023nmg,1
NGXXosA9CRo,@omarahmed-gs7op,1
NGXXosA9CRo,@petrosjr361,1
NGXXosA9CRo,@rajivsporkslede7860,4
NGXXosA9CRo,@rojinnnnnnnnn,2
NGXXosA9CRo,@ruxir_ig,2
NGXXosA9CRo,@shamanthkumar5017,1
NGXXosA9CRo,@shamsulhuda2617,1
NGXXosA9CRo,@solohelion,1
NGXXosA9CRo,@sxs5762,1
NGXXosA9CRo,@tacorevenge87,1
NGXXosA9CRo,@theycallmemrglass,1
NGXXosA9CRo,@tommymarshall69,1
NGXXosA9CRo,@user-bw7vz9ts7u,1
NGXXosA9CRo,@villianfadhilahareksa5553,1
NGXXosA9CRo,@webdevamin,1
NGXXosA9CRo,@wenjunzhang3699,1
NGXXosA9CRo,@zacodhis219,1
N_wq9OV4T4c,@12lippylucy,1
N_wq9OV4T4c,@42batboldch,1
N_wq9OV4T4c,@7Hughtravels,1
N_wq9OV4T4c,@A.Y.11,4
N_wq9OV4T4c,@AB_LDN,2
N_wq9OV4T4c,@AIR-7777,1
N_wq9OV4T4c,@Ahai9,1
N_wq9OV4T4c,@AndogaSpock,1
N_wq9OV4T4c,@BMANZZS,1
N_wq9OV4T4c,@BRBallin1,1
N_wq9OV4T4c,@BTCSupernova,1
N_wq9OV4T4c,@BensonJonsonGPT,1
N_wq9OV4T4c,@BillyBob123xyz,1
N_wq9OV4T4c,@BoBTheBudd,1
N_wq9OV4T4c,@Boxing_Gamer,1
N_wq9OV4T4c,@ByteNomad27,1
N_wq9OV4T4c,@CamKnoppMusic,1
N_wq9OV4T4c,@CelestialProtocol,1
N_wq9OV4T4c,@CharlesEchelant,1
N_wq9OV4T4c,@ChubaiosBoomers,1
N_wq9OV4T4c,@Ciusetz,1
N_wq9OV4T4c,@Csepiable,1
N_wq9OV4T4c,@DEMediaDrive,1
N_wq9OV4T4c,@Data-222,1
N_wq9OV4T4c,@DeltaForce1522,2
N_wq9OV4T4c,@DouglasESmith-fu7di,1
N_wq9OV4T4c,@DrChapelStudio,1
N_wq9OV4T4c,@Earthing-r2y,1
N_wq9OV4T4c,@EruRoraitoX,1
N_wq9OV4T4c,@ExoCharles,3
N_wq9OV4T4c,@HOGnetwork,1
N_wq9OV4T4c,@HistoryShock1066,1
N_wq9OV4T4c,@HoldMyBeerFam,1
N_wq9OV4T4c,@Horeyezone,1
N_wq9OV4T4c,@India1947z,1
N_wq9OV4T4c,@InstantGiblets,1
N_wq9OV4T4c,@J.J.A.S,1
N_wq9OV4T4c,@JasonWhittle1,1
N_wq9OV4T4c,@JeremiahHector,1
N_wq9OV4T4c,@Jericho642,1
N_wq9OV4T4c,@JezzGT,1
N_wq9OV4T4c,@Joe-n4q,1
N_wq9OV4T4c,@JoharviGarcia,1
N_wq9OV4T4c,@KR-nh4qw,1
N_wq9OV4T4c,@KamiCanFam,1
N_wq9OV4T4c,@KeelanJon,1
N_wq9OV4T4c,@Kosmo999,1
N_wq9OV4T4c,@KratosIsSick,1
N_wq9OV4T4c,@LakeLeePrism,1
N_wq9OV4T4c,@Lazey-Bro,1
N_wq9OV4T4c,@LexClips,1
N_wq9OV4T4c,@Matthewcostello69,1
N_wq9OV4T4c,@Mister_Morise,1
N_wq9OV4T4c,@Ms-zr1dn,1
N_wq9OV4T4c,@Nada-kv6sq,1
N_wq9OV4T4c,@Npnpnp468,4
N_wq9OV4T4c,@Oldrich333,1
N_wq9OV4T4c,@PatrickYeo-i1g,1
N_wq9OV4T4c,@Paulskilynchski,1
N_wq9OV4T4c,@PavanpharmOCOLOGY,1
N_wq9OV4T4c,@Pfaeff,1
N_wq9OV4T4c,@Pinoy_Legend,1
N_wq9OV4T4c,@RC-uk8qs,1
N_wq9OV4T4c,@RTSR-y1e,1
N_wq9OV4T4c,@RahulRavindran-yj9hg,1
N_wq9OV4T4c,@Rami_Zaki-k2b,1
N_wq9OV4T4c,@RayMartinez91,1
N_wq9OV4T4c,@RiskSanchez,1
N_wq9OV4T4c,@RoldanDuarte,2
N_wq9OV4T4c,@RunTheory,2
N_wq9OV4T4c,@SENSI-11,2
N_wq9OV4T4c,@SamuelNorone,1
N_wq9OV4T4c,@ShawnKelly-q8s,1
N_wq9OV4T4c,@Shoojda1,1
N_wq9OV4T4c,@ShooterMcgavin119,1
N_wq9OV4T4c,@SimonNgai-d3u,1
N_wq9OV4T4c,@Skynet008-u2k,1
N_wq9OV4T4c,@Solidofzuljin,2
N_wq9OV4T4c,@Soonseverino,3
N_wq9OV4T4c,@SuperBlitzKing,1
N_wq9OV4T4c,@Teepeezy3,1
N_wq9OV4T4c,@TerenceRidley-u7f,1
N_wq9OV4T4c,@TheKayakAngle,1
N_wq9OV4T4c,@The_Fate_of_Atlantis,1
N_wq9OV4T4c,@ThrowbackGaming1,1
N_wq9OV4T4c,@TimNobug,1
N_wq9OV4T4c,@United-MuslimOne,1
N_wq9OV4T4c,@UponGiantsShoulders,1
N_wq9OV4T4c,@VERYSOFTLUKA,1
N_wq9OV4T4c,@VietVagabond,1
N_wq9OV4T4c,@Voy2378,1
N_wq9OV4T4c,@Ykesha,1
N_wq9OV4T4c,@YoSomePerson,2
N_wq9OV4T4c,@YourFriendlyGymRat,1
N_wq9OV4T4c,@aaliyanahmed2659,1
N_wq9OV4T4c,@addohm,1
N_wq9OV4T4c,@adilzhenisov28,1
N_wq9OV4T4c,@afrkleaks4991,1
N_wq9OV4T4c,@alshaifhir,1
N_wq9OV4T4c,@andresousa6192,1
N_wq9OV4T4c,@andrewhopkinson8736,3
N_wq9OV4T4c,@andrmyk,1
N_wq9OV4T4c,@arjun220,1
N_wq9OV4T4c,@artyconst,1
N_wq9OV4T4c,@axs203,1
N_wq9OV4T4c,@bcvc111,1
N_wq9OV4T4c,@benjaminhon86,1
N_wq9OV4T4c,@bernaridho,1
N_wq9OV4T4c,@blngmz1777,1
N_wq9OV4T4c,@block4671,1
N_wq9OV4T4c,@blubblurb,1
N_wq9OV4T4c,@bogst5579,1
N_wq9OV4T4c,@bommaritohawaii,1
N_wq9OV4T4c,@brandoniams217,1
N_wq9OV4T4c,@caksocker,1
N_wq9OV4T4c,@casualgamer9075,1
N_wq9OV4T4c,@compcos,2
N_wq9OV4T4c,@connorhayes2711,1
N_wq9OV4T4c,@croakgrogan,1
N_wq9OV4T4c,@daniela9171,2
N_wq9OV4T4c,@danielwalley6554,1
N_wq9OV4T4c,@darian41155,1
N_wq9OV4T4c,@darth_pronator,4
N_wq9OV4T4c,@dbroll20,1
N_wq9OV4T4c,@dianaishappy88,1
N_wq9OV4T4c,@differentshadesofgrey,1
N_wq9OV4T4c,@distrologic2925,1
N_wq9OV4T4c,@doyourownresearch7297,1
N_wq9OV4T4c,@dragline7287,2
N_wq9OV4T4c,@drewcaster,1
N_wq9OV4T4c,@e21Mi,1
N_wq9OV4T4c,@elijawad5415,1
N_wq9OV4T4c,@emmanueloseiboakye2085,1
N_wq9OV4T4c,@enigmaoftheforest,1
N_wq9OV4T4c,@enriquegabriel7708,1
N_wq9OV4T4c,@ericanderson8795,1
N_wq9OV4T4c,@evilyoshimitsu,1
N_wq9OV4T4c,@evroadtrips689,1
N_wq9OV4T4c,@fighterflash7503,1
N_wq9OV4T4c,@flap3869,1
N_wq9OV4T4c,@garrymullins,1
N_wq9OV4T4c,@geebashiri3315,2
N_wq9OV4T4c,@george_davituri,1
N_wq9OV4T4c,@gerardolopez9368,1
N_wq9OV4T4c,@germanlanguageworkshop1542,1
N_wq9OV4T4c,@gigaklibadze6579,1
N_wq9OV4T4c,@gledatelj1979,4
N_wq9OV4T4c,@godblessCL,1
N_wq9OV4T4c,@hamiltonspeed,1
N_wq9OV4T4c,@haplessgolem805,1
N_wq9OV4T4c,@heck0272,1
N_wq9OV4T4c,@hennermartin9260,2
N_wq9OV4T4c,@horsehungcapitalnyc,1
N_wq9OV4T4c,@hrio100,1
N_wq9OV4T4c,@iaMpossibleAdisakinnoPomngam,1
N_wq9OV4T4c,@ismaildebbarh,1
N_wq9OV4T4c,@itsMeehow,3
N_wq9OV4T4c,@j0uld,1
N_wq9OV4T4c,@j1o23kfgall,1
N_wq9OV4T4c,@jakejensen1166,1
N_wq9OV4T4c,@jareddias7932,1
N_wq9OV4T4c,@jasonsargent5030,1
N_wq9OV4T4c,@jcantu8052,1
N_wq9OV4T4c,@jcham979,1
N_wq9OV4T4c,@jonesjoyce1215,1
N_wq9OV4T4c,@josephtsui2564,3
N_wq9OV4T4c,@jourdanbetsch5073,1
N_wq9OV4T4c,@jrettetsohyt1,1
N_wq9OV4T4c,@js-bf6nh,1
N_wq9OV4T4c,@juancamaney3071,1
N_wq9OV4T4c,@k1awdttt,1
N_wq9OV4T4c,@ka0t1k1,1
N_wq9OV4T4c,@kahahabahaha,1
N_wq9OV4T4c,@kellenstuart4698,1
N_wq9OV4T4c,@kevkas,1
N_wq9OV4T4c,@kodevicious,1
N_wq9OV4T4c,@korbendallasmultipass1524,1
N_wq9OV4T4c,@koredepaul125,1
N_wq9OV4T4c,@lIIIIIHIIIIIl,1
N_wq9OV4T4c,@lasselasse5215,1
N_wq9OV4T4c,@lathanturner8608,1
N_wq9OV4T4c,@layitluke7139,1
N_wq9OV4T4c,@leereddy6295,1
N_wq9OV4T4c,@leon-y5w5r,1
N_wq9OV4T4c,@llmcoder,1
N_wq9OV4T4c,@llpassarelli,1
N_wq9OV4T4c,@lukeyval,1
N_wq9OV4T4c,@madkow77,1
N_wq9OV4T4c,@makersam,1
N_wq9OV4T4c,@marcin3136,1
N_wq9OV4T4c,@marcosbatista1029,2
N_wq9OV4T4c,@mark_1_1_1_1,1
N_wq9OV4T4c,@markgamache6377,1
N_wq9OV4T4c,@martinikdavid,1
N_wq9OV4T4c,@matt.stevick,1
N_wq9OV4T4c,@mikl2345,1
N_wq9OV4T4c,@minetime6881,1
N_wq9OV4T4c,@miroslavstevic2036,1
N_wq9OV4T4c,@more_ha,1
N_wq9OV4T4c,@motivationalspeech5994,2
N_wq9OV4T4c,@mrmusic6409,1
N_wq9OV4T4c,@mumar5888,1
N_wq9OV4T4c,@muphandi015,1
N_wq9OV4T4c,@music2me23,1
N_wq9OV4T4c,@nero1375,1
N_wq9OV4T4c,@neto1495,1
N_wq9OV4T4c,@nevr_ts,1
N_wq9OV4T4c,@norcal6181,1
N_wq9OV4T4c,@nousvia,1
N_wq9OV4T4c,@nzt1423,1
N_wq9OV4T4c,@obikonik,2
N_wq9OV4T4c,@octoale,1
N_wq9OV4T4c,@ogrearmyof1,1
N_wq9OV4T4c,@okami3829,1
N_wq9OV4T4c,@one4runner435,1
N_wq9OV4T4c,@pFlouw66,1
N_wq9OV4T4c,@paralleluniverse99,1
N_wq9OV4T4c,@pav5971,1
N_wq9OV4T4c,@peeweeadventure,3
N_wq9OV4T4c,@peteroswalt4240,1
N_wq9OV4T4c,@petervan7372,2
N_wq9OV4T4c,@plexus1942,1
N_wq9OV4T4c,@pt8292,2
N_wq9OV4T4c,@recreategamedev,1
N_wq9OV4T4c,@rostislavsnyta6429,1
N_wq9OV4T4c,@ryanlynch5401,1
N_wq9OV4T4c,@sammyBhai5945,1
N_wq9OV4T4c,@saroman_valar,2
N_wq9OV4T4c,@sawilliams,1
N_wq9OV4T4c,@seanromocki4110,2
N_wq9OV4T4c,@secretmystery8080,1
N_wq9OV4T4c,@sentinel-y8l,1
N_wq9OV4T4c,@shinoobie1549,1
N_wq9OV4T4c,@shoga321,1
N_wq9OV4T4c,@sirajulislam33621,1
N_wq9OV4T4c,@sirousmohseni4,1
N_wq9OV4T4c,@slamlogan,1
N_wq9OV4T4c,@sleepchat,1
N_wq9OV4T4c,@smallstep9827,1
N_wq9OV4T4c,@smithshaw1151,1
N_wq9OV4T4c,@softwave4483,1
N_wq9OV4T4c,@sohendo2211,1
N_wq9OV4T4c,@spiruandy,1
N_wq9OV4T4c,@srdjanrudic,1
N_wq9OV4T4c,@stephenonline345,1
N_wq9OV4T4c,@stormblessed76,1
N_wq9OV4T4c,@stupidfrog,1
N_wq9OV4T4c,@superresistant0,1
N_wq9OV4T4c,@sykal,1
N_wq9OV4T4c,@techpriest4787,1
N_wq9OV4T4c,@teodor-valentinmaxim8204,1
N_wq9OV4T4c,@thanos28,1
N_wq9OV4T4c,@thatisabsolutelykooooge2211,1
N_wq9OV4T4c,@thatsbaddie,2
N_wq9OV4T4c,@thebicycleman8062,3
N_wq9OV4T4c,@theoneandonly947,1
N_wq9OV4T4c,@thepunisherxxx6804,5
N_wq9OV4T4c,@tienduc_og,1
N_wq9OV4T4c,@timb350,1
N_wq9OV4T4c,@timbenton450,1
N_wq9OV4T4c,@timtom904,1
N_wq9OV4T4c,@tr1ckster726,1
N_wq9OV4T4c,@txnr5831,1
N_wq9OV4T4c,@ultimatesin3544,1
N_wq9OV4T4c,@user-jd1ty5bd6l,1
N_wq9OV4T4c,@user-oz6dn8si4f,1
N_wq9OV4T4c,@vayler1,1
N_wq9OV4T4c,@wartem,3
N_wq9OV4T4c,@weareamelia,1
N_wq9OV4T4c,@whitemouse94,1
N_wq9OV4T4c,@whyumadtho355,3
N_wq9OV4T4c,@wil9861,1
N_wq9OV4T4c,@will2461-j2n,1
N_wq9OV4T4c,@willieleahy5162,1
N_wq9OV4T4c,@willv88,1
N_wq9OV4T4c,@xUnpluggedx,1
N_wq9OV4T4c,@youtube-user-abc123,2
N_wq9OV4T4c,@zenmasters_gg,1
N_wq9OV4T4c,@zvukidedov,1
OFmxKgaLN80,@1982blvd,1
OFmxKgaLN80,@3DisFuntastic,1
OFmxKgaLN80,@AdjacentDoor,1
OFmxKgaLN80,@AlikPal,1
OFmxKgaLN80,@AlvellaMunyembabazi-j9q,1
OFmxKgaLN80,@Ata5ll,1
OFmxKgaLN80,@BrandonEvans211,1
OFmxKgaLN80,@Bro-x9l,1
OFmxKgaLN80,@Coeurebene1,1
OFmxKgaLN80,@DaRyteJuan,1
OFmxKgaLN80,@DaveScottADV,1
OFmxKgaLN80,@DevAbhi-ub5mx,1
OFmxKgaLN80,@DevDividend,1
OFmxKgaLN80,@DoesntRefillTheBrita,1
OFmxKgaLN80,@DraxTheDestroyer,1
OFmxKgaLN80,@Drunkendrakon,1
OFmxKgaLN80,@EdwardAlarcon-p7i,1
OFmxKgaLN80,@El_jefe_bruv,1
OFmxKgaLN80,@EmmaFabella-c3r,1
OFmxKgaLN80,@FCANor-d6r,1
OFmxKgaLN80,@FootbLFiesta,1
OFmxKgaLN80,@ForgottenKnight1,1
OFmxKgaLN80,@GaétanCorneau,1
OFmxKgaLN80,@HandPayCity,1
OFmxKgaLN80,@JSmith-t6,1
OFmxKgaLN80,@JYagami9000,1
OFmxKgaLN80,@JaBoss397,1
OFmxKgaLN80,@JacobH.Nielsen,1
OFmxKgaLN80,@Jalafian,1
OFmxKgaLN80,@Jeanbon496,1
OFmxKgaLN80,@JerryFerguson-o6g,1
OFmxKgaLN80,@JulieLesley-v6v,1
OFmxKgaLN80,@Katamari_Queen,1
OFmxKgaLN80,@KenYoshiharu,1
OFmxKgaLN80,@Kevin-Schmevin,1
OFmxKgaLN80,@LTdan457,1
OFmxKgaLN80,@MB-yk8ng,1
OFmxKgaLN80,@MaWiS-d8n,1
OFmxKgaLN80,@MarcosFMolina,1
OFmxKgaLN80,@MetaStacker,1
OFmxKgaLN80,@Mgmk757,1
OFmxKgaLN80,@Minica-f7d,1
OFmxKgaLN80,@MoSec9,1
OFmxKgaLN80,@Nik-rx9rj,1
OFmxKgaLN80,@OliverBechthold,1
OFmxKgaLN80,@Ones_Complement,1
OFmxKgaLN80,@OptimizingForwardToSuccess,1
OFmxKgaLN80,@PM11314,1
OFmxKgaLN80,@PeterOeC,1
OFmxKgaLN80,@QuokkaSquad,1
OFmxKgaLN80,@RajeshKumar-ft8yc,1
OFmxKgaLN80,@RixCraftsDigitalServices,1
OFmxKgaLN80,@RobertNathanrobertnathan7000,2
OFmxKgaLN80,@RoyRope,1
OFmxKgaLN80,@SGG-s6y,1
OFmxKgaLN80,@Seithim,1
OFmxKgaLN80,@Shy-Guy-stream,1
OFmxKgaLN80,@SleepDeprived_Gamer,1
OFmxKgaLN80,@Smankysheen,1
OFmxKgaLN80,@StarRoseAngelic,1
OFmxKgaLN80,@TheRaiderman1,1
OFmxKgaLN80,@TheRealCornPop,1
OFmxKgaLN80,@Theendofeverything7036,1
OFmxKgaLN80,@Titere05,1
OFmxKgaLN80,@Tommah1000,1
OFmxKgaLN80,@Trichivienna,2
OFmxKgaLN80,@UjjwalJain-b4t,1
OFmxKgaLN80,@YesThatGuyHubby,1
OFmxKgaLN80,@YoutubeWatcher98,1
OFmxKgaLN80,@Yoyomamafat,1
OFmxKgaLN80,@__username__,1
OFmxKgaLN80,@aadityaacharya5902,1
OFmxKgaLN80,@aansutube,1
OFmxKgaLN80,@abrahamperez8152,1
OFmxKgaLN80,@adamwalter2573,1
OFmxKgaLN80,@adospassos17,1
OFmxKgaLN80,@adrianpaz7310,1
OFmxKgaLN80,@alex.pozgaj,1
OFmxKgaLN80,@andreCoimbraVillela,1
OFmxKgaLN80,@arboreal_octopus,1
OFmxKgaLN80,@aspi8219,1
OFmxKgaLN80,@ayamabobo,1
OFmxKgaLN80,@benkunovski5234,1
OFmxKgaLN80,@bilaleyrik,1
OFmxKgaLN80,@billclinton4913,2
OFmxKgaLN80,@birdmissing,1
OFmxKgaLN80,@camryds,1
OFmxKgaLN80,@cesarec88,1
OFmxKgaLN80,@chanquanpham3216,1
OFmxKgaLN80,@cherrynado,1
OFmxKgaLN80,@chi8308,1
OFmxKgaLN80,@christian7561,1
OFmxKgaLN80,@clockworktraveler,1
OFmxKgaLN80,@comment6864,2
OFmxKgaLN80,@conget,1
OFmxKgaLN80,@cratecruncher4974,1
OFmxKgaLN80,@crazypigs100,1
OFmxKgaLN80,@cyrlangaming,1
OFmxKgaLN80,@danaustin2,1
OFmxKgaLN80,@danawhiteisagenius8654,1
OFmxKgaLN80,@deepcheddar,1
OFmxKgaLN80,@dexter_johnson,1
OFmxKgaLN80,@dntbther,1
OFmxKgaLN80,@e.balder,1
OFmxKgaLN80,@efosai,1
OFmxKgaLN80,@emersonrex820,1
OFmxKgaLN80,@evka3220,1
OFmxKgaLN80,@exxodas,1
OFmxKgaLN80,@fabriciofrontarolli,1
OFmxKgaLN80,@fatehyabali,1
OFmxKgaLN80,@g.t.werber4476,1
OFmxKgaLN80,@gamingfox9845,1
OFmxKgaLN80,@gokulkrishm51,1
OFmxKgaLN80,@gripp9k,1
OFmxKgaLN80,@gsapienza,1
OFmxKgaLN80,@guilhermeferreira2797,1
OFmxKgaLN80,@haleightucker6116,1
OFmxKgaLN80,@hectorreyes7696,1
OFmxKgaLN80,@homebatcave4177,1
OFmxKgaLN80,@housepianist,1
OFmxKgaLN80,@hugehazard,1
OFmxKgaLN80,@issamchabaa45,1
OFmxKgaLN80,@jameskelly4196,1
OFmxKgaLN80,@janboen3630,1
OFmxKgaLN80,@jasonrhtx,1
OFmxKgaLN80,@jatinmaharao6888,1
OFmxKgaLN80,@javilorenzana,1
OFmxKgaLN80,@jeffwong1310,1
OFmxKgaLN80,@joan38,1
OFmxKgaLN80,@juanpedrosantiago,1
OFmxKgaLN80,@juliopereira2628,1
OFmxKgaLN80,@kaushiknits0307,1
OFmxKgaLN80,@keithmazzapica5188,1
OFmxKgaLN80,@krzysztofszumko9080,1
OFmxKgaLN80,@lvbryan89,1
OFmxKgaLN80,@marcr7583,1
OFmxKgaLN80,@marcusclarkson5520,1
OFmxKgaLN80,@marcuss232,1
OFmxKgaLN80,@marionocnik9378,1
OFmxKgaLN80,@marklee331,1
OFmxKgaLN80,@matt4955,1
OFmxKgaLN80,@mbardos,1
OFmxKgaLN80,@mga149,1
OFmxKgaLN80,@mikerash-pc4jc,1
OFmxKgaLN80,@mitadrubanerjeechowdhury9092,1
OFmxKgaLN80,@mrpscreation891,1
OFmxKgaLN80,@mrwillis5339,1
OFmxKgaLN80,@mujkocka,1
OFmxKgaLN80,@nikolamar,1
OFmxKgaLN80,@nnanyelugoanekwe218,1
OFmxKgaLN80,@phuchungviet,1
OFmxKgaLN80,@platoonutzeyz88,1
OFmxKgaLN80,@plumreid,1
OFmxKgaLN80,@pouy1990,1
OFmxKgaLN80,@prabuddhadas935,1
OFmxKgaLN80,@prakash2187,1
OFmxKgaLN80,@puppete3r,1
OFmxKgaLN80,@qdav5,1
OFmxKgaLN80,@renakollmann-suhr9541,1
OFmxKgaLN80,@retakenroots,1
OFmxKgaLN80,@richardbustamante4547,1
OFmxKgaLN80,@robertmiller6444,1
OFmxKgaLN80,@rockyscarlet,1
OFmxKgaLN80,@rodrigoarancibia1975,1
OFmxKgaLN80,@rollthers3157,1
OFmxKgaLN80,@rollyon9415,1
OFmxKgaLN80,@romulandrem,1
OFmxKgaLN80,@samsturdi,1
OFmxKgaLN80,@selian_,1
OFmxKgaLN80,@shupesmerga4694,1
OFmxKgaLN80,@sicuto,1
OFmxKgaLN80,@snapsmicrosystems7532,1
OFmxKgaLN80,@sollymadeit,1
OFmxKgaLN80,@sonderexpeditions,1
OFmxKgaLN80,@sromankov6102,1
OFmxKgaLN80,@statuspremier,1
OFmxKgaLN80,@steven7846,1
OFmxKgaLN80,@sunsun-eq5vr,1
OFmxKgaLN80,@suprithreddy1828,1
OFmxKgaLN80,@suspiciousactivity4266,1
OFmxKgaLN80,@sutats,1
OFmxKgaLN80,@sylvereleipertz955,1
OFmxKgaLN80,@sziartopeter8943,1
OFmxKgaLN80,@tdm-uo9sc,1
OFmxKgaLN80,@teoramites,1
OFmxKgaLN80,@the1andonlycorbin,1
OFmxKgaLN80,@tubecci,1
OFmxKgaLN80,@ubobcat,1
OFmxKgaLN80,@username-r4d-j9i,1
OFmxKgaLN80,@utlanning117,1
OFmxKgaLN80,@viniciusviena8496,1
OFmxKgaLN80,@westerntui,1
OFmxKgaLN80,@william_leo,1
OFmxKgaLN80,@willieleahy5162,1
OFmxKgaLN80,@willsmitheatingspagetti,1
OFmxKgaLN80,@xalspaero,1
OFmxKgaLN80,@zaidifamily1357,1
OFmxKgaLN80,@zuppy2,1
OFmxKgaLN80,@ДмитрийЧернов-ъ2ф,1
OFmxKgaLN80,@彩色糖果-i4i,1
OFmxKgaLN80,@나나나-l4s,1
Op2zz-0m5Fw,@ArshGoyal,6
Op2zz-0m5Fw,@ArshGoyal-x7v,1
Op2zz-0m5Fw,@DitaRani-s8l,1
Op2zz-0m5Fw,@KabitaOjha-t9w,1
Op2zz-0m5Fw,@Sahastra223,1
Op2zz-0m5Fw,@VamsiKrishna-pp4fy,1
Op2zz-0m5Fw,@ZubedaYasmeen,1
Op2zz-0m5Fw,@neetu1052,1
Op2zz-0m5Fw,@rahulshetty9335,2
Op2zz-0m5Fw,@saiKrishna-dm7kq,1
Op2zz-0m5Fw,@trishasmody,1
Oq8TUJuButM,@059812,1
Oq8TUJuButM,@28CFC,1
Oq8TUJuButM,@AbeeraFatima-iw8vv,1
Oq8TUJuButM,@AchovChristian-l7j,1
Oq8TUJuButM,@AcumenPlex,1
Oq8TUJuButM,@Allgameplayer-so2ru,1
Oq8TUJuButM,@AnishaGaur-bf1uk,1
Oq8TUJuButM,@ArtUniverse,1
Oq8TUJuButM,@BIDTREX,1
Oq8TUJuButM,@BamboBarak,1
Oq8TUJuButM,@BasitAli-q7o,1
Oq8TUJuButM,@Cat_Sterling,1
Oq8TUJuButM,@CharlesOsikwemhe,1
Oq8TUJuButM,@ChibuikeIgwe-y1j,1
Oq8TUJuButM,@ChristianitySpot,1
Oq8TUJuButM,@ClifCollins-k8d,1
Oq8TUJuButM,@Codemitsu888,1
Oq8TUJuButM,@CourageTheCowardlyDog1,1
Oq8TUJuButM,@Cutie_animals-m3h,2
Oq8TUJuButM,@DMoneys36,1
Oq8TUJuButM,@DanielOlatunde-fn3ke,1
Oq8TUJuButM,@DarkBlue0814,1
Oq8TUJuButM,@Daudicodes,1
Oq8TUJuButM,@DucBao-g5s,1
Oq8TUJuButM,@EightonLiveDeath,2
Oq8TUJuButM,@EkForexTrading,1
Oq8TUJuButM,@ElvinJuma,1
Oq8TUJuButM,@Erekle-d1g,1
Oq8TUJuButM,@EssaAlowayyid,1
Oq8TUJuButM,@FaizanAwan-w9j,1
Oq8TUJuButM,@FreeRojava07462,1
Oq8TUJuButM,@GabeGettinRich,1
Oq8TUJuButM,@Gabuluu,1
Oq8TUJuButM,@GameplayzHome,1
Oq8TUJuButM,@Gamerboss10,1
Oq8TUJuButM,@GauthamL-ek6tx,1
Oq8TUJuButM,@Gazer-x5s,1
Oq8TUJuButM,@GlennnDsouza,1
Oq8TUJuButM,@GooseAlarm,1
Oq8TUJuButM,@HaseebHeaven,1
Oq8TUJuButM,@HeinzFichtenbauer,1
Oq8TUJuButM,@Its_Ari02,1
Oq8TUJuButM,@JamshidAttai,1
Oq8TUJuButM,@JaphethEmmanuel-z3x,1
Oq8TUJuButM,@Jassie-r2f,1
Oq8TUJuButM,@Jayjohnte6167,1
Oq8TUJuButM,@Joaquin-mp8ub,1
Oq8TUJuButM,@K-S1AR_F1N,1
Oq8TUJuButM,@Kayi_Alp07,1
Oq8TUJuButM,@KennethDiazperlloni,1
Oq8TUJuButM,@Koorachout,1
Oq8TUJuButM,@KrzysztofKrawczyk-p3g,1
Oq8TUJuButM,@LessonsFromProduction,1
Oq8TUJuButM,@MKELIVE,1
Oq8TUJuButM,@MaDaRa-H1,1
Oq8TUJuButM,@MagDrag123,1
Oq8TUJuButM,@MajorPerceptron,1
Oq8TUJuButM,@MasoudFarsiLiinkz,1
Oq8TUJuButM,@Matrix_AI_16,1
Oq8TUJuButM,@MaureenAwino-w2j,1
Oq8TUJuButM,@MoneyTechTR,1
Oq8TUJuButM,@MrCyberGuy,1
Oq8TUJuButM,@NOX.VIDEOS1,1
Oq8TUJuButM,@NatureBoy711,1
Oq8TUJuButM,@NezNez,1
Oq8TUJuButM,@OliverReinhard,1
Oq8TUJuButM,@Preethigowda-x7z,1
Oq8TUJuButM,@PutuAdityaDev,1
Oq8TUJuButM,@RishabhMishra-x7o,1
Oq8TUJuButM,@Riya-e6g7n,1
Oq8TUJuButM,@RogelioACruz,1
Oq8TUJuButM,@RyanMorizz,1
Oq8TUJuButM,@SNOWOO,1
Oq8TUJuButM,@School_merke_1,1
Oq8TUJuButM,@Serg-ht2sl,2
Oq8TUJuButM,@ShakaalTech,1
Oq8TUJuButM,@SheepPaul,1
Oq8TUJuButM,@ShreyaEdulakanti,1
Oq8TUJuButM,@SuperSimpleDev,13
Oq8TUJuButM,@THE_WHITE_DEATH_11,1
Oq8TUJuButM,@TheFastestSaracen,1
Oq8TUJuButM,@TheReal4th,1
Oq8TUJuButM,@TomZentra,1
Oq8TUJuButM,@WADAI-o4j,1
Oq8TUJuButM,@Xylina.,1
Oq8TUJuButM,@_-Naruto-_,1
Oq8TUJuButM,@abhaysardar2275,1
Oq8TUJuButM,@abhilashm8965,1
Oq8TUJuButM,@abhishekgourav6144,1
Oq8TUJuButM,@adriankateregga7568,1
Oq8TUJuButM,@agksi-e9f1r,1
Oq8TUJuButM,@akazicprod,1
Oq8TUJuButM,@alterovstudio,1
Oq8TUJuButM,@amandeepgrover7808,1
Oq8TUJuButM,@amroh8764,1
Oq8TUJuButM,@andreashauschild7757,1
Oq8TUJuButM,@anthonyallard3156,1
Oq8TUJuButM,@antwisilas-1024,1
Oq8TUJuButM,@anwinity2,1
Oq8TUJuButM,@arikcantbefound,1
Oq8TUJuButM,@arrrghh,1
Oq8TUJuButM,@arun-ql8nc,1
Oq8TUJuButM,@betterWorld9,1
Oq8TUJuButM,@bilimlink,1
Oq8TUJuButM,@boyanyanchev98,2
Oq8TUJuButM,@bozhdiarjordanov6353,1
Oq8TUJuButM,@brutaltruth1717,1
Oq8TUJuButM,@bryanudensi7421,1
Oq8TUJuButM,@cced4418,1
Oq8TUJuButM,@chaminda73,1
Oq8TUJuButM,@codewithlakmal,1
Oq8TUJuButM,@collinsa8909,1
Oq8TUJuButM,@dan-bz7dz,1
Oq8TUJuButM,@dan23.2,1
Oq8TUJuButM,@daniel6185,1
Oq8TUJuButM,@daniellebittencourt9820,1
Oq8TUJuButM,@dickensdickala6601,1
Oq8TUJuButM,@dorjoolinus,1
Oq8TUJuButM,@drawmaster77,1
Oq8TUJuButM,@dukeblaxton,1
Oq8TUJuButM,@edmundbogen5534,1
Oq8TUJuButM,@elevation62,1
Oq8TUJuButM,@em_miley,1
Oq8TUJuButM,@ennamoral3218,1
Oq8TUJuButM,@exebit-e8g8c,1
Oq8TUJuButM,@foolsgold2329,1
Oq8TUJuButM,@funny-tech-bro,1
Oq8TUJuButM,@furqantarique3484,1
Oq8TUJuButM,@ginox4884,1
Oq8TUJuButM,@giving-h7f,1
Oq8TUJuButM,@gledatelj1979,1
Oq8TUJuButM,@growwithvinx,1
Oq8TUJuButM,@h3w3z1,1
Oq8TUJuButM,@hamnaqamar-k1s,1
Oq8TUJuButM,@hanahanees3343,1
Oq8TUJuButM,@harrisjohnson9109,1
Oq8TUJuButM,@i_am_innocent_y,2
Oq8TUJuButM,@idk_existing,1
Oq8TUJuButM,@isaachail,1
Oq8TUJuButM,@its.mujahidd,1
Oq8TUJuButM,@j2csharp,1
Oq8TUJuButM,@jake_bareng,2
Oq8TUJuButM,@janevumazonke4502,1
Oq8TUJuButM,@japanesesamurai4945,1
Oq8TUJuButM,@johnfrostbane,1
Oq8TUJuButM,@keybraker,1
Oq8TUJuButM,@leonardigweokolo2813,1
Oq8TUJuButM,@leriastube,1
Oq8TUJuButM,@lifebyvikk6751,1
Oq8TUJuButM,@limbooooo00,1
Oq8TUJuButM,@lotheravanti4295,1
Oq8TUJuButM,@louremus,1
Oq8TUJuButM,@lwinlwinkyawzaw,1
Oq8TUJuButM,@m.umer5344,1
Oq8TUJuButM,@ma_abutalha_khalil,1
Oq8TUJuButM,@maintaininganonymity221,3
Oq8TUJuButM,@majidali6979,1
Oq8TUJuButM,@man_v_machine,1
Oq8TUJuButM,@mananij5729,1
Oq8TUJuButM,@marcs4091,2
Oq8TUJuButM,@markonikolic4028,2
Oq8TUJuButM,@martian_satellite,1
Oq8TUJuButM,@martin-timothy-timko,1
Oq8TUJuButM,@matthewgonano636,1
Oq8TUJuButM,@matthiasberger6458,1
Oq8TUJuButM,@meherabhossainraiyan,1
Oq8TUJuButM,@mehmetalbayrak4559,1
Oq8TUJuButM,@mironoff2007,1
Oq8TUJuButM,@mohankartheek9253,1
Oq8TUJuButM,@mpddude1233,3
Oq8TUJuButM,@mualchuan,1
Oq8TUJuButM,@mulumbahashim3846,1
Oq8TUJuButM,@mysoulmatch4488,1
Oq8TUJuButM,@na-ms1xf,1
Oq8TUJuButM,@nadershah7,1
Oq8TUJuButM,@nancharaiahamudala2510,1
Oq8TUJuButM,@nawaladam114,1
Oq8TUJuButM,@nomankhan1869,1
Oq8TUJuButM,@nord-currentgamer4427,1
Oq8TUJuButM,@nsohwillice3634,1
Oq8TUJuButM,@odman7945,1
Oq8TUJuButM,@olacreates,1
Oq8TUJuButM,@olegpristashkin9078,1
Oq8TUJuButM,@phuongdinh3123,1
Oq8TUJuButM,@pintomiguel75,1
Oq8TUJuButM,@praesodym6117,1
Oq8TUJuButM,@rahularya741-f8j,1
Oq8TUJuButM,@relatablekot,4
Oq8TUJuButM,@rexar8900,1
Oq8TUJuButM,@rhiangregorio,1
Oq8TUJuButM,@sabinshalini-oy7oq,1
Oq8TUJuButM,@samuelkovanko7198,1
Oq8TUJuButM,@sanjai5612,2
Oq8TUJuButM,@seamusmoran4776,1
Oq8TUJuButM,@serajali4621,1
Oq8TUJuButM,@sifakbelobesian4306,1
Oq8TUJuButM,@sk.irfanali5333,1
Oq8TUJuButM,@smallletter9634,1
Oq8TUJuButM,@ssuperant6537,1
Oq8TUJuButM,@sunnysidebro,1
Oq8TUJuButM,@tahmeedrahman3101,1
Oq8TUJuButM,@tamukeddejacob,1
Oq8TUJuButM,@theKnightFighter-h7n,1
Oq8TUJuButM,@themahdiashrafi,1
Oq8TUJuButM,@thescientist8769,1
Oq8TUJuButM,@tumzarelaxing,1
Oq8TUJuButM,@usaidkhan5,1
Oq8TUJuButM,@user-jw9nl3un3b,1
Oq8TUJuButM,@user-wq5dg6wn8w,1
Oq8TUJuButM,@userexperienceresearchers,1
Oq8TUJuButM,@uzair-1357,1
Oq8TUJuButM,@vicevestra,1
Oq8TUJuButM,@vxsniffer,1
Oq8TUJuButM,@waynelast1685,1
Oq8TUJuButM,@wcellon,3
Oq8TUJuButM,@wouldyoudomeakindnes,1
Oq8TUJuButM,@xyzker,1
Oq8TUJuButM,@yanamakogon2891,1
Oq8TUJuButM,@youmitsingh4368,1
Oq8TUJuButM,@zLuMBaX,2
Oq8TUJuButM,@zia-Me,1
PLKrSVuT-Dg,@1969-y4l,1
PLKrSVuT-Dg,@99vishn,1
PLKrSVuT-Dg,@AL-hk3oo,1
PLKrSVuT-Dg,@AShiv-j2z,1
PLKrSVuT-Dg,@AbutahirSk-l9w,1
PLKrSVuT-Dg,@AditNarayan-rf6sk,1
PLKrSVuT-Dg,@AhmasSa-i3y,1
PLKrSVuT-Dg,@Aisongvideo10,1
PLKrSVuT-Dg,@AliShakif-p2p,1
PLKrSVuT-Dg,@Alice_Fumo,1
PLKrSVuT-Dg,@AllaAlla-v4w,1
PLKrSVuT-Dg,@AnhTuan-ge2yy,1
PLKrSVuT-Dg,@AnkushJainbl,1
PLKrSVuT-Dg,@AtrinMartin,1
PLKrSVuT-Dg,@Augustinegabriel662-i2d,1
PLKrSVuT-Dg,@Awaisticsx,1
PLKrSVuT-Dg,@BelhadjAbdou-s6h,1
PLKrSVuT-Dg,@BenjaminSangronis-j6n,1
PLKrSVuT-Dg,@BhargavThakor-b4n,1
PLKrSVuT-Dg,@Boring-Opinion-8864,1
PLKrSVuT-Dg,@BoushraObaid,1
PLKrSVuT-Dg,@CAZIvlogger,1
PLKrSVuT-Dg,@CapuWriting,1
PLKrSVuT-Dg,@DBGAMERZ-333,1
PLKrSVuT-Dg,@D__jod__FF,1
PLKrSVuT-Dg,@DaviTik-d4g,1
PLKrSVuT-Dg,@DebendraYadav-q5h,1
PLKrSVuT-Dg,@Deep.Gill.Maksudra,1
PLKrSVuT-Dg,@DeepTrace1x,1
PLKrSVuT-Dg,@DeepikaBunkar-v3g,1
PLKrSVuT-Dg,@DesiVlog-i3m,1
PLKrSVuT-Dg,@DivyanshuKumar-g8f,1
PLKrSVuT-Dg,@Doge317,1
PLKrSVuT-Dg,@Dunyo93-c9d,1
PLKrSVuT-Dg,@Essalolo-k3o,1
PLKrSVuT-Dg,@FigfHuggeh-h2f,1
PLKrSVuT-Dg,@Fireship,1
PLKrSVuT-Dg,@GasatengkuangSg,1
PLKrSVuT-Dg,@GhsaanMahmoud,1
PLKrSVuT-Dg,@Goaling-u7c,1
PLKrSVuT-Dg,@Hailenlc20,1
PLKrSVuT-Dg,@HassanHadi-g5i,1
PLKrSVuT-Dg,@HiltonVarian-t6h,1
PLKrSVuT-Dg,@HimanshuTgr-x9m,1
PLKrSVuT-Dg,@Hollywoodandseries,1
PLKrSVuT-Dg,@HoweverHave-x4j,1
PLKrSVuT-Dg,@ImranSk-bh7gb,1
PLKrSVuT-Dg,@Indiant5,1
PLKrSVuT-Dg,@Ingwenya03,1
PLKrSVuT-Dg,@Is_Army99,1
PLKrSVuT-Dg,@IsabellWerner-n4f,1
PLKrSVuT-Dg,@JASMEETSINGHVLOGS-21,1
PLKrSVuT-Dg,@Jad_does_stuff,1
PLKrSVuT-Dg,@JhoonySing-l3x,1
PLKrSVuT-Dg,@JitenKumarRaj,1
PLKrSVuT-Dg,@JoefreyJoe,1
PLKrSVuT-Dg,@JohnSmith-pn2vl,1
PLKrSVuT-Dg,@KhaledGhya-k5s,1
PLKrSVuT-Dg,@KwameBoateng-n5x9z,1
PLKrSVuT-Dg,@Lanagamer-user,1
PLKrSVuT-Dg,@Leaderp28,1
PLKrSVuT-Dg,@LostLeftyLimb,1
PLKrSVuT-Dg,@LuisSierra42,1
PLKrSVuT-Dg,@Max1990-h8m,1
PLKrSVuT-Dg,@Md-br5fn,1
PLKrSVuT-Dg,@Mehdicrs,1
PLKrSVuT-Dg,@Mobilegamplay-t7y,1
PLKrSVuT-Dg,@Mr_munda-p8d,1
PLKrSVuT-Dg,@Music.oficial01,1
PLKrSVuT-Dg,@NOOB_EDITOR_99_Anant,1
PLKrSVuT-Dg,@NaifJomaa,1
PLKrSVuT-Dg,@Nathan-de9dc,1
PLKrSVuT-Dg,@NazarethMazareth,1
PLKrSVuT-Dg,@NguyenHieu_535,1
PLKrSVuT-Dg,@NotJulius44,1
PLKrSVuT-Dg,@PAHTRIKPROPER,1
PLKrSVuT-Dg,@PINTURATHVA-h6b,1
PLKrSVuT-Dg,@PascalineMutheu-e1h,1
PLKrSVuT-Dg,@Pradnya-x2i,1
PLKrSVuT-Dg,@Prince_gaming187,1
PLKrSVuT-Dg,@PriyankaSahoo-h6h,1
PLKrSVuT-Dg,@Priyankat-po5nd,1
PLKrSVuT-Dg,@PriyanshiMaheshwari-j1r,1
PLKrSVuT-Dg,@RabiBauri-m8b,1
PLKrSVuT-Dg,@RadhammaR-e6y,1
PLKrSVuT-Dg,@RahulMandal-lf9tj,1
PLKrSVuT-Dg,@RajveerSingh-e3v9k,1
PLKrSVuT-Dg,@RaulPalaciosviera,1
PLKrSVuT-Dg,@RedeemMcminecraft-t3r,1
PLKrSVuT-Dg,@RenoyFernandez,1
PLKrSVuT-Dg,@RitikChaudhary-l9w,1
PLKrSVuT-Dg,@RohitSharmaSharma-z8u,1
PLKrSVuT-Dg,@Ryzaman,1
PLKrSVuT-Dg,@SARADAISNOTUCHIHA,1
PLKrSVuT-Dg,@SainathIbitwad,1
PLKrSVuT-Dg,@Sangitakumal-d4f6y,1
PLKrSVuT-Dg,@SanwariyaMobile-g8h,1
PLKrSVuT-Dg,@SirusStarTV,1
PLKrSVuT-Dg,@SivaBehera-l9m,1
PLKrSVuT-Dg,@Sorahicolmenarezgamer,1
PLKrSVuT-Dg,@StrawHat-ot2fk,1
PLKrSVuT-Dg,@SudipMajhi-g8b,1
PLKrSVuT-Dg,@SuperRealityStudios,1
PLKrSVuT-Dg,@SurajKumar-d9f3v,1
PLKrSVuT-Dg,@SurajKumarblog-pz5tb,1
PLKrSVuT-Dg,@SushiSusheela-i4r,1
PLKrSVuT-Dg,@TejpalFilms,1
PLKrSVuT-Dg,@ThusithaAnurhdha-j7r,1
PLKrSVuT-Dg,@TiffanyReneeOFFICIAL,1
PLKrSVuT-Dg,@TomTom-qd3rb,1
PLKrSVuT-Dg,@Trollface_64,1
PLKrSVuT-Dg,@UmeshRoy-k9n,1
PLKrSVuT-Dg,@Unknown404-S,1
PLKrSVuT-Dg,@V3racious3,1
PLKrSVuT-Dg,@VirendraMasram-qm6py,1
PLKrSVuT-Dg,@Wib0,1
PLKrSVuT-Dg,@Xalqi.surchi13,1
PLKrSVuT-Dg,@YoryimarGuillermoLuyPerez,1
PLKrSVuT-Dg,@YugNirman12,1
PLKrSVuT-Dg,@akkillerak1516,1
PLKrSVuT-Dg,@aklapotherpotherpothikrebh603,1
PLKrSVuT-Dg,@alasedasalsaedas7400,1
PLKrSVuT-Dg,@askaristejano9564,1
PLKrSVuT-Dg,@aslemb8,1
PLKrSVuT-Dg,@athulramesh129,1
PLKrSVuT-Dg,@attribute-4677,1
PLKrSVuT-Dg,@b1nxhunter,1
PLKrSVuT-Dg,@bernabejose4326,2
PLKrSVuT-Dg,@bhaktiwlovish,1
PLKrSVuT-Dg,@bharatnaik1226,2
PLKrSVuT-Dg,@bhaskarshetty8668,1
PLKrSVuT-Dg,@bsmiffy1689,1
PLKrSVuT-Dg,@corriedebeer799,1
PLKrSVuT-Dg,@das_fahrer,1
PLKrSVuT-Dg,@deadbeefcodex,3
PLKrSVuT-Dg,@dgnbfujbvgjnv5552,1
PLKrSVuT-Dg,@dhannusinghdee,1
PLKrSVuT-Dg,@dimaryk11,1
PLKrSVuT-Dg,@divyadeepam8235,1
PLKrSVuT-Dg,@dondorianlive,1
PLKrSVuT-Dg,@erasablesky2,1
PLKrSVuT-Dg,@esmeraldacortez5107,1
PLKrSVuT-Dg,@eyzake,1
PLKrSVuT-Dg,@gullzaibakram.,1
PLKrSVuT-Dg,@harshitFF105k,1
PLKrSVuT-Dg,@homecricket-y6d,1
PLKrSVuT-Dg,@iWhacko,1
PLKrSVuT-Dg,@ionutboss1266,1
PLKrSVuT-Dg,@ironlioninternational,1
PLKrSVuT-Dg,@jacobkgapola7813,1
PLKrSVuT-Dg,@jayempowers,1
PLKrSVuT-Dg,@jdny3nd92,1
PLKrSVuT-Dg,@joadjood-j4e,1
PLKrSVuT-Dg,@keanech,1
PLKrSVuT-Dg,@kiran-Saleem,1
PLKrSVuT-Dg,@lamiadahoui2272,1
PLKrSVuT-Dg,@lavkushvermak2k,1
PLKrSVuT-Dg,@mdmajibul-99,1
PLKrSVuT-Dg,@meongdapur742,1
PLKrSVuT-Dg,@minoikacarvajal3618,1
PLKrSVuT-Dg,@mirodno9055,1
PLKrSVuT-Dg,@modfornia,1
PLKrSVuT-Dg,@mostafamesbaheledrisy8439,1
PLKrSVuT-Dg,@mylifefulldamage8825,1
PLKrSVuT-Dg,@namphong28-o72,1
PLKrSVuT-Dg,@nicodesde2279,1
PLKrSVuT-Dg,@nitingupta5379,1
PLKrSVuT-Dg,@omar1989-d5j,1
PLKrSVuT-Dg,@pathsystems,1
PLKrSVuT-Dg,@pattamabunchuay9369,1
PLKrSVuT-Dg,@piemasta93,1
PLKrSVuT-Dg,@polashhossain7447,1
PLKrSVuT-Dg,@porsche-911-turbos,1
PLKrSVuT-Dg,@prakashbhuriya3077,1
PLKrSVuT-Dg,@prakashgiri1409,1
PLKrSVuT-Dg,@psnts-5ao,1
PLKrSVuT-Dg,@riddles265,1
PLKrSVuT-Dg,@risunapple105,1
PLKrSVuT-Dg,@rteammobile,1
PLKrSVuT-Dg,@s179m,1
PLKrSVuT-Dg,@sedmochill4707,1
PLKrSVuT-Dg,@shadowbits-x64,1
PLKrSVuT-Dg,@shapesii,1
PLKrSVuT-Dg,@shihab889g,1
PLKrSVuT-Dg,@shortsedditar12,1
PLKrSVuT-Dg,@silvacarl,1
PLKrSVuT-Dg,@somchai-s2i,1
PLKrSVuT-Dg,@soumyasvlogs1456,1
PLKrSVuT-Dg,@storyshort099,1
PLKrSVuT-Dg,@tama__nagi_x,1
PLKrSVuT-Dg,@user-sam4465,1
PLKrSVuT-Dg,@victorolatinwo6076,1
PLKrSVuT-Dg,@youcanbeatopper,1
PLKrSVuT-Dg,@أبوحيدر-د4ش1س,1
PLKrSVuT-Dg,@الهاشيرا_انا_و_امي,1
PLKrSVuT-Dg,@خديجهالخضر,1
PLKrSVuT-Dg,@زياد_منير2,1
PLKrSVuT-Dg,@سیدمحسنتیموریسندسی,1
PLKrSVuT-Dg,@فارسابوطاهر-ش1ق,1
PLKrSVuT-Dg,@فاضلسرور-ج6غ,1
PLKrSVuT-Dg,@قصيمقبل-و4س,1
PLKrSVuT-Dg,@لولوكاتي-ذ9ج1ك,1
PLKrSVuT-Dg,@محمدعوفي-ظ9ه,1
PLKrSVuT-Dg,@منىناصيف-م6ي,1
PLKrSVuT-Dg,@نورالشامابوعرابي,1
PLKrSVuT-Dg,@وليدلاسمر,1
PLKrSVuT-Dg,@រកលុយMMO,1
PLKrSVuT-Dg,@亗HACKER,1
PfpYTCeK-B0,@Ashley-sd5xn,1
PfpYTCeK-B0,@Azns7,1
PfpYTCeK-B0,@DivineLyrics-ru2ch,3
PfpYTCeK-B0,@SanteeRocks,1
PfpYTCeK-B0,@WyattFantana,1
PfpYTCeK-B0,@anyeos,1
PfpYTCeK-B0,@dkazmer2,1
PfpYTCeK-B0,@jameswhite5293,1
PfpYTCeK-B0,@kim-me-so,1
PfpYTCeK-B0,@mateuszlechowiczpl,1
PfpYTCeK-B0,@matfat55,1
PfpYTCeK-B0,@mycavalli3092,1
PfpYTCeK-B0,@sLavoncheg,1
PfpYTCeK-B0,@sid.h,1
PfpYTCeK-B0,@suffien,1
PfpYTCeK-B0,@thesnhigdho,1
PfpYTCeK-B0,@tom.developer,4
QcxL0SXILC4,@BenDover-pq8xj,1
QcxL0SXILC4,@KST8512,1
QcxL0SXILC4,@SoftwareDeveloperDiaries,5
QcxL0SXILC4,@ZlatkoTestDerkoskiTest,1
QcxL0SXILC4,@alwanlytech,1
QcxL0SXILC4,@daegohikari,1
QcxL0SXILC4,@jeremyccc,1
QcxL0SXILC4,@lehaduong2532,1
QcxL0SXILC4,@mikeeomega,1
QcxL0SXILC4,@patriciarodriguez977,2
QcxL0SXILC4,@saikonuru,1
QcxL0SXILC4,@vitalydushkin,1
QcxL0SXILC4,@yogeshgaonkar4955,1
RKbmqSRc0z0,@AIOptimizer,1
RKbmqSRc0z0,@Alan46810,1
RKbmqSRc0z0,@Alex-h8u8s,1
RKbmqSRc0z0,@Any-rant,1
RKbmqSRc0z0,@AshanMaduranga-u1p,1
RKbmqSRc0z0,@CarLover703,1
RKbmqSRc0z0,@FernandoEmanuel-d9l,1
RKbmqSRc0z0,@GeorginaVitanova,1
RKbmqSRc0z0,@HaiiDesigns,1
RKbmqSRc0z0,@HiveGod-k2d,1
RKbmqSRc0z0,@Jamesrobinsoon,1
RKbmqSRc0z0,@JoooeEsam-s8g,1
RKbmqSRc0z0,@JoshuaLamer,1
RKbmqSRc0z0,@JoãoSantos-r8b,1
RKbmqSRc0z0,@KIVEEBrands,1
RKbmqSRc0z0,@KodyPaul-u1z,1
RKbmqSRc0z0,@KucingGarong12-y2v,1
RKbmqSRc0z0,@LazeX7,1
RKbmqSRc0z0,@LouisBeaumont-p6i,1
RKbmqSRc0z0,@MakroutaMalik,1
RKbmqSRc0z0,@MohamedMufeez-x7t,1
RKbmqSRc0z0,@MouradMouha-p2i,1
RKbmqSRc0z0,@PaniaThong,1
RKbmqSRc0z0,@PoPdata17,1
RKbmqSRc0z0,@R_i_c_k__V,1
RKbmqSRc0z0,@RimiPal123,1
RKbmqSRc0z0,@SAMSARAH93,1
RKbmqSRc0z0,@SabriNoreldeen,1
RKbmqSRc0z0,@SomaDas-t6h,1
RKbmqSRc0z0,@Somtowchu,1
RKbmqSRc0z0,@VS-ic3by,1
RKbmqSRc0z0,@WorkTravel.AI-Agency,1
RKbmqSRc0z0,@alisoroori1425,1
RKbmqSRc0z0,@alzalame,1
RKbmqSRc0z0,@barrycaty,1
RKbmqSRc0z0,@bobjalili1670,1
RKbmqSRc0z0,@fred-y5i3z,1
RKbmqSRc0z0,@ge4r1a5ldsayz,1
RKbmqSRc0z0,@janiel471,1
RKbmqSRc0z0,@jokokentir666,1
RKbmqSRc0z0,@josazee,1
RKbmqSRc0z0,@juliogustavo1006,1
RKbmqSRc0z0,@kidrmax7165,1
RKbmqSRc0z0,@loc5706,1
RKbmqSRc0z0,@luckybase1234,1
RKbmqSRc0z0,@markwinterus,1
RKbmqSRc0z0,@mikeynocode,1
RKbmqSRc0z0,@nanadei111,1
RKbmqSRc0z0,@nanohits1,1
RKbmqSRc0z0,@nicksparagis6139,1
RKbmqSRc0z0,@nielagi5029,1
RKbmqSRc0z0,@oliviaczhou,1
RKbmqSRc0z0,@papabuelo,1
RKbmqSRc0z0,@poonkawin,1
RKbmqSRc0z0,@razrgu3838,1
RKbmqSRc0z0,@rodrigoruiz976,1
RKbmqSRc0z0,@travelinlance,1
RKbmqSRc0z0,@tysoncung,1
RKbmqSRc0z0,@voidexereal,2
RKbmqSRc0z0,@xiu-li,1
SJqGYwRq0uc,@Afaqplanetscale,1
SJqGYwRq0uc,@CarlosLeon-ii2fs,1
SJqGYwRq0uc,@DhirendraKumarS,1
SJqGYwRq0uc,@EdsonNascimentoEN,1
SJqGYwRq0uc,@GitHub,1
SJqGYwRq0uc,@GrahamBrook,1
SJqGYwRq0uc,@HeberHolanda-r1q,1
SJqGYwRq0uc,@HectorFranciscoCardonaPinedaXD,1
SJqGYwRq0uc,@JunaidulIslamJarif,1
SJqGYwRq0uc,@KSafi-rp1ho,1
SJqGYwRq0uc,@KellyJones-g3t,1
SJqGYwRq0uc,@N-Tity,1
SJqGYwRq0uc,@Paxmet,1
SJqGYwRq0uc,@TheIndianOutcast,1
SJqGYwRq0uc,@agelee89,1
SJqGYwRq0uc,@bobburke4336,1
SJqGYwRq0uc,@codescandy,1
SJqGYwRq0uc,@erickstjames,1
SJqGYwRq0uc,@hooky17,1
SJqGYwRq0uc,@klashe1977,1
SJqGYwRq0uc,@lostdog1303,1
SJqGYwRq0uc,@mariusz_stepien,2
SJqGYwRq0uc,@menuqaalerd,1
SJqGYwRq0uc,@muizuvais,1
SJqGYwRq0uc,@omaracelys3217,1
SJqGYwRq0uc,@paingthuaung-b9o,1
SJqGYwRq0uc,@rajendrajasathy4356,3
SJqGYwRq0uc,@scotshabalam2432,1
SJqGYwRq0uc,@syahidali6125,1
SJqGYwRq0uc,@tebybohorquez6121,1
SJqGYwRq0uc,@tonyeneh8194,1
SJqGYwRq0uc,@wingwing2683,1
SJqGYwRq0uc,@yuriysadovskiy494,1
TANCHT6uht0,@Alan6054,1
TANCHT6uht0,@AlexanderOjeniweh,1
TANCHT6uht0,@Aliens-Are-Our-Friends2027,1
TANCHT6uht0,@Aviator168,1
TANCHT6uht0,@BOOMER4547,1
TANCHT6uht0,@Blue-Scorpion,1
TANCHT6uht0,@Brmmalesela,1
TANCHT6uht0,@BrunoAlves-mi7lb,1
TANCHT6uht0,@CaffinatedGainz,1
TANCHT6uht0,@CallousCoder,1
TANCHT6uht0,@Caloythetraveler360,1
TANCHT6uht0,@DAVIDGREGORYKERR,1
TANCHT6uht0,@DaniloZanaga,1
TANCHT6uht0,@Darkpill-2,1
TANCHT6uht0,@DavesGarage,1
TANCHT6uht0,@DivineTeleportEvolution,1
TANCHT6uht0,@ETAonTheEUC,1
TANCHT6uht0,@Ed_Aylward,1
TANCHT6uht0,@FirstxLast,1
TANCHT6uht0,@GarythePickle,1
TANCHT6uht0,@History_Mystery_Crime,1
TANCHT6uht0,@Holly0Shit,1
TANCHT6uht0,@Ibrahim-fh6kv,1
TANCHT6uht0,@JG27Korny,1
TANCHT6uht0,@Jadestonk,2
TANCHT6uht0,@Jqvs117,1
TANCHT6uht0,@KeenlyJohnas,1
TANCHT6uht0,@KeeperKen30,1
TANCHT6uht0,@KontoTestowe-yj2bg,1
TANCHT6uht0,@KrunkDiddelyUmptious,1
TANCHT6uht0,@Lottodds,1
TANCHT6uht0,@MEANASSJAMSTER,1
TANCHT6uht0,@Marcus_613,1
TANCHT6uht0,@Mauiman-aloha,1
TANCHT6uht0,@Memory_ahole,1
TANCHT6uht0,@MusicByJC,1
TANCHT6uht0,@MynamedidntFitDonkey,1
TANCHT6uht0,@Nabula6118,1
TANCHT6uht0,@NerdyMando_Ewok,2
TANCHT6uht0,@ORIGINALUSRNM,1
TANCHT6uht0,@Pang_Yau_Wee,1
TANCHT6uht0,@PeterEdin,1
TANCHT6uht0,@RachelHMcKay,1
TANCHT6uht0,@Ratkwad,1
TANCHT6uht0,@RickyMcevoy-d7s,1
TANCHT6uht0,@SV-tc8cu,1
TANCHT6uht0,@Snowman-o3l,1
TANCHT6uht0,@Someone-lc6dc,1
TANCHT6uht0,@StadnicX,1
TANCHT6uht0,@Swanzo,1
TANCHT6uht0,@TauvicRitter,1
TANCHT6uht0,@TegridyMadeGames,1
TANCHT6uht0,@Toni-Toneless,1
TANCHT6uht0,@Tvalfager,1
TANCHT6uht0,@UltimateKeyboardWarrior,1
TANCHT6uht0,@UrsaBella,1
TANCHT6uht0,@UserName-q4i5d,1
TANCHT6uht0,@VincentBeauregard-i8o,1
TANCHT6uht0,@Wulfdane,1
TANCHT6uht0,@ZoomZoom30010,1
TANCHT6uht0,@adreamroom,1
TANCHT6uht0,@adrianguerra1952,1
TANCHT6uht0,@ahmednayyer3466,1
TANCHT6uht0,@albertgallanosa8600,1
TANCHT6uht0,@albertoarmando6711,1
TANCHT6uht0,@aldergate-ca,1
TANCHT6uht0,@andrewstacy3937,1
TANCHT6uht0,@aodfr,1
TANCHT6uht0,@apocalypticambience,1
TANCHT6uht0,@arbainrahat4578,1
TANCHT6uht0,@aureliopetrone,1
TANCHT6uht0,@basehitsXX30,1
TANCHT6uht0,@bastje,1
TANCHT6uht0,@baxtermullins1842,1
TANCHT6uht0,@bestopinion9257,1
TANCHT6uht0,@bfrytech,1
TANCHT6uht0,@bigchills7194,1
TANCHT6uht0,@bleedgoat,2
TANCHT6uht0,@bobbybero7452,1
TANCHT6uht0,@bobertrobert5585,1
TANCHT6uht0,@bobgunner3086,1
TANCHT6uht0,@byronwooten1303,1
TANCHT6uht0,@cabdude2,1
TANCHT6uht0,@caneker5496,1
TANCHT6uht0,@celicom,1
TANCHT6uht0,@christosbinos8467,1
TANCHT6uht0,@cicalcical,1
TANCHT6uht0,@cjsamtab7,1
TANCHT6uht0,@colinchichester1809,1
TANCHT6uht0,@collinl.179,1
TANCHT6uht0,@comboai1000,1
TANCHT6uht0,@cryp0g00n4,2
TANCHT6uht0,@dancroitoru364,1
TANCHT6uht0,@davidgonz1012,1
TANCHT6uht0,@dawna2011,1
TANCHT6uht0,@differentman1878,1
TANCHT6uht0,@digiartpassion8513,1
TANCHT6uht0,@disgruntledtoons,1
TANCHT6uht0,@dougdendulk7227,1
TANCHT6uht0,@egemen261,1
TANCHT6uht0,@engineerfoxy,1
TANCHT6uht0,@escapegulag4317,1
TANCHT6uht0,@fabricendiaye5345,1
TANCHT6uht0,@facttv4405,1
TANCHT6uht0,@fennecbesixdouze1794,1
TANCHT6uht0,@finnjahner8733,1
TANCHT6uht0,@formineonly12345,1
TANCHT6uht0,@funicon3689,1
TANCHT6uht0,@furqantarique3484,2
TANCHT6uht0,@gavinnaicker6393,1
TANCHT6uht0,@geemooney2229,1
TANCHT6uht0,@genzboomer-sv3pl,1
TANCHT6uht0,@getwetset,1
TANCHT6uht0,@ghost_cold567,1
TANCHT6uht0,@gmshadowtraders,2
TANCHT6uht0,@gofrisuto,1
TANCHT6uht0,@griffinarcher2911,1
TANCHT6uht0,@gruntaxeman3740,1
TANCHT6uht0,@heheechannel,1
TANCHT6uht0,@helbertgascon,1
TANCHT6uht0,@humanieryt,1
TANCHT6uht0,@iancoles1349,1
TANCHT6uht0,@ichibrosan,2
TANCHT6uht0,@ironlegacymedia,1
TANCHT6uht0,@isaaclacoba4458,1
TANCHT6uht0,@j936-n6n,1
TANCHT6uht0,@jaovao,1
TANCHT6uht0,@jasonscala5834,1
TANCHT6uht0,@javadave,1
TANCHT6uht0,@jeffgros8508,1
TANCHT6uht0,@jerrhann,1
TANCHT6uht0,@jiangtao2990,1
TANCHT6uht0,@jreactcmb,1
TANCHT6uht0,@kevobuilds,1
TANCHT6uht0,@kokito-kokoa,1
TANCHT6uht0,@ksg1240,1
TANCHT6uht0,@laguintasuarez6601,1
TANCHT6uht0,@leakrr,1
TANCHT6uht0,@liminal27,1
TANCHT6uht0,@luizfelipemedeiros7506,3
TANCHT6uht0,@maltimoto,1
TANCHT6uht0,@marvin6016,1
TANCHT6uht0,@mat-ventures,1
TANCHT6uht0,@matthewberg5835,1
TANCHT6uht0,@mawalir937,1
TANCHT6uht0,@mdj5782,1
TANCHT6uht0,@medusaskull9625,1
TANCHT6uht0,@mensaswede4028,1
TANCHT6uht0,@mimimoo4493,1
TANCHT6uht0,@mirjaperezdecalleja4482,1
TANCHT6uht0,@misfitmdhz,1
TANCHT6uht0,@mjolninja9358,3
TANCHT6uht0,@mosconioni4523,1
TANCHT6uht0,@moyotom,1
TANCHT6uht0,@mynameisjeff9124,1
TANCHT6uht0,@naidol,1
TANCHT6uht0,@naratornsereeyothin295,1
TANCHT6uht0,@naszrawilde,1
TANCHT6uht0,@ncmathsadist,1
TANCHT6uht0,@nipungrover7058,1
TANCHT6uht0,@nobilismaximus,1
TANCHT6uht0,@normbograham3,1
TANCHT6uht0,@pantegministries,2
TANCHT6uht0,@paulholsters7932,1
TANCHT6uht0,@pavankumar-of4ew,1
TANCHT6uht0,@pcdoodle1,1
TANCHT6uht0,@pheonixjalal,1
TANCHT6uht0,@photorealm,1
TANCHT6uht0,@plaidchuck,1
TANCHT6uht0,@plop_plop_plop,1
TANCHT6uht0,@pooriasadeghi9042,1
TANCHT6uht0,@pope1089,1
TANCHT6uht0,@pyp2205,1
TANCHT6uht0,@quartytypo,1
TANCHT6uht0,@rameeziqbal8711,1
TANCHT6uht0,@ravikurup8350,1
TANCHT6uht0,@rexvoxuslife,1
TANCHT6uht0,@rida4002,1
TANCHT6uht0,@rmzzz76,1
TANCHT6uht0,@robotron1236,2
TANCHT6uht0,@ronalerquinigoagurto555,1
TANCHT6uht0,@rondolfopresilla6876,1
TANCHT6uht0,@ruiaraujo6258,1
TANCHT6uht0,@rvscript,1
TANCHT6uht0,@seifwaleed8066,1
TANCHT6uht0,@shellsopinion5837,1
TANCHT6uht0,@skyrolstudio9567,1
TANCHT6uht0,@stanrock8015,1
TANCHT6uht0,@styletokyo9888,1
TANCHT6uht0,@sumwonche5688,1
TANCHT6uht0,@supermolerrr2689,1
TANCHT6uht0,@supersonicstyleatsonicspeed,1
TANCHT6uht0,@sxxon751,1
TANCHT6uht0,@talk2azs,1
TANCHT6uht0,@tentimesful,1
TANCHT6uht0,@theMuritz,1
TANCHT6uht0,@tomekgnu,1
TANCHT6uht0,@tonywtyt,1
TANCHT6uht0,@twelvestepcorky,1
TANCHT6uht0,@ulyssesn.juarez153,1
TANCHT6uht0,@utuBrV1oI,1
TANCHT6uht0,@virtualpilgrim8645,1
TANCHT6uht0,@vxsniffer,1
TANCHT6uht0,@willembeltman,1
TANCHT6uht0,@wuhanlabtech,1
TANCHT6uht0,@yharom,1
TANCHT6uht0,@yunusgokcen174,2
TKal4pZHr0U,@22indranisaha86,1
TKal4pZHr0U,@ABHINAVALAPATI,1
TKal4pZHr0U,@Abhi-tl9em,1
TKal4pZHr0U,@Adarsh22r,1
TKal4pZHr0U,@AdityaP-e9p,1
TKal4pZHr0U,@AkaiCindy,1
TKal4pZHr0U,@AlanJoy_random,2
TKal4pZHr0U,@AmritJoshi07,1
TKal4pZHr0U,@AnujSingh-uv4gk,1
TKal4pZHr0U,@Brutus34100,1
TKal4pZHr0U,@Chethan-j6q,1
TKal4pZHr0U,@CodeWithRush,2
TKal4pZHr0U,@Codeing-di3yf,1
TKal4pZHr0U,@Consultant3152,1
TKal4pZHr0U,@Darling_Vijay_kumar,1
TKal4pZHr0U,@DeepEnginerd,2
TKal4pZHr0U,@Deven777-u5q,1
TKal4pZHr0U,@Eliteshows,1
TKal4pZHr0U,@EvilSapphireR,1
TKal4pZHr0U,@Gabeyre,2
TKal4pZHr0U,@GauravSharma-bl7nu,1
TKal4pZHr0U,@Girish_Comm,1
TKal4pZHr0U,@Gratitude_247,1
TKal4pZHr0U,@Gurpreet45251,1
TKal4pZHr0U,@Hodan438,1
TKal4pZHr0U,@JohnR-fc7vr,1
TKal4pZHr0U,@KKrishvishwa,2
TKal4pZHr0U,@KN38277,1
TKal4pZHr0U,@KhalidKhan-xq5xp,1
TKal4pZHr0U,@Kimseok109,1
TKal4pZHr0U,@KotaSarat52,1
TKal4pZHr0U,@Lax1n-o9u,1
TKal4pZHr0U,@Lippapoti,1
TKal4pZHr0U,@Lockin-q5t4h,1
TKal4pZHr0U,@ManishKumarSingh-d9g,1
TKal4pZHr0U,@ManojKumarmamtha,1
TKal4pZHr0U,@ManthanGorade,1
TKal4pZHr0U,@MillionToday-y1x,1
TKal4pZHr0U,@PTCan007,1
TKal4pZHr0U,@PradeepKumar-er5ts,1
TKal4pZHr0U,@PrashanthPuranik,1
TKal4pZHr0U,@Pyromaniac9901-m5i,2
TKal4pZHr0U,@RayshonsKingatua,1
TKal4pZHr0U,@RealRameshBabu,1
TKal4pZHr0U,@RishabhChonkar97,1
TKal4pZHr0U,@San00360,1
TKal4pZHr0U,@ShahJahan_NNN,1
TKal4pZHr0U,@ShankarJujjuri-26,1
TKal4pZHr0U,@TejasM-su4on,2
TKal4pZHr0U,@Telusko,1
TKal4pZHr0U,@Tom-ss2ri,1
TKal4pZHr0U,@Ujjwaltiwariii,1
TKal4pZHr0U,@VaradharajanD-h5o,1
TKal4pZHr0U,@Yagyaansh,1
TKal4pZHr0U,@YaserHussain-p3l8z,2
TKal4pZHr0U,@_Garm_,1
TKal4pZHr0U,@abhishekpawar3992,1
TKal4pZHr0U,@acs1018,1
TKal4pZHr0U,@adarshnaik2395,1
TKal4pZHr0U,@adhamelsamahy2954,2
TKal4pZHr0U,@afrozmansuri-mb2vx,1
TKal4pZHr0U,@afrozmohammad5982,1
TKal4pZHr0U,@aionrails-b6u,1
TKal4pZHr0U,@aka_bala.009,1
TKal4pZHr0U,@akhintheruvath,1
TKal4pZHr0U,@alexios2263,1
TKal4pZHr0U,@amithviswas1701,1
TKal4pZHr0U,@amritgeorgian,1
TKal4pZHr0U,@aniebietafia,2
TKal4pZHr0U,@arjunvr5137,1
TKal4pZHr0U,@avanishbidar,1
TKal4pZHr0U,@barbarianking8308,1
TKal4pZHr0U,@brainrotini99,1
TKal4pZHr0U,@brillybenny,1
TKal4pZHr0U,@buildingphase9712,1
TKal4pZHr0U,@bunyameennurudeen173,1
TKal4pZHr0U,@casanova5743,1
TKal4pZHr0U,@charan_cherry,1
TKal4pZHr0U,@chotumotu11,1
TKal4pZHr0U,@codewithyunus8423,1
TKal4pZHr0U,@commieTerminator,3
TKal4pZHr0U,@commonman5768,2
TKal4pZHr0U,@cyberbatman-,1
TKal4pZHr0U,@deepanjannag,1
TKal4pZHr0U,@devd5820,1
TKal4pZHr0U,@devyankshaw9365,1
TKal4pZHr0U,@everydaygaming7962,1
TKal4pZHr0U,@fero___3005,1
TKal4pZHr0U,@firos_sha,1
TKal4pZHr0U,@galahirudilhara553,3
TKal4pZHr0U,@garydunken7934,1
TKal4pZHr0U,@gireeshbhat4158,1
TKal4pZHr0U,@girishkumarkoneru9766,1
TKal4pZHr0U,@gulabpatel7477,1
TKal4pZHr0U,@hellish.racoon69,1
TKal4pZHr0U,@hopree2839,1
TKal4pZHr0U,@iAmPrince-7,1
TKal4pZHr0U,@iamtharunraj,1
TKal4pZHr0U,@irfanhabib5043,1
TKal4pZHr0U,@ishanmalithgunawardane8391,1
TKal4pZHr0U,@itswavo,1
TKal4pZHr0U,@jafardahodwala6477,2
TKal4pZHr0U,@johnmadsen37,1
TKal4pZHr0U,@kanunswain5418,1
TKal4pZHr0U,@karthikgowda0502,1
TKal4pZHr0U,@kavin1814,1
TKal4pZHr0U,@keithmuzondo4577,1
TKal4pZHr0U,@kemehj,1
TKal4pZHr0U,@knowwhatyoudonot,1
TKal4pZHr0U,@kshitijpanday6,1
TKal4pZHr0U,@kushagrabhawsar9640,1
TKal4pZHr0U,@lijojd,1
TKal4pZHr0U,@linkeshwar,1
TKal4pZHr0U,@madhushaurya2360,2
TKal4pZHr0U,@mallik23,1
TKal4pZHr0U,@martinsch,1
TKal4pZHr0U,@mawkuri5496,1
TKal4pZHr0U,@mba_leo,1
TKal4pZHr0U,@mdelim3128,1
TKal4pZHr0U,@methic-w1l,1
TKal4pZHr0U,@mohammedashraf2060,1
TKal4pZHr0U,@mohammedmahrozuddin,1
TKal4pZHr0U,@mr_satya_x1,1
TKal4pZHr0U,@nexttt__,4
TKal4pZHr0U,@nirjalbista9881,1
TKal4pZHr0U,@nishantgholap5103,1
TKal4pZHr0U,@nithikanb,1
TKal4pZHr0U,@odumahojorma,1
TKal4pZHr0U,@outlier10,1
TKal4pZHr0U,@overlordl2dev,4
TKal4pZHr0U,@overtlycovert3610,1
TKal4pZHr0U,@pavanm5510,1
TKal4pZHr0U,@poornasaipilla1620,1
TKal4pZHr0U,@praveeny4307,1
TKal4pZHr0U,@pritam1754,1
TKal4pZHr0U,@prvinsharma,1
TKal4pZHr0U,@ravikumarkumashi7065,1
TKal4pZHr0U,@rk7091,1
TKal4pZHr0U,@samanthjain590,1
TKal4pZHr0U,@sammyBhai5945,1
TKal4pZHr0U,@samueldavid495,1
TKal4pZHr0U,@sankeerth1266,1
TKal4pZHr0U,@santosht100,1
TKal4pZHr0U,@sarinlalkv,1
TKal4pZHr0U,@sayantaneogi5142,1
TKal4pZHr0U,@secureitmania,1
TKal4pZHr0U,@sethusuresh9196,1
TKal4pZHr0U,@shamseerahammed4094,2
TKal4pZHr0U,@shanikhan7490,1
TKal4pZHr0U,@sharansc-h9t,1
TKal4pZHr0U,@shashankpandey1966,1
TKal4pZHr0U,@shivagopannagari1415,1
TKal4pZHr0U,@shyam-lev,1
TKal4pZHr0U,@siddharthppawar,3
TKal4pZHr0U,@simplycoding347,1
TKal4pZHr0U,@smUser8990,1
TKal4pZHr0U,@socialbird89,1
TKal4pZHr0U,@sriramr1981,1
TKal4pZHr0U,@stiphenrobert4469,1
TKal4pZHr0U,@sudheerai,1
TKal4pZHr0U,@suryaishnavi,1
TKal4pZHr0U,@suyashrajpure3562,1
TKal4pZHr0U,@techseekerbrains5193,1
TKal4pZHr0U,@techxplore8896,2
TKal4pZHr0U,@tejas8196,2
TKal4pZHr0U,@theRedBarron-s9z,1
TKal4pZHr0U,@theancientvoice9272,1
TKal4pZHr0U,@theonlymaster9374,1
TKal4pZHr0U,@under2min306,1
TKal4pZHr0U,@universal4334,1
TKal4pZHr0U,@veereashk.v3666,1
TKal4pZHr0U,@venkadeshm6894,1
TKal4pZHr0U,@vishnu1458,1
TKal4pZHr0U,@vivekbhati9054,1
TKal4pZHr0U,@xerxes_06,1
TdNEgWn0ONg,@00EnjoyLife00,1
TdNEgWn0ONg,@AB-wf8ek,1
TdNEgWn0ONg,@AMR-bf8nx,1
TdNEgWn0ONg,@Aashka_The_Mystic,1
TdNEgWn0ONg,@AbdulBasit-g4t9i,1
TdNEgWn0ONg,@Abdullahyt422,1
TdNEgWn0ONg,@AbinBaby28,1
TdNEgWn0ONg,@AdvestHQ,1
TdNEgWn0ONg,@Ahmet-x3m2g,1
TdNEgWn0ONg,@AnishG-v7m,1
TdNEgWn0ONg,@Anon-tt9rz,1
TdNEgWn0ONg,@Anonymous20r,1
TdNEgWn0ONg,@BillSor,1
TdNEgWn0ONg,@BobbyCodes,1
TdNEgWn0ONg,@BongPet-m3v,1
TdNEgWn0ONg,@BrianOSheaPlus,1
TdNEgWn0ONg,@CandisBest,1
TdNEgWn0ONg,@CharlieMcNugets,1
TdNEgWn0ONg,@Chrono28x,1
TdNEgWn0ONg,@CptVex,1
TdNEgWn0ONg,@DanieleNiero,3
TdNEgWn0ONg,@Developete,11
TdNEgWn0ONg,@Dhanan-J,1
TdNEgWn0ONg,@DreamCarDiaries2.0,1
TdNEgWn0ONg,@Erick-dk5vr,1
TdNEgWn0ONg,@Favourites250,1
TdNEgWn0ONg,@Fluke2SS,1
TdNEgWn0ONg,@Fmanoid,1
TdNEgWn0ONg,@FreeRojava07462,1
TdNEgWn0ONg,@FriedFx,1
TdNEgWn0ONg,@HarmeetSinghhere,1
TdNEgWn0ONg,@Harsh-lf4bw,1
TdNEgWn0ONg,@HeinzWerner-f9b,1
TdNEgWn0ONg,@ILYASSXEBEC,1
TdNEgWn0ONg,@IZOSNL,1
TdNEgWn0ONg,@ImmortalBlick,1
TdNEgWn0ONg,@JackSimpsonJBS,1
TdNEgWn0ONg,@JohnFinklestein,1
TdNEgWn0ONg,@JohnQ85,1
TdNEgWn0ONg,@JohnSnow-t5s,1
TdNEgWn0ONg,@K3Adventures,1
TdNEgWn0ONg,@Kestrel1971,1
TdNEgWn0ONg,@Lee-p4m4j,1
TdNEgWn0ONg,@LessonsFromProduction,1
TdNEgWn0ONg,@Lottodds,1
TdNEgWn0ONg,@Lydelith,2
TdNEgWn0ONg,@MiroslavRusevljan-x3o,1
TdNEgWn0ONg,@Mishoko0,1
TdNEgWn0ONg,@MrCyberGuy,2
TdNEgWn0ONg,@Musisi-f1h,1
TdNEgWn0ONg,@NEERAJKUMAR-ri7ui,1
TdNEgWn0ONg,@Naminukaz,1
TdNEgWn0ONg,@Neopitpit,1
TdNEgWn0ONg,@OSCAR1777,1
TdNEgWn0ONg,@PopyRainbowofficial,1
TdNEgWn0ONg,@Prasanta530,1
TdNEgWn0ONg,@PulseHub_tv,1
TdNEgWn0ONg,@Pythoner,1
TdNEgWn0ONg,@RahulBhagatclicker,1
TdNEgWn0ONg,@Ravi-AI-US,1
TdNEgWn0ONg,@Rayyarhs,1
TdNEgWn0ONg,@Rigvedification,1
TdNEgWn0ONg,@SXsoft99,1
TdNEgWn0ONg,@Sanakhan-y5j4b,1
TdNEgWn0ONg,@ShiroAisan,1
TdNEgWn0ONg,@Shivakrishna-t9g,1
TdNEgWn0ONg,@SnakeEngine,4
TdNEgWn0ONg,@TeresaVere,1
TdNEgWn0ONg,@ToddDoes,1
TdNEgWn0ONg,@TrollMeister_,1
TdNEgWn0ONg,@UnsungSpartan,1
TdNEgWn0ONg,@VES.,1
TdNEgWn0ONg,@VladislavAntonenko,1
TdNEgWn0ONg,@X-llllllllll-X,1
TdNEgWn0ONg,@XaFFaX,1
TdNEgWn0ONg,@YIKWebSolutions,1
TdNEgWn0ONg,@Yavin4,1
TdNEgWn0ONg,@Zaary,1
TdNEgWn0ONg,@ZivelaYugoslavija,1
TdNEgWn0ONg,@abhisheksahu3435,1
TdNEgWn0ONg,@adebayoemmanuel911,1
TdNEgWn0ONg,@adrianroberts4174,1
TdNEgWn0ONg,@agge12345678,1
TdNEgWn0ONg,@ahmedoumedyhdhih4840,2
TdNEgWn0ONg,@akvarg,1
TdNEgWn0ONg,@aleksandarbursac4274,1
TdNEgWn0ONg,@aleksdeveloper698,1
TdNEgWn0ONg,@andreashauschild7757,1
TdNEgWn0ONg,@ankuronlyu,1
TdNEgWn0ONg,@argonaralfaran7617,1
TdNEgWn0ONg,@asoftraiden,1
TdNEgWn0ONg,@axelriet,1
TdNEgWn0ONg,@benbsingh,1
TdNEgWn0ONg,@benoitmaghoma8456,1
TdNEgWn0ONg,@bladbimer,1
TdNEgWn0ONg,@bomaathuis7277,1
TdNEgWn0ONg,@boognishy,1
TdNEgWn0ONg,@br1729,1
TdNEgWn0ONg,@buster-vu7sx,1
TdNEgWn0ONg,@carmenlogan4430,1
TdNEgWn0ONg,@cheryjose29,1
TdNEgWn0ONg,@circletoworld,1
TdNEgWn0ONg,@compcos,1
TdNEgWn0ONg,@corriedebeer799,1
TdNEgWn0ONg,@dan23.2,1
TdNEgWn0ONg,@danielsilver17,2
TdNEgWn0ONg,@danisgarten6994,1
TdNEgWn0ONg,@dantequartermain3595,1
TdNEgWn0ONg,@david_6063,1
TdNEgWn0ONg,@davorkrklec,1
TdNEgWn0ONg,@dhanguardbusinessbankingco4923,1
TdNEgWn0ONg,@domainmojo2162,1
TdNEgWn0ONg,@dougloqa8185,1
TdNEgWn0ONg,@edwardrichard1106,1
TdNEgWn0ONg,@elkin-pok,1
TdNEgWn0ONg,@ema-izu,2
TdNEgWn0ONg,@erwinmuega9223,2
TdNEgWn0ONg,@fiqhonomics,1
TdNEgWn0ONg,@fm22022,1
TdNEgWn0ONg,@fotoamgamgfoto3695,1
TdNEgWn0ONg,@furqantarique3484,1
TdNEgWn0ONg,@ganeshrao3113,1
TdNEgWn0ONg,@gauravgulati1583,1
TdNEgWn0ONg,@genosmolko10666,1
TdNEgWn0ONg,@globus000,1
TdNEgWn0ONg,@gokhanersan8561,1
TdNEgWn0ONg,@graemejones9707,3
TdNEgWn0ONg,@greycatpov,1
TdNEgWn0ONg,@grzegorzk5149,1
TdNEgWn0ONg,@gyorgykovesdi,1
TdNEgWn0ONg,@halfacanuck,3
TdNEgWn0ONg,@hgdolder,1
TdNEgWn0ONg,@hopeseekr,1
TdNEgWn0ONg,@htvital4184,1
TdNEgWn0ONg,@hugochavez6170,1
TdNEgWn0ONg,@interestingtopics419,1
TdNEgWn0ONg,@iot-portal,1
TdNEgWn0ONg,@iqwebserve3973,1
TdNEgWn0ONg,@itzjennyedit,2
TdNEgWn0ONg,@jacoberinc,1
TdNEgWn0ONg,@jitend432,1
TdNEgWn0ONg,@joecater894,1
TdNEgWn0ONg,@johndoe_1984,2
TdNEgWn0ONg,@jokelot5221,1
TdNEgWn0ONg,@jollygoodfellaa,1
TdNEgWn0ONg,@josephchello,1
TdNEgWn0ONg,@jtm-25,1
TdNEgWn0ONg,@juandixonformvp,2
TdNEgWn0ONg,@kandredfpv,1
TdNEgWn0ONg,@kikurage-m7h,1
TdNEgWn0ONg,@kmbtonkinese,1
TdNEgWn0ONg,@krasimirhristov6757,1
TdNEgWn0ONg,@laidback-anonymous6177,1
TdNEgWn0ONg,@leifkaius,1
TdNEgWn0ONg,@liezelkarsten173,1
TdNEgWn0ONg,@lmz41,1
TdNEgWn0ONg,@maciejlegowicz5834,1
TdNEgWn0ONg,@makwenkwesaul1637,1
TdNEgWn0ONg,@maosamoelaabraham5012,1
TdNEgWn0ONg,@marktomlinson2609,1
TdNEgWn0ONg,@matbaric,1
TdNEgWn0ONg,@matthiaslangbart9841,1
TdNEgWn0ONg,@mattolivier1835,1
TdNEgWn0ONg,@midnitdragoon,1
TdNEgWn0ONg,@misterkanister87,1
TdNEgWn0ONg,@mmanukumar6194,1
TdNEgWn0ONg,@mmganesh6087,1
TdNEgWn0ONg,@mrraider2241,1
TdNEgWn0ONg,@muditace111,1
TdNEgWn0ONg,@muhammadwibisonojanuar7793,1
TdNEgWn0ONg,@mundochad8671,1
TdNEgWn0ONg,@musicalkjv5937,1
TdNEgWn0ONg,@nethrakanike535,1
TdNEgWn0ONg,@nickallister,1
TdNEgWn0ONg,@nikoL00Z,1
TdNEgWn0ONg,@o.m.9752,1
TdNEgWn0ONg,@oefzdegoeggl,1
TdNEgWn0ONg,@oldSailor24,1
TdNEgWn0ONg,@onelove1325,1
TdNEgWn0ONg,@oo0speed0oo,1
TdNEgWn0ONg,@oregonxyz,2
TdNEgWn0ONg,@orson6897,1
TdNEgWn0ONg,@paul_wiggin,1
TdNEgWn0ONg,@peerullahhussainy7610,1
TdNEgWn0ONg,@pillmuncher67,2
TdNEgWn0ONg,@pragneshbamanya5079,7
TdNEgWn0ONg,@prashantsaklani8753,1
TdNEgWn0ONg,@preciousmusa4375,1
TdNEgWn0ONg,@raffaelesuppa4255,1
TdNEgWn0ONg,@rafi-l8y7q,1
TdNEgWn0ONg,@ramkumarrealm,1
TdNEgWn0ONg,@ravs2918,1
TdNEgWn0ONg,@realfuxx,1
TdNEgWn0ONg,@robertbokke,1
TdNEgWn0ONg,@ronaldx9988,1
TdNEgWn0ONg,@ronyortizop,1
TdNEgWn0ONg,@roshanv274,1
TdNEgWn0ONg,@selmfr,1
TdNEgWn0ONg,@shac-z,1
TdNEgWn0ONg,@sidnei15100,1
TdNEgWn0ONg,@silvamoz6299,1
TdNEgWn0ONg,@sk8ordie548,1
TdNEgWn0ONg,@sketchionic6356,1
TdNEgWn0ONg,@smithshaw1151,1
TdNEgWn0ONg,@sobakete,2
TdNEgWn0ONg,@spacemanone1,1
TdNEgWn0ONg,@stephenbeckett2067,1
TdNEgWn0ONg,@sterlingpaul3004,1
TdNEgWn0ONg,@stevedagostino7091,1
TdNEgWn0ONg,@stevezelaznik5872,1
TdNEgWn0ONg,@suhairrizwanofficial7355,1
TdNEgWn0ONg,@sumancpal,1
TdNEgWn0ONg,@supermarinespitfire1,1
TdNEgWn0ONg,@tapary,1
TdNEgWn0ONg,@terjes64,1
TdNEgWn0ONg,@theceilidhboy,1
TdNEgWn0ONg,@thesapper,2
TdNEgWn0ONg,@throneg1159,1
TdNEgWn0ONg,@timlinator,1
TdNEgWn0ONg,@tommywong3147,1
TdNEgWn0ONg,@valeriek8077,1
TdNEgWn0ONg,@viber1430,1
TdNEgWn0ONg,@vineetvishwakarma8847,1
TdNEgWn0ONg,@vishtrinity,1
TdNEgWn0ONg,@wavewalnut9869,1
TdNEgWn0ONg,@wenterinfaer1656,1
TdNEgWn0ONg,@woodyclimbing4040,1
TdNEgWn0ONg,@yadavrahulsureshchandra8062,1
TdNEgWn0ONg,@yasmelfl5146,1
TdNEgWn0ONg,@yoursolutionforlife,1
TdNEgWn0ONg,@yuriboyka_w,1
TdNEgWn0ONg,@zacharyberridge7239,1
TdNEgWn0ONg,@zadeh79,1
TdNEgWn0ONg,@zesciati2293,1
TdNEgWn0ONg,@znmliteral,1
TdNEgWn0ONg,@zobayer1,1
TdNEgWn0ONg,@木貞正博,1
TdNEgWn0ONg,@陶君-x4l,1
Tw18-4U7mts,@000aleph,1
Tw18-4U7mts,@3meiju,2
Tw18-4U7mts,@98f5,1
Tw18-4U7mts,@ANGELANIMATION18,1
Tw18-4U7mts,@AVENGERS-42,1
Tw18-4U7mts,@AhmadMobayd,1
Tw18-4U7mts,@AndrewCJXing,1
Tw18-4U7mts,@Asadvlogs111,1
Tw18-4U7mts,@BabiryeTendo,1
Tw18-4U7mts,@BedjadDjr,1
Tw18-4U7mts,@BottleOfCoke,1
Tw18-4U7mts,@C1_JACK,1
Tw18-4U7mts,@Cakascorpion,1
Tw18-4U7mts,@Cartoonpanya,1
Tw18-4U7mts,@Copine-p6r,1
Tw18-4U7mts,@CuartoUrbano-wn9xm,1
Tw18-4U7mts,@DashkurDas,1
Tw18-4U7mts,@DemonKING-7-2,1
Tw18-4U7mts,@DomainManaging,1
Tw18-4U7mts,@Dr.BananaCraft,1
Tw18-4U7mts,@ESUOLONGINYMARUWESKY,1
Tw18-4U7mts,@Ego-b7o,1
Tw18-4U7mts,@Erickhetfield,1
Tw18-4U7mts,@FLEXGOnthemic,1
Tw18-4U7mts,@FPChris,1
Tw18-4U7mts,@FahdKher,1
Tw18-4U7mts,@FailsFunny152,1
Tw18-4U7mts,@FinalFentanyl7,1
Tw18-4U7mts,@Fireship,1
Tw18-4U7mts,@Freakazoid12345,1
Tw18-4U7mts,@GautamRakasiya,1
Tw18-4U7mts,@HIT-HOT-13,1
Tw18-4U7mts,@HOUCINEBoujneh-c5s,1
Tw18-4U7mts,@Habinshah,1
Tw18-4U7mts,@HasanHasantpo,1
Tw18-4U7mts,@Healthtalkandfunvideos,1
Tw18-4U7mts,@HelloWorld-gd6ps,1
Tw18-4U7mts,@InfinixMobill-j9r,1
Tw18-4U7mts,@IrrationalTriangle,1
Tw18-4U7mts,@ItsInfinityGaming1,1
Tw18-4U7mts,@JamaicaJuanerio-d1j,1
Tw18-4U7mts,@JanKrzeminski-k6h,1
Tw18-4U7mts,@JesusPlsSaveMe,1
Tw18-4U7mts,@Jojolau10bax,1
Tw18-4U7mts,@JuanAdriánMoreno,1
Tw18-4U7mts,@JustinJoyson,1
Tw18-4U7mts,@KabitaChhetri-ke9no,1
Tw18-4U7mts,@KaderKader-q4v4q,1
Tw18-4U7mts,@KemiHåland,1
Tw18-4U7mts,@Kidshortstv143,1
Tw18-4U7mts,@Krishnakandgule78,1
Tw18-4U7mts,@LoLEsportsCenter,1
Tw18-4U7mts,@Logan7WithAnI,1
Tw18-4U7mts,@Loki_Dokie,1
Tw18-4U7mts,@MIJAN__KING,1
Tw18-4U7mts,@MOHAMMEDGARBA-y9c,1
Tw18-4U7mts,@MannazX,1
Tw18-4U7mts,@MarcusBell-g2u,1
Tw18-4U7mts,@MasterCooking941,1
Tw18-4U7mts,@MdApon-777mar,1
Tw18-4U7mts,@MichaelMarkss,1
Tw18-4U7mts,@Milako-m1l,1
Tw18-4U7mts,@MohamedBadsi1,1
Tw18-4U7mts,@MohammedAhmad-p8x,1
Tw18-4U7mts,@MonuranjanKalita-jv5vi,1
Tw18-4U7mts,@Narcopia,1
Tw18-4U7mts,@Naturelover_sandeep,1
Tw18-4U7mts,@NazmBazi,1
Tw18-4U7mts,@Nick-f4w2n,1
Tw18-4U7mts,@NittyLove-p2i,1
Tw18-4U7mts,@Nyra-v6x,1
Tw18-4U7mts,@ObaiJodea,1
Tw18-4U7mts,@PalsangTamang-l3y,1
Tw18-4U7mts,@PauloAndrade-qh5vo,1
Tw18-4U7mts,@Pawan-z2r2s,1
Tw18-4U7mts,@PoojaprajapatiPoojaPrajapa-m2j,1
Tw18-4U7mts,@PrimaryCongress,1
Tw18-4U7mts,@PrøÖkïë-l5l,1
Tw18-4U7mts,@Psilobite,1
Tw18-4U7mts,@Rahul_Sastry,1
Tw18-4U7mts,@Rajinderbhola-98,1
Tw18-4U7mts,@RamadaneVibe,1
Tw18-4U7mts,@RaviKumar-e9k4z,1
Tw18-4U7mts,@Rider-h9t,1
Tw18-4U7mts,@RifatHossain-di5ed,1
Tw18-4U7mts,@RobertLoyale,1
Tw18-4U7mts,@RoosGallery,1
Tw18-4U7mts,@RoyalShubhamVolg1985,1
Tw18-4U7mts,@SANKI44_5K,1
Tw18-4U7mts,@SaidaTahiri-jw1eh,1
Tw18-4U7mts,@SandraRamirez-mq6vh,1
Tw18-4U7mts,@SeemaJaiswal-n6s,1
Tw18-4U7mts,@SeniorBoy-sq7iz,1
Tw18-4U7mts,@Shiv_Mahadev_00,1
Tw18-4U7mts,@Simbatoons,1
Tw18-4U7mts,@Sk_Gamerz_xyz,1
Tw18-4U7mts,@SpMeKP,1
Tw18-4U7mts,@Sterlingx11,1
Tw18-4U7mts,@Subhashshort12,1
Tw18-4U7mts,@SujitKumar-b6c9m,1
Tw18-4U7mts,@SunAndMoon-zc9vd,1
Tw18-4U7mts,@TheLevitatingChin,1
Tw18-4U7mts,@TheNickCoost,1
Tw18-4U7mts,@TheknowledgePower-o5q,1
Tw18-4U7mts,@ThusithaAnurhdha-j7r,1
Tw18-4U7mts,@TuHoang-mk5oh,1
Tw18-4U7mts,@UniqueChhetri729,1
Tw18-4U7mts,@Veryhotclips-e8b,1
Tw18-4U7mts,@Victormathias233,1
Tw18-4U7mts,@Videosforkids_786,1
Tw18-4U7mts,@Vijikuthy,1
Tw18-4U7mts,@VikashGanjhu-l8z,1
Tw18-4U7mts,@VipulBhil-c6g3u,1
Tw18-4U7mts,@YasanHansaja,1
Tw18-4U7mts,@a3lnwsll_11,1
Tw18-4U7mts,@ahyin3,2
Tw18-4U7mts,@almshiks3458,1
Tw18-4U7mts,@anasansari-pv4vs,1
Tw18-4U7mts,@andrechaos9871,1
Tw18-4U7mts,@animeedit1,1
Tw18-4U7mts,@anuragsundaram,1
Tw18-4U7mts,@apertaplays,1
Tw18-4U7mts,@arrrghh,1
Tw18-4U7mts,@attribute-4677,1
Tw18-4U7mts,@balashaw1919,1
Tw18-4U7mts,@bhaskar_creations_official,1
Tw18-4U7mts,@bhavnachaudhari1196,1
Tw18-4U7mts,@biologiya_milliy,1
Tw18-4U7mts,@capitalrivers,1
Tw18-4U7mts,@daisuke_soraichi,1
Tw18-4U7mts,@doctorpenguinpenguin,1
Tw18-4U7mts,@dr.prepper,1
Tw18-4U7mts,@evrardcamara1173,1
Tw18-4U7mts,@fc.mobile.media1,1
Tw18-4U7mts,@fliper9151,1
Tw18-4U7mts,@gabrielotazo3984,1
Tw18-4U7mts,@gendo1123,1
Tw18-4U7mts,@genostorm7536,1
Tw18-4U7mts,@hamzaparadox9290,1
Tw18-4U7mts,@hanieru.404,1
Tw18-4U7mts,@hendrikd2113,1
Tw18-4U7mts,@ichangeditforu5317,1
Tw18-4U7mts,@juanestevas6488,1
Tw18-4U7mts,@justacutepanda888,1
Tw18-4U7mts,@kamirashigoli,1
Tw18-4U7mts,@keblomzem,1
Tw18-4U7mts,@kousheralam,1
Tw18-4U7mts,@lakruzaik3921,1
Tw18-4U7mts,@lalitkumawatvlogs-7,1
Tw18-4U7mts,@manzanito3652,1
Tw18-4U7mts,@masterofalltrades_,1
Tw18-4U7mts,@mastersonogashira1796,1
Tw18-4U7mts,@miguelsantiagop4719,1
Tw18-4U7mts,@mohamedchettih-jt8ev,1
Tw18-4U7mts,@mohammadahmad4058,1
Tw18-4U7mts,@monty-gestiona-tu-negocio,1
Tw18-4U7mts,@muhammadfaizan-k9w,1
Tw18-4U7mts,@nader.fitouri,1
Tw18-4U7mts,@nasemhosen4099,1
Tw18-4U7mts,@nogc_playz9465,1
Tw18-4U7mts,@not_deltarr,1
Tw18-4U7mts,@notsoblackguy1542,1
Tw18-4U7mts,@pallavisandeepkadam2936,1
Tw18-4U7mts,@peddivarunkumar,1
Tw18-4U7mts,@phaqyou2,1
Tw18-4U7mts,@polarfamily6222,1
Tw18-4U7mts,@qqqaaa09sssaaa,1
Tw18-4U7mts,@rajuthakor768,1
Tw18-4U7mts,@rajvardhanpimple5984,1
Tw18-4U7mts,@rakeshbochal3923,1
Tw18-4U7mts,@russellmartinez9462,1
Tw18-4U7mts,@samasite-k7t,1
Tw18-4U7mts,@saschapurner9579,1
Tw18-4U7mts,@scottklitz,1
Tw18-4U7mts,@shadan_786_07,1
Tw18-4U7mts,@shyanarayan,1
Tw18-4U7mts,@squiggleturtle,1
Tw18-4U7mts,@starmantu-z3h,1
Tw18-4U7mts,@steff1238,1
Tw18-4U7mts,@stephensundayke,1
Tw18-4U7mts,@suedhydra909onFN,1
Tw18-4U7mts,@sunbro72826,1
Tw18-4U7mts,@super-social-saltyfish,1
Tw18-4U7mts,@syedajwad6979,1
Tw18-4U7mts,@sys_key32,1
Tw18-4U7mts,@tarasb5974,1
Tw18-4U7mts,@taufiqurrohman4141,1
Tw18-4U7mts,@team_phoenix4326,1
Tw18-4U7mts,@tempomatic64,1
Tw18-4U7mts,@thatismrhenry,1
Tw18-4U7mts,@thegreatchaos13,1
Tw18-4U7mts,@thelinkofperfectioncharity9469,1
Tw18-4U7mts,@thierrymazimba2902,1
Tw18-4U7mts,@tonybokese,1
Tw18-4U7mts,@tudotodos99,1
Tw18-4U7mts,@twinturbosystems33,1
Tw18-4U7mts,@waypasttheline,1
Tw18-4U7mts,@williamdelahunty3677,1
Tw18-4U7mts,@wumbats6892,1
Tw18-4U7mts,@yessirClipp,1
Tw18-4U7mts,@yung-megafone,1
Tw18-4U7mts,@zacharyberridge7239,1
Tw18-4U7mts,@zaferabdo,1
Tw18-4U7mts,@Хекс4237,1
Tw18-4U7mts,@ابوحيدر-ش9ش8ي,1
Tw18-4U7mts,@ایماعیلایمانیراد,1
Tw18-4U7mts,@بشارخضور-ص3م,1
Tw18-4U7mts,@خالد-ه8ه5ق,1
Tw18-4U7mts,@دنيا-ت5ن,1
Tw18-4U7mts,@راغبالمحمد-د3ح,1
Tw18-4U7mts,@سمسممنوعات-ص9ف,1
Tw18-4U7mts,@سوس-ج2ق,1
Tw18-4U7mts,@عبدالرحمنالعبدالحميد-ف2ش,1
Tw18-4U7mts,@عمارالخالدي-ي6خ,1
Tw18-4U7mts,@عمرعمر-ه4ظ3ف,1
Tw18-4U7mts,@فاطمةالبوخالد,1
Tw18-4U7mts,@ẞhámîm13,1
Uc18mso08Ro,@037Slide,1
Uc18mso08Ro,@ABIZERAFabiola-zc9ku,1
Uc18mso08Ro,@AditNarayan-rf6sk,1
Uc18mso08Ro,@AdityaGaikwad-n5f,1
Uc18mso08Ro,@AhmadMuuse-q3t,1
Uc18mso08Ro,@Airsoftshowoffs,1
Uc18mso08Ro,@All-about-everything,1
Uc18mso08Ro,@AmericasBack,1
Uc18mso08Ro,@Amitw4kt56v6em1il,1
Uc18mso08Ro,@AnonymousM002,1
Uc18mso08Ro,@ApheleleJadiso,1
Uc18mso08Ro,@Arlojeyms,1
Uc18mso08Ro,@ArmstrongArmory,1
Uc18mso08Ro,@AyushKumar-y4q2w,1
Uc18mso08Ro,@BeastModeDR614,1
Uc18mso08Ro,@BelhadjAbdou-s6h,1
Uc18mso08Ro,@BhebeMay,1
Uc18mso08Ro,@BirajMalik-p3k,1
Uc18mso08Ro,@BlueGuy_10,1
Uc18mso08Ro,@Boundless_xd,1
Uc18mso08Ro,@BrainlyTech,1
Uc18mso08Ro,@CP0T5,1
Uc18mso08Ro,@CheckpointEngineer,1
Uc18mso08Ro,@Chris12115,1
Uc18mso08Ro,@CoronelOcioso,1
Uc18mso08Ro,@Cricklife-h8t,1
Uc18mso08Ro,@Cyberpsycho_exe,1
Uc18mso08Ro,@DadaRasoaline,1
Uc18mso08Ro,@DeepikaBunkar-v3g,1
Uc18mso08Ro,@Desai_Janvi,1
Uc18mso08Ro,@DjinanHack,1
Uc18mso08Ro,@ET-zw4pk,1
Uc18mso08Ro,@EbenezerOreoluwa,1
Uc18mso08Ro,@EmebuobuSunday-n2l,1
Uc18mso08Ro,@EmminiX,1
Uc18mso08Ro,@Eng.Azelle,1
Uc18mso08Ro,@Fadead07,1
Uc18mso08Ro,@FahadUrRehman-o6z,1
Uc18mso08Ro,@FjdixucjdZhzhzjzj,2
Uc18mso08Ro,@GeorgeNicola,1
Uc18mso08Ro,@GhostService1,1
Uc18mso08Ro,@GregMcdowny,1
Uc18mso08Ro,@GustavGausepohl,1
Uc18mso08Ro,@Hallonyancat,1
Uc18mso08Ro,@HamdiEli-s4w,1
Uc18mso08Ro,@HarryAI-s4u,1
Uc18mso08Ro,@HumanoAI,1
Uc18mso08Ro,@ITACHI_EDITZ882,1
Uc18mso08Ro,@IllusiveKreationz,1
Uc18mso08Ro,@Incognito-person,1
Uc18mso08Ro,@IssaBa-sq4ec,1
Uc18mso08Ro,@Jae-x6j,1
Uc18mso08Ro,@JeanQPublique,1
Uc18mso08Ro,@Joe-f1z3h,1
Uc18mso08Ro,@John.Valentine,1
Uc18mso08Ro,@Jon-O-Tron,1
Uc18mso08Ro,@Judge_OnYouTube,1
Uc18mso08Ro,@KBMhorizon,1
Uc18mso08Ro,@KVKAutomates,1
Uc18mso08Ro,@KaisToje,1
Uc18mso08Ro,@KaushikBaldaniya-pi6lm,1
Uc18mso08Ro,@KeeganVanTuyl,1
Uc18mso08Ro,@Kfdhjgethfdtgh774rvbjs,1
Uc18mso08Ro,@KiranNaragam,1
Uc18mso08Ro,@Kivoo-m6z,1
Uc18mso08Ro,@L.A.N.G.L.E.Y,1
Uc18mso08Ro,@Leon-wy7nu,1
Uc18mso08Ro,@Leonardolopes2024,1
Uc18mso08Ro,@Limcacs,1
Uc18mso08Ro,@Lubnaalnomer-j7e,1
Uc18mso08Ro,@Lyrics-up72,1
Uc18mso08Ro,@MANJAY.2Y0R,1
Uc18mso08Ro,@MEHULRATHOD-q5f,1
Uc18mso08Ro,@MENISH489,1
Uc18mso08Ro,@MalikUmair-w5c,1
Uc18mso08Ro,@Mansour2018,1
Uc18mso08Ro,@Mat0m,1
Uc18mso08Ro,@MeasureUpWithCliff,1
Uc18mso08Ro,@MemorialSound,1
Uc18mso08Ro,@MetalmountainUK,1
Uc18mso08Ro,@MohamadJerodi,1
Uc18mso08Ro,@Mohmad-c3x7z,1
Uc18mso08Ro,@Mohnnad77Abood,1
Uc18mso08Ro,@Mrgiggles12345,1
Uc18mso08Ro,@NEET_2025_-pe6do,1
Uc18mso08Ro,@Neocidal_520,1
Uc18mso08Ro,@Nick-l6e9t,1
Uc18mso08Ro,@NkosingiphileLiberty-j8t,1
Uc18mso08Ro,@NobleKale,1
Uc18mso08Ro,@OfficialJuggaloJesus,1
Uc18mso08Ro,@PeterNguyen8080,1
Uc18mso08Ro,@RammerEr,1
Uc18mso08Ro,@Rhalin.G,1
Uc18mso08Ro,@Ridge-Bound,1
Uc18mso08Ro,@SaayujaLamichhane-p1q,1
Uc18mso08Ro,@SalvatoreMarino66,1
Uc18mso08Ro,@Sanadnora,1
Uc18mso08Ro,@SchlitzerCR,1
Uc18mso08Ro,@ScottPlayzOfficial,1
Uc18mso08Ro,@SibekDima,1
Uc18mso08Ro,@SikinSunar,1
Uc18mso08Ro,@SomerMallak-c8e,1
Uc18mso08Ro,@Spokeek,2
Uc18mso08Ro,@Squirrel_rl12,1
Uc18mso08Ro,@SufficientDaikon,1
Uc18mso08Ro,@Swishbaby385,1
Uc18mso08Ro,@TMStevenMin,1
Uc18mso08Ro,@TexasReaper-713,1
Uc18mso08Ro,@TheKontrol,1
Uc18mso08Ro,@ThihaSoeHtet-z8y,1
Uc18mso08Ro,@URfullofhope,1
Uc18mso08Ro,@VPKTubes,1
Uc18mso08Ro,@VenkataGaddam,1
Uc18mso08Ro,@VijayPadhar-u1z,1
Uc18mso08Ro,@VvHbb-l8d,1
Uc18mso08Ro,@Zaeem2172,1
Uc18mso08Ro,@Zaid-h1k,1
Uc18mso08Ro,@alemebrahim-u2w,1
Uc18mso08Ro,@alertscpi7898,1
Uc18mso08Ro,@alkesh_yt1m,1
Uc18mso08Ro,@aloyaino,1
Uc18mso08Ro,@aomrAomr-z9z5m,1
Uc18mso08Ro,@arjmek77,1
Uc18mso08Ro,@armra,1
Uc18mso08Ro,@bernardmbedzi599,1
Uc18mso08Ro,@bkw259,1
Uc18mso08Ro,@boothbuster,1
Uc18mso08Ro,@brandonanderson2164,1
Uc18mso08Ro,@brenplayzonyt,1
Uc18mso08Ro,@byteafterlife,1
Uc18mso08Ro,@cam0614,1
Uc18mso08Ro,@carlosnapoles928,1
Uc18mso08Ro,@cescu2,1
Uc18mso08Ro,@cmacpher2009,1
Uc18mso08Ro,@comedy-gang-officil,1
Uc18mso08Ro,@consultant2678,1
Uc18mso08Ro,@dankanti20,1
Uc18mso08Ro,@davidfrance3536,1
Uc18mso08Ro,@davidunderwood9037,1
Uc18mso08Ro,@deleted_user_inactive,1
Uc18mso08Ro,@derekh7982,1
Uc18mso08Ro,@devjitofficial3590,1
Uc18mso08Ro,@deydizerpa1165,1
Uc18mso08Ro,@drago-p7,1
Uc18mso08Ro,@dumbassnonbinaryfr,1
Uc18mso08Ro,@evrardcamara1173,1
Uc18mso08Ro,@felipevalles3831,1
Uc18mso08Ro,@fk_faizan_boos,1
Uc18mso08Ro,@free_br,1
Uc18mso08Ro,@gayathribhat6323,1
Uc18mso08Ro,@geteducatedyoufool4563,1
Uc18mso08Ro,@gouthamkolipaka3477,1
Uc18mso08Ro,@gulshansahoo123,1
Uc18mso08Ro,@haidarhaidar-q7q,1
Uc18mso08Ro,@harishgemar1436,1
Uc18mso08Ro,@hrithikraj4437,1
Uc18mso08Ro,@hussamsahtout1701,1
Uc18mso08Ro,@islem-d1c,1
Uc18mso08Ro,@jaibeckham5971,1
Uc18mso08Ro,@jamesb4263,1
Uc18mso08Ro,@jeremiemainpark,1
Uc18mso08Ro,@jk_with_ai,1
Uc18mso08Ro,@jrogerss8616,1
Uc18mso08Ro,@lTIZGOJO,1
Uc18mso08Ro,@lemonhead2205,1
Uc18mso08Ro,@logentheranmaratthandavar7978,1
Uc18mso08Ro,@lwaynewalker,1
Uc18mso08Ro,@maheshm2131,1
Uc18mso08Ro,@malakas-m6q,1
Uc18mso08Ro,@mariangellizarzado3338,1
Uc18mso08Ro,@masterstevenz,1
Uc18mso08Ro,@mathewmcfool,1
Uc18mso08Ro,@maxgamesx2215,1
Uc18mso08Ro,@maxitube30,1
Uc18mso08Ro,@mhmdahmd7687,1
Uc18mso08Ro,@mohammadkiratah904,1
Uc18mso08Ro,@mohdrashid0,1
Uc18mso08Ro,@mr.w7803,1
Uc18mso08Ro,@mrUhltak,1
Uc18mso08Ro,@mrkeller83,1
Uc18mso08Ro,@nile_rgb,1
Uc18mso08Ro,@noagaarnaudzoungrana,1
Uc18mso08Ro,@placeholder-004,1
Uc18mso08Ro,@planktonfun,1
Uc18mso08Ro,@priyapriyanka8604,1
Uc18mso08Ro,@psychosomatiqueofficial,1
Uc18mso08Ro,@rai0a430,1
Uc18mso08Ro,@red_striker,1
Uc18mso08Ro,@redmanelizabeth,1
Uc18mso08Ro,@repstyleprodukt2004,1
Uc18mso08Ro,@rozodruEVE,1
Uc18mso08Ro,@sayanmondal2004y,1
Uc18mso08Ro,@sevuszeld,1
Uc18mso08Ro,@shivalingareddy3620,1
Uc18mso08Ro,@simasroguelike1877,1
Uc18mso08Ro,@smrsmr-u7n,1
Uc18mso08Ro,@snareplug3872,1
Uc18mso08Ro,@snopz,1
Uc18mso08Ro,@tlwn5196,1
Uc18mso08Ro,@trueblues95,1
Uc18mso08Ro,@venkatasivareddysettipalli1472,1
Uc18mso08Ro,@wint6885,1
Uc18mso08Ro,@zac2877,1
Uc18mso08Ro,@تمامتمام-ك4س,1
Uc18mso08Ro,@دعاءماضيبشير,1
Uc18mso08Ro,@سعدمدثر-ي6ر,1
UxbULt_hCdA,@4ur3n,1
UxbULt_hCdA,@AB_LDN,6
UxbULt_hCdA,@Akhan-k,1
UxbULt_hCdA,@AlmdCracked,1
UxbULt_hCdA,@AmiralisoomroAmirali,1
UxbULt_hCdA,@AndyLee-d8b,2
UxbULt_hCdA,@AriaPlaysxd,1
UxbULt_hCdA,@AwakenGiovanni1000,1
UxbULt_hCdA,@BryceDriesenga,3
UxbULt_hCdA,@CarRepair-1,2
UxbULt_hCdA,@CharlesSibbald,1
UxbULt_hCdA,@Charu-v2g,1
UxbULt_hCdA,@CoffeeMindAcademy,1
UxbULt_hCdA,@DepressedMetabee,1
UxbULt_hCdA,@DonMuffatello,1
UxbULt_hCdA,@EduardNovokhatskyi,1
UxbULt_hCdA,@ElmiIsse,1
UxbULt_hCdA,@EssDubz,2
UxbULt_hCdA,@Fakepilot,2
UxbULt_hCdA,@Gaokabacha,1
UxbULt_hCdA,@GlorifiedPig,1
UxbULt_hCdA,@GuilhermeHenrique-tz5mn,1
UxbULt_hCdA,@IAmMammajam,1
UxbULt_hCdA,@JJGlyph,2
UxbULt_hCdA,@JasonLayton,2
UxbULt_hCdA,@Jewish5783,1
UxbULt_hCdA,@MRSADAEditz,2
UxbULt_hCdA,@MS_02,1
UxbULt_hCdA,@Max_Jean,2
UxbULt_hCdA,@MenosProblemos,2
UxbULt_hCdA,@Moadiii,1
UxbULt_hCdA,@MohsinAli-u6r7e,1
UxbULt_hCdA,@Olaf-y5v,1
UxbULt_hCdA,@Patrick_Lee_Zepeda,1
UxbULt_hCdA,@PedroHenrique-vb9zl,1
UxbULt_hCdA,@RawrsXDmusicnmore,1
UxbULt_hCdA,@SamiSabirIdrissi,2
UxbULt_hCdA,@Shahzad067,1
UxbULt_hCdA,@TadaburQuran786,1
UxbULt_hCdA,@TheBoestafari,1
UxbULt_hCdA,@TheProgrammingPodcast,1
UxbULt_hCdA,@TheScaryStoryCircle77,1
UxbULt_hCdA,@Varshith.Karkera,1
UxbULt_hCdA,@YaronLavi,1
UxbULt_hCdA,@YiannisChristodoulou,1
UxbULt_hCdA,@YusufEbr,7
UxbULt_hCdA,@ZainAsghar.Youcan,1
UxbULt_hCdA,@_narcissist,1
UxbULt_hCdA,@abdullahkhan-x2m2r,1
UxbULt_hCdA,@adnan7698,1
UxbULt_hCdA,@alanboody7004,1
UxbULt_hCdA,@aleks_apostle,1
UxbULt_hCdA,@alex-ca-p3i,1
UxbULt_hCdA,@alexfark8851,1
UxbULt_hCdA,@andromeda_gnome,1
UxbULt_hCdA,@ankuryadav8197,2
UxbULt_hCdA,@arseniharkunou,2
UxbULt_hCdA,@asdrubalivan18,1
UxbULt_hCdA,@atm4574,3
UxbULt_hCdA,@birahdiaries-q3n,1
UxbULt_hCdA,@bittergourd,1
UxbULt_hCdA,@bogrisss,1
UxbULt_hCdA,@brokecoder,1
UxbULt_hCdA,@carlosrayortiz,1
UxbULt_hCdA,@chychywoohoo,1
UxbULt_hCdA,@code-luiz,1
UxbULt_hCdA,@codem2022,2
UxbULt_hCdA,@darwazo4k,1
UxbULt_hCdA,@dashuanull,2
UxbULt_hCdA,@davidclark314,1
UxbULt_hCdA,@derivativesGod,1
UxbULt_hCdA,@desireco,2
UxbULt_hCdA,@diegopalo4073,1
UxbULt_hCdA,@donttouchme2675,1
UxbULt_hCdA,@ebx,1
UxbULt_hCdA,@egekizilarslan,1
UxbULt_hCdA,@faheemahmad3957,1
UxbULt_hCdA,@felixele217,1
UxbULt_hCdA,@gavinpeng-kr7sv,1
UxbULt_hCdA,@glitchdigger,1
UxbULt_hCdA,@gustavoleo,1
UxbULt_hCdA,@hadesflames,1
UxbULt_hCdA,@hal_wayland,1
UxbULt_hCdA,@hanishvenkat9496,1
UxbULt_hCdA,@harrywitz.mp4,1
UxbULt_hCdA,@hriteekbista5540,1
UxbULt_hCdA,@inoccentgirl-x7d,1
UxbULt_hCdA,@iqrabridal-n5n,1
UxbULt_hCdA,@ironmonkey1512,1
UxbULt_hCdA,@italo91206,1
UxbULt_hCdA,@jackbauer322,1
UxbULt_hCdA,@jamess.2491,1
UxbULt_hCdA,@jermunitz3020,1
UxbULt_hCdA,@jsebastianmunch,1
UxbULt_hCdA,@keithkam6749,1
UxbULt_hCdA,@kilocesar,1
UxbULt_hCdA,@kkachilhan-ai,1
UxbULt_hCdA,@kvickart,4
UxbULt_hCdA,@ladida2090,1
UxbULt_hCdA,@lypanov,1
UxbULt_hCdA,@may_strong_for_me,1
UxbULt_hCdA,@mayikx,1
UxbULt_hCdA,@michaeltse321,1
UxbULt_hCdA,@mik3lang3lo,3
UxbULt_hCdA,@mohammadmalik9075,1
UxbULt_hCdA,@muhammadebad5543,1
UxbULt_hCdA,@mult-ifunctionalservices953,1
UxbULt_hCdA,@mymorningjacket_,2
UxbULt_hCdA,@namaefumei,1
UxbULt_hCdA,@nandreevv,1
UxbULt_hCdA,@neonls,1
UxbULt_hCdA,@nerdobject5351,3
UxbULt_hCdA,@nikako1889,1
UxbULt_hCdA,@nomadhedge,1
UxbULt_hCdA,@obvinpro,1
UxbULt_hCdA,@pepperumo5116,1
UxbULt_hCdA,@phoenixtackle6586,1
UxbULt_hCdA,@qAK47p,1
UxbULt_hCdA,@rasulrzaeeff6772,1
UxbULt_hCdA,@self-help2784,1
UxbULt_hCdA,@severedghost,1
UxbULt_hCdA,@sokolawp,1
UxbULt_hCdA,@sxijki,1
UxbULt_hCdA,@takazcao,1
UxbULt_hCdA,@techtalkbyravindra,1
UxbULt_hCdA,@techzone2009,1
UxbULt_hCdA,@thearcticmonkey,1
UxbULt_hCdA,@theneuronai,1
UxbULt_hCdA,@this_katharsis2227,1
UxbULt_hCdA,@tudoriustin22,3
UxbULt_hCdA,@tylerolthuizen3347,1
UxbULt_hCdA,@tynyshtyqov,1
UxbULt_hCdA,@uhohwhy,1
UxbULt_hCdA,@ulisescy,1
UxbULt_hCdA,@user-v7x1m,1
UxbULt_hCdA,@vasiovasio,1
UxbULt_hCdA,@vijayjangid8967,1
UxbULt_hCdA,@yairvsync,1
UxbULt_hCdA,@yashsolanki069,1
UxbULt_hCdA,@yerzhanserikbay,1
UxbULt_hCdA,@zeith1000,1
UxbULt_hCdA,@zhang7020,1
UxbULt_hCdA,@zhj07,1
UxbULt_hCdA,@Роман-с-вами,1
UxbULt_hCdA,@印小布,1
Wl5NJVieiBM,@AntonyJose-b1c,1
Wl5NJVieiBM,@Basyed_11,1
Wl5NJVieiBM,@CapitanCoder,1
Wl5NJVieiBM,@CodingwithAldo,1
Wl5NJVieiBM,@Cristian-ek7xy,1
Wl5NJVieiBM,@Cxrbon.devOfficial,1
Wl5NJVieiBM,@DerberAlter,1
Wl5NJVieiBM,@DreamingConcepts,1
Wl5NJVieiBM,@ElementaryWatson_fafo,1
Wl5NJVieiBM,@Furobe,1
Wl5NJVieiBM,@GBOAC,1
Wl5NJVieiBM,@H0kage1160,1
Wl5NJVieiBM,@IndefiniteMark,1
Wl5NJVieiBM,@JacobDrebin,1
Wl5NJVieiBM,@Jason-vege,1
Wl5NJVieiBM,@Jav202x,1
Wl5NJVieiBM,@LivingRoomMusician,1
Wl5NJVieiBM,@Lorfv,1
Wl5NJVieiBM,@LukasSkywalker_,1
Wl5NJVieiBM,@Lycam,1
Wl5NJVieiBM,@ONESTTEFTEO,1
Wl5NJVieiBM,@ProGadgetReviews,1
Wl5NJVieiBM,@PubgSpeed-wl8yo,1
Wl5NJVieiBM,@RodrigoCinelli,1
Wl5NJVieiBM,@RohitSharma-06-10,1
Wl5NJVieiBM,@Roni92pl,2
Wl5NJVieiBM,@SIGNATURENR,1
Wl5NJVieiBM,@StaceyWilsonlosangeles,1
Wl5NJVieiBM,@Steve8708,3
Wl5NJVieiBM,@TheTrainstation,1
Wl5NJVieiBM,@Tsinepanos,1
Wl5NJVieiBM,@UmairShuja-o7x,1
Wl5NJVieiBM,@VasaMusic438,1
Wl5NJVieiBM,@Venlorz,1
Wl5NJVieiBM,@XShollaj,1
Wl5NJVieiBM,@aadlr,1
Wl5NJVieiBM,@adaye-store,1
Wl5NJVieiBM,@adrian51-s7f,1
Wl5NJVieiBM,@adventurer2395,1
Wl5NJVieiBM,@ai1appcom,1
Wl5NJVieiBM,@alexanderkomanov4151,1
Wl5NJVieiBM,@alexrafter,1
Wl5NJVieiBM,@alonzoperez2470,1
Wl5NJVieiBM,@amentor-u7w,1
Wl5NJVieiBM,@anonanon7368,1
Wl5NJVieiBM,@asvirts,1
Wl5NJVieiBM,@atulkumar_zip,1
Wl5NJVieiBM,@bartek.igielski,1
Wl5NJVieiBM,@bgdn_ai,1
Wl5NJVieiBM,@bob_933,1
Wl5NJVieiBM,@bsommerfeld03,1
Wl5NJVieiBM,@carloslfu,1
Wl5NJVieiBM,@catuhana,1
Wl5NJVieiBM,@ce9916,1
Wl5NJVieiBM,@chaarlog5508,1
Wl5NJVieiBM,@civilgoody,1
Wl5NJVieiBM,@cmoon3,1
Wl5NJVieiBM,@comdala,1
Wl5NJVieiBM,@corpse_mutilator,1
Wl5NJVieiBM,@cybar_ai,1
Wl5NJVieiBM,@davefellows,1
Wl5NJVieiBM,@deanschulze3129,1
Wl5NJVieiBM,@dgitalnarrative,3
Wl5NJVieiBM,@drummermike5150,1
Wl5NJVieiBM,@eevvxx80,1
Wl5NJVieiBM,@ermi5388,1
Wl5NJVieiBM,@ezaezaeza4743,1
Wl5NJVieiBM,@flaviotome8641,1
Wl5NJVieiBM,@franciscocorrales,1
Wl5NJVieiBM,@frankkelly1916,1
Wl5NJVieiBM,@granadamusic,1
Wl5NJVieiBM,@grantsander9529,1
Wl5NJVieiBM,@grutoshi,1
Wl5NJVieiBM,@husseinismailhozza,1
Wl5NJVieiBM,@ididitfortehlulzrly,1
Wl5NJVieiBM,@innovatorshome,2
Wl5NJVieiBM,@jac.2523,1
Wl5NJVieiBM,@jackrobert-h4z,2
Wl5NJVieiBM,@joshua511,1
Wl5NJVieiBM,@justsample9185,2
Wl5NJVieiBM,@kyosaintLaurent1,1
Wl5NJVieiBM,@lancetv4826,1
Wl5NJVieiBM,@lazyh0rse,1
Wl5NJVieiBM,@leticiatech,1
Wl5NJVieiBM,@localtechnerd4691,1
Wl5NJVieiBM,@luizgrocco,1
Wl5NJVieiBM,@luv.matters,1
Wl5NJVieiBM,@magatsu82,1
Wl5NJVieiBM,@masoodahmad3312,1
Wl5NJVieiBM,@matt_b54,1
Wl5NJVieiBM,@matthewvoss9672,1
Wl5NJVieiBM,@max_coommmm,1
Wl5NJVieiBM,@medjdene,1
Wl5NJVieiBM,@mencooh,1
Wl5NJVieiBM,@mikopiko,1
Wl5NJVieiBM,@minnedanhieux883,1
Wl5NJVieiBM,@mujibulhaquetanim,1
Wl5NJVieiBM,@n00bruler67,1
Wl5NJVieiBM,@nidal19,1
Wl5NJVieiBM,@nufh,1
Wl5NJVieiBM,@nun73322,1
Wl5NJVieiBM,@okate76,1
Wl5NJVieiBM,@orionmusicnetwork1677,1
Wl5NJVieiBM,@panutatpreechawuttidet4522,1
Wl5NJVieiBM,@pbpaulbright,1
Wl5NJVieiBM,@pepkin88,1
Wl5NJVieiBM,@pinkeye00,1
Wl5NJVieiBM,@rakibs-mind,1
Wl5NJVieiBM,@ramizs,1
Wl5NJVieiBM,@razorbackroar,2
Wl5NJVieiBM,@riandas8723,1
Wl5NJVieiBM,@rinorajeti4,1
Wl5NJVieiBM,@robrider838,1
Wl5NJVieiBM,@rosarioterranova,2
Wl5NJVieiBM,@rsKayiira,1
Wl5NJVieiBM,@rumpinetijen,1
Wl5NJVieiBM,@rutambhagat4556,1
Wl5NJVieiBM,@samardeepsingh-jo4nw,1
Wl5NJVieiBM,@sandeepvk,1
Wl5NJVieiBM,@saralightbourne,1
Wl5NJVieiBM,@shafu_xyz,1
Wl5NJVieiBM,@skyex5047,1
Wl5NJVieiBM,@sneezweasel,1
Wl5NJVieiBM,@spaikersnc,1
Wl5NJVieiBM,@stephenlflf3871,1
Wl5NJVieiBM,@sunnyahmed5935,1
Wl5NJVieiBM,@tanvirazad5118,1
Wl5NJVieiBM,@tdd9332,1
Wl5NJVieiBM,@terenceflow1432,1
Wl5NJVieiBM,@tomgusa12,1
Wl5NJVieiBM,@totomomo18,2
Wl5NJVieiBM,@trancefjord,1
Wl5NJVieiBM,@uchechukwuokereke8497,1
Wl5NJVieiBM,@undead2146,1
Wl5NJVieiBM,@vedbhanushxli,1
Wl5NJVieiBM,@virtual_samurai,1
Wl5NJVieiBM,@w3icon,1
Wl5NJVieiBM,@wizardscrollstudio,1
Wl5NJVieiBM,@wizwhizzy,1
Wl5NJVieiBM,@wolfganggrojcig2528,1
Wl5NJVieiBM,@wtalkie,1
Wl5NJVieiBM,@xiu-li,1
Wl5NJVieiBM,@ybchl1090,2
Wl5NJVieiBM,@yesindeed5751,1
Wl5NJVieiBM,@ystar13,1
Wl5NJVieiBM,@zap813,1
Wl5NJVieiBM,@ДмитрийХохлов-с8в,1
Wl5NJVieiBM,@공유정보,1
XASPkhYLtnk,@AlexMuthomi-d2z,1
XASPkhYLtnk,@Beba231,1
XASPkhYLtnk,@DaryRocha-t7h,1
XASPkhYLtnk,@HasaamMalik-h6n,1
XASPkhYLtnk,@JoooeUsa-ie9dw,1
XASPkhYLtnk,@KaviduSithum-q2x,1
XASPkhYLtnk,@LeonardoSchneiderVieira,1
XASPkhYLtnk,@NinjaTuna9,1
XASPkhYLtnk,@PasinduPriyanath-w7u,1
XASPkhYLtnk,@RobertF245,1
XASPkhYLtnk,@StaceyWilsonlosangeles,1
XASPkhYLtnk,@Williamlinda-x2n,1
XASPkhYLtnk,@believeinyourdream2023,1
XASPkhYLtnk,@clouhd,1
XASPkhYLtnk,@graphics-u2j,1
XASPkhYLtnk,@henryhiker7,1
XASPkhYLtnk,@kevin-w7f6c,1
XASPkhYLtnk,@mike6799-y7o,1
XASPkhYLtnk,@mikeynocode,11
XASPkhYLtnk,@scorehenchbackup,1
XASPkhYLtnk,@trevornezzil840,1
XDNXLdwq114,@1966Birger,5
XDNXLdwq114,@723IamNoOne,1
XDNXLdwq114,@ACSG-64,4
XDNXLdwq114,@AggyLovesGames,1
XDNXLdwq114,@AndrewEddie,7
XDNXLdwq114,@CharlieMcNugets,1
XDNXLdwq114,@Cognitive_Code_AI,1
XDNXLdwq114,@CoolDude911,1
XDNXLdwq114,@DA-fx2wl,1
XDNXLdwq114,@DannoBoston,1
XDNXLdwq114,@Dima-w8e1y,1
XDNXLdwq114,@Elenesski,2
XDNXLdwq114,@ErikDJ123,1
XDNXLdwq114,@FilterChain,1
XDNXLdwq114,@Fitzrovialitter,1
XDNXLdwq114,@Foreversun33,1
XDNXLdwq114,@ForgoFame,1
XDNXLdwq114,@GeorgeC-ur9yw,1
XDNXLdwq114,@GiulioTrimarco,1
XDNXLdwq114,@GrimUK1975,1
XDNXLdwq114,@InnsmouthAdmiral,1
XDNXLdwq114,@JakeDubin,1
XDNXLdwq114,@JetFire9,1
XDNXLdwq114,@JohnAmatulli,1
XDNXLdwq114,@JuanVasquezq,1
XDNXLdwq114,@K3rbalSpace,2
XDNXLdwq114,@L1da77,1
XDNXLdwq114,@LV-1969,1
XDNXLdwq114,@LeonardTyson,1
XDNXLdwq114,@MUZTABAHASANAT-k5f,1
XDNXLdwq114,@MangaTengu,1
XDNXLdwq114,@ModernSoftwareEngineeringYT,2
XDNXLdwq114,@MrHerbalite,1
XDNXLdwq114,@Nonam3e3,1
XDNXLdwq114,@NorbertKorny,1
XDNXLdwq114,@Omega_Destroyer_xx,2
XDNXLdwq114,@PS101-z1i,1
XDNXLdwq114,@Paul-st4uq,1
XDNXLdwq114,@Pedritox0953,1
XDNXLdwq114,@PhilippBriese,1
XDNXLdwq114,@RAMER-d7h,1
XDNXLdwq114,@Ralfountet,1
XDNXLdwq114,@Raumzeittt,1
XDNXLdwq114,@ReedoTV,2
XDNXLdwq114,@RemigijusPankevičius,1
XDNXLdwq114,@Rex_erat_magnus,1
XDNXLdwq114,@RooksRoost-z8y,1
XDNXLdwq114,@Sektronic,1
XDNXLdwq114,@Sergii8080,1
XDNXLdwq114,@Sn0wG0lem,1
XDNXLdwq114,@StephenBolaji-r7v,1
XDNXLdwq114,@StevePlaysBanjo,1
XDNXLdwq114,@TheCameltotem,1
XDNXLdwq114,@TheFrewah,3
XDNXLdwq114,@TomerBenDavid,1
XDNXLdwq114,@Unnamed0001,1
XDNXLdwq114,@XKS99,1
XDNXLdwq114,@adamdalziel,1
XDNXLdwq114,@ajmeyer66,1
XDNXLdwq114,@albertoarmando6711,1
XDNXLdwq114,@alexs.5107,3
XDNXLdwq114,@amilcarjosesanchez,2
XDNXLdwq114,@artifactingreality,1
XDNXLdwq114,@asteriondaedalus6859,1
XDNXLdwq114,@baay81,1
XDNXLdwq114,@bekiraltindal9053,8
XDNXLdwq114,@billbuyers8683,1
XDNXLdwq114,@bonecircuit,1
XDNXLdwq114,@bosslogq,2
XDNXLdwq114,@bradandrews777,1
XDNXLdwq114,@brownhorsesoftware3605,1
XDNXLdwq114,@bytebits-1,1
XDNXLdwq114,@chadasonmcgraw,1
XDNXLdwq114,@chrisdleroux,1
XDNXLdwq114,@chuckynorris616,1
XDNXLdwq114,@cicciove178,1
XDNXLdwq114,@ckatheman,1
XDNXLdwq114,@corax1556,4
XDNXLdwq114,@crono102,2
XDNXLdwq114,@dalehagglund,1
XDNXLdwq114,@danwroy,1
XDNXLdwq114,@daryl9915,2
XDNXLdwq114,@davecourtois5142,1
XDNXLdwq114,@daviderossi6770,1
XDNXLdwq114,@davidleedom,1
XDNXLdwq114,@davidv4426,1
XDNXLdwq114,@debeeriz,1
XDNXLdwq114,@derekreed6798,1
XDNXLdwq114,@devinpenny8615,1
XDNXLdwq114,@disgruntledtoons,1
XDNXLdwq114,@dissolvedgirl_123,1
XDNXLdwq114,@dlanouette,1
XDNXLdwq114,@endrawes0,1
XDNXLdwq114,@epiphany6033,1
XDNXLdwq114,@ericgregori,2
XDNXLdwq114,@erikalm6007,1
XDNXLdwq114,@fallinginthed33p,1
XDNXLdwq114,@ferroalloys594,1
XDNXLdwq114,@ftr_ghst,1
XDNXLdwq114,@gandralf,1
XDNXLdwq114,@garronfish8227,1
XDNXLdwq114,@givememyfishback,1
XDNXLdwq114,@gledatelj1979,1
XDNXLdwq114,@godblessCL,1
XDNXLdwq114,@gorgthesalty,1
XDNXLdwq114,@gregoryyang6747,1
XDNXLdwq114,@gronkymug2590,1
XDNXLdwq114,@gruttewibe76,1
XDNXLdwq114,@hexamonicus,1
XDNXLdwq114,@human-animalchimeraprohibi2143,1
XDNXLdwq114,@iGexogen,1
XDNXLdwq114,@ifstatementifstatement2704,1
XDNXLdwq114,@ivanstrakovskiy5900,1
XDNXLdwq114,@j0v0,2
XDNXLdwq114,@joseoncrack,2
XDNXLdwq114,@kanji_nakamoto,1
XDNXLdwq114,@kinggrizzly13,1
XDNXLdwq114,@krassiem1206,2
XDNXLdwq114,@larsfayedev,1
XDNXLdwq114,@larsjonasson2959,2
XDNXLdwq114,@latro666,1
XDNXLdwq114,@leo-g3j2l,12
XDNXLdwq114,@linusjoensson8219,1
XDNXLdwq114,@litjellyfish,4
XDNXLdwq114,@lsferracini,1
XDNXLdwq114,@marshallodom1388,1
XDNXLdwq114,@maximilian8864,3
XDNXLdwq114,@mickeykimmy,1
XDNXLdwq114,@mojotheonlyjojo,1
XDNXLdwq114,@moonlifeSW,1
XDNXLdwq114,@mrpocock,2
XDNXLdwq114,@mryup6100,3
XDNXLdwq114,@nO_d3N1AL,1
XDNXLdwq114,@nedames3328,2
XDNXLdwq114,@ninipop82,1
XDNXLdwq114,@nivoset,1
XDNXLdwq114,@notactuallyarealperson2267,6
XDNXLdwq114,@nullstyle,4
XDNXLdwq114,@nuvotion-live,1
XDNXLdwq114,@onelinecode8917,1
XDNXLdwq114,@pablolimo8481,1
XDNXLdwq114,@palyndrumatix7790,1
XDNXLdwq114,@parlarsson5724,1
XDNXLdwq114,@peterkr-o2q,1
XDNXLdwq114,@peterlondon9453,1
XDNXLdwq114,@petropzqi,1
XDNXLdwq114,@philsnewaddress,1
XDNXLdwq114,@pigman9K,1
XDNXLdwq114,@puck_in_the_sink,1
XDNXLdwq114,@quarduroy1,1
XDNXLdwq114,@quehacesman,1
XDNXLdwq114,@ravenshroud,1
XDNXLdwq114,@s0me0ne1993,1
XDNXLdwq114,@satchillananda,1
XDNXLdwq114,@savory_,2
XDNXLdwq114,@sdwone,1
XDNXLdwq114,@serenditymuse,1
XDNXLdwq114,@sergiikru24,1
XDNXLdwq114,@sgoblins1,1
XDNXLdwq114,@shawndeprey,1
XDNXLdwq114,@skyleonidas9270,1
XDNXLdwq114,@slavka012,1
XDNXLdwq114,@spinnetti,1
XDNXLdwq114,@steven7846,1
XDNXLdwq114,@terjeoseberg990,1
XDNXLdwq114,@thomasf.9869,1
XDNXLdwq114,@thomasp.898,1
XDNXLdwq114,@tomschi9485,2
XDNXLdwq114,@trybeingakr,1
XDNXLdwq114,@trymoremurakwani3914,1
XDNXLdwq114,@userexperienceresearchers,1
XDNXLdwq114,@vomeg,1
XDNXLdwq114,@williamforsyth6667,1
XDNXLdwq114,@yankagan,1
XDNXLdwq114,@yossiyaari3760,1
XDNXLdwq114,@МихаилЦилигин,1
XDNXLdwq114,@СергейГавриленко-у2я,1
X_Aet9ndh_Y,@0xSxVKaJnwQ,1
X_Aet9ndh_Y,@2012jhon,1
X_Aet9ndh_Y,@77thoughts,1
X_Aet9ndh_Y,@AceExplainsChannel,1
X_Aet9ndh_Y,@AfritBagani-w2d,1
X_Aet9ndh_Y,@AkashPandya9,1
X_Aet9ndh_Y,@AlaDin9726,1
X_Aet9ndh_Y,@AlexandreA-w5c,1
X_Aet9ndh_Y,@AlfieLikesComputers,4
X_Aet9ndh_Y,@ArijitBiswasGooglePlus,1
X_Aet9ndh_Y,@BackyardniJuan,1
X_Aet9ndh_Y,@BombardinoAnalino,1
X_Aet9ndh_Y,@BoringNameU,2
X_Aet9ndh_Y,@Bs-requinox,1
X_Aet9ndh_Y,@BurkeHolland,4
X_Aet9ndh_Y,@CH-zp1zv,1
X_Aet9ndh_Y,@Civilclips,1
X_Aet9ndh_Y,@Creathrod,1
X_Aet9ndh_Y,@DLUGA-NAZWA,2
X_Aet9ndh_Y,@DTDSHEFF,1
X_Aet9ndh_Y,@DadUllah-i7n,1
X_Aet9ndh_Y,@DanKardell,1
X_Aet9ndh_Y,@Dany-kj5nx,1
X_Aet9ndh_Y,@Desh99-t6f,1
X_Aet9ndh_Y,@DjSapsan,1
X_Aet9ndh_Y,@EhteshamShahzad,1
X_Aet9ndh_Y,@ElementaryWatson_fafo,2
X_Aet9ndh_Y,@Engineering_MJ,1
X_Aet9ndh_Y,@Fardin396,1
X_Aet9ndh_Y,@GaneshBhutekar-nu1gd,1
X_Aet9ndh_Y,@GeneralKnowledgePodcast,1
X_Aet9ndh_Y,@GuptaShivam-v1s,1
X_Aet9ndh_Y,@HamzaAli-v5y6n,1
X_Aet9ndh_Y,@Hilman_Faiz,2
X_Aet9ndh_Y,@JosueJerffson,1
X_Aet9ndh_Y,@Karnikhil91,1
X_Aet9ndh_Y,@Khalil_8989,1
X_Aet9ndh_Y,@LahceneBelbachir,1
X_Aet9ndh_Y,@MahmoudMohsab,1
X_Aet9ndh_Y,@Memel-t8j,1
X_Aet9ndh_Y,@MichaelParrett-v4t,1
X_Aet9ndh_Y,@MuhammadAbuBakr-p4l,1
X_Aet9ndh_Y,@N7__7,1
X_Aet9ndh_Y,@PanMarekZKrakowa,1
X_Aet9ndh_Y,@Paxmet,1
X_Aet9ndh_Y,@RamonChiNangWong078,1
X_Aet9ndh_Y,@Rhidayah,1
X_Aet9ndh_Y,@Rushikesh_Kadepurkar,1
X_Aet9ndh_Y,@Shavix,1
X_Aet9ndh_Y,@SoumenMondal_24,1
X_Aet9ndh_Y,@StigmaCat,1
X_Aet9ndh_Y,@TVDramaHome,1
X_Aet9ndh_Y,@Vefeg89,1
X_Aet9ndh_Y,@ZEUS-MLBB,1
X_Aet9ndh_Y,@Zero_Hour_01,1
X_Aet9ndh_Y,@ZvolskyMi,1
X_Aet9ndh_Y,@_tolekk,1
X_Aet9ndh_Y,@abdulbasithb1245,1
X_Aet9ndh_Y,@adamevans1166,1
X_Aet9ndh_Y,@adnan7698,1
X_Aet9ndh_Y,@ahbhati5355,1
X_Aet9ndh_Y,@aijokker,1
X_Aet9ndh_Y,@akashkukreti1321,1
X_Aet9ndh_Y,@alifetechgenius,1
X_Aet9ndh_Y,@andyhall7032,1
X_Aet9ndh_Y,@aniruddharao8735,1
X_Aet9ndh_Y,@anmolsharma4049,1
X_Aet9ndh_Y,@auroramagicchess,2
X_Aet9ndh_Y,@aymmasy,1
X_Aet9ndh_Y,@azaamabubacker,1
X_Aet9ndh_Y,@bacdevv,1
X_Aet9ndh_Y,@bhawanishankarsahu8000,1
X_Aet9ndh_Y,@casadogaspar,2
X_Aet9ndh_Y,@cnk8766,1
X_Aet9ndh_Y,@code,9
X_Aet9ndh_Y,@crackwitz,1
X_Aet9ndh_Y,@deentz,1
X_Aet9ndh_Y,@dhengghuring,1
X_Aet9ndh_Y,@ductran1954,1
X_Aet9ndh_Y,@dwnerx,1
X_Aet9ndh_Y,@ecoBag-777,1
X_Aet9ndh_Y,@edison1,1
X_Aet9ndh_Y,@endgamefond,1
X_Aet9ndh_Y,@english_with_bee,1
X_Aet9ndh_Y,@feriirawan8109,1
X_Aet9ndh_Y,@fufuzinha,1
X_Aet9ndh_Y,@gagogags7777,1
X_Aet9ndh_Y,@galorran,1
X_Aet9ndh_Y,@george_davituri,1
X_Aet9ndh_Y,@getcomann,1
X_Aet9ndh_Y,@harshdeep7015,1
X_Aet9ndh_Y,@hulamanta3002,1
X_Aet9ndh_Y,@i-heart-google7132,1
X_Aet9ndh_Y,@iabd6888,1
X_Aet9ndh_Y,@itsmrfreeai,1
X_Aet9ndh_Y,@jmg9509,3
X_Aet9ndh_Y,@k.chriscaldwell4141,1
X_Aet9ndh_Y,@kaustavhalder,1
X_Aet9ndh_Y,@kdta91,1
X_Aet9ndh_Y,@keraakii,1
X_Aet9ndh_Y,@kimlongtran3296,1
X_Aet9ndh_Y,@kingremy723,1
X_Aet9ndh_Y,@kuramamizukage,1
X_Aet9ndh_Y,@lonelyboy4746,1
X_Aet9ndh_Y,@luv.matters,1
X_Aet9ndh_Y,@madraven37,1
X_Aet9ndh_Y,@mahamudmunna5000,1
X_Aet9ndh_Y,@mehdi-Khaleghi-az,1
X_Aet9ndh_Y,@mehmetarifartan5633,1
X_Aet9ndh_Y,@mohammadhatoum,1
X_Aet9ndh_Y,@moysush,1
X_Aet9ndh_Y,@mr.mike678,1
X_Aet9ndh_Y,@muhammadarifzafary5919,1
X_Aet9ndh_Y,@mythicalorchids,1
X_Aet9ndh_Y,@nataliachu2495,1
X_Aet9ndh_Y,@nguyenbao9951,1
X_Aet9ndh_Y,@nishu_7,1
X_Aet9ndh_Y,@nomoredarts42,1
X_Aet9ndh_Y,@okay5048,1
X_Aet9ndh_Y,@paulofernando78,1
X_Aet9ndh_Y,@phwnv,1
X_Aet9ndh_Y,@pierreancelot8864,1
X_Aet9ndh_Y,@pikiario,1
X_Aet9ndh_Y,@powervidsful,1
X_Aet9ndh_Y,@professorx1541,1
X_Aet9ndh_Y,@rajqoder,2
X_Aet9ndh_Y,@ramikilany9279,1
X_Aet9ndh_Y,@randomusername982374,1
X_Aet9ndh_Y,@ratnadeepsaha7675,1
X_Aet9ndh_Y,@riccardoarmari,1
X_Aet9ndh_Y,@rkyadavcouk,1
X_Aet9ndh_Y,@roamrcm,1
X_Aet9ndh_Y,@sairam_kagitha,1
X_Aet9ndh_Y,@sankhuz,1
X_Aet9ndh_Y,@shafu_xyz,1
X_Aet9ndh_Y,@shankarbirajdar7447,1
X_Aet9ndh_Y,@shard-workstation,1
X_Aet9ndh_Y,@sharkethegod,1
X_Aet9ndh_Y,@shibanimickky2824,1
X_Aet9ndh_Y,@siddhantsrivastava5697,1
X_Aet9ndh_Y,@sivarajkumar237,1
X_Aet9ndh_Y,@skylarwhite5044,1
X_Aet9ndh_Y,@smarteveryday1606,1
X_Aet9ndh_Y,@son7459,1
X_Aet9ndh_Y,@spsanderson,1
X_Aet9ndh_Y,@stevecummings3591,1
X_Aet9ndh_Y,@sunit_sarkar,1
X_Aet9ndh_Y,@thinking3911,1
X_Aet9ndh_Y,@thisbevibhor,1
X_Aet9ndh_Y,@tigrezno2626,1
X_Aet9ndh_Y,@timmy-ru9ow,1
X_Aet9ndh_Y,@trappedcat3615,2
X_Aet9ndh_Y,@treowoof5127,1
X_Aet9ndh_Y,@ubermanushyan,1
X_Aet9ndh_Y,@urssaf343,1
X_Aet9ndh_Y,@user-dw6fj1py1o,1
X_Aet9ndh_Y,@userrom6629,1
X_Aet9ndh_Y,@vextorfx6243,1
X_Aet9ndh_Y,@vikingthedude,1
X_Aet9ndh_Y,@vikramanand4723,1
X_Aet9ndh_Y,@wraith3108,1
X_Aet9ndh_Y,@youarethecssformyhtml,2
X_Aet9ndh_Y,@youcefbou8078,1
X_Aet9ndh_Y,@youssef-i7-ti,1
X_Aet9ndh_Y,@youtuber6369,1
XffC4K3mL5c,@180robon,1
XffC4K3mL5c,@2ndammendment,1
XffC4K3mL5c,@377omkar,1
XffC4K3mL5c,@7ggyuk,1
XffC4K3mL5c,@AEFisch,1
XffC4K3mL5c,@AbhishekMukherjee,1
XffC4K3mL5c,@AchimDrescher,1
XffC4K3mL5c,@AhmedLabib-fv5nq,1
XffC4K3mL5c,@AlexAbraham-q7c,1
XffC4K3mL5c,@AndyMyers94,1
XffC4K3mL5c,@Areyouduckingserious,1
XffC4K3mL5c,@AskStevenBlack,2
XffC4K3mL5c,@AstroCHOKES,1
XffC4K3mL5c,@AtlasRandGaming,1
XffC4K3mL5c,@Avaline108,1
XffC4K3mL5c,@BrakeForLoop,1
XffC4K3mL5c,@DahRahzor,1
XffC4K3mL5c,@DhruvPitrodia,1
XffC4K3mL5c,@DrLude,1
XffC4K3mL5c,@FM-jo1jh,1
XffC4K3mL5c,@Fightcensorshipnow,1
XffC4K3mL5c,@FroilanIrizarry,1
XffC4K3mL5c,@Fulmoondog,1
XffC4K3mL5c,@GNICHO,1
XffC4K3mL5c,@GVBartholomew,1
XffC4K3mL5c,@HanzotheRazor,1
XffC4K3mL5c,@HarlemProbeTrotter,1
XffC4K3mL5c,@HarperCarrollAI,21
XffC4K3mL5c,@Hellraizorr,1
XffC4K3mL5c,@IncApu2025,1
XffC4K3mL5c,@Innofuge,1
XffC4K3mL5c,@JasperTheFilmie,1
XffC4K3mL5c,@JayBiengJerk,1
XffC4K3mL5c,@JesúsLina-x2g,1
XffC4K3mL5c,@LibroWave,2
XffC4K3mL5c,@Life_withAnkit,1
XffC4K3mL5c,@Luckyrider8899,1
XffC4K3mL5c,@MajaliaJacobGuingab,1
XffC4K3mL5c,@Mariabeautycharm,1
XffC4K3mL5c,@MaxBayuk,1
XffC4K3mL5c,@MetroDerg,1
XffC4K3mL5c,@MichelleR-h3j,1
XffC4K3mL5c,@Mindscapelofi,1
XffC4K3mL5c,@Moy2005,1
XffC4K3mL5c,@Mr.Xeno.,1
XffC4K3mL5c,@Mv3Trader,1
XffC4K3mL5c,@NaoshikuuAnimations,1
XffC4K3mL5c,@Neo-t5m,1
XffC4K3mL5c,@NerdyRodent,1
XffC4K3mL5c,@OrPhEeUs,1
XffC4K3mL5c,@PaulBrown-uz9zz,1
XffC4K3mL5c,@Peaceful-existence999,1
XffC4K3mL5c,@Phantastischphil,1
XffC4K3mL5c,@PieterSmits-lf1dw,1
XffC4K3mL5c,@ReganJacobs,1
XffC4K3mL5c,@RenataBka,1
XffC4K3mL5c,@Rkcuddles,1
XffC4K3mL5c,@SD-hf3mz,1
XffC4K3mL5c,@Seanstadify,1
XffC4K3mL5c,@ShaunVillafana,1
XffC4K3mL5c,@SoloCortexs,1
XffC4K3mL5c,@Srlaw72,1
XffC4K3mL5c,@Standarnell8184,2
XffC4K3mL5c,@StéphaneFyfe,1
XffC4K3mL5c,@Supersegagena,1
XffC4K3mL5c,@TXNAT1VE,1
XffC4K3mL5c,@Taking_Calls,1
XffC4K3mL5c,@Terra_Cognita,2
XffC4K3mL5c,@TheBurrito171,1
XffC4K3mL5c,@TheChos3nOne,1
XffC4K3mL5c,@TheEnlightenedOne358,1
XffC4K3mL5c,@TheJezreelivy,1
XffC4K3mL5c,@TheReviewRoom05,1
XffC4K3mL5c,@Theo-dj7vs,1
XffC4K3mL5c,@Thereisnoneil,1
XffC4K3mL5c,@True2Gold,1
XffC4K3mL5c,@Tutankhamen210,1
XffC4K3mL5c,@Verethill18,2
XffC4K3mL5c,@VisionVibes-p5t,1
XffC4K3mL5c,@WayfaringStranger1420,1
XffC4K3mL5c,@X-jj9zs,3
XffC4K3mL5c,@accidrainn1334,1
XffC4K3mL5c,@adamgumm2265,1
XffC4K3mL5c,@agriculturaydesarrollos.r.3656,1
XffC4K3mL5c,@agzs7q5e,1
XffC4K3mL5c,@alecfotsch3533,1
XffC4K3mL5c,@aleczero,1
XffC4K3mL5c,@alexdorand,1
XffC4K3mL5c,@allthecommonsense,3
XffC4K3mL5c,@aloher4302,1
XffC4K3mL5c,@angelachanelhuang1651,1
XffC4K3mL5c,@arifmarendra6370,1
XffC4K3mL5c,@aryabhimani,3
XffC4K3mL5c,@balapillai,1
XffC4K3mL5c,@bcramer0515,1
XffC4K3mL5c,@benwathen7115,1
XffC4K3mL5c,@bluesy22,1
XffC4K3mL5c,@bme7491,1
XffC4K3mL5c,@brianjosephblake,1
XffC4K3mL5c,@callsignprofessor,1
XffC4K3mL5c,@cdturner,1
XffC4K3mL5c,@cesararellanes6188,1
XffC4K3mL5c,@chickenstrangler3826,1
XffC4K3mL5c,@chrisnolke,1
XffC4K3mL5c,@christopherHvincent,1
XffC4K3mL5c,@clozarthFIER,2
XffC4K3mL5c,@cooldude5699,1
XffC4K3mL5c,@crackerbrick1903,1
XffC4K3mL5c,@darcythe2nd,1
XffC4K3mL5c,@davidbuckley1332,1
XffC4K3mL5c,@davideloi9176,2
XffC4K3mL5c,@deni_.s,1
XffC4K3mL5c,@digitus78,1
XffC4K3mL5c,@dollardun5868,1
XffC4K3mL5c,@doubledigital_,1
XffC4K3mL5c,@dustinyarbrough5204,3
XffC4K3mL5c,@ericrmccormick,1
XffC4K3mL5c,@erobusblack4856,2
XffC4K3mL5c,@esmth,1
XffC4K3mL5c,@felipeekeziarosa4270,1
XffC4K3mL5c,@fouzanjaved5441,1
XffC4K3mL5c,@frankcastle1857,1
XffC4K3mL5c,@frederickjackson8491,1
XffC4K3mL5c,@giovannimamogay,1
XffC4K3mL5c,@gostfalcon,1
XffC4K3mL5c,@gurvijaygill328,1
XffC4K3mL5c,@h0ph1p13,1
XffC4K3mL5c,@handegroot3061,1
XffC4K3mL5c,@hishamriam,1
XffC4K3mL5c,@hyderalihimmathi,1
XffC4K3mL5c,@independentcreatoracademy,6
XffC4K3mL5c,@j.glennbauer508,1
XffC4K3mL5c,@jamesgifford3031,1
XffC4K3mL5c,@jamespoole2390,1
XffC4K3mL5c,@jbornman9853,1
XffC4K3mL5c,@jcrm5762,1
XffC4K3mL5c,@jimjohnson6044,1
XffC4K3mL5c,@jkonoch,1
XffC4K3mL5c,@joecasali4234,1
XffC4K3mL5c,@jorgejlopez3069,1
XffC4K3mL5c,@kabastie1,1
XffC4K3mL5c,@kangdanlin,1
XffC4K3mL5c,@kevincampbell8695,1
XffC4K3mL5c,@kristian-pal,1
XffC4K3mL5c,@kurtm54,1
XffC4K3mL5c,@localcortado,1
XffC4K3mL5c,@lowcoordination,1
XffC4K3mL5c,@luizz_k,1
XffC4K3mL5c,@manuelpalacios671,1
XffC4K3mL5c,@marionmcnee8759,1
XffC4K3mL5c,@markdonahue,1
XffC4K3mL5c,@matheus_mko,1
XffC4K3mL5c,@matt-g-recovers,1
XffC4K3mL5c,@mattdavis9642,1
XffC4K3mL5c,@matthewjoscott,1
XffC4K3mL5c,@max_coommmm,1
XffC4K3mL5c,@mgbunblee,1
XffC4K3mL5c,@michaeloverton3272,1
XffC4K3mL5c,@michaelslattery513,1
XffC4K3mL5c,@minimal2224,1
XffC4K3mL5c,@mminto,2
XffC4K3mL5c,@mohammedouazini,1
XffC4K3mL5c,@mymeditation4199,1
XffC4K3mL5c,@mzak6820,1
XffC4K3mL5c,@naomitara23,1
XffC4K3mL5c,@nathanandrinoid7569,1
XffC4K3mL5c,@neilmcgowan954,1
XffC4K3mL5c,@neuroomog2632,2
XffC4K3mL5c,@norlesh,1
XffC4K3mL5c,@northernvisionproductionsl401,1
XffC4K3mL5c,@nxtchpforme9154,1
XffC4K3mL5c,@ookookook,1
XffC4K3mL5c,@paulanthony4696,1
XffC4K3mL5c,@philipcarpio6024,1
XffC4K3mL5c,@pimpthyride,1
XffC4K3mL5c,@podcastbard,1
XffC4K3mL5c,@proyas21,1
XffC4K3mL5c,@publicauthority,1
XffC4K3mL5c,@radzi62,1
XffC4K3mL5c,@reubinboatner-nf9nk,2
XffC4K3mL5c,@robertpickering2425,1
XffC4K3mL5c,@robgoulet2272,1
XffC4K3mL5c,@robinpettit7827,2
XffC4K3mL5c,@roxyu3384,1
XffC4K3mL5c,@sammetaler,1
XffC4K3mL5c,@saranrajbalag4932,1
XffC4K3mL5c,@shawnpillay1041,1
XffC4K3mL5c,@sherpa972,1
XffC4K3mL5c,@sherrilltechnology,1
XffC4K3mL5c,@someleelpreemo1239,1
XffC4K3mL5c,@sparrow082,1
XffC4K3mL5c,@spideylover4105,1
XffC4K3mL5c,@sunglint,1
XffC4K3mL5c,@thecraighewitt,1
XffC4K3mL5c,@thepalerider5121,1
XffC4K3mL5c,@tokenblack444,1
XffC4K3mL5c,@traviswilson1302,1
XffC4K3mL5c,@trumphy911,1
XffC4K3mL5c,@tsizzle,1
XffC4K3mL5c,@ubaidtareen8289,1
XffC4K3mL5c,@vibrantly50,1
XffC4K3mL5c,@vidbot4037,1
XffC4K3mL5c,@videobob,1
XffC4K3mL5c,@willisbrindley,1
XffC4K3mL5c,@wrightbrainedsecurity,1
XffC4K3mL5c,@xEchoesWithin,1
XffC4K3mL5c,@xxytxx,1
XffC4K3mL5c,@yahyabatla789,1
Xn-gtHDsaPY,@1985memes,1
Xn-gtHDsaPY,@6ayzid,1
Xn-gtHDsaPY,@AIOptimizer,1
Xn-gtHDsaPY,@ALTTABINMAINMENU,1
Xn-gtHDsaPY,@AfterLifeLegend,1
Xn-gtHDsaPY,@AlexandraKilby,1
Xn-gtHDsaPY,@AlvinYap510,1
Xn-gtHDsaPY,@AnilVerma-MachineIntelligence,1
Xn-gtHDsaPY,@AnimeEdit2742,1
Xn-gtHDsaPY,@Ankitsharma-on5uk,1
Xn-gtHDsaPY,@AtomHeart_Plantern,1
Xn-gtHDsaPY,@Beefhaving,1
Xn-gtHDsaPY,@BlockBusiness,1
Xn-gtHDsaPY,@BorisKurniawan-w5c,1
Xn-gtHDsaPY,@BradleyMyrick,1
Xn-gtHDsaPY,@Burgarfury,1
Xn-gtHDsaPY,@CapuWriting,2
Xn-gtHDsaPY,@CourtneyKlein-m9b,1
Xn-gtHDsaPY,@DamianDiliplongpet,1
Xn-gtHDsaPY,@DeadEnd-ct6dh,1
Xn-gtHDsaPY,@DicroDavis,1
Xn-gtHDsaPY,@DrW1ne,1
Xn-gtHDsaPY,@EricSundquistKC,1
Xn-gtHDsaPY,@FarranLee,1
Xn-gtHDsaPY,@G07R007,1
Xn-gtHDsaPY,@Grovion,1
Xn-gtHDsaPY,@HarryPujols,1
Xn-gtHDsaPY,@HarshVardhan-i2f,1
Xn-gtHDsaPY,@HaydenHatTrick,1
Xn-gtHDsaPY,@HiveGod-k2d,1
Xn-gtHDsaPY,@Howtofewithlove,1
Xn-gtHDsaPY,@IlyaFadin,1
Xn-gtHDsaPY,@J-IDA,1
Xn-gtHDsaPY,@JaKaniDev,1
Xn-gtHDsaPY,@JarveeProVPS,1
Xn-gtHDsaPY,@JenniferLynn-zc8zp,1
Xn-gtHDsaPY,@Junk6671,1
Xn-gtHDsaPY,@JustinMoriarty-w8c,1
Xn-gtHDsaPY,@KnightlyStudio,1
Xn-gtHDsaPY,@LNSFLIVE,1
Xn-gtHDsaPY,@LordSauron-b4y,1
Xn-gtHDsaPY,@LucasNascimento001,1
Xn-gtHDsaPY,@MDSharifKhanShorif,1
Xn-gtHDsaPY,@Marcos-Zap,2
Xn-gtHDsaPY,@Maskaradas,1
Xn-gtHDsaPY,@MassVideoUploader,1
Xn-gtHDsaPY,@MassVideoUploading,1
Xn-gtHDsaPY,@MatthewBeuka,1
Xn-gtHDsaPY,@MisoNyah,1
Xn-gtHDsaPY,@Mortada_DEV,1
Xn-gtHDsaPY,@Mr.Andrew.,1
Xn-gtHDsaPY,@MrCrush,1
Xn-gtHDsaPY,@MultiMam12345,1
Xn-gtHDsaPY,@MultiloginPro-SocialMeida,1
Xn-gtHDsaPY,@NeoStarImpact,1
Xn-gtHDsaPY,@OccamsPlasmaGun,1
Xn-gtHDsaPY,@Omniclawd,1
Xn-gtHDsaPY,@OpenSourceSpotlight,1
Xn-gtHDsaPY,@PVACreator5,1
Xn-gtHDsaPY,@PacoArbi,1
Xn-gtHDsaPY,@Papa_ki_Jaan_7,1
Xn-gtHDsaPY,@PeacenikHippie,1
Xn-gtHDsaPY,@PeterZemeni,1
Xn-gtHDsaPY,@PriUni-cm,1
Xn-gtHDsaPY,@Pushyanth27,1
Xn-gtHDsaPY,@RahulKhatriPanthi,1
Xn-gtHDsaPY,@RuthIessTruth,1
Xn-gtHDsaPY,@SYNAPSNEX0FFICIAL,1
Xn-gtHDsaPY,@Sahil-with-AI-22,1
Xn-gtHDsaPY,@SebWayYT,1
Xn-gtHDsaPY,@Second_Law,1
Xn-gtHDsaPY,@Shortmotion12,2
Xn-gtHDsaPY,@SilverPaladin,1
Xn-gtHDsaPY,@SloppyPuppy,1
Xn-gtHDsaPY,@SuliXbr,1
Xn-gtHDsaPY,@TFYFTFI,1
Xn-gtHDsaPY,@TaylorBurke4,1
Xn-gtHDsaPY,@The_kozmonaut,2
Xn-gtHDsaPY,@Tilt_Vault,1
Xn-gtHDsaPY,@ToolSuit,1
Xn-gtHDsaPY,@TosilSangma,1
Xn-gtHDsaPY,@TrashyDoTio,1
Xn-gtHDsaPY,@UbtexyjvduJevehejvrj,1
Xn-gtHDsaPY,@VideoFission,1
Xn-gtHDsaPY,@VinnyG919,1
Xn-gtHDsaPY,@VitóriaCardosoCunha,1
Xn-gtHDsaPY,@VonDarylAlvarez,1
Xn-gtHDsaPY,@Wedler78,1
Xn-gtHDsaPY,@WesleyOverdijk,1
Xn-gtHDsaPY,@YLprime,1
Xn-gtHDsaPY,@adildeveci61,1
Xn-gtHDsaPY,@aguafrio,1
Xn-gtHDsaPY,@airunnertv,1
Xn-gtHDsaPY,@alexandermercer5363,1
Xn-gtHDsaPY,@algokaraldod,1
Xn-gtHDsaPY,@aliabbasenvo,1
Xn-gtHDsaPY,@aminabudahab,1
Xn-gtHDsaPY,@andoria5014,1
Xn-gtHDsaPY,@aromaticsnail,1
Xn-gtHDsaPY,@bebusss,1
Xn-gtHDsaPY,@bemcleod2628,1
Xn-gtHDsaPY,@bethaapple2102,1
Xn-gtHDsaPY,@bonecircuit,1
Xn-gtHDsaPY,@braddockbrawler,1
Xn-gtHDsaPY,@brianwanyembi4556,1
Xn-gtHDsaPY,@browaruspierogus2182,1
Xn-gtHDsaPY,@buggsstanleis8677,1
Xn-gtHDsaPY,@call_me_rusker,1
Xn-gtHDsaPY,@cedwardsmedia,1
Xn-gtHDsaPY,@chiragtitiya3298,1
Xn-gtHDsaPY,@cutty02,1
Xn-gtHDsaPY,@dan110024,1
Xn-gtHDsaPY,@danielw4778,1
Xn-gtHDsaPY,@datajake2742,1
Xn-gtHDsaPY,@david-lin-fr,1
Xn-gtHDsaPY,@devops-sushi5534,1
Xn-gtHDsaPY,@diagodiago2691,1
Xn-gtHDsaPY,@divinusfilius3771,1
Xn-gtHDsaPY,@djangoworldwide7925,1
Xn-gtHDsaPY,@dobdj8079,1
Xn-gtHDsaPY,@drivindevil,1
Xn-gtHDsaPY,@dusandebelak821,1
Xn-gtHDsaPY,@eatingpetsforfun,1
Xn-gtHDsaPY,@ellion0815,1
Xn-gtHDsaPY,@fineline392,1
Xn-gtHDsaPY,@firebelias1266,1
Xn-gtHDsaPY,@freedomfury,1
Xn-gtHDsaPY,@freeone69,1
Xn-gtHDsaPY,@garrettford8651,1
Xn-gtHDsaPY,@greg5023,1
Xn-gtHDsaPY,@hangyang8549,1
Xn-gtHDsaPY,@homeuse8130,1
Xn-gtHDsaPY,@hyndriandelmundo6855,1
Xn-gtHDsaPY,@iam_ashvin_02,1
Xn-gtHDsaPY,@ibendover4817,1
Xn-gtHDsaPY,@illneumatik,1
Xn-gtHDsaPY,@imrankhansaami,1
Xn-gtHDsaPY,@invictalux,1
Xn-gtHDsaPY,@iprogramthem,1
Xn-gtHDsaPY,@isbafatima-g6g,1
Xn-gtHDsaPY,@jaybansikotar1299,1
Xn-gtHDsaPY,@johnny_rain3226,1
Xn-gtHDsaPY,@kandarppande3385,1
Xn-gtHDsaPY,@kayxyz1,1
Xn-gtHDsaPY,@khemirichiheb9729,1
Xn-gtHDsaPY,@kumarmanik1699,1
Xn-gtHDsaPY,@laprepper,1
Xn-gtHDsaPY,@lestaironblack1259,1
Xn-gtHDsaPY,@libnerrr,1
Xn-gtHDsaPY,@loisgiddings,1
Xn-gtHDsaPY,@lowlevelaccess,1
Xn-gtHDsaPY,@lucienchu9649,1
Xn-gtHDsaPY,@lyvwhyr,1
Xn-gtHDsaPY,@mateusloubach,1
Xn-gtHDsaPY,@mcodesthings,1
Xn-gtHDsaPY,@mcombatti,1
Xn-gtHDsaPY,@michimansi,1
Xn-gtHDsaPY,@misterbomabstic,1
Xn-gtHDsaPY,@mkemaltas,1
Xn-gtHDsaPY,@moonbeamsunshine,1
Xn-gtHDsaPY,@mrStriker999,1
Xn-gtHDsaPY,@mrproxj,1
Xn-gtHDsaPY,@muzamilirfan-y2y,1
Xn-gtHDsaPY,@myworkbase,1
Xn-gtHDsaPY,@nadee77,1
Xn-gtHDsaPY,@noname7271,1
Xn-gtHDsaPY,@nourrrrrrr7,1
Xn-gtHDsaPY,@nukemup07,1
Xn-gtHDsaPY,@osmnthus1,1
Xn-gtHDsaPY,@petecapecod,1
Xn-gtHDsaPY,@peterzhong5533,1
Xn-gtHDsaPY,@planktonfun,1
Xn-gtHDsaPY,@prndlprndlprndl,2
Xn-gtHDsaPY,@proffesseurevil,1
Xn-gtHDsaPY,@psnts-5ao,1
Xn-gtHDsaPY,@rafaelneokleous3361,1
Xn-gtHDsaPY,@rishabh1S,1
Xn-gtHDsaPY,@rismay21,1
Xn-gtHDsaPY,@robrider838,1
Xn-gtHDsaPY,@royaluu9754,1
Xn-gtHDsaPY,@rubber89,1
Xn-gtHDsaPY,@safwanahmad7297,1
Xn-gtHDsaPY,@samgres,1
Xn-gtHDsaPY,@shinobinokami5190,1
Xn-gtHDsaPY,@simeygarrido2897,1
Xn-gtHDsaPY,@sloshy1840,1
Xn-gtHDsaPY,@stupidwolf,1
Xn-gtHDsaPY,@teniente_snafu,1
Xn-gtHDsaPY,@thomasj6144,1
Xn-gtHDsaPY,@tomj2j187,1
Xn-gtHDsaPY,@tpaul0x,1
Xn-gtHDsaPY,@uninitializedvariable,1
Xn-gtHDsaPY,@vincent_hall,4
Xn-gtHDsaPY,@viratchourasia8205,1
Xn-gtHDsaPY,@wbbaskqbsoowbwlz,1
Xn-gtHDsaPY,@wm6126,1
Xn-gtHDsaPY,@xspydazx,1
Xn-gtHDsaPY,@yousuckatlife7604,1
Xn-gtHDsaPY,@ЯрославКууне,1
Y68FF_nUSWE,@-AkhilTej-,1
Y68FF_nUSWE,@BakiDaGreat,1
Y68FF_nUSWE,@CapuWriting,2
Y68FF_nUSWE,@ChanceTEK,1
Y68FF_nUSWE,@EnezReyiz,2
Y68FF_nUSWE,@EterniaTransportes,1
Y68FF_nUSWE,@Hunter-y4g8u,1
Y68FF_nUSWE,@JJSeattle,1
Y68FF_nUSWE,@Mandresy-u5c,1
Y68FF_nUSWE,@MarkusHalvorson,1
Y68FF_nUSWE,@MayaMy-j7g,1
Y68FF_nUSWE,@MikeOnABike9,1
Y68FF_nUSWE,@RITADEVIUPRETI,3
Y68FF_nUSWE,@Rodolfo_Gallegos,1
Y68FF_nUSWE,@SpaceMonster_OG,1
Y68FF_nUSWE,@TECH4.0GUY,1
Y68FF_nUSWE,@WijthaGayan,1
Y68FF_nUSWE,@ajitnandakumar,1
Y68FF_nUSWE,@alextheguyuwant,1
Y68FF_nUSWE,@anthony559,1
Y68FF_nUSWE,@cedcodes,1
Y68FF_nUSWE,@corwynvigeland4856,1
Y68FF_nUSWE,@cppmsg,1
Y68FF_nUSWE,@danthe3d,1
Y68FF_nUSWE,@darshansrinivas6883,1
Y68FF_nUSWE,@das_fahrer,1
Y68FF_nUSWE,@datamus3,1
Y68FF_nUSWE,@denismaringo2729,1
Y68FF_nUSWE,@dgdunn66,1
Y68FF_nUSWE,@flummox3d,1
Y68FF_nUSWE,@harshanand2577,1
Y68FF_nUSWE,@healy-86,1
Y68FF_nUSWE,@jasonsdodd,1
Y68FF_nUSWE,@kabir8286,1
Y68FF_nUSWE,@kennySg101,1
Y68FF_nUSWE,@kokavamsikrishna3933,2
Y68FF_nUSWE,@lalwans,1
Y68FF_nUSWE,@latenite3931,1
Y68FF_nUSWE,@looper0076,1
Y68FF_nUSWE,@mahendranathh,1
Y68FF_nUSWE,@makedredd299,1
Y68FF_nUSWE,@manjunathkaluri1724,1
Y68FF_nUSWE,@marshallgraphic,2
Y68FF_nUSWE,@mihir2173,1
Y68FF_nUSWE,@mohamedeltilib7760,1
Y68FF_nUSWE,@mohammedmahinuralam2796,1
Y68FF_nUSWE,@pindot-pindot,1
Y68FF_nUSWE,@pragmatica1032,1
Y68FF_nUSWE,@raleighknight,1
Y68FF_nUSWE,@reiserbount,1
Y68FF_nUSWE,@ricardoglopes6767,1
Y68FF_nUSWE,@robthwaites9138,1
Y68FF_nUSWE,@saan-n-z,1
Y68FF_nUSWE,@sergetouvoly,1
Y68FF_nUSWE,@stanleyweller6856,1
Y68FF_nUSWE,@suakisuakikumar,1
Y68FF_nUSWE,@telcomun,1
Y68FF_nUSWE,@thextraverage,1
Y68FF_nUSWE,@timothyebri-k6j,1
Y68FF_nUSWE,@toneron,1
Y68FF_nUSWE,@trn-w3y,1
Y68FF_nUSWE,@user-er5vn8qt7e,1
Y68FF_nUSWE,@viswakanth9002,1
Y68FF_nUSWE,@youtubecom14,1
Y68FF_nUSWE,@ytzinger,1
YESrXVkcCHY,@1YEARSGO,1
YESrXVkcCHY,@ABIRHASAN-e3n,1
YESrXVkcCHY,@ABRAHAMLOCCOH,1
YESrXVkcCHY,@AffiliateMarketer-2024,1
YESrXVkcCHY,@AhadNai-j6t,1
YESrXVkcCHY,@AhenJebks,1
YESrXVkcCHY,@Aimeebardella,1
YESrXVkcCHY,@AjayKumar-j9w9w,1
YESrXVkcCHY,@AliAli-fj7hs,1
YESrXVkcCHY,@AlienAmbient,1
YESrXVkcCHY,@AnaParra-d1t,1
YESrXVkcCHY,@Andy_B.,1
YESrXVkcCHY,@AnmolKandulna-t2r,1
YESrXVkcCHY,@AsmitaSarkar-z1y,1
YESrXVkcCHY,@AymenGs54,1
YESrXVkcCHY,@Bestvedio-4-you,1
YESrXVkcCHY,@Bkking112,1
YESrXVkcCHY,@Bluefire123-l5q,1
YESrXVkcCHY,@CamonaTempest,1
YESrXVkcCHY,@CavidZeynalov-f9n,1
YESrXVkcCHY,@Cbfhvhjfjfbxg,1
YESrXVkcCHY,@ChihabSkip,1
YESrXVkcCHY,@Chotasiraj786-t8e,1
YESrXVkcCHY,@ChristKouakou-m4y6n,1
YESrXVkcCHY,@DUKEBALA-v2p,1
YESrXVkcCHY,@DadaRasoaline,1
YESrXVkcCHY,@Dailyhistory-n7u,1
YESrXVkcCHY,@Danishansari-t7o9d,1
YESrXVkcCHY,@Digital_duniya9,1
YESrXVkcCHY,@DripTip,1
YESrXVkcCHY,@DurganandYadav-o8z1r,1
YESrXVkcCHY,@EmilianoCatherine,1
YESrXVkcCHY,@EntelaPriftu,1
YESrXVkcCHY,@FREQ_WAVE,1
YESrXVkcCHY,@Fantasyteamgl01,1
YESrXVkcCHY,@FareopoAyomide,1
YESrXVkcCHY,@FufgSjxc,1
YESrXVkcCHY,@GaneshMore-xj2pk,1
YESrXVkcCHY,@GirishMili-o1p,1
YESrXVkcCHY,@Guri8058s,1
YESrXVkcCHY,@HaidarAbrahim-z6n,1
YESrXVkcCHY,@HamzaWasiq-jr1xu,1
YESrXVkcCHY,@HasanHasantpo,1
YESrXVkcCHY,@HellOi-g3v,1
YESrXVkcCHY,@HimanshuBansal-p3g,1
YESrXVkcCHY,@HosaamSief,1
YESrXVkcCHY,@JapYenn,1
YESrXVkcCHY,@JaymalyaSamanta-p4f,1
YESrXVkcCHY,@JgyjcZdegf,1
YESrXVkcCHY,@JorgeHollander,1
YESrXVkcCHY,@KNivikar,1
YESrXVkcCHY,@Kenanku_Is_Here,1
YESrXVkcCHY,@KeshavBansal-u3z,1
YESrXVkcCHY,@KoolFaceFashions,1
YESrXVkcCHY,@Korninenko,1
YESrXVkcCHY,@Lackspider37o2o2u,1
YESrXVkcCHY,@LaisaLlanos,1
YESrXVkcCHY,@Laowater,1
YESrXVkcCHY,@LeonardoSwagson,1
YESrXVkcCHY,@LiladharPrajapat-ju6yl,1
YESrXVkcCHY,@LoloGola,1
YESrXVkcCHY,@MArsaldayo,1
YESrXVkcCHY,@Makar31YT,1
YESrXVkcCHY,@MamyHervéRakotondratsimba,1
YESrXVkcCHY,@ManishTelaliya,1
YESrXVkcCHY,@MasterDracer,1
YESrXVkcCHY,@MintieLightPurple,1
YESrXVkcCHY,@MohmadAlsrhan-e5s,1
YESrXVkcCHY,@MoumenDj-i3i,1
YESrXVkcCHY,@MubasherMushtaq-t2j,1
YESrXVkcCHY,@MuhmmadUsman344,1
YESrXVkcCHY,@NdhjBdgb,1
YESrXVkcCHY,@Neupanebhai,1
YESrXVkcCHY,@OigbgRush,1
YESrXVkcCHY,@OrbitaSkipmail,1
YESrXVkcCHY,@PAVANNORIYA-k2e,1
YESrXVkcCHY,@PanduD-d8f,1
YESrXVkcCHY,@PhumznWah,1
YESrXVkcCHY,@PixiesKoom,1
YESrXVkcCHY,@PiyotomaKumari,1
YESrXVkcCHY,@PlaystorPlaystor-w5f4n,1
YESrXVkcCHY,@PondaraTulasiram,1
YESrXVkcCHY,@PriyaNegi-k7t,1
YESrXVkcCHY,@PrlayMondal,1
YESrXVkcCHY,@ProgrammerLanguage-w9v,1
YESrXVkcCHY,@QuebaTiagoQuebsonLuís,1
YESrXVkcCHY,@RamkrishunMukhiya1,1
YESrXVkcCHY,@Rapi100-t3l,1
YESrXVkcCHY,@RazzoukYassine-gp7zm,1
YESrXVkcCHY,@RobbyJohnson-gm8wx,1
YESrXVkcCHY,@RuchiShetti-x3q,1
YESrXVkcCHY,@RupeshMandal-h8n,1
YESrXVkcCHY,@SakibulHashan-y4n,1
YESrXVkcCHY,@SalahSalah-yl5zk,1
YESrXVkcCHY,@SallySefo-e4r,1
YESrXVkcCHY,@Sankiboy11-w5c,1
YESrXVkcCHY,@SasuriUciha,1
YESrXVkcCHY,@ShawnKumar-ft9ct,1
YESrXVkcCHY,@Stbhaicg,1
YESrXVkcCHY,@SujiKuttySujiKutty-r5y,1
YESrXVkcCHY,@TAPASKUMARMANDAL-e3p8z,1
YESrXVkcCHY,@THODLAAAAA,1
YESrXVkcCHY,@TasleemQureashi-s9d,1
YESrXVkcCHY,@TechWithTim,1
YESrXVkcCHY,@TruckingEntrepreneurshipFamily,1
YESrXVkcCHY,@Tzimis.Floros,1
YESrXVkcCHY,@UpsonFayth,1
YESrXVkcCHY,@VakeelChauhan-xz6rm,1
YESrXVkcCHY,@VechatVechat-x2i,1
YESrXVkcCHY,@ViRogers-w8c,1
YESrXVkcCHY,@WaniNazir-i8c,1
YESrXVkcCHY,@WisdomJoshua-k4g,1
YESrXVkcCHY,@ZIXUGAMER-2M,1
YESrXVkcCHY,@ZainVlogsz,1
YESrXVkcCHY,@aboabdo2842,1
YESrXVkcCHY,@agw5425,1
YESrXVkcCHY,@alineOliveira-hr2xt,1
YESrXVkcCHY,@aperson1181,1
YESrXVkcCHY,@ashok8350,1
YESrXVkcCHY,@baadshaking7890,1
YESrXVkcCHY,@beyond_epic,1
YESrXVkcCHY,@black_cheez,1
YESrXVkcCHY,@brunomarin6977,1
YESrXVkcCHY,@buildwithaks,1
YESrXVkcCHY,@cherryannadong2748,1
YESrXVkcCHY,@chrisdundas58,1
YESrXVkcCHY,@cidgaming0,1
YESrXVkcCHY,@crackedd_dev,1
YESrXVkcCHY,@cryptoking4e,1
YESrXVkcCHY,@devkaran0123,1
YESrXVkcCHY,@dharmendrabaral8558,1
YESrXVkcCHY,@diegosisimith4360,1
YESrXVkcCHY,@dilipbhilgamis,1
YESrXVkcCHY,@emojiverse1234,1
YESrXVkcCHY,@eyadeyad-g4h,1
YESrXVkcCHY,@fuocy,1
YESrXVkcCHY,@ghulamshabbirsargana9610,1
YESrXVkcCHY,@harshdavda,1
YESrXVkcCHY,@heine0085,1
YESrXVkcCHY,@illia_37,1
YESrXVkcCHY,@irenairena376,1
YESrXVkcCHY,@itorres008,1
YESrXVkcCHY,@jacobpearce4237,1
YESrXVkcCHY,@jandia5162,1
YESrXVkcCHY,@jeremiahsogbeh619,1
YESrXVkcCHY,@johnnyalainrazakasolo3598,1
YESrXVkcCHY,@kellerweskier7214,1
YESrXVkcCHY,@kokani_piano_master,1
YESrXVkcCHY,@krešo-h2w,1
YESrXVkcCHY,@lamiadahoui2272,1
YESrXVkcCHY,@maksatdemirov6300,1
YESrXVkcCHY,@maricnemanja1,1
YESrXVkcCHY,@marilyncleofe7957,1
YESrXVkcCHY,@marndikr,1
YESrXVkcCHY,@mera_neemuch_meri_jaan,1
YESrXVkcCHY,@michelledoscherphd4617,1
YESrXVkcCHY,@mikedqin,1
YESrXVkcCHY,@mimoumounir7213,1
YESrXVkcCHY,@mohammadahmad4058,1
YESrXVkcCHY,@nakkaadhinarayana4101,1
YESrXVkcCHY,@natalysaray2645,1
YESrXVkcCHY,@nda9767,1
YESrXVkcCHY,@neerajkumarAman,1
YESrXVkcCHY,@nextoppurtunity,1
YESrXVkcCHY,@nickalika,1
YESrXVkcCHY,@nimbalyst,1
YESrXVkcCHY,@ninovulkan9815,1
YESrXVkcCHY,@nowhere_yt-l6g,1
YESrXVkcCHY,@pahadihai6263,1
YESrXVkcCHY,@peroperic5811,1
YESrXVkcCHY,@phonk.lofi1,1
YESrXVkcCHY,@poetrylover-n5n,1
YESrXVkcCHY,@qadeerali-f1e,1
YESrXVkcCHY,@radha-x2k1m,1
YESrXVkcCHY,@rajivsporkslede7860,1
YESrXVkcCHY,@rakibfoujdar30,1
YESrXVkcCHY,@rdjmusic_02,1
YESrXVkcCHY,@riskydas7828,1
YESrXVkcCHY,@saminaaqib4136,1
YESrXVkcCHY,@sandhyag.b1745,1
YESrXVkcCHY,@santiagoferreyra7232,1
YESrXVkcCHY,@scotter,1
YESrXVkcCHY,@shakibulHasan-f1f,1
YESrXVkcCHY,@shamischannel-kd6zg,1
YESrXVkcCHY,@shivalingareddy3620,1
YESrXVkcCHY,@steves3422,1
YESrXVkcCHY,@studiohyc,1
YESrXVkcCHY,@sunilgamerfreefira,1
YESrXVkcCHY,@talasoghli6101,1
YESrXVkcCHY,@tastyroastery,1
YESrXVkcCHY,@taufiqurrohman4141,1
YESrXVkcCHY,@thisiskanil507,1
YESrXVkcCHY,@trybguet_com,1
YESrXVkcCHY,@valeriek8077,1
YESrXVkcCHY,@varshathakur5633,1
YESrXVkcCHY,@vigamers622,1
YESrXVkcCHY,@webacademy5701,1
YESrXVkcCHY,@ابوزيادالحبش,1
YESrXVkcCHY,@اسماعيلاسماعيل-ج1ت3ص,1
YESrXVkcCHY,@القيصرحيدر-ر1ه,1
YESrXVkcCHY,@حيدرالبركان,1
YESrXVkcCHY,@عبدوالشعباني-ل7ث,1
YESrXVkcCHY,@عقربسوري-ق4ث,1
YESrXVkcCHY,@فاديمحمد-ه8ف,1
YESrXVkcCHY,@محمدأنور-ذ5ج1ف,1
YESrXVkcCHY,@محمداعرابي-ظ7و,1
YESrXVkcCHY,@محمدالخضر-خ2ح,1
YESrXVkcCHY,@محمدحسن-ن5غ3د,1
YESrXVkcCHY,@محمدلحلح-و9ن,1
YESrXVkcCHY,@وليدلاسمر,1
YESrXVkcCHY,@يومياتالشنطوري,1
Z6BYhJl9hV8,@1BestPahad,1
Z6BYhJl9hV8,@AkHunlarr,1
Z6BYhJl9hV8,@AltaiiSinan,3
Z6BYhJl9hV8,@BirhanNega,1
Z6BYhJl9hV8,@Bitstream,1
Z6BYhJl9hV8,@BlackBay17,1
Z6BYhJl9hV8,@DevanshRana-GOD,1
Z6BYhJl9hV8,@DinoB-x1z,2
Z6BYhJl9hV8,@FurkanDincerov,2
Z6BYhJl9hV8,@Guillen8606,1
Z6BYhJl9hV8,@HOSTRASOKYRA,1
Z6BYhJl9hV8,@InfiniteCuriousity,1
Z6BYhJl9hV8,@JafarUlla15,1
Z6BYhJl9hV8,@JamesMontemagno,13
Z6BYhJl9hV8,@JohnTerry-p2v,1
Z6BYhJl9hV8,@La-FL-DS-MDFR,1
Z6BYhJl9hV8,@LeoBranca-y8o,1
Z6BYhJl9hV8,@NabranAboubacar,1
Z6BYhJl9hV8,@NevoVaknin,1
Z6BYhJl9hV8,@NickWestgate,1
Z6BYhJl9hV8,@PaulA-c4x,1
Z6BYhJl9hV8,@Programing-p7c,1
Z6BYhJl9hV8,@RasulAbuMuhammadAmin,1
Z6BYhJl9hV8,@RobertSmith-wj7zf,3
Z6BYhJl9hV8,@TheProfessionalGamerSS4444,2
Z6BYhJl9hV8,@TreadTheNet,1
Z6BYhJl9hV8,@ahmadyazdany2102,1
Z6BYhJl9hV8,@annieorben,1
Z6BYhJl9hV8,@ballan00,2
Z6BYhJl9hV8,@bmp713,1
Z6BYhJl9hV8,@bradtaylor1910,1
Z6BYhJl9hV8,@brodriguez11000,1
Z6BYhJl9hV8,@carpenter083,1
Z6BYhJl9hV8,@cazolasoft,1
Z6BYhJl9hV8,@deepankarjoshi6057,1
Z6BYhJl9hV8,@diydancochran,1
Z6BYhJl9hV8,@eContentManager,1
Z6BYhJl9hV8,@francoisdebber6256,2
Z6BYhJl9hV8,@funditaucher7020,1
Z6BYhJl9hV8,@greeksinmars,1
Z6BYhJl9hV8,@hongdali-s9o,1
Z6BYhJl9hV8,@hoosiersparty7408,1
Z6BYhJl9hV8,@jasminbecirevic3273,1
Z6BYhJl9hV8,@jasper5016,1
Z6BYhJl9hV8,@john.the.baptist_yt,1
Z6BYhJl9hV8,@junior.santana,1
Z6BYhJl9hV8,@kedarnathk9590,1
Z6BYhJl9hV8,@leoantiday,1
Z6BYhJl9hV8,@luisarguello9690,1
Z6BYhJl9hV8,@mashkult,1
Z6BYhJl9hV8,@michaelcooper1860,1
Z6BYhJl9hV8,@nitinfps,1
Z6BYhJl9hV8,@pH7Programming,1
Z6BYhJl9hV8,@parthodave123,1
Z6BYhJl9hV8,@robmyers8948,1
Z6BYhJl9hV8,@rogerswetnam1416,1
Z6BYhJl9hV8,@romanbolgar,1
Z6BYhJl9hV8,@saifsaif8580,1
Z6BYhJl9hV8,@trsarathi,1
Z6BYhJl9hV8,@vivekerra7948,1
Z6BYhJl9hV8,@volodymyrprokopovych6384,1
Z6BYhJl9hV8,@zeeshanasghar3751,1
Z6BYhJl9hV8,@АндрійПурський-х4й,1
Z6BYhJl9hV8,@지현명-m2c,1
ZkGzEMDeJos,@1984Lams,1
ZkGzEMDeJos,@AIRewired,1
ZkGzEMDeJos,@Algernon_Sour_Gravy,1
ZkGzEMDeJos,@AngeloWakstein-b7e,1
ZkGzEMDeJos,@Anime_boy_6729,1
ZkGzEMDeJos,@Apocalipsis_zzz,1
ZkGzEMDeJos,@BabarReviews,1
ZkGzEMDeJos,@BlessedMessNotStressed,1
ZkGzEMDeJos,@BrandonWu-z5i,3
ZkGzEMDeJos,@BrianKasenLFP,1
ZkGzEMDeJos,@BrotherReynard,1
ZkGzEMDeJos,@ChantalGuillouBrennan,1
ZkGzEMDeJos,@ClaudiuRasteanu-s5h,1
ZkGzEMDeJos,@CraftQueeny,1
ZkGzEMDeJos,@CristianoSilveiro,1
ZkGzEMDeJos,@Desilokk001,1
ZkGzEMDeJos,@EventSite-uk1gg,1
ZkGzEMDeJos,@FaizanulIslam-ww6ib,1
ZkGzEMDeJos,@FelipeMarkondes,1
ZkGzEMDeJos,@FluteChanduRamayanam,1
ZkGzEMDeJos,@GREZA-DEV,1
ZkGzEMDeJos,@GeorgeO-84,2
ZkGzEMDeJos,@Gus.JSegovia,2
ZkGzEMDeJos,@HayesyDay,1
ZkGzEMDeJos,@Hellopetitevie,1
ZkGzEMDeJos,@HilltopPrincess,1
ZkGzEMDeJos,@HumanoAI,1
ZkGzEMDeJos,@JBT-k4e,1
ZkGzEMDeJos,@Jam-sz1sy,1
ZkGzEMDeJos,@Jarman74,1
ZkGzEMDeJos,@Jen_Martin,1
ZkGzEMDeJos,@JohannaViskari,1
ZkGzEMDeJos,@JoraGamer,1
ZkGzEMDeJos,@JuanPabloAlarcónM,1
ZkGzEMDeJos,@JustLovely821,1
ZkGzEMDeJos,@KWAMEABROKWAH,2
ZkGzEMDeJos,@Kikidearman,1
ZkGzEMDeJos,@LathamFell,1
ZkGzEMDeJos,@LewisM613,1
ZkGzEMDeJos,@MadalynSklar,1
ZkGzEMDeJos,@Maestro-anon,1
ZkGzEMDeJos,@Mahdi-pn4kv,1
ZkGzEMDeJos,@ManojBisen-yb6gn,1
ZkGzEMDeJos,@MarkedbyVisuals,3
ZkGzEMDeJos,@Michaela-xi1zf,1
ZkGzEMDeJos,@MrPathorock,1
ZkGzEMDeJos,@MsMelanie117,1
ZkGzEMDeJos,@Mustash-Tony,1
ZkGzEMDeJos,@Namlosen,1
ZkGzEMDeJos,@Nitty-b1x,1
ZkGzEMDeJos,@PaulJLipsky,152
ZkGzEMDeJos,@PerFTNilsson,1
ZkGzEMDeJos,@PiusOkwuego,1
ZkGzEMDeJos,@Rayhan-e1c,1
ZkGzEMDeJos,@Richard1234-l9k,1
ZkGzEMDeJos,@Rickndanger84,1
ZkGzEMDeJos,@Robert-o9y7u,1
ZkGzEMDeJos,@ShizzleSD,1
ZkGzEMDeJos,@StacyBrookman-cl6nb,1
ZkGzEMDeJos,@StratoformAI,1
ZkGzEMDeJos,@TaskSwitcherify,2
ZkGzEMDeJos,@TheHistoryCode125,1
ZkGzEMDeJos,@TommyTwista,1
ZkGzEMDeJos,@Tony-dp1rl,1
ZkGzEMDeJos,@Vichitragupta823-xm9iq,1
ZkGzEMDeJos,@ViewOfMO,2
ZkGzEMDeJos,@Vox-Veritatis,1
ZkGzEMDeJos,@XBMotivates,1
ZkGzEMDeJos,@YudronWangmo,1
ZkGzEMDeJos,@abdulahmed7456m,1
ZkGzEMDeJos,@adibzak,1
ZkGzEMDeJos,@akhildraksharapu,1
ZkGzEMDeJos,@aldorodriguezai,2
ZkGzEMDeJos,@alexandru_miklosmiklos5479,1
ZkGzEMDeJos,@alijahholder,1
ZkGzEMDeJos,@amazingqualitycontrolltd9352,1
ZkGzEMDeJos,@asterabiology459,1
ZkGzEMDeJos,@autotrafficavalanFYI,1
ZkGzEMDeJos,@bitcoin7862,1
ZkGzEMDeJos,@burcusumer6643,2
ZkGzEMDeJos,@butonphillie5114,1
ZkGzEMDeJos,@bwclownfish,1
ZkGzEMDeJos,@cathychoi6959,1
ZkGzEMDeJos,@ccmmkk,1
ZkGzEMDeJos,@ccreightonify,1
ZkGzEMDeJos,@chinlengfong,1
ZkGzEMDeJos,@cmonspike,1
ZkGzEMDeJos,@cristinarotaru,2
ZkGzEMDeJos,@dakshkumarsingh909,3
ZkGzEMDeJos,@damelos4039,2
ZkGzEMDeJos,@danmate28,1
ZkGzEMDeJos,@datbronze9846,1
ZkGzEMDeJos,@deonbuhrs8525,1
ZkGzEMDeJos,@dinnerrecipe3529,2
ZkGzEMDeJos,@doctornebula,1
ZkGzEMDeJos,@edgger1,1
ZkGzEMDeJos,@eleewilsonjrcosmosart,1
ZkGzEMDeJos,@eqdt_mattias_nilsson,1
ZkGzEMDeJos,@erikawinter-stefferud,1
ZkGzEMDeJos,@esanariam,1
ZkGzEMDeJos,@fernandolanderos4600,1
ZkGzEMDeJos,@gamingallday9225,1
ZkGzEMDeJos,@gregd6022,1
ZkGzEMDeJos,@guieswenderouamba7074,1
ZkGzEMDeJos,@guntergrenner9127,1
ZkGzEMDeJos,@hanyelmohamad7783,1
ZkGzEMDeJos,@hartmjo1,1
ZkGzEMDeJos,@hugo7375,1
ZkGzEMDeJos,@iChefShotty,1
ZkGzEMDeJos,@iks8622,1
ZkGzEMDeJos,@indepth25,1
ZkGzEMDeJos,@javierpiza6669,1
ZkGzEMDeJos,@jayg199zero,1
ZkGzEMDeJos,@jaysondavies1340,1
ZkGzEMDeJos,@jedcomics,2
ZkGzEMDeJos,@jidooo6501,1
ZkGzEMDeJos,@jmherrera00,1
ZkGzEMDeJos,@johndiaz1077,1
ZkGzEMDeJos,@johnedmond9361,1
ZkGzEMDeJos,@joseyadi,1
ZkGzEMDeJos,@jsa-z1722,1
ZkGzEMDeJos,@jsbgmc6613,1
ZkGzEMDeJos,@juliahartley-barnes975,1
ZkGzEMDeJos,@justinfinocchiaro,1
ZkGzEMDeJos,@kembahi_moghati,2
ZkGzEMDeJos,@keningilbert,1
ZkGzEMDeJos,@kylisation,1
ZkGzEMDeJos,@lerorcky,2
ZkGzEMDeJos,@lethaldose2000,3
ZkGzEMDeJos,@lightbourneai,1
ZkGzEMDeJos,@lucianaldritch3409,1
ZkGzEMDeJos,@manangupta5815,1
ZkGzEMDeJos,@manfredzechmeister3381,1
ZkGzEMDeJos,@manmeetsingh1857,1
ZkGzEMDeJos,@matthewbesant453,1
ZkGzEMDeJos,@melodytomlinson9329,1
ZkGzEMDeJos,@michaelhoney1973,1
ZkGzEMDeJos,@miraworldus,4
ZkGzEMDeJos,@moudabouacha,3
ZkGzEMDeJos,@nandinisarkar26,1
ZkGzEMDeJos,@nayem6386,1
ZkGzEMDeJos,@ngassthy,1
ZkGzEMDeJos,@nichjoht,1
ZkGzEMDeJos,@omriabadi5237,1
ZkGzEMDeJos,@onlyfanspw5223,1
ZkGzEMDeJos,@palmettomediacompany,1
ZkGzEMDeJos,@pauleasther,1
ZkGzEMDeJos,@ppurisima99,1
ZkGzEMDeJos,@prav1976,1
ZkGzEMDeJos,@pulkitjangra,1
ZkGzEMDeJos,@realBlue2024,1
ZkGzEMDeJos,@rfoliveira1975,1
ZkGzEMDeJos,@ritzcarlson,1
ZkGzEMDeJos,@roderickdanzing1414,1
ZkGzEMDeJos,@roger-bro-pi,1
ZkGzEMDeJos,@ronmac7226,1
ZkGzEMDeJos,@scicco,1
ZkGzEMDeJos,@sdrweb,2
ZkGzEMDeJos,@seankpersonal5346,1
ZkGzEMDeJos,@shai_bachar,1
ZkGzEMDeJos,@shaunralston,1
ZkGzEMDeJos,@shayakghosal7456,1
ZkGzEMDeJos,@skemsen,1
ZkGzEMDeJos,@sneomal,1
ZkGzEMDeJos,@steincoco,1
ZkGzEMDeJos,@tazzmania4ever,1
ZkGzEMDeJos,@techdudesweekly,1
ZkGzEMDeJos,@tikshuv-ccna,1
ZkGzEMDeJos,@timteller1400,1
ZkGzEMDeJos,@tohder666,1
ZkGzEMDeJos,@tuur01,1
ZkGzEMDeJos,@user-ok2xb1lw5y,1
ZkGzEMDeJos,@vasiazlati8515,1
ZkGzEMDeJos,@viorelagocs,1
ZkGzEMDeJos,@virtualjourneysnz,1
ZkGzEMDeJos,@voltairepabustan,1
ZkGzEMDeJos,@xevilman1,1
ZkGzEMDeJos,@yohannesadane6386,1
ZkGzEMDeJos,@zckom,1
a-c1M8QwK84,@AngeCesarMadick,1
a-c1M8QwK84,@acolombiadev,5
a-c1M8QwK84,@avalagum7957,1
a-c1M8QwK84,@er97g2x5hbyt,1
a-c1M8QwK84,@kaustavhalder,1
a-c1M8QwK84,@prexzone,1
a-c1M8QwK84,@shopcia,1
a-c1M8QwK84,@sterling-baird,2
a1BR6K3E4zs,@0xWorthy,1
a1BR6K3E4zs,@ItsABitNutty,1
a1BR6K3E4zs,@Lukas_H-z1x,1
a1BR6K3E4zs,@TQwando,1
a1BR6K3E4zs,@benlucky4254,1
a1BR6K3E4zs,@bmp713,1
a1BR6K3E4zs,@calmhorizons,1
a1BR6K3E4zs,@catalinul1461,1
a1BR6K3E4zs,@chatpranks9518,1
a1BR6K3E4zs,@exploittutorial8689,1
a1BR6K3E4zs,@johng5295,1
a1BR6K3E4zs,@junkname9983,1
a1BR6K3E4zs,@lunar-ix9vu,1
a1BR6K3E4zs,@mannaraps,1
a1BR6K3E4zs,@paul_devos,1
a1BR6K3E4zs,@peaceofjo,1
a1BR6K3E4zs,@piotrowicki,1
a1BR6K3E4zs,@reg20222,1
a1BR6K3E4zs,@ziyadshow-h5q,1
aEjoKWvaSX8,@automatalearninglab,2
aEjoKWvaSX8,@sakthivel-tl6wb,1
aEjoKWvaSX8,@tomeum9704,1
aEjoKWvaSX8,@zischer666,1
aefn-HldCi4,@0x8341,1
aefn-HldCi4,@1998tb,1
aefn-HldCi4,@2012perl,1
aefn-HldCi4,@76y56ytyy,4
aefn-HldCi4,@AkashKumar-jw8tb,1
aefn-HldCi4,@AkashiSenju-1,3
aefn-HldCi4,@Alfalfaprime,3
aefn-HldCi4,@AllThingsReddit_,2
aefn-HldCi4,@Animyoutube,1
aefn-HldCi4,@Anony584,1
aefn-HldCi4,@AnonymousUser-i1x,1
aefn-HldCi4,@AntonyStarkk,1
aefn-HldCi4,@AtacamaHumanoid,1
aefn-HldCi4,@BBWFan1776,2
aefn-HldCi4,@BK_VV3H,1
aefn-HldCi4,@BURl_BURl_ZAEM0N,1
aefn-HldCi4,@BabunSarkar-hw1fi,1
aefn-HldCi4,@BeAsadisticPerson,1
aefn-HldCi4,@BoogiemanGamingHD,1
aefn-HldCi4,@Brodragon2225,2
aefn-HldCi4,@ButtermilkBurden,1
aefn-HldCi4,@ChicoiGonzales,1
aefn-HldCi4,@ChillingStory-NANI,1
aefn-HldCi4,@ChristopherR1981,1
aefn-HldCi4,@CodyKampain-u4r9u,2
aefn-HldCi4,@Comment_Boss,1
aefn-HldCi4,@Consultant3152,1
aefn-HldCi4,@CrashExhibition,1
aefn-HldCi4,@Culturelens,1
aefn-HldCi4,@DataLog,1
aefn-HldCi4,@DeGame-Plays,1
aefn-HldCi4,@DeependraKhadk,1
aefn-HldCi4,@DilakhNamraye,1
aefn-HldCi4,@Egzvorg,1
aefn-HldCi4,@EngineAware,1
aefn-HldCi4,@EsaHonkonen,1
aefn-HldCi4,@FZ-DEV,1
aefn-HldCi4,@FinalOmission,1
aefn-HldCi4,@Flutterwithalan,2
aefn-HldCi4,@Gamingworld-hg1cx,1
aefn-HldCi4,@Hacktivist12,1
aefn-HldCi4,@HappyCat-v2c,2
aefn-HldCi4,@HiddenView1977,2
aefn-HldCi4,@ImranShaikh-gb6js,1
aefn-HldCi4,@JA-gz6cj,1
aefn-HldCi4,@JayKennedy-vr5ej,2
aefn-HldCi4,@JessyLingard-i4m,1
aefn-HldCi4,@JusticePeaceLoveHarmony,1
aefn-HldCi4,@JustinMozzer,1
aefn-HldCi4,@Jxst-Mhdx,1
aefn-HldCi4,@KartavyaSingh-o2d,1
aefn-HldCi4,@Katze-41,1
aefn-HldCi4,@KkUNIVERSE-f6y,1
aefn-HldCi4,@Kumar_honey,1
aefn-HldCi4,@LakeJet-i3s,2
aefn-HldCi4,@Lee-p4m4j,1
aefn-HldCi4,@MajorPerceptron,1
aefn-HldCi4,@MasuMintoff,1
aefn-HldCi4,@Mono_small_soul,1
aefn-HldCi4,@MrBenMhidi,1
aefn-HldCi4,@MrHuntervad,1
aefn-HldCi4,@Mysticmingle22,1
aefn-HldCi4,@Nberry1,2
aefn-HldCi4,@NurikAbrams,2
aefn-HldCi4,@Paogrin,1
aefn-HldCi4,@Prasanthsubramaniancouponbus,1
aefn-HldCi4,@PutchaDickawayWaltuh,1
aefn-HldCi4,@Rashed_8i,1
aefn-HldCi4,@RequiemMask31,1
aefn-HldCi4,@Rohit-tp7qx,1
aefn-HldCi4,@S.U.K.U.N.A.,1
aefn-HldCi4,@SAUL_GOODMAN_lawyer,1
aefn-HldCi4,@SahilSharma-ug8xk,1
aefn-HldCi4,@Second_Law,1
aefn-HldCi4,@ShahzadAshrafi,1
aefn-HldCi4,@SherrylFernandes-c8e,1
aefn-HldCi4,@Siphakid,1
aefn-HldCi4,@SoftWorkDotNg,1
aefn-HldCi4,@Soya8827,1
aefn-HldCi4,@Stern4EVERx,1
aefn-HldCi4,@StocksTimeLapse,1
aefn-HldCi4,@Swanzo,6
aefn-HldCi4,@TECHEMPIRESOFT,2
aefn-HldCi4,@TRKBHH55456,1
aefn-HldCi4,@TheRealNarutoUzumaki,1
aefn-HldCi4,@TheSk2020,1
aefn-HldCi4,@TheTravelEdits,1
aefn-HldCi4,@Tom-nm9wf,1
aefn-HldCi4,@TrevorPhilps69,1
aefn-HldCi4,@Tux0xFF,1
aefn-HldCi4,@UPI-karo,1
aefn-HldCi4,@Uranwarrior,1
aefn-HldCi4,@VixtorValentin,1
aefn-HldCi4,@YashThakur-m3r,1
aefn-HldCi4,@YousifYahya-g3d,1
aefn-HldCi4,@Zzan369,1
aefn-HldCi4,@__BD__________8,1
aefn-HldCi4,@__________________________4073,1
aefn-HldCi4,@aRCHIECooper-v5u,1
aefn-HldCi4,@abelgomez1719,1
aefn-HldCi4,@abhisheksinha3111,1
aefn-HldCi4,@ankitait2,1
aefn-HldCi4,@anonymous_dev9472,1
aefn-HldCi4,@arielgoldfarb4118,2
aefn-HldCi4,@arkadihughes4893,1
aefn-HldCi4,@arshadsyed4640,1
aefn-HldCi4,@asak1991,1
aefn-HldCi4,@ashischatterjee7729,1
aefn-HldCi4,@ashrafkhan4097,1
aefn-HldCi4,@axelisaacrijosantana9465,1
aefn-HldCi4,@ayushtewari2826,2
aefn-HldCi4,@baderbadrouch2036,2
aefn-HldCi4,@bahriyeli9,1
aefn-HldCi4,@bambinoesu,1
aefn-HldCi4,@barrygaming7242,1
aefn-HldCi4,@berlin8539,1
aefn-HldCi4,@bitter__truthss,1
aefn-HldCi4,@brittanywilliams4174,1
aefn-HldCi4,@brujafe666,1
aefn-HldCi4,@canisiuskaaria716,1
aefn-HldCi4,@carltonlambert7608,3
aefn-HldCi4,@carsongutierrez7072,1
aefn-HldCi4,@chillmarko477,1
aefn-HldCi4,@cihannesvat4261,1
aefn-HldCi4,@cloudboysmusic5223,1
aefn-HldCi4,@codewithshriekdj,1
aefn-HldCi4,@computer_science10,1
aefn-HldCi4,@craigreeves5465,1
aefn-HldCi4,@crem44,1
aefn-HldCi4,@debiduttakanungo902,1
aefn-HldCi4,@deepakjaswal2609,1
aefn-HldCi4,@degualbosav9754,1
aefn-HldCi4,@dennismarks6133,1
aefn-HldCi4,@destinyegbuaba4963,1
aefn-HldCi4,@dfasdsaf,1
aefn-HldCi4,@dikshasfood,1
aefn-HldCi4,@dogstorme9333,2
aefn-HldCi4,@drdzdd,1
aefn-HldCi4,@dudestravel8934,1
aefn-HldCi4,@dukeofear,1
aefn-HldCi4,@egavin8509,1
aefn-HldCi4,@emailbox-xz2ow,1
aefn-HldCi4,@ettagideon7526,2
aefn-HldCi4,@everyonesview,2
aefn-HldCi4,@eziohunt2751,1
aefn-HldCi4,@farmer_fromIndia,1
aefn-HldCi4,@fenderjazzbrian,1
aefn-HldCi4,@fireplayer1349,1
aefn-HldCi4,@friedfrenzy525,1
aefn-HldCi4,@furqantarique3484,1
aefn-HldCi4,@gabrielcastro7027,1
aefn-HldCi4,@garageboyz2634,2
aefn-HldCi4,@geraldsidd3922,1
aefn-HldCi4,@gilian2587,1
aefn-HldCi4,@growbgl,2
aefn-HldCi4,@guest-l1n,1
aefn-HldCi4,@guywithclass,1
aefn-HldCi4,@hajarelalit,1
aefn-HldCi4,@hardworkerarmy5090,1
aefn-HldCi4,@harotsa,2
aefn-HldCi4,@harrisn3693,1
aefn-HldCi4,@honestperson0007,1
aefn-HldCi4,@imbatman999,1
aefn-HldCi4,@imdad111,1
aefn-HldCi4,@imnugget8085,3
aefn-HldCi4,@innocent_devil22,1
aefn-HldCi4,@iqwebserve3973,1
aefn-HldCi4,@itsurguy7756,1
aefn-HldCi4,@j0hnk120,1
aefn-HldCi4,@jacksonpaulitzki8771,1
aefn-HldCi4,@jamestucker4800,1
aefn-HldCi4,@jeffcurrie123,1
aefn-HldCi4,@jessecunningham4283,1
aefn-HldCi4,@jibbs051,1
aefn-HldCi4,@johnflorence2672,1
aefn-HldCi4,@justendeavor,1
aefn-HldCi4,@kameshwarchurendra160,1
aefn-HldCi4,@kartheekchinthada1733,1
aefn-HldCi4,@kasozar3800,1
aefn-HldCi4,@kleczkovsky2r588,1
aefn-HldCi4,@krdheeraj_yadav,1
aefn-HldCi4,@ksaravanakumar8042,1
aefn-HldCi4,@lancodex,2
aefn-HldCi4,@landstalkerreda5507,1
aefn-HldCi4,@larryfinley9221,1
aefn-HldCi4,@leo-an0zu,1
aefn-HldCi4,@levimelo6599,3
aefn-HldCi4,@llothar68,1
aefn-HldCi4,@luiggymacias5735,1
aefn-HldCi4,@markm7411,2
aefn-HldCi4,@minimee2908,1
aefn-HldCi4,@mktvm3839,1
aefn-HldCi4,@mmm-ie5ws,1
aefn-HldCi4,@mohamedsarr1795,1
aefn-HldCi4,@mohammadilyas540,1
aefn-HldCi4,@molvor1996,1
aefn-HldCi4,@mongi244,1
aefn-HldCi4,@moniesh_e,1
aefn-HldCi4,@muhammadrahim4712,1
aefn-HldCi4,@murmur9152,1
aefn-HldCi4,@mushikamatomd2793,1
aefn-HldCi4,@myselfyuvi,1
aefn-HldCi4,@nbelgium,1
aefn-HldCi4,@newaivn,1
aefn-HldCi4,@nicholasacosta5207,1
aefn-HldCi4,@ninja11120,1
aefn-HldCi4,@now_or_never_07,1
aefn-HldCi4,@oooowl10,2
aefn-HldCi4,@padhyswostik,1
aefn-HldCi4,@perfectsplit5515,1
aefn-HldCi4,@petartoshev1172,1
aefn-HldCi4,@petrlaskevic1948,1
aefn-HldCi4,@pinoyrunningpenguin,4
aefn-HldCi4,@piyushprajapati1870,1
aefn-HldCi4,@pleb__bear4157,1
aefn-HldCi4,@prasadawhale,1
aefn-HldCi4,@quranwahadeeskiraoshnimein3315,4
aefn-HldCi4,@qwzy-654,1
aefn-HldCi4,@rahulbhagwat4010,1
aefn-HldCi4,@rahulprodev,1
aefn-HldCi4,@rakeshbute,1
aefn-HldCi4,@ravibathula9105,1
aefn-HldCi4,@raynovicio7332,2
aefn-HldCi4,@rcmag13,1
aefn-HldCi4,@rein556,1
aefn-HldCi4,@rhymetime-y2o,1
aefn-HldCi4,@rihamission487,1
aefn-HldCi4,@ritamsarkar3156,2
aefn-HldCi4,@rithickchowdhury7116,1
aefn-HldCi4,@rumaadhikary185,1
aefn-HldCi4,@sabbar_shakoor,1
aefn-HldCi4,@sabisho1,1
aefn-HldCi4,@sagaraiwale,1
aefn-HldCi4,@sahoopradipta,1
aefn-HldCi4,@saitamathecoder1386,2
aefn-HldCi4,@saluran1733,1
aefn-HldCi4,@samuelgeorge3823,1
aefn-HldCi4,@saurabhdadhich5485,2
aefn-HldCi4,@sauravthegreat,1
aefn-HldCi4,@shaswaths2802,2
aefn-HldCi4,@sketchionic6356,1
aefn-HldCi4,@stevendaley4439,1
aefn-HldCi4,@sudhirsalunkhe7996,1
aefn-HldCi4,@sunnymitra6372,1
aefn-HldCi4,@synriser6742,1
aefn-HldCi4,@systx01,1
aefn-HldCi4,@takenow2550,1
aefn-HldCi4,@tanalson,2
aefn-HldCi4,@teycitek,1
aefn-HldCi4,@thanostsokas8715,2
aefn-HldCi4,@the-real-i9,1
aefn-HldCi4,@thewiseowl8804,1
aefn-HldCi4,@tmehussain,1
aefn-HldCi4,@torpedo-p2m,4
aefn-HldCi4,@twentyonetwentysix,1
aefn-HldCi4,@usmanmahmood3276,1
aefn-HldCi4,@vaskogood1580,1
aefn-HldCi4,@virisia5448,3
aefn-HldCi4,@vlad6075,1
aefn-HldCi4,@vladbarbu3372,1
aefn-HldCi4,@wiizzaarrddd,1
aefn-HldCi4,@winniethepooh4891,1
aefn-HldCi4,@wisemonk3992,1
aefn-HldCi4,@wmalexfinlayson,1
aefn-HldCi4,@yoda_zen,1
aefn-HldCi4,@yoyoz333,1
aefn-HldCi4,@zjohnson22,1
ap_aTqpL3Ik,@AdityaSutar-k6z,1
ap_aTqpL3Ik,@CodeSnippetByChetanGhate,8
ap_aTqpL3Ik,@MDFIROZ-te8wz,1
ap_aTqpL3Ik,@PareshgadhaviJava-t4l7g,1
ap_aTqpL3Ik,@ParthDabhiOfficial,1
ap_aTqpL3Ik,@SurajGaikwad-x3k,1
ap_aTqpL3Ik,@albella7773,1
ap_aTqpL3Ik,@aldogutierrez8240,1
ap_aTqpL3Ik,@anushkaghosh313,1
ap_aTqpL3Ik,@kokasrikanth4323,1
ap_aTqpL3Ik,@lokeshr9794,1
ap_aTqpL3Ik,@nainitalhills4280,1
ap_aTqpL3Ik,@pritiranjanbarad4804,1
ap_aTqpL3Ik,@rameshragolu330,1
ap_aTqpL3Ik,@richJinny,1
ap_aTqpL3Ik,@rishiraj2548,1
ap_aTqpL3Ik,@sanjusanjeev5851,1
ap_aTqpL3Ik,@siddharthsanas,2
ap_aTqpL3Ik,@vikaskamble7044,1
bcFTdbvYEi0,@-R-.,3
bcFTdbvYEi0,@111rtik,1
bcFTdbvYEi0,@Alex.Vantaa,1
bcFTdbvYEi0,@ApexDevHQ,1
bcFTdbvYEi0,@BTTREdits,1
bcFTdbvYEi0,@Bleepoh,2
bcFTdbvYEi0,@Buildwith_sonia,1
bcFTdbvYEi0,@CHzY6767,1
bcFTdbvYEi0,@DerexArchives,1
bcFTdbvYEi0,@Dixon_tec,1
bcFTdbvYEi0,@EpticityOG,1
bcFTdbvYEi0,@Erariz,1
bcFTdbvYEi0,@Flubberio,1
bcFTdbvYEi0,@GOAT_RONNIE,2
bcFTdbvYEi0,@GT9653,1
bcFTdbvYEi0,@Hunnybutter91,1
bcFTdbvYEi0,@Israelxwilliams,1
bcFTdbvYEi0,@JT-ky9gr,2
bcFTdbvYEi0,@JacobIsNotaToad,1
bcFTdbvYEi0,@JamalSWE,1
bcFTdbvYEi0,@Javsha,1
bcFTdbvYEi0,@Lalaooke-c4q,1
bcFTdbvYEi0,@LuizMoureau,1
bcFTdbvYEi0,@M3mphis._,1
bcFTdbvYEi0,@PRANAV_BHASKAR-DEVELOPER,1
bcFTdbvYEi0,@RoseyCRSL,1
bcFTdbvYEi0,@Soviaat,1
bcFTdbvYEi0,@TheBlackHandOfTime,1
bcFTdbvYEi0,@TheDiaryOfFounder,1
bcFTdbvYEi0,@TheWinnieston,1
bcFTdbvYEi0,@ThomasRodriguez-e6r,1
bcFTdbvYEi0,@TooMuchGas420,1
bcFTdbvYEi0,@UrbanSky-b4c,1
bcFTdbvYEi0,@Uxdkkkhcddvbh,1
bcFTdbvYEi0,@ZlatkoTestDerkoskiTest,1
bcFTdbvYEi0,@_D_avid,1
bcFTdbvYEi0,@_aidid,1
bcFTdbvYEi0,@a.m_blueberries,1
bcFTdbvYEi0,@aliyeuluc3133,1
bcFTdbvYEi0,@ameliagabble,1
bcFTdbvYEi0,@bboombayah4662,1
bcFTdbvYEi0,@bobbyyyy,1
bcFTdbvYEi0,@brunofaninp9281,1
bcFTdbvYEi0,@careers101,1
bcFTdbvYEi0,@carlo_m,1
bcFTdbvYEi0,@cherrkong,1
bcFTdbvYEi0,@cozycasasmr4510,1
bcFTdbvYEi0,@createwroman,1
bcFTdbvYEi0,@cronopios20,1
bcFTdbvYEi0,@diptirani3896,1
bcFTdbvYEi0,@dojd3000,1
bcFTdbvYEi0,@drummerlovesthis,3
bcFTdbvYEi0,@foreignwarren7361,2
bcFTdbvYEi0,@geovanyhernandez8640,1
bcFTdbvYEi0,@handybobandy,1
bcFTdbvYEi0,@ielz8657,1
bcFTdbvYEi0,@ihandle24,1
bcFTdbvYEi0,@jai.forsure,1
bcFTdbvYEi0,@jdotoz,1
bcFTdbvYEi0,@kiki_the_creator,1
bcFTdbvYEi0,@koyp6060,1
bcFTdbvYEi0,@kuenholmstrom4525,1
bcFTdbvYEi0,@lazycornchip,2
bcFTdbvYEi0,@lemonlemonkiwimango,1
bcFTdbvYEi0,@levibelliveau3812,1
bcFTdbvYEi0,@lufemega7137,1
bcFTdbvYEi0,@magg1e,1
bcFTdbvYEi0,@markp.8329,4
bcFTdbvYEi0,@mattcodez,1
bcFTdbvYEi0,@metanacomputercoding,1
bcFTdbvYEi0,@mightymovse,1
bcFTdbvYEi0,@moeunvannroth,1
bcFTdbvYEi0,@mouaadjaaidi5011,1
bcFTdbvYEi0,@mzaim7153,1
bcFTdbvYEi0,@newtmyutals,1
bcFTdbvYEi0,@nilaakshinilaakshi3027,1
bcFTdbvYEi0,@notorioustcy,2
bcFTdbvYEi0,@ns2304,1
bcFTdbvYEi0,@oglothenerd,1
bcFTdbvYEi0,@p0r5ch3911,1
bcFTdbvYEi0,@pathsystems,1
bcFTdbvYEi0,@sevuszeld,1
bcFTdbvYEi0,@shresthashreya5418,1
bcFTdbvYEi0,@sophiel-pb4tx,1
bcFTdbvYEi0,@ssaifon.t,1
bcFTdbvYEi0,@theasianjames5053,1
bcFTdbvYEi0,@theawesomeness29,1
bcFTdbvYEi0,@thecrazycreeper7959,1
bcFTdbvYEi0,@theinnertraveler,1
bcFTdbvYEi0,@thekristaleffect,1
bcFTdbvYEi0,@theoddtacoo,1
bcFTdbvYEi0,@thomasschulzz,2
bcFTdbvYEi0,@vieirav,1
bcFTdbvYEi0,@warrenarnoldmusic,3
bcFTdbvYEi0,@willy4170,1
bcFTdbvYEi0,@wojciechduranowski5515,1
bcFTdbvYEi0,@yuuuuuu-02,5
bcFTdbvYEi0,@АняМихайлова-ъ1н,1
cgD-bTTe20I,@102_ShreyaDey_IT,1
cgD-bTTe20I,@1skeletoner,2
cgD-bTTe20I,@67cf-l1x,1
cgD-bTTe20I,@AXZ505,1
cgD-bTTe20I,@AffectionateAntenna-sn2wq,1
cgD-bTTe20I,@AleKetsaal,1
cgD-bTTe20I,@Alex.Vantaa,1
cgD-bTTe20I,@Andy79Elite,1
cgD-bTTe20I,@AndyJMacLeod,1
cgD-bTTe20I,@Anthony31416,1
cgD-bTTe20I,@AnthonyDickerson,1
cgD-bTTe20I,@ArnieIsSkhizo,1
cgD-bTTe20I,@AureliusInvictuss,1
cgD-bTTe20I,@Autopilot-Dates,1
cgD-bTTe20I,@BP369PLS,1
cgD-bTTe20I,@BasicBrute,1
cgD-bTTe20I,@BenHoehn-m5g,1
cgD-bTTe20I,@Big_-O,1
cgD-bTTe20I,@BoxPlays,1
cgD-bTTe20I,@Br7c3n,1
cgD-bTTe20I,@BridgeStack,1
cgD-bTTe20I,@Buildwithsady,1
cgD-bTTe20I,@Coco_Amare,1
cgD-bTTe20I,@ContentCentral007,1
cgD-bTTe20I,@CustomContent,1
cgD-bTTe20I,@CwazyStowies,1
cgD-bTTe20I,@David-gu8hv,1
cgD-bTTe20I,@DeEnigeEchte-B,1
cgD-bTTe20I,@Dev-or8cu,1
cgD-bTTe20I,@DevAsFaq,1
cgD-bTTe20I,@EdiBig_88,1
cgD-bTTe20I,@ErikvsLenny,1
cgD-bTTe20I,@ExecutiveFrequency,1
cgD-bTTe20I,@FactsHenNet,1
cgD-bTTe20I,@GenAIstudiioZ,1
cgD-bTTe20I,@Getitdone-l9g,1
cgD-bTTe20I,@HandHanzo,1
cgD-bTTe20I,@Hushout,1
cgD-bTTe20I,@IbrahimDar-nu5tz,1
cgD-bTTe20I,@JMoney744,1
cgD-bTTe20I,@Jack-ox3rd,1
cgD-bTTe20I,@JasonKing-m6m,1
cgD-bTTe20I,@JerricaHalim,1
cgD-bTTe20I,@JustaProductGuy,1
cgD-bTTe20I,@Kaiaualad,1
cgD-bTTe20I,@Likhith-o9q,1
cgD-bTTe20I,@Logic01Real,1
cgD-bTTe20I,@Luggruff,1
cgD-bTTe20I,@Lutheranon,1
cgD-bTTe20I,@Luv1920,1
cgD-bTTe20I,@MartinDlabaja,1
cgD-bTTe20I,@Medjed-pi5pw,1
cgD-bTTe20I,@Miguel_Thorpe,1
cgD-bTTe20I,@Monte4B,1
cgD-bTTe20I,@MrtrenchTrucker,1
cgD-bTTe20I,@MyTravelOdyssey,1
cgD-bTTe20I,@NEWBOLD33,1
cgD-bTTe20I,@Northstar2000,1
cgD-bTTe20I,@POLTERGIE5T,1
cgD-bTTe20I,@PatriotBobTPUSA,1
cgD-bTTe20I,@PavlovsDogg,1
cgD-bTTe20I,@Pit_Crew_F1,1
cgD-bTTe20I,@PixelTrainer.,1
cgD-bTTe20I,@PixelWasBytten,1
cgD-bTTe20I,@PixelatedSquid-s7c,1
cgD-bTTe20I,@PiyushGupta-vx6qi,1
cgD-bTTe20I,@Polliterroristi,1
cgD-bTTe20I,@ProsperPeter-x4u,1
cgD-bTTe20I,@QuyTheLuck,2
cgD-bTTe20I,@RatherBeCancelledThanHandled,1
cgD-bTTe20I,@ReasonavleGlyph,1
cgD-bTTe20I,@Rijoware,1
cgD-bTTe20I,@RipFussxl,2
cgD-bTTe20I,@Sady.builds,1
cgD-bTTe20I,@Sharkcool10000,1
cgD-bTTe20I,@Shawbslol,2
cgD-bTTe20I,@SubQKyle,1
cgD-bTTe20I,@TK_121,1
cgD-bTTe20I,@TazBo-wd2ig,1
cgD-bTTe20I,@ThaBigBear,1
cgD-bTTe20I,@ThabangMoilo,1
cgD-bTTe20I,@TheGreatDonaldJFuckingTrump,1
cgD-bTTe20I,@TheLUCKYONETutorials,1
cgD-bTTe20I,@TheLedgerArchive1,1
cgD-bTTe20I,@TheMuslimApologist,1
cgD-bTTe20I,@TheSinEater-Silk,1
cgD-bTTe20I,@ThomasConover,1
cgD-bTTe20I,@Tolly1882,1
cgD-bTTe20I,@Tomax99,1
cgD-bTTe20I,@Warrior-of-the-Living-God,1
cgD-bTTe20I,@Xurkon,2
cgD-bTTe20I,@YhungProf,1
cgD-bTTe20I,@YouTuberImpersonator,1
cgD-bTTe20I,@abhishekpaul6094,1
cgD-bTTe20I,@aiden-fp9ts,1
cgD-bTTe20I,@alienwatchers934,1
cgD-bTTe20I,@animeodyssey777,1
cgD-bTTe20I,@anishkamble7111,1
cgD-bTTe20I,@ashenonesol,1
cgD-bTTe20I,@babokanal4223,1
cgD-bTTe20I,@bantykumar.sh999,1
cgD-bTTe20I,@beejay860,1
cgD-bTTe20I,@bettertoaster,1
cgD-bTTe20I,@bhavinpadia,1
cgD-bTTe20I,@brian0167,1
cgD-bTTe20I,@bufflehead_RBMK,1
cgD-bTTe20I,@cars_with_monte,1
cgD-bTTe20I,@caughtLackin,1
cgD-bTTe20I,@chynoid,1
cgD-bTTe20I,@crazystyles3256,1
cgD-bTTe20I,@dabinchen9182,1
cgD-bTTe20I,@davidbutler9323,1
cgD-bTTe20I,@diabeticvirus374,1
cgD-bTTe20I,@dogapeduel,1
cgD-bTTe20I,@dracodracodracodracodraco,1
cgD-bTTe20I,@elLaboratorioDeLenin,1
cgD-bTTe20I,@emak9412,1
cgD-bTTe20I,@enricosagnelli9329,1
cgD-bTTe20I,@enzyme3531,1
cgD-bTTe20I,@fact_tronix6993,1
cgD-bTTe20I,@fankrys,1
cgD-bTTe20I,@fatulcosmin,1
cgD-bTTe20I,@filipinoTOFU,1
cgD-bTTe20I,@firstcome5740,1
cgD-bTTe20I,@fruitpunchsan1471,1
cgD-bTTe20I,@georgejohnson6879,1
cgD-bTTe20I,@gforcetx-z4z,1
cgD-bTTe20I,@ghiva22,1
cgD-bTTe20I,@giaenuuu,1
cgD-bTTe20I,@gojo2132,1
cgD-bTTe20I,@guyeshel9316,1
cgD-bTTe20I,@honkhonk8009,1
cgD-bTTe20I,@illuminator847,1
cgD-bTTe20I,@indiandeveloper4624,1
cgD-bTTe20I,@iplayguitar1000,1
cgD-bTTe20I,@isaacbluejack3572,1
cgD-bTTe20I,@jacksonpedlar,1
cgD-bTTe20I,@jal051,1
cgD-bTTe20I,@jason_v12345,1
cgD-bTTe20I,@javonwells1354,1
cgD-bTTe20I,@jeffreysevinga9398,1
cgD-bTTe20I,@jemersonfd,1
cgD-bTTe20I,@jeremyseay,1
cgD-bTTe20I,@joelmalinao1202,1
cgD-bTTe20I,@joeyp978,1
cgD-bTTe20I,@josuemartinez6929,1
cgD-bTTe20I,@juangv8002,1
cgD-bTTe20I,@juliancousins2867,1
cgD-bTTe20I,@karrapato,1
cgD-bTTe20I,@katocamtec,1
cgD-bTTe20I,@kingjudecole,1
cgD-bTTe20I,@kir11,1
cgD-bTTe20I,@koalak7456,1
cgD-bTTe20I,@kobidbhardwaj8964,1
cgD-bTTe20I,@konstantinoskefalas3954,1
cgD-bTTe20I,@kp9883,1
cgD-bTTe20I,@kryologik,1
cgD-bTTe20I,@ktk1144,1
cgD-bTTe20I,@lipinglin1994,1
cgD-bTTe20I,@ltownandfriends4531,1
cgD-bTTe20I,@lucasbigandt,1
cgD-bTTe20I,@m_p_5k,1
cgD-bTTe20I,@macastell90,1
cgD-bTTe20I,@marshmama,1
cgD-bTTe20I,@matthewstar2880,1
cgD-bTTe20I,@monse-t7y,1
cgD-bTTe20I,@moonmoonn8871,1
cgD-bTTe20I,@n1h1L1sticc,1
cgD-bTTe20I,@namankaushal7458,1
cgD-bTTe20I,@nerkTV,1
cgD-bTTe20I,@nightcoremaster911,1
cgD-bTTe20I,@noctuss86,1
cgD-bTTe20I,@omerozmen5632,1
cgD-bTTe20I,@oniichann-gaming,1
cgD-bTTe20I,@orcunkoraliseri9214,1
cgD-bTTe20I,@padmad3k63,1
cgD-bTTe20I,@parasitius,1
cgD-bTTe20I,@pk3donyt,1
cgD-bTTe20I,@po6-com,1
cgD-bTTe20I,@pontedevsmain,1
cgD-bTTe20I,@puspandas5961,1
cgD-bTTe20I,@rodrigaumm42,1
cgD-bTTe20I,@roguel1ke,1
cgD-bTTe20I,@roniravikumar1048,1
cgD-bTTe20I,@rossco_paddison,1
cgD-bTTe20I,@seppdaniel_,1
cgD-bTTe20I,@shiyowastaken,1
cgD-bTTe20I,@sigfriedl,1
cgD-bTTe20I,@snowdier4771,1
cgD-bTTe20I,@soumyajitdey5720,1
cgD-bTTe20I,@stefan.wohlgensinger.coaching,1
cgD-bTTe20I,@stefanlise7590,1
cgD-bTTe20I,@susovanghosh3535,1
cgD-bTTe20I,@swagwizardpost,1
cgD-bTTe20I,@teddymarkov,1
cgD-bTTe20I,@thavith,1
cgD-bTTe20I,@thejaskrishnantc,1
cgD-bTTe20I,@thestoryteller23,1
cgD-bTTe20I,@theviper3479,1
cgD-bTTe20I,@trn-w3y,1
cgD-bTTe20I,@uniatrix,1
cgD-bTTe20I,@user-gu7bt2me9m,1
cgD-bTTe20I,@user-ib6km8kh7f,1
cgD-bTTe20I,@v.f.38,1
cgD-bTTe20I,@vibeappsdev,1
cgD-bTTe20I,@vishnurajbhar007,1
cgD-bTTe20I,@vitorpar6,1
cgD-bTTe20I,@vitquack4078,1
cgD-bTTe20I,@w00dy420,1
cgD-bTTe20I,@wali-h1v,1
cgD-bTTe20I,@wheredidileavemycell,1
cgD-bTTe20I,@whipskimaroc,1
cgD-bTTe20I,@wowpeter,1
cgD-bTTe20I,@xbxb,1
cyPaAkRfEBQ,@2A9D8F,1
cyPaAkRfEBQ,@AK-tz4it,1
cyPaAkRfEBQ,@AhmedMoussa147,1
cyPaAkRfEBQ,@Butters4Lyfe,2
cyPaAkRfEBQ,@Iranianyoutubers,1
cyPaAkRfEBQ,@ItayBia,1
cyPaAkRfEBQ,@JohanBautista-s3i,1
cyPaAkRfEBQ,@MarusykRoman,1
cyPaAkRfEBQ,@PedroOliveira-sl6nw,1
cyPaAkRfEBQ,@RudySarmiento750,1
cyPaAkRfEBQ,@abbody121,1
cyPaAkRfEBQ,@bazookaman3,2
cyPaAkRfEBQ,@bscodev,1
cyPaAkRfEBQ,@koodauskanava9096,1
cyPaAkRfEBQ,@lucasew,2
cyPaAkRfEBQ,@neozoid7009,2
cyPaAkRfEBQ,@nlogn-xf7ly,1
cyPaAkRfEBQ,@rohitmania1,1
cyPaAkRfEBQ,@rude_people_die_young,1
cyPaAkRfEBQ,@rutvaydhami367,1
cyPaAkRfEBQ,@showmethemoney824,1
cyPaAkRfEBQ,@techscratch35898,1
dgiBc4-LSrM,@2FAyes,1
dgiBc4-LSrM,@444mikeee,2
dgiBc4-LSrM,@CbdToilette,1
dgiBc4-LSrM,@CookieCoder2025,1
dgiBc4-LSrM,@Corbin_Brown,10
dgiBc4-LSrM,@DrEverythingBAlright,1
dgiBc4-LSrM,@EmeraldHenry-ro9bb,1
dgiBc4-LSrM,@GavinMcCloy,1
dgiBc4-LSrM,@HadiMalik-y6w,1
dgiBc4-LSrM,@IGodzSouljaI,1
dgiBc4-LSrM,@Itsmejabs,1
dgiBc4-LSrM,@Kanemachine,1
dgiBc4-LSrM,@MariodelaCuadraIzquierdo,1
dgiBc4-LSrM,@MyMooD1600,1
dgiBc4-LSrM,@Partiallyjacked,1
dgiBc4-LSrM,@RamirosLab,1
dgiBc4-LSrM,@SatouTatsuhiro-o8d,1
dgiBc4-LSrM,@Shizzymynizzy,1
dgiBc4-LSrM,@Silver.vision,1
dgiBc4-LSrM,@StupidInternetPeople,1
dgiBc4-LSrM,@ThisisMastermind,1
dgiBc4-LSrM,@X-DIAMONDZ,1
dgiBc4-LSrM,@_Holy_Lance_,1
dgiBc4-LSrM,@abdullahshahel6909,1
dgiBc4-LSrM,@affiliatemarketingbasics,1
dgiBc4-LSrM,@allabay,2
dgiBc4-LSrM,@cap.grozelha,1
dgiBc4-LSrM,@chadnelson8906,1
dgiBc4-LSrM,@christianm4906,1
dgiBc4-LSrM,@clarke4552,1
dgiBc4-LSrM,@drewdavis597,1
dgiBc4-LSrM,@edmoremunedzimwe1802,1
dgiBc4-LSrM,@ewerton15,1
dgiBc4-LSrM,@frankv8858,1
dgiBc4-LSrM,@fritzstudios8571,1
dgiBc4-LSrM,@instead5,1
dgiBc4-LSrM,@jairtzinio,1
dgiBc4-LSrM,@jamesh4129,1
dgiBc4-LSrM,@jamesxxxxxx,1
dgiBc4-LSrM,@jeno.javori_music,1
dgiBc4-LSrM,@joshbottube,1
dgiBc4-LSrM,@jumpmanz5,1
dgiBc4-LSrM,@konrawatch,1
dgiBc4-LSrM,@legrab42,1
dgiBc4-LSrM,@milomadeagame,1
dgiBc4-LSrM,@mraaaaaaa,1
dgiBc4-LSrM,@mrapsouthern,1
dgiBc4-LSrM,@openroomxyz,1
dgiBc4-LSrM,@osamaalsanani,1
dgiBc4-LSrM,@override367,1
dgiBc4-LSrM,@paulovrampim1180,1
dgiBc4-LSrM,@perriceitconsulting718,2
dgiBc4-LSrM,@pezcue937,1
dgiBc4-LSrM,@proflead,1
dgiBc4-LSrM,@rahulraj12313,1
dgiBc4-LSrM,@samuelsm,1
dgiBc4-LSrM,@sasoritaiga,1
dgiBc4-LSrM,@shangobashi,1
dgiBc4-LSrM,@sifat21-n7r,1
dgiBc4-LSrM,@sirakinb,2
dgiBc4-LSrM,@sivasudhan-dc9iq,1
dgiBc4-LSrM,@superresistant0,1
dgiBc4-LSrM,@thebasketllc,1
dgiBc4-LSrM,@theeagle7054,1
dgiBc4-LSrM,@xGamecoolx,1
dgiBc4-LSrM,@zezz453,1
eMZmDH3T2bY,@1gatuquan,1
eMZmDH3T2bY,@1lucas,1
eMZmDH3T2bY,@4acae86,1
eMZmDH3T2bY,@AI96HU,1
eMZmDH3T2bY,@APS0195,1
eMZmDH3T2bY,@ARGraphX,1
eMZmDH3T2bY,@AdityaBorah16,1
eMZmDH3T2bY,@AdityaRLama,1
eMZmDH3T2bY,@AdolfoRamirez-z6r,1
eMZmDH3T2bY,@Allthingsworktogether1125,1
eMZmDH3T2bY,@Ammmiggoo,1
eMZmDH3T2bY,@AppliedaiLabs,1
eMZmDH3T2bY,@Aracnacon1,1
eMZmDH3T2bY,@Assim99,2
eMZmDH3T2bY,@AthelstanEngland,1
eMZmDH3T2bY,@B.Champagne,1
eMZmDH3T2bY,@BassByTheBay,1
eMZmDH3T2bY,@Belial-k7c,1
eMZmDH3T2bY,@Bioanare,1
eMZmDH3T2bY,@BlakeHemsworth-k5j,1
eMZmDH3T2bY,@CAT.Creative,1
eMZmDH3T2bY,@Coldchaintheory,1
eMZmDH3T2bY,@CoreyMarlin,1
eMZmDH3T2bY,@Daniel_calli,1
eMZmDH3T2bY,@Deewinter00,1
eMZmDH3T2bY,@Drashawnx9,1
eMZmDH3T2bY,@Dusty2455433,2
eMZmDH3T2bY,@Eddie-gb3bn,1
eMZmDH3T2bY,@EhiLovesGaming,1
eMZmDH3T2bY,@EmilLacar,1
eMZmDH3T2bY,@EnidLin-z3g,1
eMZmDH3T2bY,@EquityJunkies,1
eMZmDH3T2bY,@Everything_Evie432,1
eMZmDH3T2bY,@Eyring.Brandon,1
eMZmDH3T2bY,@FotisMystakopoulos,1
eMZmDH3T2bY,@Fuzzaratales,1
eMZmDH3T2bY,@GODSWILLMEDIAANDPHOTOGRAPHY,1
eMZmDH3T2bY,@H3Et,1
eMZmDH3T2bY,@ImranMomin,1
eMZmDH3T2bY,@InfoLunix,1
eMZmDH3T2bY,@IslamicStudio-v,1
eMZmDH3T2bY,@JB-Creative-AI,1
eMZmDH3T2bY,@JoLoremipsum,1
eMZmDH3T2bY,@JonLam.Builds,1
eMZmDH3T2bY,@Josébasquez-z9m,1
eMZmDH3T2bY,@KVKAutomates,1
eMZmDH3T2bY,@KennyTheKonnect,1
eMZmDH3T2bY,@KevinStratvert,2
eMZmDH3T2bY,@LahuSonavne-r1v,1
eMZmDH3T2bY,@LarsLarssonggwp,1
eMZmDH3T2bY,@LaurelS-33,1
eMZmDH3T2bY,@MERIAMSIKINI,1
eMZmDH3T2bY,@MajiDreamer-pe6tg,1
eMZmDH3T2bY,@Marcin_Plaza2,1
eMZmDH3T2bY,@Markush12345,1
eMZmDH3T2bY,@MarlonAndrews,1
eMZmDH3T2bY,@MarriedWithBackpacks,1
eMZmDH3T2bY,@MeesvanPuijenbroek,1
eMZmDH3T2bY,@MinjonWorldAffairs-zc2iv,1
eMZmDH3T2bY,@Mr.digitailor,1
eMZmDH3T2bY,@Musriq,1
eMZmDH3T2bY,@NIKOcloudfox,1
eMZmDH3T2bY,@NilsDom-j6v,1
eMZmDH3T2bY,@NorbertDoetsch,1
eMZmDH3T2bY,@PJsunstrom,1
eMZmDH3T2bY,@Pookie-manio,1
eMZmDH3T2bY,@RajdeepSingh-yl6dk,2
eMZmDH3T2bY,@RangaPrakashs,1
eMZmDH3T2bY,@Red-y3p5e,1
eMZmDH3T2bY,@RedLion88,1
eMZmDH3T2bY,@RoaringKing,1
eMZmDH3T2bY,@RodolfoNoelLozada-t8b,1
eMZmDH3T2bY,@SGvB-pb7bw,1
eMZmDH3T2bY,@SOULCLINIC2.0,1
eMZmDH3T2bY,@SPB157,1
eMZmDH3T2bY,@SamuelStevens-ff7wn,1
eMZmDH3T2bY,@SecretOfMonkeyIsland784,2
eMZmDH3T2bY,@SongOfStorms411,1
eMZmDH3T2bY,@StanREFFERAL39,1
eMZmDH3T2bY,@StatelessChad,1
eMZmDH3T2bY,@TF-qt3jh,1
eMZmDH3T2bY,@TMDAthlete,1
eMZmDH3T2bY,@TheOpenChurchProject,1
eMZmDH3T2bY,@TheRightHandedNeutrino,1
eMZmDH3T2bY,@TheTerminusX,1
eMZmDH3T2bY,@TheWillischillis,1
eMZmDH3T2bY,@Tito_1982,1
eMZmDH3T2bY,@Tncollector,1
eMZmDH3T2bY,@UttamPanara,1
eMZmDH3T2bY,@VallarasuVallarasu-l4t,1
eMZmDH3T2bY,@Wackelstein1,1
eMZmDH3T2bY,@Xialoh,1
eMZmDH3T2bY,@YellowOrangeMoneky,1
eMZmDH3T2bY,@_Juicy,1
eMZmDH3T2bY,@aYn_5Y,1
eMZmDH3T2bY,@aarrkellz,2
eMZmDH3T2bY,@abdurrehman6597,1
eMZmDH3T2bY,@adebisiolaoluwa2125,1
eMZmDH3T2bY,@adilsinbekesh4454,2
eMZmDH3T2bY,@adityarajput5820,1
eMZmDH3T2bY,@ahmedsherif7505,1
eMZmDH3T2bY,@ailaG,1
eMZmDH3T2bY,@ajauffret,1
eMZmDH3T2bY,@al_wombat,3
eMZmDH3T2bY,@alaric19,1
eMZmDH3T2bY,@alexisnangle5105,1
eMZmDH3T2bY,@alksdng97834y,1
eMZmDH3T2bY,@amoghskulkarni,1
eMZmDH3T2bY,@andreysobolev244,1
eMZmDH3T2bY,@angelotv3043,1
eMZmDH3T2bY,@antiapofis135,1
eMZmDH3T2bY,@antonskv,1
eMZmDH3T2bY,@asadbilal591,1
eMZmDH3T2bY,@bashirabdelwahed,1
eMZmDH3T2bY,@bellewesly6704,1
eMZmDH3T2bY,@benjaminroberts85,1
eMZmDH3T2bY,@bigbadallybaby,1
eMZmDH3T2bY,@blancers7881,1
eMZmDH3T2bY,@blushandrush9584,1
eMZmDH3T2bY,@bradsmith5311,1
eMZmDH3T2bY,@bystiai,1
eMZmDH3T2bY,@capravasranjan2121,1
eMZmDH3T2bY,@castorviolet,1
eMZmDH3T2bY,@cekirdekci32,1
eMZmDH3T2bY,@cheesesneezee,1
eMZmDH3T2bY,@cheyrasmussen264,1
eMZmDH3T2bY,@christootell,1
eMZmDH3T2bY,@circusfreakRob,1
eMZmDH3T2bY,@cjrobinson0828999,1
eMZmDH3T2bY,@climatebabes,1
eMZmDH3T2bY,@clyde._,1
eMZmDH3T2bY,@cnk2323,1
eMZmDH3T2bY,@codprawn,1
eMZmDH3T2bY,@curtisnewton895,2
eMZmDH3T2bY,@cynthia.supports,1
eMZmDH3T2bY,@darksambal,1
eMZmDH3T2bY,@davidwalz94,2
eMZmDH3T2bY,@dealermode,1
eMZmDH3T2bY,@dicomdan,1
eMZmDH3T2bY,@dsantosfranco,1
eMZmDH3T2bY,@ethanbeacom,1
eMZmDH3T2bY,@ethanradd,1
eMZmDH3T2bY,@euss-x9h,1
eMZmDH3T2bY,@extrat6495,1
eMZmDH3T2bY,@fb30xhk,1
eMZmDH3T2bY,@flyingbutter.246,1
eMZmDH3T2bY,@fredfinger7092,1
eMZmDH3T2bY,@gaeldilamh2572,1
eMZmDH3T2bY,@gautamchandrasekharan3,1
eMZmDH3T2bY,@ggbuyceps,1
eMZmDH3T2bY,@giddydigs,1
eMZmDH3T2bY,@glickyaron9490,1
eMZmDH3T2bY,@hammondsoftware,3
eMZmDH3T2bY,@hathspider9763,1
eMZmDH3T2bY,@henrythai6375,1
eMZmDH3T2bY,@igorthelight,1
eMZmDH3T2bY,@jacobharris2373,1
eMZmDH3T2bY,@james_builds_brands,1
eMZmDH3T2bY,@jayistic,1
eMZmDH3T2bY,@jayseb,2
eMZmDH3T2bY,@jesper5259,2
eMZmDH3T2bY,@jhg388,1
eMZmDH3T2bY,@jimmy-h7z2s,2
eMZmDH3T2bY,@jimtenn8857,1
eMZmDH3T2bY,@joeb3548,1
eMZmDH3T2bY,@joecee6862,1
eMZmDH3T2bY,@joedougs,1
eMZmDH3T2bY,@johnp7158,1
eMZmDH3T2bY,@jonathansalm92,1
eMZmDH3T2bY,@joshuafarrell8877,1
eMZmDH3T2bY,@josnaiberdejesusjasperodri9590,1
eMZmDH3T2bY,@k_2187,1
eMZmDH3T2bY,@kamiljangarbacz,2
eMZmDH3T2bY,@khermoucheali8600,1
eMZmDH3T2bY,@krishheals2386,1
eMZmDH3T2bY,@kyuhyunpark2239,1
eMZmDH3T2bY,@lateefmaleek9190,1
eMZmDH3T2bY,@madankaran21,1
eMZmDH3T2bY,@manwithnocode,1
eMZmDH3T2bY,@marcocordero2233,1
eMZmDH3T2bY,@markk364,1
eMZmDH3T2bY,@mercynik2019,1
eMZmDH3T2bY,@merlin8675309,1
eMZmDH3T2bY,@mewmew5125,1
eMZmDH3T2bY,@michael102387,1
eMZmDH3T2bY,@mikecoppa1,1
eMZmDH3T2bY,@mikeforslund7375,1
eMZmDH3T2bY,@mofos2872,1
eMZmDH3T2bY,@mrigammusic,3
eMZmDH3T2bY,@mrohailiqbal,1
eMZmDH3T2bY,@msyslo,1
eMZmDH3T2bY,@mudassirmoin8368,1
eMZmDH3T2bY,@mygoldenvalley,1
eMZmDH3T2bY,@na_wu,1
eMZmDH3T2bY,@ndacc72,1
eMZmDH3T2bY,@neilfpv,1
eMZmDH3T2bY,@nelsongomes-zj8uc,1
eMZmDH3T2bY,@neveriamcaesar,2
eMZmDH3T2bY,@nitish9662,1
eMZmDH3T2bY,@norwegianzound,2
eMZmDH3T2bY,@nuks84,2
eMZmDH3T2bY,@obsidianwolf-yt,1
eMZmDH3T2bY,@olozmada,2
eMZmDH3T2bY,@onlineorchid,1
eMZmDH3T2bY,@onyourpocket8642,1
eMZmDH3T2bY,@pedroquerido2268,1
eMZmDH3T2bY,@polaris1985,3
eMZmDH3T2bY,@praveennarender9423,1
eMZmDH3T2bY,@quincyxan23,1
eMZmDH3T2bY,@r0b0ho3o,1
eMZmDH3T2bY,@radityawaliulu,4
eMZmDH3T2bY,@ragibrownak5712,1
eMZmDH3T2bY,@raja__ff__045,1
eMZmDH3T2bY,@readyproce-r1i,1
eMZmDH3T2bY,@rgautam0320,1
eMZmDH3T2bY,@ruyik01,1
eMZmDH3T2bY,@sanjeevp,1
eMZmDH3T2bY,@sayow55,1
eMZmDH3T2bY,@schemagroup1,1
eMZmDH3T2bY,@severtone263,1
eMZmDH3T2bY,@shaunmoyle8136,1
eMZmDH3T2bY,@shayan4197,1
eMZmDH3T2bY,@sidequestchan,2
eMZmDH3T2bY,@southisacknova,1
eMZmDH3T2bY,@spawnterror,1
eMZmDH3T2bY,@srinathpadmanabhan,2
eMZmDH3T2bY,@sunitjoshi3573,1
eMZmDH3T2bY,@swarnalatha5243,1
eMZmDH3T2bY,@tannyxie8328,1
eMZmDH3T2bY,@taslima7051,1
eMZmDH3T2bY,@taylorgledhill,1
eMZmDH3T2bY,@tgn623,1
eMZmDH3T2bY,@theclayj,1
eMZmDH3T2bY,@thedinosham,1
eMZmDH3T2bY,@thegreatflyingbenjamin,1
eMZmDH3T2bY,@theloniousMac,1
eMZmDH3T2bY,@thetazlord,1
eMZmDH3T2bY,@tiercitierci,1
eMZmDH3T2bY,@todortodorov6056,1
eMZmDH3T2bY,@tonyareyes7496,1
eMZmDH3T2bY,@tracylam6823,1
eMZmDH3T2bY,@twenteee,1
eMZmDH3T2bY,@txtasosxt,1
eMZmDH3T2bY,@uSlackr,1
eMZmDH3T2bY,@usajimary,1
eMZmDH3T2bY,@vigneshpadmanabhan4088,1
eMZmDH3T2bY,@vssantos,1
eMZmDH3T2bY,@warfaceuk,1
eMZmDH3T2bY,@wbjxfkwsklejfde34d,1
eMZmDH3T2bY,@xshivan,1
eMZmDH3T2bY,@xtianiyke7623,1
eMZmDH3T2bY,@yazi27,1
eMZmDH3T2bY,@yevasss3439,1
eMZmDH3T2bY,@方四公子,1
eaRGX9wVlU0,@Aarunseege,1
eaRGX9wVlU0,@Agent007-v1b,1
eaRGX9wVlU0,@Ap_twsh,3
eaRGX9wVlU0,@BaruchNave,1
eaRGX9wVlU0,@BayuSamasta,1
eaRGX9wVlU0,@BramYuda-d8w,1
eaRGX9wVlU0,@BrooklynBambi,1
eaRGX9wVlU0,@ChiefLiviz,1
eaRGX9wVlU0,@DJTweet-d1d,1
eaRGX9wVlU0,@DRHARISHVENKATKULKARNI,1
eaRGX9wVlU0,@DevOps-007-v5h,1
eaRGX9wVlU0,@Divine_wave23,1
eaRGX9wVlU0,@Falcon_797,1
eaRGX9wVlU0,@Gemini-meet,1
eaRGX9wVlU0,@I.AM.Mr.A12,1
eaRGX9wVlU0,@J1Jordy,3
eaRGX9wVlU0,@JamalSWE,1
eaRGX9wVlU0,@Khl8122,1
eaRGX9wVlU0,@KokumBalani,1
eaRGX9wVlU0,@LeadStartupsTelugu,1
eaRGX9wVlU0,@MRJBPU,1
eaRGX9wVlU0,@MajorPerceptron,1
eaRGX9wVlU0,@Maxwell-y8t7z,1
eaRGX9wVlU0,@MeetTiwoeeM,1
eaRGX9wVlU0,@MikeFFR,1
eaRGX9wVlU0,@Momo-nosuga,1
eaRGX9wVlU0,@NataliaGems-p5o,1
eaRGX9wVlU0,@NickBarratt110,2
eaRGX9wVlU0,@NikhilDheeman,1
eaRGX9wVlU0,@OziokoCyril,1
eaRGX9wVlU0,@PrajwalDevanga-z4o,1
eaRGX9wVlU0,@Raj_phonic,1
eaRGX9wVlU0,@S.YousafAli,1
eaRGX9wVlU0,@Santhosh-r8i7i,1
eaRGX9wVlU0,@SurprisedDivingBoard-vu9rz,1
eaRGX9wVlU0,@TheJosephIbrahimShow,1
eaRGX9wVlU0,@The_AverageFarmer,1
eaRGX9wVlU0,@Utuber459,1
eaRGX9wVlU0,@Vision_10101,1
eaRGX9wVlU0,@VrkPeru-nw2uv,1
eaRGX9wVlU0,@YOUTUBEPARADISE-e5p,2
eaRGX9wVlU0,@abillin6398,2
eaRGX9wVlU0,@adamgolan8443,1
eaRGX9wVlU0,@alexandern9075,1
eaRGX9wVlU0,@anacebotari8604,1
eaRGX9wVlU0,@ashutoshsingh1247,1
eaRGX9wVlU0,@awaisqureshi2931,1
eaRGX9wVlU0,@bahaibragimov2516,1
eaRGX9wVlU0,@blackpaper9169,1
eaRGX9wVlU0,@bobdeni244,4
eaRGX9wVlU0,@bobo-n1o,3
eaRGX9wVlU0,@chaz-e,3
eaRGX9wVlU0,@coder5411,1
eaRGX9wVlU0,@cynamonstudio,1
eaRGX9wVlU0,@dan-g8e2f,1
eaRGX9wVlU0,@davidkuda,1
eaRGX9wVlU0,@devilboss9063,1
eaRGX9wVlU0,@diary-of-x,1
eaRGX9wVlU0,@dominicfrain1265,1
eaRGX9wVlU0,@georgeageorgopoulos,1
eaRGX9wVlU0,@gh5q-k4s,1
eaRGX9wVlU0,@graemejones9707,2
eaRGX9wVlU0,@hxkdneuxbxjdidndnxj,1
eaRGX9wVlU0,@iitzgodofmischief,1
eaRGX9wVlU0,@itsmeamol1,1
eaRGX9wVlU0,@jeeps4-life,1
eaRGX9wVlU0,@kanthdigitalstudio,1
eaRGX9wVlU0,@khumbulanimavuma4173,1
eaRGX9wVlU0,@lidefsomar5291,1
eaRGX9wVlU0,@lockdowntrendings1207,1
eaRGX9wVlU0,@lucemlumen,1
eaRGX9wVlU0,@maintaininganonymity221,2
eaRGX9wVlU0,@manioommen871,1
eaRGX9wVlU0,@marcusrosales3344,1
eaRGX9wVlU0,@mmm-ie5ws,1
eaRGX9wVlU0,@odairsilva10,4
eaRGX9wVlU0,@pingoo969,1
eaRGX9wVlU0,@priapushk996,1
eaRGX9wVlU0,@prime1965,1
eaRGX9wVlU0,@rajadon2071,1
eaRGX9wVlU0,@ricardobessoni9717,1
eaRGX9wVlU0,@rohanp8354,1
eaRGX9wVlU0,@safsfsfdfgdg,1
eaRGX9wVlU0,@searchwikipediafallacy5567,1
eaRGX9wVlU0,@seraphim-official-sh,1
eaRGX9wVlU0,@shanxutube,1
eaRGX9wVlU0,@sharanr2667,1
eaRGX9wVlU0,@sjaedn,1
eaRGX9wVlU0,@skylinecreations.1634,2
eaRGX9wVlU0,@sri3730,1
eaRGX9wVlU0,@susmitbanerjee6092,2
eaRGX9wVlU0,@sykal,1
eaRGX9wVlU0,@tariqimran3743,1
eaRGX9wVlU0,@techtricks7594,1
eaRGX9wVlU0,@the-real-i9,1
eaRGX9wVlU0,@thereal415er,1
eaRGX9wVlU0,@toonsofmetaverse,1
eaRGX9wVlU0,@tyagrajbhatt603,1
eaRGX9wVlU0,@tyleroberts,1
eaRGX9wVlU0,@velofficialAI,1
eaRGX9wVlU0,@vfgrfbgrb,1
eaRGX9wVlU0,@zohaib0335,2
eaRGX9wVlU0,@ಸೀತಾರಾಮಾಂಜನೇಯ,1
exjhaHmZk8g,@AIsustainable,1
exjhaHmZk8g,@AkshayRajpurohitt,1
exjhaHmZk8g,@Briggie,1
exjhaHmZk8g,@Djellowman,2
exjhaHmZk8g,@MaxSteele-w1b,1
exjhaHmZk8g,@Mr-f1t-v2v,1
exjhaHmZk8g,@Mykolau1m,1
exjhaHmZk8g,@Some0ne_0n_di_lnternet,1
exjhaHmZk8g,@TheEranTalmor,1
exjhaHmZk8g,@TheMisterGuy,2
exjhaHmZk8g,@VarunSaiNadiminti,1
exjhaHmZk8g,@armaanamatya935,1
exjhaHmZk8g,@beyond-the-model,1
exjhaHmZk8g,@codehead01,1
exjhaHmZk8g,@console.memory,1
exjhaHmZk8g,@farukada,1
exjhaHmZk8g,@heavestern,1
exjhaHmZk8g,@jpgundertanner,1
exjhaHmZk8g,@mkhwanazicebo4448,1
exjhaHmZk8g,@nholanl1952,1
exjhaHmZk8g,@saladhead2345,1
exjhaHmZk8g,@shivam-shah,2
exjhaHmZk8g,@warclarin,1
exjhaHmZk8g,@womagrid,1
exjhaHmZk8g,@zakuro8532,1
fP5URbP30j0,@12crenshaw,1
fP5URbP30j0,@1devndogs,1
fP5URbP30j0,@21Million,1
fP5URbP30j0,@3r2s4A4q,1
fP5URbP30j0,@AIRRAZOR44,1
fP5URbP30j0,@Abdennour_Ab,1
fP5URbP30j0,@AetasDave,1
fP5URbP30j0,@AgentJohnson1,1
fP5URbP30j0,@Alcardian_0,1
fP5URbP30j0,@AnkushKun,1
fP5URbP30j0,@ArchitecturalAesthetics2046,1
fP5URbP30j0,@AzulaAlwaysLies,1
fP5URbP30j0,@BShivanshu,1
fP5URbP30j0,@BigBl4nk,2
fP5URbP30j0,@Blooblyblolbo212,1
fP5URbP30j0,@BoldSound-f2f,1
fP5URbP30j0,@Brent_P,1
fP5URbP30j0,@BrutusAlbion,1
fP5URbP30j0,@CR26898,1
fP5URbP30j0,@CzPhantom,1
fP5URbP30j0,@DMoneys36,1
fP5URbP30j0,@DailyFaithPrayerCindyTrimm,1
fP5URbP30j0,@Daniel-ir4ki,1
fP5URbP30j0,@Deckhead74,1
fP5URbP30j0,@Derekzparty,1
fP5URbP30j0,@Einimas,1
fP5URbP30j0,@Emilgod,1
fP5URbP30j0,@Fafix666,1
fP5URbP30j0,@G1Fabian,1
fP5URbP30j0,@Gadrawingz,1
fP5URbP30j0,@GodOfMacro,1
fP5URbP30j0,@GreatValueBleach-l2z,1
fP5URbP30j0,@IcedLance,1
fP5URbP30j0,@Jack-t5u9j,1
fP5URbP30j0,@JacobSean-iy3tl,1
fP5URbP30j0,@Jenkkimie,1
fP5URbP30j0,@JimLecka,1
fP5URbP30j0,@JohnnyMikeDeLaRochefoucault,1
fP5URbP30j0,@Johnzen03,1
fP5URbP30j0,@K0r0k0_17,1
fP5URbP30j0,@KobeBlackMamba24,1
fP5URbP30j0,@MattRioux-t2n,1
fP5URbP30j0,@MentalzCk,1
fP5URbP30j0,@MlaskiMlask,1
fP5URbP30j0,@Moshiur_r000,1
fP5URbP30j0,@MrAsmontero,1
fP5URbP30j0,@NathanSmutz,1
fP5URbP30j0,@NeuroplasticTransformation,1
fP5URbP30j0,@NicolasGryman,1
fP5URbP30j0,@Nightsd01,1
fP5URbP30j0,@Omegaessalt,1
fP5URbP30j0,@Ondal1,1
fP5URbP30j0,@Patrick-ui7vf,1
fP5URbP30j0,@Planeta1951,1
fP5URbP30j0,@Psyda,1
fP5URbP30j0,@Pupan0102,1
fP5URbP30j0,@PyckledNyk,1
fP5URbP30j0,@Quantris,1
fP5URbP30j0,@Rocinante808,1
fP5URbP30j0,@Rotaszko,1
fP5URbP30j0,@SoulmaN69420,1
fP5URbP30j0,@SpeakChinglish,1
fP5URbP30j0,@StaceyWilsonlosangeles,1
fP5URbP30j0,@Stajh,1
fP5URbP30j0,@SuccessMindset2180,1
fP5URbP30j0,@TejAgarwal,1
fP5URbP30j0,@TheFBerger,1
fP5URbP30j0,@TheLucanicLord,1
fP5URbP30j0,@TheNQwithJohnQ,1
fP5URbP30j0,@ThePrimeTimeagen,1
fP5URbP30j0,@TheUmbroDragon,1
fP5URbP30j0,@ThnkIaA,1
fP5URbP30j0,@ToddWBucy-lf8yz,1
fP5URbP30j0,@Traditional_Force,1
fP5URbP30j0,@UberKingTJ01,2
fP5URbP30j0,@VladimirGolev,1
fP5URbP30j0,@WEB3GISEL,1
fP5URbP30j0,@Xerathiel,1
fP5URbP30j0,@Zach-s5g,1
fP5URbP30j0,@abhilashpandey283,1
fP5URbP30j0,@abubakar-z3s8i,1
fP5URbP30j0,@afiq980,1
fP5URbP30j0,@ahsaniqbaltechsoft,1
fP5URbP30j0,@akaashthesky,1
fP5URbP30j0,@alecdotdev,2
fP5URbP30j0,@alejandrofonseca405,1
fP5URbP30j0,@alidahud337,1
fP5URbP30j0,@andreasgottardi8770,1
fP5URbP30j0,@andreashauschild7757,1
fP5URbP30j0,@ansambel3170,1
fP5URbP30j0,@antonioreyes6203,1
fP5URbP30j0,@aradan3913,1
fP5URbP30j0,@arkano22,1
fP5URbP30j0,@ashoka9306,1
fP5URbP30j0,@bereketteketel1128,1
fP5URbP30j0,@blimpalim,1
fP5URbP30j0,@boonbroadcast,1
fP5URbP30j0,@bradw2k,1
fP5URbP30j0,@cdes68,1
fP5URbP30j0,@charlesumesi,1
fP5URbP30j0,@chrikke,1
fP5URbP30j0,@clippyclipface,1
fP5URbP30j0,@connorharvey9137,1
fP5URbP30j0,@danieldalton1757,1
fP5URbP30j0,@danrm5674,1
fP5URbP30j0,@dayknight29,1
fP5URbP30j0,@definitelynotadam,2
fP5URbP30j0,@designbyamirul,1
fP5URbP30j0,@doober4309,1
fP5URbP30j0,@doriandavi8955,1
fP5URbP30j0,@ellenberes4888,1
fP5URbP30j0,@esaith9852,1
fP5URbP30j0,@floopygoober,1
fP5URbP30j0,@funicon3689,1
fP5URbP30j0,@galsherp6173,1
fP5URbP30j0,@games4us132,1
fP5URbP30j0,@geekworthy7938,1
fP5URbP30j0,@geekyAbhijeet,1
fP5URbP30j0,@gerritvanmol,1
fP5URbP30j0,@gsgregory2022,1
fP5URbP30j0,@hagalaz793,1
fP5URbP30j0,@honkhonk8009,1
fP5URbP30j0,@howyoutubesmells,1
fP5URbP30j0,@iam_qwerty,1
fP5URbP30j0,@imBurre,1
fP5URbP30j0,@imjuszay1470,1
fP5URbP30j0,@inv0019,1
fP5URbP30j0,@j.stribling2565,1
fP5URbP30j0,@jaysmitty-dev,1
fP5URbP30j0,@jayvee4787,1
fP5URbP30j0,@jedielson31,1
fP5URbP30j0,@joejohnyeah7098,1
fP5URbP30j0,@johnbarnhill386,1
fP5URbP30j0,@johncmunson91,1
fP5URbP30j0,@jondelarr,1
fP5URbP30j0,@joneskamikaze6228,1
fP5URbP30j0,@karbofoss,1
fP5URbP30j0,@kdss7535,1
fP5URbP30j0,@khabibownsmysoul7836,1
fP5URbP30j0,@khealer,1
fP5URbP30j0,@kostialev,1
fP5URbP30j0,@kuhluhOG,1
fP5URbP30j0,@l1nuxguy646,1
fP5URbP30j0,@leftoverpizza01,1
fP5URbP30j0,@lidu6363,1
fP5URbP30j0,@loicmiralles8367,1
fP5URbP30j0,@lovelindhonijb,1
fP5URbP30j0,@lucsspace,1
fP5URbP30j0,@lukronos1,1
fP5URbP30j0,@m.r.itran.1234,1
fP5URbP30j0,@maintaininganonymity221,1
fP5URbP30j0,@markm5927,1
fP5URbP30j0,@matt4590,1
fP5URbP30j0,@matthew_berman,1
fP5URbP30j0,@matthewgower689,1
fP5URbP30j0,@matthiaszielinski2343,1
fP5URbP30j0,@michaelferguson1514,1
fP5URbP30j0,@michakocher1392,1
fP5URbP30j0,@mola8973,1
fP5URbP30j0,@motazabdelazeem3533,1
fP5URbP30j0,@mr.rabbit5642,1
fP5URbP30j0,@mvm8816,1
fP5URbP30j0,@narrativeless404,1
fP5URbP30j0,@nc737,1
fP5URbP30j0,@oldandtired-555,1
fP5URbP30j0,@ov3rcl0cked,1
fP5URbP30j0,@pixelnomad4931,1
fP5URbP30j0,@poondaddy9992,1
fP5URbP30j0,@praveenpg,1
fP5URbP30j0,@profrollchen9946,1
fP5URbP30j0,@programmar8000,1
fP5URbP30j0,@pumpkineater31699,1
fP5URbP30j0,@qet-lab,1
fP5URbP30j0,@quentins8165,1
fP5URbP30j0,@randyvolters7719,1
fP5URbP30j0,@rfn900,1
fP5URbP30j0,@rmidifferent8906,1
fP5URbP30j0,@rubbercable,1
fP5URbP30j0,@rufaloice,1
fP5URbP30j0,@sakshamvasishth2805,1
fP5URbP30j0,@sarora8629,1
fP5URbP30j0,@scotmcpherson,1
fP5URbP30j0,@scottspitlerII,1
fP5URbP30j0,@shakamangululu7075,1
fP5URbP30j0,@softwaretechnologyengineering,1
fP5URbP30j0,@srinathShresthaSucks,2
fP5URbP30j0,@stephenkolostyak4087,2
fP5URbP30j0,@sveik_,1
fP5URbP30j0,@swagmuffin9000,1
fP5URbP30j0,@theb3654,1
fP5URbP30j0,@thebach9231,1
fP5URbP30j0,@thijssmits9608,3
fP5URbP30j0,@timberhoff,1
fP5URbP30j0,@tomtommyl805,1
fP5URbP30j0,@ubeydk,1
fP5URbP30j0,@vladimirarevshatyan4622,2
fP5URbP30j0,@wasitworthitQM,1
fP5URbP30j0,@webmaster-p1k,1
fP5URbP30j0,@woocashtech,1
fP5URbP30j0,@zapoyou2,1
fP5URbP30j0,@zenxi2681,1
fP5URbP30j0,@zizah69,1
fQeybL6w-Wo,@2dorrr-t4t,1
fQeybL6w-Wo,@32zim32,1
fQeybL6w-Wo,@Akhil_Balan_A,1
fQeybL6w-Wo,@Alphunter4,1
fQeybL6w-Wo,@AmericatheBeautiful-p4z,1
fQeybL6w-Wo,@AndrewTSq,1
fQeybL6w-Wo,@Antebios,1
fQeybL6w-Wo,@AnythingGodamnit,1
fQeybL6w-Wo,@Baskoro-l9x,1
fQeybL6w-Wo,@Bazixxx,1
fQeybL6w-Wo,@Bharatesh-uj4ki,1
fQeybL6w-Wo,@BrunkenDrawler,1
fQeybL6w-Wo,@Clinomania23,1
fQeybL6w-Wo,@CodeCharmer,1
fQeybL6w-Wo,@CoffeeSlaps,1
fQeybL6w-Wo,@DanielDogeanu,1
fQeybL6w-Wo,@Dav-jj2jb,1
fQeybL6w-Wo,@EduardKaresli,1
fQeybL6w-Wo,@El-Aminoh,1
fQeybL6w-Wo,@ElyseGiroux,1
fQeybL6w-Wo,@Eon_Judge,1
fQeybL6w-Wo,@EsculachoPolítico-k1o,3
fQeybL6w-Wo,@ExploringAI42,1
fQeybL6w-Wo,@FG-td4vs,1
fQeybL6w-Wo,@FredoCorleone,1
fQeybL6w-Wo,@FurkanKalli,1
fQeybL6w-Wo,@GuilhermeHenrique-tz5mn,1
fQeybL6w-Wo,@Guywiththetypewriter,1
fQeybL6w-Wo,@Gypelayo,1
fQeybL6w-Wo,@Hashbrown1816,1
fQeybL6w-Wo,@HexaCypher_x,1
fQeybL6w-Wo,@ImSoPerplexed,1
fQeybL6w-Wo,@IvanProtsyk1998,1
fQeybL6w-Wo,@JamesMcGhee,1
fQeybL6w-Wo,@JeBongusBingus,1
fQeybL6w-Wo,@JudahHelland,1
fQeybL6w-Wo,@Kurious_George,1
fQeybL6w-Wo,@LocutionJulia,1
fQeybL6w-Wo,@LordOfElm,1
fQeybL6w-Wo,@Ma1ne2,1
fQeybL6w-Wo,@MarkyBoom-zc5sz,1
fQeybL6w-Wo,@MartyViolio,1
fQeybL6w-Wo,@MichaelThomasOFlaherty,1
fQeybL6w-Wo,@Mindgamer2702,1
fQeybL6w-Wo,@MoMoadeli,1
fQeybL6w-Wo,@Mossmyr,1
fQeybL6w-Wo,@MrMrCureit,1
fQeybL6w-Wo,@MultiDeivas,1
fQeybL6w-Wo,@NeoElix,1
fQeybL6w-Wo,@NikolaMatković-h9i,1
fQeybL6w-Wo,@NikosAnimals,1
fQeybL6w-Wo,@Nix-zv9jz,1
fQeybL6w-Wo,@Olllieeg,1
fQeybL6w-Wo,@OriginBullet,2
fQeybL6w-Wo,@PeterVerhas,1
fQeybL6w-Wo,@PlaySecond,2
fQeybL6w-Wo,@RAJEEVCHAUDHARY160,1
fQeybL6w-Wo,@Rotaszko,1
fQeybL6w-Wo,@SXsoft99,1
fQeybL6w-Wo,@SatanIsTheLord,1
fQeybL6w-Wo,@ScientifikX1,1
fQeybL6w-Wo,@ShadowR4ze,1
fQeybL6w-Wo,@ShortThePig,1
fQeybL6w-Wo,@SirThomMik,1
fQeybL6w-Wo,@Skadongle,1
fQeybL6w-Wo,@StAbPdd5793,1
fQeybL6w-Wo,@SteelHeart5813,2
fQeybL6w-Wo,@StephanLie-t7s,1
fQeybL6w-Wo,@TAP7a,1
fQeybL6w-Wo,@Teting7484f,1
fQeybL6w-Wo,@TheDimanoid999,1
fQeybL6w-Wo,@TheFreshMakerHD,1
fQeybL6w-Wo,@TheHermitProcess,1
fQeybL6w-Wo,@TheNefastor,1
fQeybL6w-Wo,@TheRatsintheWalls,1
fQeybL6w-Wo,@TheRealMrGreen,1
fQeybL6w-Wo,@Tom-nm9wf,1
fQeybL6w-Wo,@Tony-dp1rl,1
fQeybL6w-Wo,@Twentyone-s2y,1
fQeybL6w-Wo,@Viking_Fish,1
fQeybL6w-Wo,@WilliamMungas,1
fQeybL6w-Wo,@Y2Kvids,1
fQeybL6w-Wo,@ZlatkoTestDerkoskiTest,1
fQeybL6w-Wo,@Zwork101,1
fQeybL6w-Wo,@_Cfocus,1
fQeybL6w-Wo,@_sky_3123,1
fQeybL6w-Wo,@adams-home-lab,2
fQeybL6w-Wo,@adrianlazar3120,2
fQeybL6w-Wo,@akhilboby2442,1
fQeybL6w-Wo,@alexgreenwood3868,1
fQeybL6w-Wo,@alexios2263,1
fQeybL6w-Wo,@amunet9245,1
fQeybL6w-Wo,@anonymousperson4466,1
fQeybL6w-Wo,@araibirshad8294,1
fQeybL6w-Wo,@arrrghh,1
fQeybL6w-Wo,@atlantaen,1
fQeybL6w-Wo,@awesome-coding,13
fQeybL6w-Wo,@azs06,1
fQeybL6w-Wo,@baophan408,1
fQeybL6w-Wo,@benjaminhon86,1
fQeybL6w-Wo,@black53342,1
fQeybL6w-Wo,@blueSpirit137,1
fQeybL6w-Wo,@boilingsausage8049,2
fQeybL6w-Wo,@brambasiel,1
fQeybL6w-Wo,@bramburn,3
fQeybL6w-Wo,@burrybondz225,1
fQeybL6w-Wo,@caco8292,1
fQeybL6w-Wo,@cahva2,1
fQeybL6w-Wo,@catenjoeyerhixo,1
fQeybL6w-Wo,@cete66,1
fQeybL6w-Wo,@cfuendev,1
fQeybL6w-Wo,@chili209,1
fQeybL6w-Wo,@coc1841,1
fQeybL6w-Wo,@codeman99-dev,1
fQeybL6w-Wo,@codokit,1
fQeybL6w-Wo,@commonsensedev,1
fQeybL6w-Wo,@cybergodkek6618,1
fQeybL6w-Wo,@darkSlayerx77,1
fQeybL6w-Wo,@davidgorgan0408,1
fQeybL6w-Wo,@descriptive_aura,1
fQeybL6w-Wo,@designerdenin,1
fQeybL6w-Wo,@doguy8650,1
fQeybL6w-Wo,@earther-traveler,1
fQeybL6w-Wo,@eduardo-cat,1
fQeybL6w-Wo,@ehm-wg8pd,1
fQeybL6w-Wo,@eman3144,1
fQeybL6w-Wo,@emilichannel,1
fQeybL6w-Wo,@ericmackrodt9441,2
fQeybL6w-Wo,@esgn.design,1
fQeybL6w-Wo,@evertonc1448,1
fQeybL6w-Wo,@eygs493,3
fQeybL6w-Wo,@fc6827,1
fQeybL6w-Wo,@flecko5,1
fQeybL6w-Wo,@fooorio,1
fQeybL6w-Wo,@franciscoparejo,1
fQeybL6w-Wo,@funnyanimalworld7579,2
fQeybL6w-Wo,@furqantarique3484,1
fQeybL6w-Wo,@getoutfromheresuar,1
fQeybL6w-Wo,@ginger-viking,1
fQeybL6w-Wo,@glowlog,1
fQeybL6w-Wo,@glynnwright1699,1
fQeybL6w-Wo,@grapy83,1
fQeybL6w-Wo,@greendickandyams,1
fQeybL6w-Wo,@gregcarlson8438,1
fQeybL6w-Wo,@grimcloud2701,1
fQeybL6w-Wo,@gro967,1
fQeybL6w-Wo,@henryvaneyk3769,1
fQeybL6w-Wo,@hermana1016,1
fQeybL6w-Wo,@hermes6910,2
fQeybL6w-Wo,@himcrookedvulture2265,1
fQeybL6w-Wo,@honkhonk8009,1
fQeybL6w-Wo,@hugodasilva9050,1
fQeybL6w-Wo,@ionizePlaying,1
fQeybL6w-Wo,@jamesp9304,1
fQeybL6w-Wo,@jamtart22,1
fQeybL6w-Wo,@jonathanoyervides7647,1
fQeybL6w-Wo,@jyk3732,1
fQeybL6w-Wo,@karolstopinski8350,1
fQeybL6w-Wo,@kbm-iy9tj,1
fQeybL6w-Wo,@kc12394,1
fQeybL6w-Wo,@keshavkumar1843,1
fQeybL6w-Wo,@kirill4531,1
fQeybL6w-Wo,@kristjanu444,1
fQeybL6w-Wo,@kryptoknight992,1
fQeybL6w-Wo,@kyriosity-at-github,1
fQeybL6w-Wo,@lauconmarmusic9591,1
fQeybL6w-Wo,@lenargilmanov7893,1
fQeybL6w-Wo,@leonballoni4371,1
fQeybL6w-Wo,@limonicello,2
fQeybL6w-Wo,@llmcoder,1
fQeybL6w-Wo,@llortaton2834,1
fQeybL6w-Wo,@lolwhatever7307,1
fQeybL6w-Wo,@lorentzdev123,1
fQeybL6w-Wo,@madhawapriyashantha3722,2
fQeybL6w-Wo,@manoelramon8283,1
fQeybL6w-Wo,@marcotroster8247,1
fQeybL6w-Wo,@marcusolsson202,1
fQeybL6w-Wo,@marju101010,1
fQeybL6w-Wo,@mateomaderas5504,1
fQeybL6w-Wo,@mattymattffs,2
fQeybL6w-Wo,@mattyrjackson4261,1
fQeybL6w-Wo,@maximmelnik7998,1
fQeybL6w-Wo,@mohamedarbi7,1
fQeybL6w-Wo,@nein9420,1
fQeybL6w-Wo,@neriassaf419,1
fQeybL6w-Wo,@niklassoderberg2168,1
fQeybL6w-Wo,@njancodes6011,1
fQeybL6w-Wo,@noctuss86,1
fQeybL6w-Wo,@notactuallyarealperson2267,1
fQeybL6w-Wo,@notatall1944,1
fQeybL6w-Wo,@offrocksdev,1
fQeybL6w-Wo,@ohwhoaitzjoe,1
fQeybL6w-Wo,@omomer3506,1
fQeybL6w-Wo,@ouarhoulhoussaine5013,1
fQeybL6w-Wo,@petersouthwell5971,1
fQeybL6w-Wo,@peterszarvas94,1
fQeybL6w-Wo,@philippecourtemanche7667,1
fQeybL6w-Wo,@prashantkumar4217,1
fQeybL6w-Wo,@r-gart,1
fQeybL6w-Wo,@ricardofilipegomes4396,1
fQeybL6w-Wo,@riri91100,2
fQeybL6w-Wo,@ritabrataroychowdhury8958,1
fQeybL6w-Wo,@rodrigodip,1
fQeybL6w-Wo,@romkahehe,1
fQeybL6w-Wo,@roysegall2570,1
fQeybL6w-Wo,@rudzon,1
fQeybL6w-Wo,@sammysalami-dl,1
fQeybL6w-Wo,@senseibenji-san327,1
fQeybL6w-Wo,@sergarrick,1
fQeybL6w-Wo,@shreyas.sihasane,1
fQeybL6w-Wo,@shujaatali8414,2
fQeybL6w-Wo,@sinTheUnadulterated,2
fQeybL6w-Wo,@sketchionic6356,2
fQeybL6w-Wo,@skulver,1
fQeybL6w-Wo,@smarteveryday1606,1
fQeybL6w-Wo,@sockpastarock7082,1
fQeybL6w-Wo,@son_canucku,1
fQeybL6w-Wo,@spartan246,1
fQeybL6w-Wo,@stephan24297,1
fQeybL6w-Wo,@steven7846,1
fQeybL6w-Wo,@sylvereleipertz955,1
fQeybL6w-Wo,@szemespeter,1
fQeybL6w-Wo,@tatiarengas,1
fQeybL6w-Wo,@tbkswagg,1
fQeybL6w-Wo,@techtalkbyravindra,1
fQeybL6w-Wo,@thai-stylez,1
fQeybL6w-Wo,@therealkratos7453,1
fQeybL6w-Wo,@thx1200,1
fQeybL6w-Wo,@tranpaul4550,1
fQeybL6w-Wo,@v1k37,1
fQeybL6w-Wo,@vampiro4236,1
fQeybL6w-Wo,@vaolin1703,1
fQeybL6w-Wo,@vijayramachandran3559,1
fQeybL6w-Wo,@vinapocalypse,1
fQeybL6w-Wo,@vio-tu-dum-du-tum,1
fQeybL6w-Wo,@vireaknou8835,1
fQeybL6w-Wo,@vishalhegde5238,1
fQeybL6w-Wo,@voovvvv,1
fQeybL6w-Wo,@watermelonapple3132,1
fQeybL6w-Wo,@wayfa13,1
fQeybL6w-Wo,@who8myfish,1
fQeybL6w-Wo,@willkrummeck,2
fQeybL6w-Wo,@wisecat324,1
fQeybL6w-Wo,@wlc-welovecars,1
fQeybL6w-Wo,@xxxzeranxxx,1
fQeybL6w-Wo,@yadayada3593,1
fQeybL6w-Wo,@yogichopra6606,1
fQeybL6w-Wo,@yourintrovertedengineer,1
fQeybL6w-Wo,@zacmurdaugh,1
fQeybL6w-Wo,@zhsloe,1
fQeybL6w-Wo,@zo5esi4i57,1
h0AT3GagswQ,@MilaKitty7,1
h0AT3GagswQ,@SoftwareDev1431-e8u,1
h0AT3GagswQ,@Tony-dp1rl,1
h0AT3GagswQ,@julian_pp,1
h0AT3GagswQ,@moxopixel,1
h0AT3GagswQ,@phenry9999,3
h0AT3GagswQ,@satishsingh9053,1
h0AT3GagswQ,@simonweiguny,1
h0AT3GagswQ,@xqasazas2026,1
h0AT3GagswQ,@yudhishthirkulkarni6431,1
h0AT3GagswQ,@zaidalruwaishan1915,1
h0hdaHPKDdI,@00x-d2i,1
h0hdaHPKDdI,@2199SPUDMAN,1
h0hdaHPKDdI,@922mitch,1
h0hdaHPKDdI,@AdeptusChristians,1
h0hdaHPKDdI,@Arbram9727,1
h0hdaHPKDdI,@Blackconnection-,1
h0hdaHPKDdI,@BrettDalton,1
h0hdaHPKDdI,@CC58,1
h0hdaHPKDdI,@CS-rz8xf,1
h0hdaHPKDdI,@Cloudy-es3hs,1
h0hdaHPKDdI,@CodeCrafterStef,1
h0hdaHPKDdI,@Coldethel123456,1
h0hdaHPKDdI,@CoreDump07,1
h0hdaHPKDdI,@CrepuljaVideo,1
h0hdaHPKDdI,@DCxDemo,1
h0hdaHPKDdI,@DanaTokerNadler,1
h0hdaHPKDdI,@DarioVolaric,1
h0hdaHPKDdI,@DarrenHill-l5p,1
h0hdaHPKDdI,@Derloopkat,1
h0hdaHPKDdI,@DevNull-j3s,1
h0hdaHPKDdI,@DigiArchLab,1
h0hdaHPKDdI,@ElCidOfZen,1
h0hdaHPKDdI,@EugeneMkrtumyan,1
h0hdaHPKDdI,@FFTACTICSGUY,1
h0hdaHPKDdI,@Frisbieinstein,1
h0hdaHPKDdI,@Husky_Passion,1
h0hdaHPKDdI,@JesseAimonMusic,2
h0hdaHPKDdI,@JohnArktor,1
h0hdaHPKDdI,@JpShadowGames,1
h0hdaHPKDdI,@KrzysztofPadzik-j5y,1
h0hdaHPKDdI,@MR-vj8dn,1
h0hdaHPKDdI,@MarblesOnRobert,1
h0hdaHPKDdI,@MegaBaellchen,2
h0hdaHPKDdI,@Meowbay,1
h0hdaHPKDdI,@MoreCowbellBBQ,1
h0hdaHPKDdI,@MyMusic-lj3oh,1
h0hdaHPKDdI,@O_salmonix,1
h0hdaHPKDdI,@PauloOreda,1
h0hdaHPKDdI,@PolgarMiklós,1
h0hdaHPKDdI,@ProgrammistMusic,1
h0hdaHPKDdI,@RonHeusdens,1
h0hdaHPKDdI,@SakVaan,1
h0hdaHPKDdI,@SeeingBackward,1
h0hdaHPKDdI,@SergeRibalchenko,2
h0hdaHPKDdI,@SkateCode,1
h0hdaHPKDdI,@SolidAir54321,2
h0hdaHPKDdI,@StefanSchmidt-c2o,1
h0hdaHPKDdI,@TPDazzle,2
h0hdaHPKDdI,@Torsten_digits,1
h0hdaHPKDdI,@UltraKillpc,1
h0hdaHPKDdI,@ValCh-p1h,1
h0hdaHPKDdI,@VictorKinzer,1
h0hdaHPKDdI,@VoltLover00,1
h0hdaHPKDdI,@WeaveApp_download_it_today,1
h0hdaHPKDdI,@Wildcard2Kplus,1
h0hdaHPKDdI,@Woodooclack,1
h0hdaHPKDdI,@a.modestproposal2038,1
h0hdaHPKDdI,@aaaaaa2206,1
h0hdaHPKDdI,@aan8752,1
h0hdaHPKDdI,@abc123evoturbobonker,1
h0hdaHPKDdI,@adedamoladaniel5515,1
h0hdaHPKDdI,@adodragicevic3786,1
h0hdaHPKDdI,@alexandruolaru7855,1
h0hdaHPKDdI,@alicecantsleeep,1
h0hdaHPKDdI,@alifedesignedteamcoaching,1
h0hdaHPKDdI,@alpheusmadsen8485,1
h0hdaHPKDdI,@ambydupuis,1
h0hdaHPKDdI,@ami7mina,1
h0hdaHPKDdI,@ana_carol89,1
h0hdaHPKDdI,@andrewfarrow4699,1
h0hdaHPKDdI,@andyyap5132,1
h0hdaHPKDdI,@annamoiseeva5258,1
h0hdaHPKDdI,@antesmolcic4354,1
h0hdaHPKDdI,@auisgolden-ce9qi,1
h0hdaHPKDdI,@axelmolist,51
h0hdaHPKDdI,@azend889,1
h0hdaHPKDdI,@bajatoma,1
h0hdaHPKDdI,@benjaminbeier4036,1
h0hdaHPKDdI,@blaawk,1
h0hdaHPKDdI,@bobjohnbowles,1
h0hdaHPKDdI,@bringingbacktheboogie,1
h0hdaHPKDdI,@cellphone7223,1
h0hdaHPKDdI,@cembora4849,1
h0hdaHPKDdI,@chrisminnoy3637,1
h0hdaHPKDdI,@colleenforrest7936,1
h0hdaHPKDdI,@crank4life,1
h0hdaHPKDdI,@dafyddrees2287,1
h0hdaHPKDdI,@daigriffiths399,1
h0hdaHPKDdI,@danielbeccar269,1
h0hdaHPKDdI,@davidgriffin79,1
h0hdaHPKDdI,@dirtywhitellama,1
h0hdaHPKDdI,@disgruntledtoons,1
h0hdaHPKDdI,@dj_jiffy_pop,1
h0hdaHPKDdI,@donaldkasper8346,1
h0hdaHPKDdI,@douglascrawford2563,1
h0hdaHPKDdI,@dtkedtyjrtyj,1
h0hdaHPKDdI,@e-e40,1
h0hdaHPKDdI,@edj8253,1
h0hdaHPKDdI,@emersonrex820,1
h0hdaHPKDdI,@emerynoel567,1
h0hdaHPKDdI,@engelanna,1
h0hdaHPKDdI,@erictremblay3044,1
h0hdaHPKDdI,@ethereal_body7763,1
h0hdaHPKDdI,@etienneb.6956,1
h0hdaHPKDdI,@f-s-r,1
h0hdaHPKDdI,@fPonias1,1
h0hdaHPKDdI,@fs4972,1
h0hdaHPKDdI,@fuzz_spl,1
h0hdaHPKDdI,@galapiat,1
h0hdaHPKDdI,@geoffprice9583,1
h0hdaHPKDdI,@glimmer289,1
h0hdaHPKDdI,@goatofdeath,1
h0hdaHPKDdI,@goffe2282,1
h0hdaHPKDdI,@grimus,1
h0hdaHPKDdI,@hizzly8127,1
h0hdaHPKDdI,@hunormenyhart,1
h0hdaHPKDdI,@ijutsu2438,1
h0hdaHPKDdI,@itsverygreen532,1
h0hdaHPKDdI,@jameshartley7794,1
h0hdaHPKDdI,@jamiefenner9443,1
h0hdaHPKDdI,@janemckay6979,1
h0hdaHPKDdI,@jasminjager,1
h0hdaHPKDdI,@jaydenrareproto,1
h0hdaHPKDdI,@jchampanzee8561,1
h0hdaHPKDdI,@jeepwran,1
h0hdaHPKDdI,@jimbo5603,2
h0hdaHPKDdI,@joemucchiello4542,1
h0hdaHPKDdI,@johncarlocaraan9331,1
h0hdaHPKDdI,@joho0,1
h0hdaHPKDdI,@koboglo6973,1
h0hdaHPKDdI,@krystianjarzenko4528,1
h0hdaHPKDdI,@leftg1631,1
h0hdaHPKDdI,@lemeshenko,1
h0hdaHPKDdI,@lucapignata-acc,1
h0hdaHPKDdI,@lucascurintcha1,1
h0hdaHPKDdI,@mariaelenarjlbarbieri,1
h0hdaHPKDdI,@markn1978,1
h0hdaHPKDdI,@matthewstott3493,1
h0hdaHPKDdI,@mdruk2003,1
h0hdaHPKDdI,@meelooxavier6502,4
h0hdaHPKDdI,@micahneveu4633,2
h0hdaHPKDdI,@michaellatta,1
h0hdaHPKDdI,@mikerodent3164,1
h0hdaHPKDdI,@mikeyytube00,1
h0hdaHPKDdI,@mkubista,1
h0hdaHPKDdI,@mujkocka,1
h0hdaHPKDdI,@nkbdl,1
h0hdaHPKDdI,@normbograham3,1
h0hdaHPKDdI,@obakatare,1
h0hdaHPKDdI,@octoBadger,1
h0hdaHPKDdI,@oneszeross,1
h0hdaHPKDdI,@openversity_ESHi,1
h0hdaHPKDdI,@pancreasdragonheart9765,1
h0hdaHPKDdI,@pavliv,1
h0hdaHPKDdI,@pekkoh75,1
h0hdaHPKDdI,@peterixxx,1
h0hdaHPKDdI,@pip25hu,1
h0hdaHPKDdI,@porterneon,1
h0hdaHPKDdI,@portugesesardine,1
h0hdaHPKDdI,@priolo22,1
h0hdaHPKDdI,@qrsimon,1
h0hdaHPKDdI,@ralfulrich6254,2
h0hdaHPKDdI,@raphaelreitzig5984,1
h0hdaHPKDdI,@rh4009,1
h0hdaHPKDdI,@rshaffer4444,1
h0hdaHPKDdI,@rubiteve,1
h0hdaHPKDdI,@schniekolay,1
h0hdaHPKDdI,@scott_itall8638,1
h0hdaHPKDdI,@slacker_DIY,1
h0hdaHPKDdI,@smokeythecat8967,1
h0hdaHPKDdI,@sonjoysengupto,1
h0hdaHPKDdI,@sorin86ytb,1
h0hdaHPKDdI,@ssokolow,1
h0hdaHPKDdI,@stenovitz,1
h0hdaHPKDdI,@supernsansa,2
h0hdaHPKDdI,@tamirbg2,1
h0hdaHPKDdI,@theelmonk,1
h0hdaHPKDdI,@theodoredelezene1533,1
h0hdaHPKDdI,@thephysicsphilosopher,1
h0hdaHPKDdI,@timoteejii,1
h0hdaHPKDdI,@tribble1,1
h0hdaHPKDdI,@typedef04,2
h0hdaHPKDdI,@ukaszlech4368,1
h0hdaHPKDdI,@ultrametric9317,1
h0hdaHPKDdI,@unskeptable,1
h0hdaHPKDdI,@user-sd8ob5yp7f,1
h0hdaHPKDdI,@username-mc7jw,1
h0hdaHPKDdI,@vadimshabanov1095,1
h0hdaHPKDdI,@visceralvids,1
h0hdaHPKDdI,@whateverwhenever8170,1
h0hdaHPKDdI,@wolfblaide,1
h0hdaHPKDdI,@yurikolovsky,1
h0hdaHPKDdI,@zbyszeks3657,1
h0hdaHPKDdI,@깡철-u1i,1
hDOUzlJwM1E,@AfterMidnightWork,1
hDOUzlJwM1E,@AlekseiGavrilov-s1z,1
hDOUzlJwM1E,@Alexcamillas,1
hDOUzlJwM1E,@AnshikaJainYT,1
hDOUzlJwM1E,@AntonioVasquez-p5s,1
hDOUzlJwM1E,@Axlg,1
hDOUzlJwM1E,@Axs179,1
hDOUzlJwM1E,@Blind_Minds,1
hDOUzlJwM1E,@BossChinburi,1
hDOUzlJwM1E,@BrandonLausser,1
hDOUzlJwM1E,@Catchthesehands,1
hDOUzlJwM1E,@ChatComparison-ai,1
hDOUzlJwM1E,@Dribbles88,1
hDOUzlJwM1E,@DustinPorchia,1
hDOUzlJwM1E,@Ezra-j2l3x,1
hDOUzlJwM1E,@GGT199,1
hDOUzlJwM1E,@Himanshu-l6c3i,1
hDOUzlJwM1E,@Hou-no,1
hDOUzlJwM1E,@Jonathasdesign,1
hDOUzlJwM1E,@MediaUnleashed,1
hDOUzlJwM1E,@Mkvkuv,2
hDOUzlJwM1E,@MotoMatsalleh,2
hDOUzlJwM1E,@PradeepKumar-ed4gl,1
hDOUzlJwM1E,@SaifAliKhan-rl1ol,1
hDOUzlJwM1E,@ShortBuzz101,1
hDOUzlJwM1E,@ShreyPatel,3
hDOUzlJwM1E,@YusufEbr,1
hDOUzlJwM1E,@YükselToprak-r9y,1
hDOUzlJwM1E,@ZZH511-b4h,1
hDOUzlJwM1E,@ZlatkoTestDerkoskiTest,1
hDOUzlJwM1E,@acch78i,1
hDOUzlJwM1E,@ahmedtthassan,1
hDOUzlJwM1E,@alewarte,1
hDOUzlJwM1E,@alisherzak,2
hDOUzlJwM1E,@antarus6338,1
hDOUzlJwM1E,@arrrghh,1
hDOUzlJwM1E,@bordacsbalazs6014,2
hDOUzlJwM1E,@chaseXchaos,1
hDOUzlJwM1E,@cristihp,1
hDOUzlJwM1E,@crypt0nubie111,1
hDOUzlJwM1E,@daniel_bartosiewicz,1
hDOUzlJwM1E,@ediranerikles9594,1
hDOUzlJwM1E,@egidiovidal,1
hDOUzlJwM1E,@entrepreneurweb3.019,1
hDOUzlJwM1E,@fatihilhan8495,1
hDOUzlJwM1E,@ferastwal,1
hDOUzlJwM1E,@fillz-333,1
hDOUzlJwM1E,@freedomring3022,1
hDOUzlJwM1E,@gaurav-ow9kj,1
hDOUzlJwM1E,@gt777p,1
hDOUzlJwM1E,@hirunguyen4522,1
hDOUzlJwM1E,@hoanganpv,1
hDOUzlJwM1E,@im_kc_justkc,1
hDOUzlJwM1E,@ing.anthony7097,1
hDOUzlJwM1E,@j4dyt,1
hDOUzlJwM1E,@jiminkim3690,1
hDOUzlJwM1E,@kbcash35,1
hDOUzlJwM1E,@keazyado,1
hDOUzlJwM1E,@kieranwhittemore1010,1
hDOUzlJwM1E,@killergo0s364,1
hDOUzlJwM1E,@lola_rose,1
hDOUzlJwM1E,@luca1243,1
hDOUzlJwM1E,@lukkash,2
hDOUzlJwM1E,@munnakuzino,1
hDOUzlJwM1E,@newjx,1
hDOUzlJwM1E,@niubige,1
hDOUzlJwM1E,@nxkyt,1
hDOUzlJwM1E,@rajeshjsl,1
hDOUzlJwM1E,@ramoncole6797,1
hDOUzlJwM1E,@ramylame,1
hDOUzlJwM1E,@rdhcreations,1
hDOUzlJwM1E,@ribbit-o9o,1
hDOUzlJwM1E,@rigocortez1837,1
hDOUzlJwM1E,@ro_ohitt,1
hDOUzlJwM1E,@rw9866,1
hDOUzlJwM1E,@t.b.3511,1
hDOUzlJwM1E,@tawshiquecreates,1
hDOUzlJwM1E,@thebicycleman8062,1
hDOUzlJwM1E,@tuts351,1
hDOUzlJwM1E,@vasillogashov4055,1
hDOUzlJwM1E,@ved_ituas,1
hDOUzlJwM1E,@viralshortvideos922,1
hDOUzlJwM1E,@weblogic7723,2
hDOUzlJwM1E,@will8115,1
hDOUzlJwM1E,@xaxetherion,1
hDOUzlJwM1E,@xshigjuku,1
hDOUzlJwM1E,@yangarang-1,1
hDOUzlJwM1E,@yonimak9701,1
hDOUzlJwM1E,@zarkkhah9160,1
hDOUzlJwM1E,@zdrux,1
hDOUzlJwM1E,@zmorphy,1
hDOUzlJwM1E,@АлександрШохнин-о9н,1
hDOUzlJwM1E,@ДенисКлимашин,1
hDOUzlJwM1E,@ОлегБарышев-э8м,1
hDOUzlJwM1E,@ЭллаСтародубец-к5з,1
howz8BKRUQM,@3113VN,1
howz8BKRUQM,@510f,1
howz8BKRUQM,@A1W0RLDSS,1
howz8BKRUQM,@AdesanyaPraise-o6b,1
howz8BKRUQM,@Ailogeneous,1
howz8BKRUQM,@Anonymously957,1
howz8BKRUQM,@BK2O198,1
howz8BKRUQM,@BardOfThothApollon,1
howz8BKRUQM,@BitFlip42,1
howz8BKRUQM,@Bobby-Bologna0451,1
howz8BKRUQM,@Bradleybus,1
howz8BKRUQM,@BroseidonTheMerman,7
howz8BKRUQM,@CarmenBelvoire,1
howz8BKRUQM,@CayoBuay,2
howz8BKRUQM,@Cognitoman,2
howz8BKRUQM,@CorporateData6,2
howz8BKRUQM,@DaddyWarCrimes78,1
howz8BKRUQM,@DarthVader11912,1
howz8BKRUQM,@DennisRudin,1
howz8BKRUQM,@DmitrySF,1
howz8BKRUQM,@DreamingAstro,2
howz8BKRUQM,@DropAndHook7574,1
howz8BKRUQM,@Eagle.355,1
howz8BKRUQM,@Ghio__123,1
howz8BKRUQM,@Gizmo-1337,1
howz8BKRUQM,@GoombaaGhost,1
howz8BKRUQM,@GregFirehawk,2
howz8BKRUQM,@Hawkeye-q4h,1
howz8BKRUQM,@Ianstark0071,1
howz8BKRUQM,@IronCook67,1
howz8BKRUQM,@JohnLinux-v4s,1
howz8BKRUQM,@Jollyprez,1
howz8BKRUQM,@Joshua-je6pg,1
howz8BKRUQM,@JuanCoto-l8y,1
howz8BKRUQM,@LeeK301,1
howz8BKRUQM,@Marco-dr2on,1
howz8BKRUQM,@MartinDlabaja,1
howz8BKRUQM,@Matt90541,1
howz8BKRUQM,@MatteBlackSilhouette,1
howz8BKRUQM,@MontyPython82,1
howz8BKRUQM,@MusicByJC,2
howz8BKRUQM,@NaveedAli-n5g,2
howz8BKRUQM,@Neon_Noir,1
howz8BKRUQM,@NogbouEmmanuelASSAMOI-ic8fl,1
howz8BKRUQM,@OM-ls9bb,1
howz8BKRUQM,@Rami_Zaki-k2b,1
howz8BKRUQM,@RedWaveComing2024,1
howz8BKRUQM,@RoeyPrat,1
howz8BKRUQM,@Rover-x2l,1
howz8BKRUQM,@SaranshV,1
howz8BKRUQM,@ScorchedEarthRevenge,1
howz8BKRUQM,@SkunkWorksEmpire,1
howz8BKRUQM,@Slashx92,1
howz8BKRUQM,@SomeRandom-x4k,1
howz8BKRUQM,@StuartLoria,1
howz8BKRUQM,@TheMachina42,1
howz8BKRUQM,@TheWebIsYourFriend,1
howz8BKRUQM,@TickleMeTner,2
howz8BKRUQM,@Tobsson,1
howz8BKRUQM,@Tyler500x,1
howz8BKRUQM,@Vekikev1,1
howz8BKRUQM,@VixtorValentin,1
howz8BKRUQM,@WIImotionmasher,2
howz8BKRUQM,@ZDL679,1
howz8BKRUQM,@ZephyrFox-y3k,1
howz8BKRUQM,@Zeraltz,1
howz8BKRUQM,@ZlatkoTestDerkoskiTest,1
howz8BKRUQM,@abhinavzar,1
howz8BKRUQM,@alessioandreoli2145,1
howz8BKRUQM,@alexaneals8194,1
howz8BKRUQM,@alexk20z3,1
howz8BKRUQM,@amitdhir,1
howz8BKRUQM,@amusEcode_,1
howz8BKRUQM,@andrewbrakey6214,5
howz8BKRUQM,@anonymous-42.1,1
howz8BKRUQM,@artmusic6937,1
howz8BKRUQM,@asyncasync,1
howz8BKRUQM,@attackhelicopter588,1
howz8BKRUQM,@based_rabbit,1
howz8BKRUQM,@bestevaer1977,1
howz8BKRUQM,@blackhole1376,1
howz8BKRUQM,@bloonfarmer3657,1
howz8BKRUQM,@boodaddytvs,1
howz8BKRUQM,@brewnotbombs_5097,1
howz8BKRUQM,@caksocker,2
howz8BKRUQM,@chillycaty,1
howz8BKRUQM,@chn1971-1,1
howz8BKRUQM,@corygrewohl8180,1
howz8BKRUQM,@cowboydiver87-z6m,1
howz8BKRUQM,@creative_cooper,1
howz8BKRUQM,@dalvetc,1
howz8BKRUQM,@daudimwenyewe7372,1
howz8BKRUQM,@deondupreez4713,1
howz8BKRUQM,@derHodrig,1
howz8BKRUQM,@dougsholly9323,14
howz8BKRUQM,@draftsbysydalt,1
howz8BKRUQM,@emnz1003,1
howz8BKRUQM,@everydayfanclips,1
howz8BKRUQM,@first275,1
howz8BKRUQM,@freshouttathebag7725,1
howz8BKRUQM,@frrgretge43,1
howz8BKRUQM,@furikakez,3
howz8BKRUQM,@gamedesign007,1
howz8BKRUQM,@gamingsnake1769,1
howz8BKRUQM,@goatinginmountains,2
howz8BKRUQM,@gouthambolt,1
howz8BKRUQM,@hacksawhackmann,1
howz8BKRUQM,@hanibachi5228,1
howz8BKRUQM,@iii-ei5cv,1
howz8BKRUQM,@itsteelworks,1
howz8BKRUQM,@ivanjezakonful,1
howz8BKRUQM,@jacksonsingleton,1
howz8BKRUQM,@jakehadley4044,1
howz8BKRUQM,@jameskim2007,1
howz8BKRUQM,@jan8382,1
howz8BKRUQM,@jayesh117,1
howz8BKRUQM,@jenstornell,1
howz8BKRUQM,@jessr1698,1
howz8BKRUQM,@jfdev01,1
howz8BKRUQM,@jl_117,1
howz8BKRUQM,@jr-yn4lk,1
howz8BKRUQM,@kevdawgsports7503,1
howz8BKRUQM,@kevinbtube,1
howz8BKRUQM,@kolavithonduraski5031,2
howz8BKRUQM,@koshvorlondk,2
howz8BKRUQM,@lnplum,1
howz8BKRUQM,@magen6233,1
howz8BKRUQM,@makingstuffinhere,1
howz8BKRUQM,@medical-informatics,1
howz8BKRUQM,@mgusa9372,1
howz8BKRUQM,@minecraftfan23446,1
howz8BKRUQM,@mjcodesdaily,1
howz8BKRUQM,@mohamedabdul633,1
howz8BKRUQM,@oestian,1
howz8BKRUQM,@orepstein,1
howz8BKRUQM,@phatfly1,1
howz8BKRUQM,@pif5023,1
howz8BKRUQM,@polemodx1,1
howz8BKRUQM,@possiblyhuman3,1
howz8BKRUQM,@praneetsinghbutran6925,1
howz8BKRUQM,@pyroghost11,1
howz8BKRUQM,@regneratillo9115,1
howz8BKRUQM,@rein556,1
howz8BKRUQM,@relebohilemotsau7112,1
howz8BKRUQM,@rhettharrison3631,1
howz8BKRUQM,@rmbl349,1
howz8BKRUQM,@robertattaway7866,1
howz8BKRUQM,@saf271828,1
howz8BKRUQM,@samwise.builds31,1
howz8BKRUQM,@saurav1096,1
howz8BKRUQM,@schrodingerscat1863,1
howz8BKRUQM,@shibii,1
howz8BKRUQM,@siphamandlambokazi331,1
howz8BKRUQM,@softwave4483,1
howz8BKRUQM,@somedude9987,1
howz8BKRUQM,@summteach,1
howz8BKRUQM,@sveniro8996,1
howz8BKRUQM,@takenzo2406,1
howz8BKRUQM,@techwingmanage,1
howz8BKRUQM,@temiz81,1
howz8BKRUQM,@th3pr01234,1
howz8BKRUQM,@theanswer1993,2
howz8BKRUQM,@thelaughingmanofficial,5
howz8BKRUQM,@theprogressivemichigander6588,1
howz8BKRUQM,@theteob689,3
howz8BKRUQM,@tomasslavik1119,1
howz8BKRUQM,@valizeth4073,1
howz8BKRUQM,@vieura,2
howz8BKRUQM,@viewerone,1
howz8BKRUQM,@vijayakabajo,1
howz8BKRUQM,@vilenius187,1
howz8BKRUQM,@vince77Z,1
howz8BKRUQM,@yechielb,1
howz8BKRUQM,@yiyoascen,2
howz8BKRUQM,@zfold4702,4
howz8BKRUQM,@zlatkoflash,1
howz8BKRUQM,@zvxcvxcz,4
howz8BKRUQM,@zyzopath,1
howz8BKRUQM,@ジャネズ,6
iLCDSY2XX7E,@AbhayGhosh-l5p,1
iLCDSY2XX7E,@AbubakaliSozigwa,1
iLCDSY2XX7E,@AjayKumar-j9w9w,1
iLCDSY2XX7E,@AliHasson-l5f,1
iLCDSY2XX7E,@AllieZhao,1
iLCDSY2XX7E,@AndrewJLee1,1
iLCDSY2XX7E,@Anulaxmi45,1
iLCDSY2XX7E,@AppBuilderPro97,1
iLCDSY2XX7E,@Arcticroberto9376,1
iLCDSY2XX7E,@ArcturianPrince,2
iLCDSY2XX7E,@ArishMalik-e6o,1
iLCDSY2XX7E,@ArmyLover-tc1bs,1
iLCDSY2XX7E,@AskMyTuto,1
iLCDSY2XX7E,@AyatHoseiniusa,1
iLCDSY2XX7E,@BenSha0x,1
iLCDSY2XX7E,@BenjaminJabik,4
iLCDSY2XX7E,@BertaBrito-m9r,1
iLCDSY2XX7E,@BibhashRoy-s4g,1
iLCDSY2XX7E,@BitanyaDemissie-fd5mt,1
iLCDSY2XX7E,@Boring-Opinion-8864,1
iLCDSY2XX7E,@Carlos-y9q9b,1
iLCDSY2XX7E,@ChrisNolan-w4d,1
iLCDSY2XX7E,@Claire022-w1n,1
iLCDSY2XX7E,@DAI-AIII,1
iLCDSY2XX7E,@Daloriginal,1
iLCDSY2XX7E,@DaviTik-d4g,1
iLCDSY2XX7E,@Defender2101,1
iLCDSY2XX7E,@Desai_Janvi,1
iLCDSY2XX7E,@DevEhsan,1
iLCDSY2XX7E,@Divinekingdom06,1
iLCDSY2XX7E,@DonGillies-b3u,1
iLCDSY2XX7E,@Dscanvas,1
iLCDSY2XX7E,@DurgeshChauhan-m7p,1
iLCDSY2XX7E,@FrostsorrowGaming,1
iLCDSY2XX7E,@GizMo-p4w,1
iLCDSY2XX7E,@HLfromZ2,1
iLCDSY2XX7E,@HPorterfield,1
iLCDSY2XX7E,@HdhfcxBFGdcccx,1
iLCDSY2XX7E,@HonestGuy-gh9yn,1
iLCDSY2XX7E,@IsTheUnknown,1
iLCDSY2XX7E,@Janet-j7n,1
iLCDSY2XX7E,@JessifurC,1
iLCDSY2XX7E,@Jhcriket,1
iLCDSY2XX7E,@JinaDonald,1
iLCDSY2XX7E,@JorgeMarcosDeCarvalho-n4d,1
iLCDSY2XX7E,@Karl-BarnimReincke-x7g,1
iLCDSY2XX7E,@KennedyPerez-j1b,1
iLCDSY2XX7E,@LaceySJDarwin,1
iLCDSY2XX7E,@LaxmanKumar-j8x,1
iLCDSY2XX7E,@MarisaCorreia-it6pb,1
iLCDSY2XX7E,@MarkoTrapani,1
iLCDSY2XX7E,@MdShopon-l2n,1
iLCDSY2XX7E,@MetaMorphosis3D,2
iLCDSY2XX7E,@MildredAlvarezz,1
iLCDSY2XX7E,@MogdadMogdad-d9w,1
iLCDSY2XX7E,@MohumiRamafalo,1
iLCDSY2XX7E,@MosaddekMondal-s8b1o,1
iLCDSY2XX7E,@MrCatFromOuterSpace,1
iLCDSY2XX7E,@NEPALITUTORIAL4219,1
iLCDSY2XX7E,@NargaKuruga,1
iLCDSY2XX7E,@NijirvanSido,1
iLCDSY2XX7E,@NizarNoraldeen,1
iLCDSY2XX7E,@OshadaAdithya-bs3up,1
iLCDSY2XX7E,@Professional360Zone,1
iLCDSY2XX7E,@Ps_VIP1999,1
iLCDSY2XX7E,@RaisaIslam-v8n,1
iLCDSY2XX7E,@RajuNikalje-y7g,1
iLCDSY2XX7E,@RayhanShorif-z7z,1
iLCDSY2XX7E,@RichardJucewicz,1
iLCDSY2XX7E,@Rk_aman_100k,1
iLCDSY2XX7E,@Rumblefiah,1
iLCDSY2XX7E,@SOLLUNA-b9y,3
iLCDSY2XX7E,@SadiEila-v3k,1
iLCDSY2XX7E,@Sady.builds,1
iLCDSY2XX7E,@SakaSimon-n9c,1
iLCDSY2XX7E,@SanamKumar-g5x,1
iLCDSY2XX7E,@SangamChy-b8p,1
iLCDSY2XX7E,@ShaadNaqvi-z6f,1
iLCDSY2XX7E,@SunitaTimsina-n2n,1
iLCDSY2XX7E,@TeXasCaNoN,1
iLCDSY2XX7E,@Teja-h6w,1
iLCDSY2XX7E,@The-United_States-of-Americah,1
iLCDSY2XX7E,@TinaHuang1,1
iLCDSY2XX7E,@TrEndFeVeR22,1
iLCDSY2XX7E,@TylerMcNamer,1
iLCDSY2XX7E,@UsmanJana-g7k,1
iLCDSY2XX7E,@VasavaKamleshKavitha,1
iLCDSY2XX7E,@VeronikaFrank-m7c,1
iLCDSY2XX7E,@VioletRunyararoMudheredhe,1
iLCDSY2XX7E,@YaneisyPerezCateura,1
iLCDSY2XX7E,@ZiggieReviews,1
iLCDSY2XX7E,@abdulrahmansulaimaninuwa4846,1
iLCDSY2XX7E,@alekseydev,1
iLCDSY2XX7E,@ananyakamra4070,1
iLCDSY2XX7E,@aniruddharokade7750,1
iLCDSY2XX7E,@antongunasingam9426,1
iLCDSY2XX7E,@ashfaqashfuu,1
iLCDSY2XX7E,@askaristejano9564,1
iLCDSY2XX7E,@bashirbhai5063,1
iLCDSY2XX7E,@bluntly3963,1
iLCDSY2XX7E,@buildwithjhyrom,1
iLCDSY2XX7E,@byteseq,1
iLCDSY2XX7E,@cdunsford,1
iLCDSY2XX7E,@computernerd8157,1
iLCDSY2XX7E,@damnpirate1259,1
iLCDSY2XX7E,@dasharathivlogs1327,1
iLCDSY2XX7E,@davidlloyd5656,1
iLCDSY2XX7E,@dawitmucheMD,1
iLCDSY2XX7E,@dharmikmoradiya-e8j,1
iLCDSY2XX7E,@dylanpintado566,1
iLCDSY2XX7E,@falconheavy595,1
iLCDSY2XX7E,@fatematulkhadiza1,1
iLCDSY2XX7E,@fredericocorrea9814,1
iLCDSY2XX7E,@geoffreyarthur3333,1
iLCDSY2XX7E,@god-G10,1
iLCDSY2XX7E,@gourbar5755,1
iLCDSY2XX7E,@hacrrrr1038,1
iLCDSY2XX7E,@hassnkadour841,1
iLCDSY2XX7E,@hoodhunter3262,1
iLCDSY2XX7E,@iSaidwhatisaid2you,1
iLCDSY2XX7E,@iam.master.control,1
iLCDSY2XX7E,@iamOFFtheAIR,1
iLCDSY2XX7E,@immortalinside,1
iLCDSY2XX7E,@insanelypositive,1
iLCDSY2XX7E,@instabuii,1
iLCDSY2XX7E,@jeanuthomas1286,1
iLCDSY2XX7E,@jennyebuiza5173,1
iLCDSY2XX7E,@jeramiahseidl7619,1
iLCDSY2XX7E,@johanndirry,1
iLCDSY2XX7E,@joshola-r7p,1
iLCDSY2XX7E,@josurke,1
iLCDSY2XX7E,@jsegor,1
iLCDSY2XX7E,@kakashihataki-s8o,1
iLCDSY2XX7E,@katelynmudry2425,1
iLCDSY2XX7E,@kristala-k8e,1
iLCDSY2XX7E,@lavida_onchain,1
iLCDSY2XX7E,@llamaSHORTS1,1
iLCDSY2XX7E,@mahavir17_,1
iLCDSY2XX7E,@maokakreative,1
iLCDSY2XX7E,@marcuskelly7836,1
iLCDSY2XX7E,@micheletoscano1273,1
iLCDSY2XX7E,@mjjanni5605,1
iLCDSY2XX7E,@mohamadmohamad-z6z3n,1
iLCDSY2XX7E,@mohammadirshad2409,1
iLCDSY2XX7E,@morningstar3741,1
iLCDSY2XX7E,@mugunthanbaalaji7532,1
iLCDSY2XX7E,@mynameiscorenhel,1
iLCDSY2XX7E,@mystifyingdude,1
iLCDSY2XX7E,@neVessential,1
iLCDSY2XX7E,@nexgenstemschool,1
iLCDSY2XX7E,@nikhiltaak2698,1
iLCDSY2XX7E,@nilfux,1
iLCDSY2XX7E,@noctuss86,1
iLCDSY2XX7E,@odai.aklofi,1
iLCDSY2XX7E,@olusanyaolamide9764,1
iLCDSY2XX7E,@omark8379,1
iLCDSY2XX7E,@onlypotato2,1
iLCDSY2XX7E,@ouznali-s1u,1
iLCDSY2XX7E,@paulinecedo9836,1
iLCDSY2XX7E,@pete-ex7qt,1
iLCDSY2XX7E,@pushtytv,1
iLCDSY2XX7E,@qasimsiddiqui201,1
iLCDSY2XX7E,@rafageist,1
iLCDSY2XX7E,@ringi1123,1
iLCDSY2XX7E,@rjwije4874,1
iLCDSY2XX7E,@ryanwei7182,1
iLCDSY2XX7E,@s.m.4198,1
iLCDSY2XX7E,@sakeynii,1
iLCDSY2XX7E,@sirinongorur5676,1
iLCDSY2XX7E,@skulves9677,1
iLCDSY2XX7E,@smzxi,1
iLCDSY2XX7E,@starshayar09,1
iLCDSY2XX7E,@sunilgurjar-xk1ic,1
iLCDSY2XX7E,@sunsant,1
iLCDSY2XX7E,@surafelakal,1
iLCDSY2XX7E,@surajitdutta2823,1
iLCDSY2XX7E,@surmaishukla5958,1
iLCDSY2XX7E,@tallkenchit.7219,1
iLCDSY2XX7E,@tamimahmedtusar,1
iLCDSY2XX7E,@tbadj649,2
iLCDSY2XX7E,@tesb7040,1
iLCDSY2XX7E,@tojonirinafenoarimanana8714,1
iLCDSY2XX7E,@twentyonce831,1
iLCDSY2XX7E,@usamakabir5193,4
iLCDSY2XX7E,@volmarrwyrd,1
iLCDSY2XX7E,@webnet9285,1
iLCDSY2XX7E,@wysejp,1
iLCDSY2XX7E,@xXxXHitmanXxXx,1
iLCDSY2XX7E,@xbxb,1
iLCDSY2XX7E,@xxzerog2xx,1
iLCDSY2XX7E,@yeabsiramussie1501,1
iLCDSY2XX7E,@yohbhbvhhv5588,1
iLCDSY2XX7E,@yolanday9200,1
iLCDSY2XX7E,@احمداطراش-ل9ض,1
iLCDSY2XX7E,@بيداءعبدالكريم-ث4ي,1
iLCDSY2XX7E,@حيدرالبركان,1
iLCDSY2XX7E,@صقرحلب-د2ث,1
iLCDSY2XX7E,@عليحاجعلي-ي1ل,1
iLCDSY2XX7E,@ليانالبياتي-ع7ك,1
iLCDSY2XX7E,@مصطفي.الشاذلي.م,1
iLCDSY2XX7E,@शैलेषबामनिया-य6ङ,1
iRJZIdiu_yM,@1337kaas,1
iRJZIdiu_yM,@AlexGordon-j6u,1
iRJZIdiu_yM,@AlphaLukTutoriály,1
iRJZIdiu_yM,@GijsDeMunck,1
iRJZIdiu_yM,@MaurkezBeats,1
iRJZIdiu_yM,@Nunya45036,1
iRJZIdiu_yM,@OptaIgin,1
iRJZIdiu_yM,@RIASGREMMORY225,1
iRJZIdiu_yM,@Rin-lb7bu,1
iRJZIdiu_yM,@SajeelurRehman-b7k,1
iRJZIdiu_yM,@Shubham-et8qk,1
iRJZIdiu_yM,@TuningLunaWjx,1
iRJZIdiu_yM,@TwistedRS,1
iRJZIdiu_yM,@XBEAST666-X,6
iRJZIdiu_yM,@fvbson,1
iRJZIdiu_yM,@heartrippersenpai,1
iRJZIdiu_yM,@mohamadmosally8440,1
iRJZIdiu_yM,@mrCrashCube,1
iRJZIdiu_yM,@mr_kaipulla_28,1
iRJZIdiu_yM,@narayannaik9041,1
iRJZIdiu_yM,@owenrossikeen,1
iRJZIdiu_yM,@real_socrates_not_fake,1
iRJZIdiu_yM,@samimm17,1
iRJZIdiu_yM,@sanjay_deoram,1
iRJZIdiu_yM,@snaphaan5049,1
iRJZIdiu_yM,@w3ryfrate535,2
iRJZIdiu_yM,@yasin5603,1
iRJZIdiu_yM,@zome59,1
iRJZIdiu_yM,@Ρ.Ε.Κ.Κ.Α,1
i_yXrxUwbdE,@56DaveBramley,1
i_yXrxUwbdE,@AIJerkyBytes,1
i_yXrxUwbdE,@Aladdin_Amazing,1
i_yXrxUwbdE,@AliEskandari-x2i,1
i_yXrxUwbdE,@Amelia-ns8xj,1
i_yXrxUwbdE,@Anonymous-he3pi,1
i_yXrxUwbdE,@BERIALWIGLAF,1
i_yXrxUwbdE,@Ben-w4u6n,1
i_yXrxUwbdE,@BenLiisinHongKong,1
i_yXrxUwbdE,@BuhuNganba,1
i_yXrxUwbdE,@Bunni6006,1
i_yXrxUwbdE,@Coolkegcomputer,1
i_yXrxUwbdE,@DavidVicenteLopesPaulino,1
i_yXrxUwbdE,@Donnirononon,1
i_yXrxUwbdE,@Golgibaby,1
i_yXrxUwbdE,@Greg_M1,1
i_yXrxUwbdE,@H.ILLUSTR8S,3
i_yXrxUwbdE,@HerrTiSo,1
i_yXrxUwbdE,@InPursuitOfCuriosity,1
i_yXrxUwbdE,@InsightfulUndercurrents,2
i_yXrxUwbdE,@J_Machine,2
i_yXrxUwbdE,@JellyFinch,2
i_yXrxUwbdE,@JuniorAlphonse-t4m,1
i_yXrxUwbdE,@Junkyard_Cybertruck,1
i_yXrxUwbdE,@Kalleskaviarriddare,1
i_yXrxUwbdE,@LaceyHayward,1
i_yXrxUwbdE,@LeonX00X,1
i_yXrxUwbdE,@MYTENGRIWAY,1
i_yXrxUwbdE,@MarioBrosJediKnightXD,1
i_yXrxUwbdE,@MatéDrinker,1
i_yXrxUwbdE,@MomoTrader809,2
i_yXrxUwbdE,@MrtrenchTrucker,1
i_yXrxUwbdE,@Nalters,1
i_yXrxUwbdE,@Nick-yv1rm,1
i_yXrxUwbdE,@NickArcade,1
i_yXrxUwbdE,@Nicolas-os8in,1
i_yXrxUwbdE,@OneAtFaultMedia,1
i_yXrxUwbdE,@OrizonMeows,1
i_yXrxUwbdE,@RS-303,1
i_yXrxUwbdE,@Rainer_Landes,2
i_yXrxUwbdE,@RajevskVonNevski-c2q,1
i_yXrxUwbdE,@Revolutarian,1
i_yXrxUwbdE,@SardonixYZ,1
i_yXrxUwbdE,@Sarvam-q1d,1
i_yXrxUwbdE,@SeaDevils,1
i_yXrxUwbdE,@SergKhrypun,1
i_yXrxUwbdE,@TheUnderblack,1
i_yXrxUwbdE,@TyrianDunaédine,1
i_yXrxUwbdE,@Vikoboi,1
i_yXrxUwbdE,@Viv-id9fr,1
i_yXrxUwbdE,@WickdPerfekT,1
i_yXrxUwbdE,@WilsonFChannel,1
i_yXrxUwbdE,@WorldRecordRapper,1
i_yXrxUwbdE,@ahmo4781,1
i_yXrxUwbdE,@aijeong7684,1
i_yXrxUwbdE,@alexkaa,3
i_yXrxUwbdE,@asasoo22,1
i_yXrxUwbdE,@azizakhmedov3516,2
i_yXrxUwbdE,@baconberries8097,1
i_yXrxUwbdE,@cherylj7460,1
i_yXrxUwbdE,@christcombiccombichrist2651,1
i_yXrxUwbdE,@conciseyoga,1
i_yXrxUwbdE,@concordiart,1
i_yXrxUwbdE,@daryo_m,1
i_yXrxUwbdE,@daviddivad777,2
i_yXrxUwbdE,@dbds7292,1
i_yXrxUwbdE,@delibedriful,1
i_yXrxUwbdE,@elvfn123,1
i_yXrxUwbdE,@emansipassion,1
i_yXrxUwbdE,@genin69,1
i_yXrxUwbdE,@gentlycz,1
i_yXrxUwbdE,@giantslayerclub,1
i_yXrxUwbdE,@goodvibesonlyx,1
i_yXrxUwbdE,@griffinpeter84,1
i_yXrxUwbdE,@hannah51238,1
i_yXrxUwbdE,@hassansong7630,2
i_yXrxUwbdE,@heejinsmole,1
i_yXrxUwbdE,@ice7mayu,1
i_yXrxUwbdE,@independentcreatoracademy,2
i_yXrxUwbdE,@insanecuckooman8342,1
i_yXrxUwbdE,@itstarci,1
i_yXrxUwbdE,@izensplash.,1
i_yXrxUwbdE,@jarofclay762,1
i_yXrxUwbdE,@jaskiratsingh3302,2
i_yXrxUwbdE,@joasama9763,1
i_yXrxUwbdE,@johannes579,2
i_yXrxUwbdE,@johnathanvargas5594,1
i_yXrxUwbdE,@juanbenavidesj,1
i_yXrxUwbdE,@kareemyoussef2304,1
i_yXrxUwbdE,@kashulovesmusic3139,1
i_yXrxUwbdE,@krenn08,1
i_yXrxUwbdE,@mansoor3159,1
i_yXrxUwbdE,@matthewlean9367,1
i_yXrxUwbdE,@maynnemillares,1
i_yXrxUwbdE,@mbes3,1
i_yXrxUwbdE,@merlinssearch,1
i_yXrxUwbdE,@mikaeljaderberg6147,1
i_yXrxUwbdE,@muadusa8014,1
i_yXrxUwbdE,@noamkred,1
i_yXrxUwbdE,@ogworker72,1
i_yXrxUwbdE,@omark999,1
i_yXrxUwbdE,@paolosavino22,1
i_yXrxUwbdE,@peachyjumpy,1
i_yXrxUwbdE,@phavixeysayavong2789,1
i_yXrxUwbdE,@phen-themoogle7651,2
i_yXrxUwbdE,@princeandshorts,1
i_yXrxUwbdE,@ravshanravshan981,1
i_yXrxUwbdE,@robm435,1
i_yXrxUwbdE,@rudezworld4560,1
i_yXrxUwbdE,@ruriohama,9
i_yXrxUwbdE,@safiire,1
i_yXrxUwbdE,@sayedhossainkingdom,1
i_yXrxUwbdE,@scalpinglordFaze,1
i_yXrxUwbdE,@solidus2360,1
i_yXrxUwbdE,@soundscape26,2
i_yXrxUwbdE,@specialofficerdoofus9297,1
i_yXrxUwbdE,@stooge3126,1
i_yXrxUwbdE,@thorstendiederichs4398,1
i_yXrxUwbdE,@totaldailypay,1
i_yXrxUwbdE,@tranceadict11,1
i_yXrxUwbdE,@uiaura,1
i_yXrxUwbdE,@userbunny,1
i_yXrxUwbdE,@videshpa,1
i_yXrxUwbdE,@xjaguar92,3
i_yXrxUwbdE,@yalandanposta5190,1
i_yXrxUwbdE,@yan_dj,1
i_yXrxUwbdE,@zyrotv_com,1
i_yXrxUwbdE,@ぽーいず,1
i_yXrxUwbdE,@最強のキャタピー使い,1
ikIosF_iiz4,@Andrey-xv9fl,1
ikIosF_iiz4,@LuckyDjaya-f8i,1
ikIosF_iiz4,@RZRRR1337,1
ikIosF_iiz4,@draft-ietf-pkix-rfc3280bis,1
ikIosF_iiz4,@slushytheslush8347,1
j7d5rs0iMlE,@AashiKaria,1
j7d5rs0iMlE,@AlifKhan-g9z,1
j7d5rs0iMlE,@AminaBasiru-r2s,1
j7d5rs0iMlE,@ComexVisigoths,1
j7d5rs0iMlE,@Eddy_Matrix,1
j7d5rs0iMlE,@Emanon04,1
j7d5rs0iMlE,@Hard-Won-Ignorance,1
j7d5rs0iMlE,@ItsAtomFit,1
j7d5rs0iMlE,@LeakingShip,1
j7d5rs0iMlE,@Michael_Valen,1
j7d5rs0iMlE,@MuhammadShehroz-ty4bq,1
j7d5rs0iMlE,@Onkeldoc1234,1
j7d5rs0iMlE,@Ozan-i3y,1
j7d5rs0iMlE,@PaulSolt,2
j7d5rs0iMlE,@RationalAUS,1
j7d5rs0iMlE,@ShahmeerMostafa,1
j7d5rs0iMlE,@aar021,1
j7d5rs0iMlE,@adityabhattacharyya6811,1
j7d5rs0iMlE,@aniketapanjwani,36
j7d5rs0iMlE,@avian6051,1
j7d5rs0iMlE,@cmd-space,1
j7d5rs0iMlE,@erkanduman-f4q,1
j7d5rs0iMlE,@gantulgaganzorig251,1
j7d5rs0iMlE,@hugodessomme8188,1
j7d5rs0iMlE,@jdepew,1
j7d5rs0iMlE,@joshtasoff1175,1
j7d5rs0iMlE,@lucyn.7501,1
j7d5rs0iMlE,@maca8888,2
j7d5rs0iMlE,@mettaxaman,2
j7d5rs0iMlE,@michaelwells6075,1
j7d5rs0iMlE,@omer8418,1
j7d5rs0iMlE,@onebluestone,1
j7d5rs0iMlE,@pavelfilippov8116,1
j7d5rs0iMlE,@pencarirupiah2858,1
j7d5rs0iMlE,@phylosophymusic4865,1
j7d5rs0iMlE,@quickbeam1,1
j7d5rs0iMlE,@rishismsm,2
j7d5rs0iMlE,@rojinnnnnnnnn,1
j7d5rs0iMlE,@samplesd3656,1
j7d5rs0iMlE,@theresaelliott1784,1
j7d5rs0iMlE,@tomasgil2533,1
j7d5rs0iMlE,@tomimartins9208,1
j7d5rs0iMlE,@viacheslavivakin8298,1
j7d5rs0iMlE,@yosivin1,2
j7d5rs0iMlE,@ywueeee,3
jXp5D5ZnxGM,@2099EK,1
jXp5D5ZnxGM,@2pac2pac2pac,1
jXp5D5ZnxGM,@AdalbertoCaccia,1
jXp5D5ZnxGM,@AdamsTaiwan,1
jXp5D5ZnxGM,@AhmetKizilay0,1
jXp5D5ZnxGM,@AlexandreDias18,1
jXp5D5ZnxGM,@AllisonBernard_RI,1
jXp5D5ZnxGM,@Andy_B.,1
jXp5D5ZnxGM,@AwaisAli-bb7rk,1
jXp5D5ZnxGM,@CaseyHendley,1
jXp5D5ZnxGM,@Cbulaki,1
jXp5D5ZnxGM,@Charles.5277,1
jXp5D5ZnxGM,@CodeAsm,1
jXp5D5ZnxGM,@ColossalTrend,1
jXp5D5ZnxGM,@DD-coder,1
jXp5D5ZnxGM,@DanFrederiksen,1
jXp5D5ZnxGM,@DarioDAversa,1
jXp5D5ZnxGM,@DmitriZaitsev,1
jXp5D5ZnxGM,@FerjanaMousomi,1
jXp5D5ZnxGM,@GB-nn2cx,1
jXp5D5ZnxGM,@GOODBOY-vt1cf,1
jXp5D5ZnxGM,@GabenGiveaways,1
jXp5D5ZnxGM,@GypsyPaz,1
jXp5D5ZnxGM,@Hobnockers,1
jXp5D5ZnxGM,@IliyaDamyanov,1
jXp5D5ZnxGM,@Indrius,1
jXp5D5ZnxGM,@Kayzewolf,1
jXp5D5ZnxGM,@Lukas_H-z1x,1
jXp5D5ZnxGM,@MPee76,1
jXp5D5ZnxGM,@MarkJones-bc5vx,1
jXp5D5ZnxGM,@MrNareshProMax,1
jXp5D5ZnxGM,@Naej7,4
jXp5D5ZnxGM,@NotHuman-bc1cc,2
jXp5D5ZnxGM,@RohanRaj-h6i,2
jXp5D5ZnxGM,@SigmaScorpion,1
jXp5D5ZnxGM,@TamilSelvanB-u4q,1
jXp5D5ZnxGM,@TheMelo1993,1
jXp5D5ZnxGM,@Tzalive,1
jXp5D5ZnxGM,@VishGuru01,1
jXp5D5ZnxGM,@Wastl42,1
jXp5D5ZnxGM,@Wulan_Purnomo,1
jXp5D5ZnxGM,@XinhuiZENG,1
jXp5D5ZnxGM,@aar021,1
jXp5D5ZnxGM,@adibmohamed8356,1
jXp5D5ZnxGM,@adiorthotos,1
jXp5D5ZnxGM,@adrielomalley,1
jXp5D5ZnxGM,@akashbarot9299,1
jXp5D5ZnxGM,@aleksas9388,1
jXp5D5ZnxGM,@alsacs3635,1
jXp5D5ZnxGM,@andrez76,1
jXp5D5ZnxGM,@aquaprofile,1
jXp5D5ZnxGM,@ardenttechie,1
jXp5D5ZnxGM,@arijanrahimic3210,1
jXp5D5ZnxGM,@artemis_russo,1
jXp5D5ZnxGM,@ashikeron9975,1
jXp5D5ZnxGM,@basinxrandomstuff7264,1
jXp5D5ZnxGM,@bdjfbjvcrbxbx5560,1
jXp5D5ZnxGM,@beuzbeuz-dq4vy,1
jXp5D5ZnxGM,@cedmixon2993,1
jXp5D5ZnxGM,@charlietunaable,1
jXp5D5ZnxGM,@chitomi,1
jXp5D5ZnxGM,@code,7
jXp5D5ZnxGM,@coopernik,2
jXp5D5ZnxGM,@cornsalad14,1
jXp5D5ZnxGM,@creativehacksolutions,2
jXp5D5ZnxGM,@cringebunny5886,2
jXp5D5ZnxGM,@cyclone760,1
jXp5D5ZnxGM,@dangtin277,1
jXp5D5ZnxGM,@davevernon99,1
jXp5D5ZnxGM,@devangborkar5652,1
jXp5D5ZnxGM,@devgatling,1
jXp5D5ZnxGM,@devlim,1
jXp5D5ZnxGM,@diegoj4382,2
jXp5D5ZnxGM,@dreamsfloatjoe,1
jXp5D5ZnxGM,@dyarawilliams,1
jXp5D5ZnxGM,@earthskysea1111,1
jXp5D5ZnxGM,@ebk_west,1
jXp5D5ZnxGM,@fengz-x7z,1
jXp5D5ZnxGM,@firstlast-ty4di,1
jXp5D5ZnxGM,@ghostkee5031,1
jXp5D5ZnxGM,@haha-eg8fj,1
jXp5D5ZnxGM,@hecktorzr,1
jXp5D5ZnxGM,@intellect.dev5,1
jXp5D5ZnxGM,@jamesmor5305,1
jXp5D5ZnxGM,@jchanning72,1
jXp5D5ZnxGM,@jered1,1
jXp5D5ZnxGM,@jmonge1,1
jXp5D5ZnxGM,@kenniealbritton6390,1
jXp5D5ZnxGM,@keshavgupta4807,1
jXp5D5ZnxGM,@kiesun,1
jXp5D5ZnxGM,@kmunson007,1
jXp5D5ZnxGM,@kp_kovilakam,1
jXp5D5ZnxGM,@kryptorick5120,1
jXp5D5ZnxGM,@kushtrims01,1
jXp5D5ZnxGM,@leshiq4214,1
jXp5D5ZnxGM,@litojose22,1
jXp5D5ZnxGM,@lordiblees,1
jXp5D5ZnxGM,@majorgear1021,1
jXp5D5ZnxGM,@maneshipocrates,1
jXp5D5ZnxGM,@marcalbrecht6518,1
jXp5D5ZnxGM,@martapfahl940,1
jXp5D5ZnxGM,@maurod.asuajeg.73,1
jXp5D5ZnxGM,@moxopixel,1
jXp5D5ZnxGM,@nahomtewelde7400,1
jXp5D5ZnxGM,@neilm9400,1
jXp5D5ZnxGM,@nicholasferreira451,1
jXp5D5ZnxGM,@nomoredarts42,1
jXp5D5ZnxGM,@notasandworm,2
jXp5D5ZnxGM,@one_step_sideways,1
jXp5D5ZnxGM,@parasight,1
jXp5D5ZnxGM,@pedromota987,1
jXp5D5ZnxGM,@planetawesome8791,1
jXp5D5ZnxGM,@prashantghewari3018,1
jXp5D5ZnxGM,@robertf57,1
jXp5D5ZnxGM,@robl39,1
jXp5D5ZnxGM,@s_madhan623,1
jXp5D5ZnxGM,@sachinmogha5168,1
jXp5D5ZnxGM,@sanjeevsethi6330,1
jXp5D5ZnxGM,@sirkato7751,1
jXp5D5ZnxGM,@sivajinandimandalam6329,1
jXp5D5ZnxGM,@skystar3,1
jXp5D5ZnxGM,@sonuchiha1834,1
jXp5D5ZnxGM,@soubhagyak3061,1
jXp5D5ZnxGM,@starshiptexas,1
jXp5D5ZnxGM,@syntaxsavvy2708,1
jXp5D5ZnxGM,@techtransformers7464,1
jXp5D5ZnxGM,@testexamchannel5542,1
jXp5D5ZnxGM,@thanasisathanasi4965,1
jXp5D5ZnxGM,@thenanook,1
jXp5D5ZnxGM,@thudtheace,1
jXp5D5ZnxGM,@trannhathungnguyen352,1
jXp5D5ZnxGM,@tranuclinh5026,1
jXp5D5ZnxGM,@tray0ne,1
jXp5D5ZnxGM,@us4bn,1
jXp5D5ZnxGM,@user-h2q3z,1
jXp5D5ZnxGM,@vPsuYmqwR2eqgTAXUhXcT5mqLzrjJ6,1
jXp5D5ZnxGM,@vancekang,1
jXp5D5ZnxGM,@vazzdoin,1
jXp5D5ZnxGM,@vignesh_m_1995,1
jXp5D5ZnxGM,@vlastastojkovaurbanova3676,1
jXp5D5ZnxGM,@wachirarisky4284,1
jXp5D5ZnxGM,@wolfmib,1
jXp5D5ZnxGM,@yahik,1
jXp5D5ZnxGM,@yuriygerasimovich4187,1
jXp5D5ZnxGM,@zmagicsolutions,3
jXp5D5ZnxGM,@zzzaaasg,1
jsy3m7Emkr0,@H4KnSL4K,2
jsy3m7Emkr0,@JustinKJohnson,1
jsy3m7Emkr0,@KumR,1
jsy3m7Emkr0,@LexGonSep,2
jsy3m7Emkr0,@SlashSung,1
jsy3m7Emkr0,@TechWithTim,2
jsy3m7Emkr0,@b-llam,1
jsy3m7Emkr0,@chosen-m,1
jsy3m7Emkr0,@cn7abc,1
jsy3m7Emkr0,@imperialTech,1
jsy3m7Emkr0,@jeffclark5268,1
jsy3m7Emkr0,@jonathandelapaz6436,1
jsy3m7Emkr0,@palashjyotiborah9888,2
jsy3m7Emkr0,@patrickmateus-iq8bi,1
jsy3m7Emkr0,@swoopsavvy7560,1
jsy3m7Emkr0,@КонстантинБойцов-ы4д,1
k_D_C3ExypU,@0levvant,1
k_D_C3ExypU,@0xHush,1
k_D_C3ExypU,@A.B.C.2000,1
k_D_C3ExypU,@ADHDOCD,1
k_D_C3ExypU,@AbdelmoezBoucetta,1
k_D_C3ExypU,@AbdouAbdou-px7me,1
k_D_C3ExypU,@AbdulRehman-pb5od,1
k_D_C3ExypU,@AbdullahiMomoh-o9j,1
k_D_C3ExypU,@AjaySingh-jz8qx,1
k_D_C3ExypU,@Alex-xt8rz,1
k_D_C3ExypU,@AngeCesarMadick,1
k_D_C3ExypU,@Antony-s4y,1
k_D_C3ExypU,@Ateszika,1
k_D_C3ExypU,@AustinRoger-n4b,1
k_D_C3ExypU,@BOOKHUB2,1
k_D_C3ExypU,@Biglu193,1
k_D_C3ExypU,@Brandcode-yq2wn,1
k_D_C3ExypU,@Bryant004-z4n,1
k_D_C3ExypU,@CarlosTello-m8h,1
k_D_C3ExypU,@CodeKiKahaniya,1
k_D_C3ExypU,@CutVortez,1
k_D_C3ExypU,@DeepakSankhyan,1
k_D_C3ExypU,@Deus-lo-Vuilt,1
k_D_C3ExypU,@DevZoneCodes,2
k_D_C3ExypU,@Echoes-of-Humanity-c7h,1
k_D_C3ExypU,@EduardoCosta-vk3yc,1
k_D_C3ExypU,@FactFromBones,1
k_D_C3ExypU,@Fardin396,1
k_D_C3ExypU,@GarvitAroraOfficial,1
k_D_C3ExypU,@GenAImagic,1
k_D_C3ExypU,@HamidRehman-j1f,1
k_D_C3ExypU,@JacksonRoosCFT,1
k_D_C3ExypU,@Kalaculator,1
k_D_C3ExypU,@Kitler-n4y,1
k_D_C3ExypU,@MANGO23-i6r,1
k_D_C3ExypU,@MattBeckman-lk8jf,1
k_D_C3ExypU,@MradulGarg-x2l,1
k_D_C3ExypU,@MuhammadNehal-g7c,2
k_D_C3ExypU,@NexGenStudioDev,1
k_D_C3ExypU,@OfirGenish,1
k_D_C3ExypU,@OneFlex3,5
k_D_C3ExypU,@Peter_Anthony283,1
k_D_C3ExypU,@Plaswin,1
k_D_C3ExypU,@PrithiviMagar-vv7vz,1
k_D_C3ExypU,@RichyDalima,1
k_D_C3ExypU,@RonitRai-oo5hh,1
k_D_C3ExypU,@ShuaibuYau-q9q,1
k_D_C3ExypU,@Softianix,1
k_D_C3ExypU,@SteveBClark,3
k_D_C3ExypU,@SuperMethas,1
k_D_C3ExypU,@Suresh-iu2tx,1
k_D_C3ExypU,@TSMCCruz,1
k_D_C3ExypU,@TaktAkira,1
k_D_C3ExypU,@TrendingHaiBe,1
k_D_C3ExypU,@Varna-m7r,1
k_D_C3ExypU,@VikOtis-Deploys-zl1bz,1
k_D_C3ExypU,@VonjiniainaMirado,3
k_D_C3ExypU,@Webmaster-s3t,1
k_D_C3ExypU,@ZarifWahidAriq,1
k_D_C3ExypU,@ZentrixEditor,2
k_D_C3ExypU,@abdullahnadeem9987,1
k_D_C3ExypU,@ahsangulzarbhutta1,1
k_D_C3ExypU,@alexxarasho1138,1
k_D_C3ExypU,@amanrubey,1
k_D_C3ExypU,@amigos786,1
k_D_C3ExypU,@aminbusiness3139,1
k_D_C3ExypU,@animation_fans5,1
k_D_C3ExypU,@antonyefanov,1
k_D_C3ExypU,@aouamachraf2760,1
k_D_C3ExypU,@arshitrupani,1
k_D_C3ExypU,@asmedeus448,1
k_D_C3ExypU,@avikhandakar,1
k_D_C3ExypU,@awakenwithoutcoffee,2
k_D_C3ExypU,@aydoooo,1
k_D_C3ExypU,@bestthegamer07,1
k_D_C3ExypU,@bindenlibejohn7378,1
k_D_C3ExypU,@biovawan,1
k_D_C3ExypU,@capt41,1
k_D_C3ExypU,@casompallipraveen860,1
k_D_C3ExypU,@chandanm4090,1
k_D_C3ExypU,@codewithantonio,23
k_D_C3ExypU,@crazy_anuj_12,2
k_D_C3ExypU,@danbeth7713,1
k_D_C3ExypU,@danieldavidoff7485,1
k_D_C3ExypU,@dev.vanderson,1
k_D_C3ExypU,@dev_insights783,1
k_D_C3ExypU,@dinand28,1
k_D_C3ExypU,@dreamsachiever212,1
k_D_C3ExypU,@emretrn,1
k_D_C3ExypU,@emyrax,1
k_D_C3ExypU,@falbyarts,1
k_D_C3ExypU,@fridoper124,1
k_D_C3ExypU,@funnyclock101,1
k_D_C3ExypU,@funyalker,1
k_D_C3ExypU,@gobiwebdev,1
k_D_C3ExypU,@grenishrai611,2
k_D_C3ExypU,@hindivines462,1
k_D_C3ExypU,@howsthephysics5822,1
k_D_C3ExypU,@idkwhat337,1
k_D_C3ExypU,@imsurafeldotdev,1
k_D_C3ExypU,@ivanamilinkovich,1
k_D_C3ExypU,@jamesWorth77,1
k_D_C3ExypU,@jeancarlomorales4496,1
k_D_C3ExypU,@jorgechibante,1
k_D_C3ExypU,@joshua5617,1
k_D_C3ExypU,@junangameplays3271,1
k_D_C3ExypU,@kesabmaharana4130,1
k_D_C3ExypU,@kiprotichMaritim,1
k_D_C3ExypU,@kora7223,1
k_D_C3ExypU,@kvs7720,1
k_D_C3ExypU,@lebogangsekwati1331,1
k_D_C3ExypU,@manastechhub,1
k_D_C3ExypU,@marufbepary100,1
k_D_C3ExypU,@mateocarino,1
k_D_C3ExypU,@megaq4979,1
k_D_C3ExypU,@mohitmouryaa143,1
k_D_C3ExypU,@musasanilamu2,2
k_D_C3ExypU,@nabin-5523,1
k_D_C3ExypU,@nedpham0204,1
k_D_C3ExypU,@nitinbhatt3635,1
k_D_C3ExypU,@nivashhhh,1
k_D_C3ExypU,@olamideakinrinlola1220,1
k_D_C3ExypU,@oussama-g9p,1
k_D_C3ExypU,@rahulchaudhari3007,1
k_D_C3ExypU,@returnZeroo,1
k_D_C3ExypU,@robertspidey8136,1
k_D_C3ExypU,@rohitgawande7596,1
k_D_C3ExypU,@siadialiga,1
k_D_C3ExypU,@siddhant1048,1
k_D_C3ExypU,@sjwreal,1
k_D_C3ExypU,@sofianerealm,1
k_D_C3ExypU,@softaculas,1
k_D_C3ExypU,@superhero-zj5qc,2
k_D_C3ExypU,@szachgr43,1
k_D_C3ExypU,@technoboss9192,1
k_D_C3ExypU,@testy_cool,1
k_D_C3ExypU,@theamargupta-i2p,1
k_D_C3ExypU,@thecritiquer9407,1
k_D_C3ExypU,@thegamingworld100,1
k_D_C3ExypU,@this_katharsis2227,1
k_D_C3ExypU,@top5noblefacts,1
k_D_C3ExypU,@totitaa-li5uo,2
k_D_C3ExypU,@tranthanhlan1685,1
k_D_C3ExypU,@tsoueid,1
k_D_C3ExypU,@tutorailking696,1
k_D_C3ExypU,@umakantyadav885,1
k_D_C3ExypU,@unknown-7458,1
k_D_C3ExypU,@val7dev,2
k_D_C3ExypU,@vivekgohel9794,1
k_D_C3ExypU,@vladsazon,1
k_D_C3ExypU,@youngjojo3052,3
k_D_C3ExypU,@ธีรพงศ์อินทร์ตุ้ม-ห7ข,1
l30Eb76Tk5s,@1mystic,1
l30Eb76Tk5s,@8ender1969,1
l30Eb76Tk5s,@Brlitzkreig,1
l30Eb76Tk5s,@CormacMaher,1
l30Eb76Tk5s,@DCWilliam24,1
l30Eb76Tk5s,@Dailydrops-cloud,1
l30Eb76Tk5s,@DaleThomasNYC,1
l30Eb76Tk5s,@ElenaS-de9hq,1
l30Eb76Tk5s,@Emil_m,1
l30Eb76Tk5s,@FirmwarePhantom,1
l30Eb76Tk5s,@ILyaCyclone,1
l30Eb76Tk5s,@IbamChucks,1
l30Eb76Tk5s,@JamieCrew,1
l30Eb76Tk5s,@JerksonHancock,1
l30Eb76Tk5s,@KrishnaKumar-ng9sx,1
l30Eb76Tk5s,@LadySalemRaven,1
l30Eb76Tk5s,@MoIntertains-hk1ix,1
l30Eb76Tk5s,@MohsanAli-bq5ld,2
l30Eb76Tk5s,@MrSoloDev,2
l30Eb76Tk5s,@Mr_Molie,1
l30Eb76Tk5s,@Mrbean770-s7r,1
l30Eb76Tk5s,@NarrativeController,1
l30Eb76Tk5s,@Oggi19641,1
l30Eb76Tk5s,@Okayjxnr,1
l30Eb76Tk5s,@Olaf-y5v,1
l30Eb76Tk5s,@RainDustTech,1
l30Eb76Tk5s,@RickeyJSimas,1
l30Eb76Tk5s,@RigVader,1
l30Eb76Tk5s,@RusBuffet,1
l30Eb76Tk5s,@TheEricsondalusong,1
l30Eb76Tk5s,@Tony-dp1rl,1
l30Eb76Tk5s,@TouchofExcellence,1
l30Eb76Tk5s,@UberDurable,1
l30Eb76Tk5s,@WhiteNight9096,1
l30Eb76Tk5s,@Xecter_Shorts,1
l30Eb76Tk5s,@ZFEditor,1
l30Eb76Tk5s,@aloneguid,1
l30Eb76Tk5s,@andrenovaes007,1
l30Eb76Tk5s,@avanibrandt4547,1
l30Eb76Tk5s,@benarcher372,2
l30Eb76Tk5s,@celotrovi,1
l30Eb76Tk5s,@coastofkonkan,1
l30Eb76Tk5s,@cpubuff,1
l30Eb76Tk5s,@cyb3r_asad,1
l30Eb76Tk5s,@danbrown4205,1
l30Eb76Tk5s,@deathineyes,2
l30Eb76Tk5s,@dm5665,1
l30Eb76Tk5s,@ebanboris393,1
l30Eb76Tk5s,@ekuwam8989,1
l30Eb76Tk5s,@faizelnoorgat7141,1
l30Eb76Tk5s,@fibo12358,1
l30Eb76Tk5s,@gelosoor4281,2
l30Eb76Tk5s,@haidersyed6554,2
l30Eb76Tk5s,@hoangvantrong1,3
l30Eb76Tk5s,@hoodie607,1
l30Eb76Tk5s,@hydtechietalks3607,1
l30Eb76Tk5s,@intertechard,1
l30Eb76Tk5s,@iwillwander,1
l30Eb76Tk5s,@jiyo404,1
l30Eb76Tk5s,@jmsolorzano13,1
l30Eb76Tk5s,@johnvoorhees2331,1
l30Eb76Tk5s,@kevinnasim8508,1
l30Eb76Tk5s,@kshilkrot007,1
l30Eb76Tk5s,@majorbeats1775,1
l30Eb76Tk5s,@mallninja9805,1
l30Eb76Tk5s,@marcoszan9504,1
l30Eb76Tk5s,@mattsnackattack,1
l30Eb76Tk5s,@mavsocc,1
l30Eb76Tk5s,@mharish83,1
l30Eb76Tk5s,@michaellamb134,1
l30Eb76Tk5s,@mikeoffenbecher2416,1
l30Eb76Tk5s,@minhazhalim2097,1
l30Eb76Tk5s,@mrbartuss1,1
l30Eb76Tk5s,@msoler1976,1
l30Eb76Tk5s,@nwatibrand,1
l30Eb76Tk5s,@pauldandurandboots,1
l30Eb76Tk5s,@rackstar2,1
l30Eb76Tk5s,@redmaxy,1
l30Eb76Tk5s,@rikeshkhanna,1
l30Eb76Tk5s,@rjabrm,1
l30Eb76Tk5s,@robt6127,1
l30Eb76Tk5s,@rodrigolumi,1
l30Eb76Tk5s,@sameerasuhail2158,1
l30Eb76Tk5s,@sgt.snowiee9195,2
l30Eb76Tk5s,@sillystuff6247,1
l30Eb76Tk5s,@stanislavhristakiev1881,1
l30Eb76Tk5s,@theculturewatch2414,1
l30Eb76Tk5s,@this_katharsis2227,1
l30Eb76Tk5s,@ttaylor9916,1
l30Eb76Tk5s,@usamashami11,1
l30Eb76Tk5s,@vijoyjoseph9734,1
l30Eb76Tk5s,@wyattx008,1
l30Eb76Tk5s,@xiu-li,1
l30Eb76Tk5s,@xxxEdfghdrt,1
l30Eb76Tk5s,@yw6387,1
l30Eb76Tk5s,@zixianfrancislin6119,1
l30Eb76Tk5s,@黄晓辉-b9c,1
mViFYTwWvcM,@0B486B,1
mViFYTwWvcM,@3brothersfun,1
mViFYTwWvcM,@ALONE_RAPS,1
mViFYTwWvcM,@AMITbHUREYA,1
mViFYTwWvcM,@AboHemed,1
mViFYTwWvcM,@Ahbiggie007,1
mViFYTwWvcM,@Animationkiduniya2444,1
mViFYTwWvcM,@AnttiBrax,1
mViFYTwWvcM,@AnujGamer-v6s,1
mViFYTwWvcM,@BigBeesNase,1
mViFYTwWvcM,@BladeAndrade,1
mViFYTwWvcM,@BurningR,1
mViFYTwWvcM,@Byamarro2,1
mViFYTwWvcM,@Capitated101,1
mViFYTwWvcM,@CarlosGallo-t3g,1
mViFYTwWvcM,@ChhotuKumarsah-n8f,1
mViFYTwWvcM,@ChinmayaSwain-x4c,1
mViFYTwWvcM,@CreatorsadSad-s3p,1
mViFYTwWvcM,@DagnegashawDagne,1
mViFYTwWvcM,@DavidGende-vs1tv,1
mViFYTwWvcM,@Dede_Stepas,1
mViFYTwWvcM,@DevLife717,1
mViFYTwWvcM,@DevSaini_007v,1
mViFYTwWvcM,@Elbapah9,2
mViFYTwWvcM,@EzbonPaul-t7x,1
mViFYTwWvcM,@FX__ZICO__369,1
mViFYTwWvcM,@GilberObando-k3c,1
mViFYTwWvcM,@GuardianADSF,1
mViFYTwWvcM,@HariboTagada,1
mViFYTwWvcM,@HeathHoward512,1
mViFYTwWvcM,@HyperRex808,1
mViFYTwWvcM,@JU0DAS,1
mViFYTwWvcM,@JuanFuentes-yt3us,1
mViFYTwWvcM,@Jwz84,1
mViFYTwWvcM,@KedirAya,1
mViFYTwWvcM,@LeonardoMomoPedrosa,1
mViFYTwWvcM,@LeonardoSapucaia,1
mViFYTwWvcM,@Loebe12,1
mViFYTwWvcM,@Mac-vn5rf,1
mViFYTwWvcM,@MaqsoodAnsari-i6k,1
mViFYTwWvcM,@Medstudent-p5j,1
mViFYTwWvcM,@MosesTalkmoreMandizvidza,1
mViFYTwWvcM,@MrLapedos,1
mViFYTwWvcM,@MrQinTheUK,1
mViFYTwWvcM,@MrinmoyRoy1990,1
mViFYTwWvcM,@Mrlucky-m6n,1
mViFYTwWvcM,@NEXT_LEVEL-20,1
mViFYTwWvcM,@NaviKhan-z5l,1
mViFYTwWvcM,@Noob-oc1wp,1
mViFYTwWvcM,@NuScorpii,2
mViFYTwWvcM,@OnuongaLucy,1
mViFYTwWvcM,@OsamaTurk-c5r,1
mViFYTwWvcM,@OtakJelinger,1
mViFYTwWvcM,@PatrickFaith,1
mViFYTwWvcM,@RafalAndHisThoughts,1
mViFYTwWvcM,@Rakibgamer402,1
mViFYTwWvcM,@RanjeetgontiyaGontiya,1
mViFYTwWvcM,@RasAlHaq,1
mViFYTwWvcM,@Richind12-e8v,1
mViFYTwWvcM,@Rob_Redmond,1
mViFYTwWvcM,@RomanAndriiv,1
mViFYTwWvcM,@SagniAbera,1
mViFYTwWvcM,@SamadhanBarde-m3w5z,1
mViFYTwWvcM,@Sangram876,1
mViFYTwWvcM,@SaranyaSaranya-o6f,1
mViFYTwWvcM,@Simranmasih_17,1
mViFYTwWvcM,@SpaceGravy,1
mViFYTwWvcM,@Spec-Kitty,1
mViFYTwWvcM,@SubashaNishad-o9r,1
mViFYTwWvcM,@Subontangchangya,1
mViFYTwWvcM,@Suchi_v,1
mViFYTwWvcM,@Sulamannsulamann,1
mViFYTwWvcM,@SwedishGuy42,1
mViFYTwWvcM,@Tommy-BB,1
mViFYTwWvcM,@TommyTheJ,1
mViFYTwWvcM,@TotalGaming94-g2t9u,1
mViFYTwWvcM,@UNgineering,1
mViFYTwWvcM,@USA_ANIMATION_09,1
mViFYTwWvcM,@Usqunknowns,1
mViFYTwWvcM,@Varadhan-n5t,1
mViFYTwWvcM,@Vedantraut.7666,1
mViFYTwWvcM,@YusufSertkaya-o7v,1
mViFYTwWvcM,@ZabiulallahZabiulallah-i9y,1
mViFYTwWvcM,@ZiZU4851,1
mViFYTwWvcM,@Zindawg02,1
mViFYTwWvcM,@absolute___zero,1
mViFYTwWvcM,@agamemnonc,1
mViFYTwWvcM,@akhlaqabro8341,1
mViFYTwWvcM,@ambarishkapil8004,1
mViFYTwWvcM,@analisamelojete1966,1
mViFYTwWvcM,@andig72,1
mViFYTwWvcM,@anurag985,1
mViFYTwWvcM,@arunachalamramasamy9677,1
mViFYTwWvcM,@asteriondaedalus6859,1
mViFYTwWvcM,@astyy,1
mViFYTwWvcM,@bernaridho,1
mViFYTwWvcM,@blzspti909,1
mViFYTwWvcM,@bokehbeauty,1
mViFYTwWvcM,@budihartonohoo,1
mViFYTwWvcM,@bullpup1337,1
mViFYTwWvcM,@carrati3,1
mViFYTwWvcM,@chotumotu11,1
mViFYTwWvcM,@chrisgedling361,1
mViFYTwWvcM,@cloojure,1
mViFYTwWvcM,@cmumad,1
mViFYTwWvcM,@cosmochaosmaker,1
mViFYTwWvcM,@cours458,1
mViFYTwWvcM,@crystalfarr5560,1
mViFYTwWvcM,@darkshiftyzero,1
mViFYTwWvcM,@dashie4yt,1
mViFYTwWvcM,@davew2040x,1
mViFYTwWvcM,@davidorayo5659,1
mViFYTwWvcM,@dodehsn4783,1
mViFYTwWvcM,@elendal,1
mViFYTwWvcM,@emptysense,1
mViFYTwWvcM,@ericmuijs1938,1
mViFYTwWvcM,@erik....,1
mViFYTwWvcM,@eronsoft_com,1
mViFYTwWvcM,@factorfitness3713,1
mViFYTwWvcM,@familiekontoen1955,1
mViFYTwWvcM,@fisherkingpoet,1
mViFYTwWvcM,@flickerblip9044,1
mViFYTwWvcM,@geoffreycollins6627,1
mViFYTwWvcM,@gerrcass1,1
mViFYTwWvcM,@ghelmstetter-AI,1
mViFYTwWvcM,@guigolazo,1
mViFYTwWvcM,@haccrr4,1
mViFYTwWvcM,@harshavardhansahoo,1
mViFYTwWvcM,@hassangamer1214-y6z,1
mViFYTwWvcM,@heliobessonirodrigues6632,1
mViFYTwWvcM,@hiko-studio,1
mViFYTwWvcM,@hubertk2952,1
mViFYTwWvcM,@iam_qwerty,1
mViFYTwWvcM,@ibealion1,1
mViFYTwWvcM,@imranmunibkhan,1
mViFYTwWvcM,@is-sam,1
mViFYTwWvcM,@ivanhornak7644,1
mViFYTwWvcM,@jacksjr2,1
mViFYTwWvcM,@jacobcukjati6112,1
mViFYTwWvcM,@jasonpollock1054,1
mViFYTwWvcM,@jean-phil,1
mViFYTwWvcM,@jfroco,1
mViFYTwWvcM,@jijin2450,1
mViFYTwWvcM,@jimmycd69,1
mViFYTwWvcM,@jingwencai2345,1
mViFYTwWvcM,@joaooliveirarocha,1
mViFYTwWvcM,@joelluth6384,1
mViFYTwWvcM,@johanoscarsson3413,1
mViFYTwWvcM,@jonathanmerritt8712,1
mViFYTwWvcM,@joshnabhakta60,1
mViFYTwWvcM,@kaljan787,1
mViFYTwWvcM,@kaotictube,1
mViFYTwWvcM,@kavinduvindikasomadasa352,1
mViFYTwWvcM,@kevincampos3418,1
mViFYTwWvcM,@khalidelgazzar,1
mViFYTwWvcM,@kid105,1
mViFYTwWvcM,@koekoekstraat,1
mViFYTwWvcM,@kzrider8,1
mViFYTwWvcM,@lenden0,1
mViFYTwWvcM,@libnerrr,1
mViFYTwWvcM,@lifehacker123,1
mViFYTwWvcM,@linowirag8494,1
mViFYTwWvcM,@listigt,1
mViFYTwWvcM,@luiseduardo1458,1
mViFYTwWvcM,@luxraider5384,1
mViFYTwWvcM,@markandangie2,1
mViFYTwWvcM,@mcgamer-125,1
mViFYTwWvcM,@michaelfinlan1538,2
mViFYTwWvcM,@michaelmackend4153,1
mViFYTwWvcM,@miraculixxs,1
mViFYTwWvcM,@mohammedhewedy8231,1
mViFYTwWvcM,@mokoboko2482,1
mViFYTwWvcM,@muisokoiyawomuisolayideoko4295,1
mViFYTwWvcM,@mujahidalimujahidthaheemmu8081,1
mViFYTwWvcM,@necronlord52,1
mViFYTwWvcM,@noahz,1
mViFYTwWvcM,@ocinart3603,1
mViFYTwWvcM,@omshukla-g9t,1
mViFYTwWvcM,@oneautumnleaf47,1
mViFYTwWvcM,@opmdevil,1
mViFYTwWvcM,@paulhammond8583,1
mViFYTwWvcM,@pavlovalor,1
mViFYTwWvcM,@pavlvs_maximvs,1
mViFYTwWvcM,@paz80917,1
mViFYTwWvcM,@permiek,1
mViFYTwWvcM,@personalaccount1515,1
mViFYTwWvcM,@pixolut,1
mViFYTwWvcM,@rao180677,1
mViFYTwWvcM,@rd95mi,1
mViFYTwWvcM,@rdxgamer9949,1
mViFYTwWvcM,@rikadiana1894,1
mViFYTwWvcM,@ritik_raj_7070,1
mViFYTwWvcM,@rosendungu7124,1
mViFYTwWvcM,@salinTamang-c4u,1
mViFYTwWvcM,@samuellerner4174,1
mViFYTwWvcM,@shanelee007,1
mViFYTwWvcM,@silverioleo8621,1
mViFYTwWvcM,@simeon8360,1
mViFYTwWvcM,@simonmartin2816,1
mViFYTwWvcM,@snakebigboss8646,1
mViFYTwWvcM,@snapman218,1
mViFYTwWvcM,@soliveirajr,1
mViFYTwWvcM,@stevebula9369,1
mViFYTwWvcM,@tb_hacker_show_77,1
mViFYTwWvcM,@theehans,1
mViFYTwWvcM,@tobogranyte,1
mViFYTwWvcM,@tuzaguilar4201,1
mViFYTwWvcM,@u.roselli,1
mViFYTwWvcM,@vladara7226,1
mViFYTwWvcM,@vlads-r7k,1
mViFYTwWvcM,@xiongxiong3674,1
mViFYTwWvcM,@xneoangel,1
mViFYTwWvcM,@xwilliam1x,1
mViFYTwWvcM,@xyzing99,1
mViFYTwWvcM,@yasararafath3524,1
mViFYTwWvcM,@yosemite7651,1
mViFYTwWvcM,@youtuberpiyush0,1
mViFYTwWvcM,@ytbkm,1
mViFYTwWvcM,@حسینموسوی-ي6غ,1
mZzhfPle9QU,@-mod1304,1
mZzhfPle9QU,@04donaldo,1
mZzhfPle9QU,@0x2AI,1
mZzhfPle9QU,@9999ssjvegeta,1
mZzhfPle9QU,@AAAA-b7m6r,1
mZzhfPle9QU,@AGunzOw,2
mZzhfPle9QU,@AasmanKashyap-w5f,1
mZzhfPle9QU,@Aitechs-m5p,1
mZzhfPle9QU,@Amanda-bg7ib,1
mZzhfPle9QU,@AndyWongXeraph,1
mZzhfPle9QU,@Ashish-y1h3k,1
mZzhfPle9QU,@AyanKhan-t9d6s,1
mZzhfPle9QU,@Ayofashakaa,2
mZzhfPle9QU,@BLACK-444-r8i,1
mZzhfPle9QU,@BLACK__DEVIL11.60,1
mZzhfPle9QU,@BobertDTV,1
mZzhfPle9QU,@BrunoDurante-g2w,1
mZzhfPle9QU,@ChandraShekhar-by3cd,1
mZzhfPle9QU,@Chavez3d,1
mZzhfPle9QU,@Code-With-Robby,5
mZzhfPle9QU,@Cryptodany21,1
mZzhfPle9QU,@DevBolat,1
mZzhfPle9QU,@DrJones117,1
mZzhfPle9QU,@Entertainment10657,1
mZzhfPle9QU,@EsunaYT,1
mZzhfPle9QU,@FardusAttia-t9x,1
mZzhfPle9QU,@FitzSturgill,1
mZzhfPle9QU,@FlaskerGaming,1
mZzhfPle9QU,@FlowKy_ai,1
mZzhfPle9QU,@Gauravsharma-yg4nn,1
mZzhfPle9QU,@GaytriGuvhade,1
mZzhfPle9QU,@GodLevel-b1v6c,1
mZzhfPle9QU,@GoriIIaTactics,1
mZzhfPle9QU,@Helix-AI-Labs,1
mZzhfPle9QU,@ItsMudfish,1
mZzhfPle9QU,@JinaDonald,1
mZzhfPle9QU,@JohnKimLife,39
mZzhfPle9QU,@KHEMRAJMEENA-b8s,1
mZzhfPle9QU,@KalaDon-h9c,1
mZzhfPle9QU,@KarthikSwamy-o5d,1
mZzhfPle9QU,@KashyapBhai-r5e,1
mZzhfPle9QU,@KhanSalman-g8h7e,1
mZzhfPle9QU,@KomiviBatoka,1
mZzhfPle9QU,@Kuruma_Cha,1
mZzhfPle9QU,@MRWANAKAD-r7c,1
mZzhfPle9QU,@ManyouRisms,1
mZzhfPle9QU,@Mebartos,1
mZzhfPle9QU,@MohammedUzairnewsfortheland,1
mZzhfPle9QU,@Mortenkp1,1
mZzhfPle9QU,@MuhammadAliShaikh-m7f,1
mZzhfPle9QU,@NSENGIYAREMYEJeandeDieu-x2m,1
mZzhfPle9QU,@Navak_,1
mZzhfPle9QU,@NohelibethPérez,1
mZzhfPle9QU,@Noney8078,1
mZzhfPle9QU,@OdPravatGaming07,1
mZzhfPle9QU,@PetukhovArt,1
mZzhfPle9QU,@RM-xr8lq,2
mZzhfPle9QU,@RahulKhatriPanthi,1
mZzhfPle9QU,@RedDevilNL,1
mZzhfPle9QU,@Sankarbro9,1
mZzhfPle9QU,@SayWhaaaaaaaaaaaaaaaaaaaaaaat,1
mZzhfPle9QU,@SpencerDezart-Smith,1
mZzhfPle9QU,@Stradigos,1
mZzhfPle9QU,@SubeerZ,1
mZzhfPle9QU,@TayyabAil-i1b,1
mZzhfPle9QU,@TechHDHwang,1
mZzhfPle9QU,@TheThinkingBenchTheory,1
mZzhfPle9QU,@TinyCinemuh,1
mZzhfPle9QU,@TitovValek,1
mZzhfPle9QU,@TulshiChettri-h6l,1
mZzhfPle9QU,@TuncTurel,1
mZzhfPle9QU,@Turing-Complete,1
mZzhfPle9QU,@VarshaDilor,1
mZzhfPle9QU,@Wackelstein1,2
mZzhfPle9QU,@WillyAmwayi,1
mZzhfPle9QU,@Writergirl420,1
mZzhfPle9QU,@adgo57,1
mZzhfPle9QU,@aijokker,1
mZzhfPle9QU,@alexanderfaucher1619,1
mZzhfPle9QU,@ami07071993,1
mZzhfPle9QU,@andrewchen4280,1
mZzhfPle9QU,@andyqhpeng1,1
mZzhfPle9QU,@aquasaxoncode,1
mZzhfPle9QU,@beyondai-real,1
mZzhfPle9QU,@binaryum,1
mZzhfPle9QU,@bobert6644,1
mZzhfPle9QU,@bolke8056,1
mZzhfPle9QU,@chloeshih,1
mZzhfPle9QU,@christinahastenrath1829,1
mZzhfPle9QU,@clearVue101,1
mZzhfPle9QU,@codevars,1
mZzhfPle9QU,@codingkaksha70,1
mZzhfPle9QU,@cpflamesYT,1
mZzhfPle9QU,@cpy,1
mZzhfPle9QU,@dannyy8619,1
mZzhfPle9QU,@davidli4527,1
mZzhfPle9QU,@davidm3614,1
mZzhfPle9QU,@diazwatson,1
mZzhfPle9QU,@dillonhansen71,1
mZzhfPle9QU,@divyansh1583,1
mZzhfPle9QU,@drendelous,1
mZzhfPle9QU,@edwinroman30,1
mZzhfPle9QU,@esbilo,1
mZzhfPle9QU,@ethanlane7831,1
mZzhfPle9QU,@eystolov,1
mZzhfPle9QU,@feelbad294,1
mZzhfPle9QU,@gabetiger4104,1
mZzhfPle9QU,@gagecates7210,1
mZzhfPle9QU,@grechmann6631,1
mZzhfPle9QU,@hacmahoalong,1
mZzhfPle9QU,@hafizartstone1850,1
mZzhfPle9QU,@hasamfazal4060,1
mZzhfPle9QU,@hemanshuverma0415,1
mZzhfPle9QU,@henrythai6375,1
mZzhfPle9QU,@hg5418-u8d,1
mZzhfPle9QU,@himankyadavHY,1
mZzhfPle9QU,@houssemgharbi6206,1
mZzhfPle9QU,@husseinhasan7758,1
mZzhfPle9QU,@hydrogxn,1
mZzhfPle9QU,@iamanski2387,1
mZzhfPle9QU,@ibrahimmerie8604,1
mZzhfPle9QU,@iosascha1,1
mZzhfPle9QU,@ishaila2079,1
mZzhfPle9QU,@j.p.8595,1
mZzhfPle9QU,@jackeynirmalkar4153,1
mZzhfPle9QU,@javimuinelo3110,1
mZzhfPle9QU,@jcarvallo,1
mZzhfPle9QU,@jejutime,1
mZzhfPle9QU,@jfchevrette,1
mZzhfPle9QU,@jm-lc3jp,1
mZzhfPle9QU,@jmhill79,1
mZzhfPle9QU,@jonatan.cirqueira3925,1
mZzhfPle9QU,@jtcrawfo1,1
mZzhfPle9QU,@jyntv,1
mZzhfPle9QU,@kallubhai-P,1
mZzhfPle9QU,@kamok1017,1
mZzhfPle9QU,@kauanmocelin,1
mZzhfPle9QU,@ksikluks,1
mZzhfPle9QU,@kuroexmachina,1
mZzhfPle9QU,@lendumore,1
mZzhfPle9QU,@liewweijun6728,1
mZzhfPle9QU,@lnewman2402,1
mZzhfPle9QU,@lursWombe,1
mZzhfPle9QU,@mapioca,1
mZzhfPle9QU,@marcusfriese31,1
mZzhfPle9QU,@marklnz,1
mZzhfPle9QU,@matheusbarros5709,1
mZzhfPle9QU,@matshedisomahundu6997,1
mZzhfPle9QU,@maxthomarino,1
mZzhfPle9QU,@mimo89891,1
mZzhfPle9QU,@mohammadtina2536,1
mZzhfPle9QU,@mohanrao-fw5ln,1
mZzhfPle9QU,@my3m,1
mZzhfPle9QU,@navaneethakrishnan8040,1
mZzhfPle9QU,@neveriamcaesar,1
mZzhfPle9QU,@oleksii5138,1
mZzhfPle9QU,@passingmagic,1
mZzhfPle9QU,@patilshreyas-pt,1
mZzhfPle9QU,@practiseChen1,1
mZzhfPle9QU,@pusan09,1
mZzhfPle9QU,@r4jivaim,1
mZzhfPle9QU,@ramyadam6280,2
mZzhfPle9QU,@recording2945,1
mZzhfPle9QU,@sameeranand6439,1
mZzhfPle9QU,@shaheermannan7540,1
mZzhfPle9QU,@shillster,1
mZzhfPle9QU,@smakarevich,1
mZzhfPle9QU,@snowie030,1
mZzhfPle9QU,@softwareEngineerKunwar,1
mZzhfPle9QU,@sohit_ff_00,1
mZzhfPle9QU,@soong9906,1
mZzhfPle9QU,@sorcerer-fox,1
mZzhfPle9QU,@spacecamplofi,1
mZzhfPle9QU,@spovisenko,1
mZzhfPle9QU,@srikarvattigunta5215,1
mZzhfPle9QU,@sroebert,1
mZzhfPle9QU,@ssekyanzihenry6676,1
mZzhfPle9QU,@sumitwadhwa8823,1
mZzhfPle9QU,@sunburst8810,1
mZzhfPle9QU,@tamerguerrero4398,1
mZzhfPle9QU,@tbone_ka_right_tatta,1
mZzhfPle9QU,@teddward418,2
mZzhfPle9QU,@tessyalozie7571,1
mZzhfPle9QU,@tomford1509,1
mZzhfPle9QU,@tommy-harty,1
mZzhfPle9QU,@torontoyes,1
mZzhfPle9QU,@troeten,1
mZzhfPle9QU,@umermaqsood4346,1
mZzhfPle9QU,@valentinrudloff,2
mZzhfPle9QU,@vikasaga,1
mZzhfPle9QU,@vinoddevops3000,1
mZzhfPle9QU,@virajchapaneri336,1
mZzhfPle9QU,@volsere,1
mZzhfPle9QU,@wbbaskqbsoowbwlz,1
mZzhfPle9QU,@x_isnt_my_name,1
mZzhfPle9QU,@xaby996,1
mZzhfPle9QU,@yerko_squadrito,1
mZzhfPle9QU,@zandilemhlanga3199,1
mZzhfPle9QU,@zorro161,1
mZzhfPle9QU,@zzzz-m6n6r,1
mZzhfPle9QU,@пашарябченко-к9ч,1
mZzhfPle9QU,@لحلىالحليلحلىالحلي,1
mZzhfPle9QU,@محمودزلط-ي6م,1
mZzhfPle9QU,@ناصرجرادات-ق6د,1
mi4hcipESKQ,@6699t,1
mi4hcipESKQ,@7hr1LL_,1
mi4hcipESKQ,@AIEdge-p4n,1
mi4hcipESKQ,@AI_for_Finance_with_Alex,1
mi4hcipESKQ,@AdaptandTriumph,1
mi4hcipESKQ,@AkunnaCynthia-jz5jy,1
mi4hcipESKQ,@AlexMunoz-rj6qc,1
mi4hcipESKQ,@AlexandreBarbosaIT,2
mi4hcipESKQ,@Anefecious,1
mi4hcipESKQ,@ArtherreroDoP,2
mi4hcipESKQ,@AustinPoweredd,1
mi4hcipESKQ,@AustinWilhite,1
mi4hcipESKQ,@Baryonyx32,1
mi4hcipESKQ,@Basiliold,1
mi4hcipESKQ,@Botanical4038,1
mi4hcipESKQ,@BrandieScott-xi4jn,1
mi4hcipESKQ,@CJKaufmanZA,1
mi4hcipESKQ,@ChrisBoulas,1
mi4hcipESKQ,@ClubbDirection,1
mi4hcipESKQ,@ConsensusDeep,1
mi4hcipESKQ,@DerekMurawsky,1
mi4hcipESKQ,@DrewPia81,1
mi4hcipESKQ,@Eddylive,2
mi4hcipESKQ,@EvolvingRichie,1
mi4hcipESKQ,@EyalShahar,2
mi4hcipESKQ,@Flugsvampar,1
mi4hcipESKQ,@GaryDWhatley,1
mi4hcipESKQ,@GreenLiv-254,1
mi4hcipESKQ,@GregsAIWorkshop,1
mi4hcipESKQ,@GridlessGrind,4
mi4hcipESKQ,@Haakon.Jensen,1
mi4hcipESKQ,@Haytch500,1
mi4hcipESKQ,@Hendrix312002,1
mi4hcipESKQ,@InterstellarML,3
mi4hcipESKQ,@JROD809,1
mi4hcipESKQ,@JamalFreeman-v7s,1
mi4hcipESKQ,@JanVandenEeckhout,2
mi4hcipESKQ,@JassSk,2
mi4hcipESKQ,@JessieS,1
mi4hcipESKQ,@Julia-g4x4d,2
mi4hcipESKQ,@JustinNadeau,1
mi4hcipESKQ,@Kuvool,1
mi4hcipESKQ,@LM-xz1rc,1
mi4hcipESKQ,@LaurentPerche,1
mi4hcipESKQ,@LighthouseFoundation501c3,1
mi4hcipESKQ,@MHBlackAce,1
mi4hcipESKQ,@Mani-Kanuru,1
mi4hcipESKQ,@MaryimAlfaro,1
mi4hcipESKQ,@MatthewEccles,1
mi4hcipESKQ,@MilesHChandler,1
mi4hcipESKQ,@MrColeHawk,1
mi4hcipESKQ,@Mr_Big_Head,3
mi4hcipESKQ,@Musa-lf5yn,1
mi4hcipESKQ,@NeuralprofitAi-l7j,1
mi4hcipESKQ,@Numbersssssss,1
mi4hcipESKQ,@Panzerboy006,1
mi4hcipESKQ,@Piotrek_Michalski,1
mi4hcipESKQ,@RAMLALYADAV1000,1
mi4hcipESKQ,@RehanRaza-n4b1o,1
mi4hcipESKQ,@RingooStarr91,1
mi4hcipESKQ,@SeanMcCannMusic,1
mi4hcipESKQ,@SophieAbrams,1
mi4hcipESKQ,@SudipDas-p9d,1
mi4hcipESKQ,@SunitaYadav-f1k2l,1
mi4hcipESKQ,@TQSenkungu,1
mi4hcipESKQ,@Taskade,1
mi4hcipESKQ,@TearsOfJoyIncOpenSoulAI,1
mi4hcipESKQ,@TheMattPearce,1
mi4hcipESKQ,@TheRealDanielsan,1
mi4hcipESKQ,@Tito_1982,1
mi4hcipESKQ,@UnusualAttitudes,1
mi4hcipESKQ,@Viadeicolli,2
mi4hcipESKQ,@VideoTestingGrounds,1
mi4hcipESKQ,@Weareteamsuccess,1
mi4hcipESKQ,@Werleatar,1
mi4hcipESKQ,@XunnnD-hz4pi,1
mi4hcipESKQ,@Yesar1,3
mi4hcipESKQ,@ZachHeinrich,1
mi4hcipESKQ,@Zaibuddinnn,1
mi4hcipESKQ,@alecstephenstech,1
mi4hcipESKQ,@alisyed909,1
mi4hcipESKQ,@ankursahnimotivationalspea8908,1
mi4hcipESKQ,@ayoubabedrabbo,4
mi4hcipESKQ,@ayshrmaa,2
mi4hcipESKQ,@bananacapitala,1
mi4hcipESKQ,@bedesigngfx,1
mi4hcipESKQ,@benitofrio,1
mi4hcipESKQ,@bigv772,1
mi4hcipESKQ,@bonecircuit,1
mi4hcipESKQ,@boonedocksfl2012,1
mi4hcipESKQ,@brvheavyhitter20,1
mi4hcipESKQ,@byjorinde,1
mi4hcipESKQ,@camilocarrillo2132,1
mi4hcipESKQ,@candi0503,1
mi4hcipESKQ,@carlos-o7z-s6e,1
mi4hcipESKQ,@cv542,1
mi4hcipESKQ,@dettek01,1
mi4hcipESKQ,@eddieurbano1328,2
mi4hcipESKQ,@eddify,1
mi4hcipESKQ,@emal8323,1
mi4hcipESKQ,@fiftheffect,1
mi4hcipESKQ,@gabman-lh5wd,1
mi4hcipESKQ,@genesisrondon9689,1
mi4hcipESKQ,@ginasaysthings,2
mi4hcipESKQ,@ginocipperoni9277,1
mi4hcipESKQ,@gregory7406,1
mi4hcipESKQ,@gunnarbjorn2664,1
mi4hcipESKQ,@h4mil70n,1
mi4hcipESKQ,@henryg4195,2
mi4hcipESKQ,@iamanantgupta,1
mi4hcipESKQ,@iamkelseymiles,1
mi4hcipESKQ,@jimcostello4611,1
mi4hcipESKQ,@kingjr3310,1
mi4hcipESKQ,@linhNPgraphic,1
mi4hcipESKQ,@ltybc425,1
mi4hcipESKQ,@marcelo.biblia,1
mi4hcipESKQ,@mart0shi9,1
mi4hcipESKQ,@micahwinss,1
mi4hcipESKQ,@michaelmackrell3283,1
mi4hcipESKQ,@michaelwildman3848,1
mi4hcipESKQ,@michailkoutchiach8779,1
mi4hcipESKQ,@mikoschde,1
mi4hcipESKQ,@min-k2689,1
mi4hcipESKQ,@mxteo-psd,2
mi4hcipESKQ,@nasimautomates,2
mi4hcipESKQ,@natedawg4273,1
mi4hcipESKQ,@nateherk,30
mi4hcipESKQ,@nelsonlam96,1
mi4hcipESKQ,@nickkurtz5097,1
mi4hcipESKQ,@nightlifeking,1
mi4hcipESKQ,@nilsmattern,1
mi4hcipESKQ,@nolow_life,3
mi4hcipESKQ,@notan3144,1
mi4hcipESKQ,@ocean645,1
mi4hcipESKQ,@panman2632,1
mi4hcipESKQ,@parleybae4321,1
mi4hcipESKQ,@pb34r46,1
mi4hcipESKQ,@pieroiglesias946,1
mi4hcipESKQ,@prima_z6210,1
mi4hcipESKQ,@procrastipractice,1
mi4hcipESKQ,@przemysawidasiak9758,1
mi4hcipESKQ,@rahulbhavsar_com,1
mi4hcipESKQ,@rajiv7,2
mi4hcipESKQ,@rasanathescalona2960,1
mi4hcipESKQ,@real.k.d,1
mi4hcipESKQ,@ree1ez442,1
mi4hcipESKQ,@riaanmaree1132,1
mi4hcipESKQ,@ricardogomez5879,1
mi4hcipESKQ,@rickmorty9735,1
mi4hcipESKQ,@rishikreddy4526,4
mi4hcipESKQ,@roamingdev,1
mi4hcipESKQ,@ruigomes8,1
mi4hcipESKQ,@ruu-iw5wuk9x,1
mi4hcipESKQ,@ryanlubon,1
mi4hcipESKQ,@rywmark,1
mi4hcipESKQ,@sagarjaid,1
mi4hcipESKQ,@sam9s,1
mi4hcipESKQ,@samholliday8225,1
mi4hcipESKQ,@saym2756,1
mi4hcipESKQ,@seblapinski1064,1
mi4hcipESKQ,@shimmy-TYH,1
mi4hcipESKQ,@shreyansh0gg,1
mi4hcipESKQ,@stephenwalker5832,1
mi4hcipESKQ,@stevenatanoto,2
mi4hcipESKQ,@stevewithsix4429,1
mi4hcipESKQ,@strategic-design,1
mi4hcipESKQ,@subpakk,1
mi4hcipESKQ,@sunburst8810,2
mi4hcipESKQ,@talktejas,1
mi4hcipESKQ,@thesamadekoya,1
mi4hcipESKQ,@thousandmile9477,1
mi4hcipESKQ,@tonyrougebusiness,2
mi4hcipESKQ,@toufikahmed-f9q,1
mi4hcipESKQ,@tutormeafter3253,1
mi4hcipESKQ,@udaikaranthakur4997,1
mi4hcipESKQ,@uros9050,1
mi4hcipESKQ,@victoralcazar,1
mi4hcipESKQ,@viniciusmendes7693,1
mi4hcipESKQ,@wellnessduo8396,1
mi4hcipESKQ,@wklowe00,1
mi4hcipESKQ,@workout246,1
mi4hcipESKQ,@xRiiVALx,1
mi4hcipESKQ,@xs-cyber,1
mi4hcipESKQ,@ylkwek,1
mi4hcipESKQ,@you3bi4b,2
mi4hcipESKQ,@ДимаЖуков-р4я,1
mjJ7dILxki8,@AdvestHQ,1
mjJ7dILxki8,@Azid_Fx,1
mjJ7dILxki8,@DavidBrown-X,1
mjJ7dILxki8,@DoctorTweak,1
mjJ7dILxki8,@EinstonReborn,1
mjJ7dILxki8,@Hogsley,1
mjJ7dILxki8,@Julian-fm6lr,2
mjJ7dILxki8,@Kelz_v,1
mjJ7dILxki8,@Mark85_06,1
mjJ7dILxki8,@PassionBrains,1
mjJ7dILxki8,@Rey-i6u,1
mjJ7dILxki8,@S.A.F707,1
mjJ7dILxki8,@Sherlock-e7f,1
mjJ7dILxki8,@SurajVarma-le4ud,1
mjJ7dILxki8,@TboneSteak1992,1
mjJ7dILxki8,@TheTraderPapa,1
mjJ7dILxki8,@The_Harsh_Truth,1
mjJ7dILxki8,@Vitamin-Tonic,1
mjJ7dILxki8,@ahmedalnafy6332,1
mjJ7dILxki8,@andrewcodesmith,2
mjJ7dILxki8,@animeodyssey777,1
mjJ7dILxki8,@anson-if9st,1
mjJ7dILxki8,@choochye3956,1
mjJ7dILxki8,@drewbadwolf5182,1
mjJ7dILxki8,@earthssatisfaction6878,1
mjJ7dILxki8,@envolated,2
mjJ7dILxki8,@gameranters,1
mjJ7dILxki8,@iamhoracio,1
mjJ7dILxki8,@jamesWorth77,1
mjJ7dILxki8,@joedorben3504,2
mjJ7dILxki8,@ladyphay,1
mjJ7dILxki8,@larsjansen4245,1
mjJ7dILxki8,@marcolindner9557,1
mjJ7dILxki8,@marq2729,1
mjJ7dILxki8,@oyinbra,1
mjJ7dILxki8,@paolocavalli7,1
mjJ7dILxki8,@thrillvilled111,1
n0NlxUyA7FI,@AnthroLover225,1
n0NlxUyA7FI,@Aryan-pi6ek,1
n0NlxUyA7FI,@AzharAli-n5c,1
n0NlxUyA7FI,@Brandon-ob9rg,3
n0NlxUyA7FI,@CootChick,1
n0NlxUyA7FI,@CurryGoatz,2
n0NlxUyA7FI,@DaneshHarki,3
n0NlxUyA7FI,@Daylanbb99,1
n0NlxUyA7FI,@DrManarAdnanSalkini-d7p,1
n0NlxUyA7FI,@GitHub,1
n0NlxUyA7FI,@IssacBerry-nd8pt,1
n0NlxUyA7FI,@JohelSouza,1
n0NlxUyA7FI,@JulietaSolayaoJuliet,1
n0NlxUyA7FI,@Maheshc27,1
n0NlxUyA7FI,@MartinPuedes,1
n0NlxUyA7FI,@Nira-g9b,1
n0NlxUyA7FI,@NormTurtle,1
n0NlxUyA7FI,@Parkerlogic,1
n0NlxUyA7FI,@RabidSBF,1
n0NlxUyA7FI,@RayPaden-g6v,1
n0NlxUyA7FI,@SHABBIRahmedZ6452,1
n0NlxUyA7FI,@ScaryLasers,1
n0NlxUyA7FI,@Shru_DT,1
n0NlxUyA7FI,@Stanley33338,1
n0NlxUyA7FI,@TusharAgarwal8415,2
n0NlxUyA7FI,@baburavi9640,1
n0NlxUyA7FI,@chadnelson8906,2
n0NlxUyA7FI,@chidiamaechi-wp1yb,1
n0NlxUyA7FI,@codingromatondus7218,1
n0NlxUyA7FI,@developerLifethings,1
n0NlxUyA7FI,@dragonek_gnu_linux_pl,1
n0NlxUyA7FI,@harsita12221,1
n0NlxUyA7FI,@hiteshpunjabi9413,1
n0NlxUyA7FI,@huguesbomo9297,1
n0NlxUyA7FI,@itsthatladydev,1
n0NlxUyA7FI,@izenski,1
n0NlxUyA7FI,@jonatasdp,1
n0NlxUyA7FI,@jorgepedraza1275,2
n0NlxUyA7FI,@jurybunn4051,1
n0NlxUyA7FI,@katieprice9757,1
n0NlxUyA7FI,@ladykerrgithub,3
n0NlxUyA7FI,@lovro1423,1
n0NlxUyA7FI,@mohamedkarim-p7j,1
n0NlxUyA7FI,@nathrichcpp,1
n0NlxUyA7FI,@nnivo,1
n0NlxUyA7FI,@person800,1
n0NlxUyA7FI,@powermyapps,1
n0NlxUyA7FI,@rajeshpurwar4406,1
n0NlxUyA7FI,@rendainteligence,1
n0NlxUyA7FI,@richochet,1
n0NlxUyA7FI,@sadikulhaquesadi6003,1
n0NlxUyA7FI,@stefans.6858,1
n0NlxUyA7FI,@swetajain4389,1
n0NlxUyA7FI,@tamedcrazyness,1
n0NlxUyA7FI,@tompompom,1
n0NlxUyA7FI,@trentmozingo7176,1
n0NlxUyA7FI,@webmaster2600,2
n0NlxUyA7FI,@yeres_0389,1
nUxuCoqJzlA,@A.S-m7t9m,1
nUxuCoqJzlA,@Amin-c3v6f,1
nUxuCoqJzlA,@ApexDevHQ,1
nUxuCoqJzlA,@BlueBearOne,1
nUxuCoqJzlA,@DavidOndrej,1
nUxuCoqJzlA,@Fish10000,1
nUxuCoqJzlA,@Gai-i5x,1
nUxuCoqJzlA,@GustafHauRuck,1
nUxuCoqJzlA,@KBTheCoder,1
nUxuCoqJzlA,@KonradTamas,1
nUxuCoqJzlA,@LearnWithBahman,1
nUxuCoqJzlA,@MARTINBRNO,1
nUxuCoqJzlA,@Makesens0,1
nUxuCoqJzlA,@Mike-o8i7b,1
nUxuCoqJzlA,@MikeMTech,1
nUxuCoqJzlA,@Mojogotmilk,1
nUxuCoqJzlA,@Navigata1,1
nUxuCoqJzlA,@R3ND3RR0R,4
nUxuCoqJzlA,@StabbyMcStabStab,1
nUxuCoqJzlA,@TheSheepDipped,1
nUxuCoqJzlA,@VFchizuru,1
nUxuCoqJzlA,@ZeNashB,1
nUxuCoqJzlA,@a.........1._.2..__..._.....__,1
nUxuCoqJzlA,@anonymeforliberty4387,2
nUxuCoqJzlA,@bestvexer,1
nUxuCoqJzlA,@bharathmadduri,1
nUxuCoqJzlA,@brunhildehipster3951,3
nUxuCoqJzlA,@desteban3uluaga,1
nUxuCoqJzlA,@fabioluisguerraferreira1682,1
nUxuCoqJzlA,@gilcd85,1
nUxuCoqJzlA,@grandtech1748,1
nUxuCoqJzlA,@hofimastah,1
nUxuCoqJzlA,@jamesf3801,3
nUxuCoqJzlA,@jaysidd,1
nUxuCoqJzlA,@jss672006,1
nUxuCoqJzlA,@komenskyborg,1
nUxuCoqJzlA,@l1v360,1
nUxuCoqJzlA,@theheatpipe,1
nUxuCoqJzlA,@timetraveler_0,1
nUxuCoqJzlA,@trendhouse6799,1
nWcEjZYeeVo,@10COLOUR,1
nWcEjZYeeVo,@1XO-03,1
nWcEjZYeeVo,@1YEARSGO,1
nWcEjZYeeVo,@ADITECH_BOSS,1
nWcEjZYeeVo,@AaronMukalay-j7t,1
nWcEjZYeeVo,@AbeselomGetachew,1
nWcEjZYeeVo,@Acrylicpainting25,1
nWcEjZYeeVo,@AdnanSami-u6k,1
nWcEjZYeeVo,@AdrianMusic-official,1
nWcEjZYeeVo,@AkbarKhan-fm3bz,1
nWcEjZYeeVo,@AmairaPatel-vw7iv,1
nWcEjZYeeVo,@AnkitaDutta-f3w,1
nWcEjZYeeVo,@ApkeFact_07,1
nWcEjZYeeVo,@AriyoErshadian,1
nWcEjZYeeVo,@Arslan78697,1
nWcEjZYeeVo,@Asadmazher4,1
nWcEjZYeeVo,@Ashish_gojiya_3663,1
nWcEjZYeeVo,@Ayeshaoffical585,1
nWcEjZYeeVo,@AyushMedatiya,1
nWcEjZYeeVo,@BOBZIEB,1
nWcEjZYeeVo,@BgmiCreator-j4d,1
nWcEjZYeeVo,@Bishalsubedivlogs,1
nWcEjZYeeVo,@Blogs_myra,1
nWcEjZYeeVo,@BongLuchcha97,1
nWcEjZYeeVo,@Cemaos_Webtoon,1
nWcEjZYeeVo,@China_vibes_tv1,1
nWcEjZYeeVo,@CpmKing1021,1
nWcEjZYeeVo,@Cristiano-Ronaldo1-m7y,1
nWcEjZYeeVo,@CyberSQUID9000,1
nWcEjZYeeVo,@Cybernursingequilíbriovital,1
nWcEjZYeeVo,@David-l1q5m,1
nWcEjZYeeVo,@Discoveringhistory-y3u,1
nWcEjZYeeVo,@DjGautamBashwariyaSimraungadh,1
nWcEjZYeeVo,@Djharigawnvlogs,1
nWcEjZYeeVo,@DreamCatcher_11.23,1
nWcEjZYeeVo,@Eicher4x,1
nWcEjZYeeVo,@Elkigo-p9w,1
nWcEjZYeeVo,@Eskeyking,1
nWcEjZYeeVo,@FFGamer30222,1
nWcEjZYeeVo,@FRIENDVLOG313,1
nWcEjZYeeVo,@FikrewoldeGenene,1
nWcEjZYeeVo,@FireGamar-si8mv,1
nWcEjZYeeVo,@FizanKhan-s6k,1
nWcEjZYeeVo,@FunTouch-y1k,1
nWcEjZYeeVo,@GrannyVR,1
nWcEjZYeeVo,@HaiderUsman-dh5nw,1
nWcEjZYeeVo,@Hamzatariq2196,1
nWcEjZYeeVo,@HarryEvans-p8x,1
nWcEjZYeeVo,@HatakèSinji,1
nWcEjZYeeVo,@Iam-h8b,1
nWcEjZYeeVo,@IswarChatterjee,1
nWcEjZYeeVo,@JASMEETSINGHVLOGS-21,1
nWcEjZYeeVo,@JaiGauMata-8811,1
nWcEjZYeeVo,@JakierHossen,1
nWcEjZYeeVo,@Jyoti_vlog-utttakhandi,1
nWcEjZYeeVo,@Karanbhavik,1
nWcEjZYeeVo,@Khushibanik74,1
nWcEjZYeeVo,@KidsCartoonVideos-i8m,1
nWcEjZYeeVo,@Lofiviberock,1
nWcEjZYeeVo,@Longshorts42,1
nWcEjZYeeVo,@Maashaktichoru562m,1
nWcEjZYeeVo,@Magictv789o,1
nWcEjZYeeVo,@MakeMoney-k2i,1
nWcEjZYeeVo,@Mamodo-ec2xx,1
nWcEjZYeeVo,@MarieMendou,1
nWcEjZYeeVo,@MdHasanIslam-om1tx,1
nWcEjZYeeVo,@MindBytes-yk4cg,1
nWcEjZYeeVo,@Minh36vlog,1
nWcEjZYeeVo,@MirjalolOtabekov-y3k,1
nWcEjZYeeVo,@Mouad-maroki,1
nWcEjZYeeVo,@MssThakor,1
nWcEjZYeeVo,@MubinaKhan011,1
nWcEjZYeeVo,@Murtaza__20iraq,1
nWcEjZYeeVo,@Muzamalmalik-m1t,1
nWcEjZYeeVo,@Naeemalisid-v5b,1
nWcEjZYeeVo,@NakimuliBridget-dt8dq,1
nWcEjZYeeVo,@NguyenHieu_535,1
nWcEjZYeeVo,@Official_surya_08-04,1
nWcEjZYeeVo,@OladepoAbibat-ow8by,1
nWcEjZYeeVo,@Oscar.c2004,1
nWcEjZYeeVo,@PROWORXmedia,1
nWcEjZYeeVo,@Pak_Facts.001,1
nWcEjZYeeVo,@Parasvaidya999,1
nWcEjZYeeVo,@Pawan_sahu0777-qp4lm,1
nWcEjZYeeVo,@Paws283,1
nWcEjZYeeVo,@PinkiRamPradhan,1
nWcEjZYeeVo,@Pratiksha1307,1
nWcEjZYeeVo,@Pratishwww,1
nWcEjZYeeVo,@R.G.Vitanov,1
nWcEjZYeeVo,@RONXK7-791,1
nWcEjZYeeVo,@RaganiUmesh,1
nWcEjZYeeVo,@RaviKumar_shayar_10k,1
nWcEjZYeeVo,@Rev-Quansah1,1
nWcEjZYeeVo,@RitulOfficialShortsFacts,1
nWcEjZYeeVo,@RoosGallery,1
nWcEjZYeeVo,@Rudra_ki_kalaa,1
nWcEjZYeeVo,@SAMYAS29,1
nWcEjZYeeVo,@SHADOWASMR10,1
nWcEjZYeeVo,@SHAFIWU-y5t,1
nWcEjZYeeVo,@SOULFULISLAM-f6i,1
nWcEjZYeeVo,@Sad__boy__chagala__143,1
nWcEjZYeeVo,@SameenaBegum-y1t,1
nWcEjZYeeVo,@Samu013ele,1
nWcEjZYeeVo,@SenyAlves.1,1
nWcEjZYeeVo,@Sewing996,1
nWcEjZYeeVo,@Sujan-ob5or,1
nWcEjZYeeVo,@TOONWORLD-YT08,1
nWcEjZYeeVo,@TailsPlayz010,1
nWcEjZYeeVo,@TechnoGamerzofficial-5,1
nWcEjZYeeVo,@TheNeon2010band,1
nWcEjZYeeVo,@TheProGoofy,1
nWcEjZYeeVo,@TuanAnh-tb6iw,1
nWcEjZYeeVo,@Ujjarkacha,1
nWcEjZYeeVo,@VuHaiAn98,1
nWcEjZYeeVo,@YVESPATRICKVAH,1
nWcEjZYeeVo,@YazidBb-s7i,1
nWcEjZYeeVo,@Youtube-Harshshukla,1
nWcEjZYeeVo,@YtBro-ke6sc,1
nWcEjZYeeVo,@YtOp-xe6st,1
nWcEjZYeeVo,@abgimon1.0,1
nWcEjZYeeVo,@anime_artist-c4g24sd24,1
nWcEjZYeeVo,@anishort-p3j,1
nWcEjZYeeVo,@annaduda3477,1
nWcEjZYeeVo,@anuragzff99,1
nWcEjZYeeVo,@aselkanatovna,1
nWcEjZYeeVo,@badmashgemini,1
nWcEjZYeeVo,@bangbang78-mobile,1
nWcEjZYeeVo,@banula_s_tech,1
nWcEjZYeeVo,@bendaoud856,1
nWcEjZYeeVo,@bhagaBhagaram-l5x,1
nWcEjZYeeVo,@bharatkasach7271,1
nWcEjZYeeVo,@bongD84806,1
nWcEjZYeeVo,@camarakhalifa,1
nWcEjZYeeVo,@cattech-12,1
nWcEjZYeeVo,@darly28blaise48,1
nWcEjZYeeVo,@deeplife5342,1
nWcEjZYeeVo,@different-life-u1i,1
nWcEjZYeeVo,@drian6669,1
nWcEjZYeeVo,@eastered,1
nWcEjZYeeVo,@ebro294,1
nWcEjZYeeVo,@ehiosuogboe3055,1
nWcEjZYeeVo,@elvish_hang_007,1
nWcEjZYeeVo,@fanda10,1
nWcEjZYeeVo,@filmfreelancer,1
nWcEjZYeeVo,@financeinformationhindi,1
nWcEjZYeeVo,@footballnexus23y,1
nWcEjZYeeVo,@gokuson8526,1
nWcEjZYeeVo,@gullzaibakram.,1
nWcEjZYeeVo,@haroonsandhujutt,1
nWcEjZYeeVo,@hermansinnoh8251,1
nWcEjZYeeVo,@hidayatfootwearmobail749,1
nWcEjZYeeVo,@indiecrypto,1
nWcEjZYeeVo,@its.randomshort,1
nWcEjZYeeVo,@izle.beyen1a,1
nWcEjZYeeVo,@jaat_Dj,1
nWcEjZYeeVo,@jac556,1
nWcEjZYeeVo,@jahangir.a98,1
nWcEjZYeeVo,@janvlogs-k2u,1
nWcEjZYeeVo,@jeyabashkaranj2182,1
nWcEjZYeeVo,@jojoandjoshua,1
nWcEjZYeeVo,@kellyfranck-kq4nv,1
nWcEjZYeeVo,@kennsrdev,1
nWcEjZYeeVo,@killgramgaming,1
nWcEjZYeeVo,@kingofaryan-t1i,1
nWcEjZYeeVo,@kiran-Saleem,1
nWcEjZYeeVo,@kyana_last,1
nWcEjZYeeVo,@magar-x5m,1
nWcEjZYeeVo,@mark_1_1_1_1,1
nWcEjZYeeVo,@mirandoteee,1
nWcEjZYeeVo,@moatax4199,1
nWcEjZYeeVo,@moeezcreations,1
nWcEjZYeeVo,@mrinaltazz96,1
nWcEjZYeeVo,@musayahaya-6234,1
nWcEjZYeeVo,@onegamer1749,1
nWcEjZYeeVo,@plopsafan1776,1
nWcEjZYeeVo,@pulsarbikerider,1
nWcEjZYeeVo,@ramkumarn.5581,1
nWcEjZYeeVo,@relaxing_music-et9ip,1
nWcEjZYeeVo,@rubeesgill3457,1
nWcEjZYeeVo,@sameeralakmal11,1
nWcEjZYeeVo,@sarojnisingh1148,1
nWcEjZYeeVo,@semko47,1
nWcEjZYeeVo,@sheronelijah,1
nWcEjZYeeVo,@ssab9063,1
nWcEjZYeeVo,@syedayan0u,1
nWcEjZYeeVo,@terrylajhon,1
nWcEjZYeeVo,@thebrickslayer8768,1
nWcEjZYeeVo,@tirthb,1
nWcEjZYeeVo,@tom_angelacat,1
nWcEjZYeeVo,@totiwar1798,1
nWcEjZYeeVo,@tseriesgamer8201,1
nWcEjZYeeVo,@wojciechorzechowski2211,1
nWcEjZYeeVo,@xiu-li,1
nWcEjZYeeVo,@yisbchsuc,1
nWcEjZYeeVo,@zain_ahsan,1
nWcEjZYeeVo,@zohanch3653,1
nWcEjZYeeVo,@şirinov_015,1
nWcEjZYeeVo,@Кроузан,1
nWcEjZYeeVo,@علیمهدوی-ج1ش,1
nWcEjZYeeVo,@佐々木倉道花,1
ntDIxaeo3Wg,@12Soldieroffortune12,1
ntDIxaeo3Wg,@AABradyKK,1
ntDIxaeo3Wg,@AdolfDevSur,1
ntDIxaeo3Wg,@AdrianMoseley,1
ntDIxaeo3Wg,@AkiAkiV,1
ntDIxaeo3Wg,@AkunaDev,1
ntDIxaeo3Wg,@AndresCharry,1
ntDIxaeo3Wg,@AngelinaGokhale,1
ntDIxaeo3Wg,@Anna-u6s6f,1
ntDIxaeo3Wg,@ArseniyIvanov-p9h,1
ntDIxaeo3Wg,@AxisInt,1
ntDIxaeo3Wg,@BakariSoul,1
ntDIxaeo3Wg,@Bare.Frame.BF.z,1
ntDIxaeo3Wg,@BenjaminFranklinAcademyNH,1
ntDIxaeo3Wg,@Blackcatgfxx,1
ntDIxaeo3Wg,@BranGaming20,1
ntDIxaeo3Wg,@C4tey,1
ntDIxaeo3Wg,@CarlosMartinez-mj6cu,1
ntDIxaeo3Wg,@Carnivore69,1
ntDIxaeo3Wg,@ChienThien-ns4wr,1
ntDIxaeo3Wg,@ChimaNweke-q9x,1
ntDIxaeo3Wg,@Cleora-m9p,1
ntDIxaeo3Wg,@Cloude-Learn-h6c,1
ntDIxaeo3Wg,@CraciunAlexandruGh,1
ntDIxaeo3Wg,@Daniel-xaogjeyh,1
ntDIxaeo3Wg,@David-hc7bx,1
ntDIxaeo3Wg,@DharmikBadheka,1
ntDIxaeo3Wg,@Diego01201,1
ntDIxaeo3Wg,@DiegoAlejandroJaimeBaron,1
ntDIxaeo3Wg,@DonaldPlugge,1
ntDIxaeo3Wg,@Elshad_Gojayev,1
ntDIxaeo3Wg,@EricRDavid,1
ntDIxaeo3Wg,@Eyring.Brandon,1
ntDIxaeo3Wg,@ForwardToFifty,1
ntDIxaeo3Wg,@GaneshM-l9i,1
ntDIxaeo3Wg,@Ginoworkpm,1
ntDIxaeo3Wg,@GreyWoof64,1
ntDIxaeo3Wg,@GuanGuanly,1
ntDIxaeo3Wg,@GuanglinDu,1
ntDIxaeo3Wg,@H4KnSL4K,1
ntDIxaeo3Wg,@HarlanShelton-ly3br,1
ntDIxaeo3Wg,@IM-sk4wj,1
ntDIxaeo3Wg,@Infinitelymoved,1
ntDIxaeo3Wg,@Its_final,1
ntDIxaeo3Wg,@JeffAltemus,1
ntDIxaeo3Wg,@JoelDubey,1
ntDIxaeo3Wg,@KVKAutomates,1
ntDIxaeo3Wg,@KarthikSwamy-o5d,1
ntDIxaeo3Wg,@Kim-x5n7c,1
ntDIxaeo3Wg,@Kostis-u7v,1
ntDIxaeo3Wg,@Lapupoop,1
ntDIxaeo3Wg,@Lmn-b4o,1
ntDIxaeo3Wg,@MagicWok,1
ntDIxaeo3Wg,@Mcquendie,1
ntDIxaeo3Wg,@Midnight_Ramen_Theory,1
ntDIxaeo3Wg,@MisterPynk,1
ntDIxaeo3Wg,@Mr.Whiskers-o3l,1
ntDIxaeo3Wg,@MrPinyworld,1
ntDIxaeo3Wg,@MyFutureBusiness,1
ntDIxaeo3Wg,@NatsuDragneel-0507,1
ntDIxaeo3Wg,@NiRo_O,1
ntDIxaeo3Wg,@Nitroboba1,1
ntDIxaeo3Wg,@OpenSourceSpotlight,1
ntDIxaeo3Wg,@PawsBlue,1
ntDIxaeo3Wg,@PhilipElisa,1
ntDIxaeo3Wg,@PremChand-sb3vq,1
ntDIxaeo3Wg,@RichardVelozSalazar,1
ntDIxaeo3Wg,@SavannaBanana205,1
ntDIxaeo3Wg,@SayWhaaaaaaaaaaaaaaaaaaaaaaat,1
ntDIxaeo3Wg,@StephenHsiang,1
ntDIxaeo3Wg,@SumerS-j7e,1
ntDIxaeo3Wg,@TheEublepharis1,1
ntDIxaeo3Wg,@TheOnlyMainChannel,1
ntDIxaeo3Wg,@TheWebgecko,1
ntDIxaeo3Wg,@The_guy_from_Brazil,1
ntDIxaeo3Wg,@TiSIWO,1
ntDIxaeo3Wg,@TrophyNYC,1
ntDIxaeo3Wg,@UniverseBig-b1d,1
ntDIxaeo3Wg,@VoidXNetwork,1
ntDIxaeo3Wg,@Wackelstein1,2
ntDIxaeo3Wg,@Workpath_media_UK,1
ntDIxaeo3Wg,@Yfjgditddit,1
ntDIxaeo3Wg,@_isDev,1
ntDIxaeo3Wg,@aaronjameshorne,1
ntDIxaeo3Wg,@abdulsubhan4868,1
ntDIxaeo3Wg,@abhijeetsingh7202,1
ntDIxaeo3Wg,@adimassaa8353,1
ntDIxaeo3Wg,@adityahpatel,1
ntDIxaeo3Wg,@ai.aspirations,1
ntDIxaeo3Wg,@alexgeelan1789,1
ntDIxaeo3Wg,@alfdj5057,1
ntDIxaeo3Wg,@amazon5665,1
ntDIxaeo3Wg,@anaroidd7851,1
ntDIxaeo3Wg,@andreeadeac1382,1
ntDIxaeo3Wg,@ankushgattani,1
ntDIxaeo3Wg,@armvieri99,1
ntDIxaeo3Wg,@ashwathsrinivasan9720,1
ntDIxaeo3Wg,@autodriverPL,1
ntDIxaeo3Wg,@autohog,2
ntDIxaeo3Wg,@behnaz6513,1
ntDIxaeo3Wg,@benlong1062,1
ntDIxaeo3Wg,@bhuvneshkumra4938,1
ntDIxaeo3Wg,@bluesbasscovers,1
ntDIxaeo3Wg,@boost1438,1
ntDIxaeo3Wg,@brettfairbairn,1
ntDIxaeo3Wg,@brotherskutnu8585,1
ntDIxaeo3Wg,@callj8522,1
ntDIxaeo3Wg,@cpbimal,1
ntDIxaeo3Wg,@danieldesignsgames,1
ntDIxaeo3Wg,@dankogulsoy,1
ntDIxaeo3Wg,@davidminaei6764,1
ntDIxaeo3Wg,@delphiguy23,1
ntDIxaeo3Wg,@desertglowprints,1
ntDIxaeo3Wg,@diegodaly,1
ntDIxaeo3Wg,@dmitryshishov021,1
ntDIxaeo3Wg,@ducks742,1
ntDIxaeo3Wg,@edwarddizengoff8414,1
ntDIxaeo3Wg,@emics4696,1
ntDIxaeo3Wg,@entrepreneur724,1
ntDIxaeo3Wg,@erku9026,1
ntDIxaeo3Wg,@eudiogocarlos,1
ntDIxaeo3Wg,@everydaybeybladebattleswit1744,1
ntDIxaeo3Wg,@f5edy117,1
ntDIxaeo3Wg,@fergalkeaney1134,1
ntDIxaeo3Wg,@filipkolman3615,1
ntDIxaeo3Wg,@gabbym6192,1
ntDIxaeo3Wg,@habibmgadmi926,1
ntDIxaeo3Wg,@hankbalony,1
ntDIxaeo3Wg,@i11usion,1
ntDIxaeo3Wg,@iamjuliogerrard,1
ntDIxaeo3Wg,@ir0nsight280,1
ntDIxaeo3Wg,@j9raw,1
ntDIxaeo3Wg,@jacobrossdev,1
ntDIxaeo3Wg,@jalensmith2000,1
ntDIxaeo3Wg,@janscas,1
ntDIxaeo3Wg,@joachimauster,1
ntDIxaeo3Wg,@joaocapitao437,1
ntDIxaeo3Wg,@joenord,1
ntDIxaeo3Wg,@joeyp978,2
ntDIxaeo3Wg,@johnrayfield11,1
ntDIxaeo3Wg,@joyceannyap1934,1
ntDIxaeo3Wg,@juanmelena9058,1
ntDIxaeo3Wg,@katieburney2098,1
ntDIxaeo3Wg,@kdanisman,1
ntDIxaeo3Wg,@kevikiru,1
ntDIxaeo3Wg,@kingmike40,1
ntDIxaeo3Wg,@kpwhitfield1244,1
ntDIxaeo3Wg,@lave0524,1
ntDIxaeo3Wg,@lullilu2,1
ntDIxaeo3Wg,@majiddehbi9186,1
ntDIxaeo3Wg,@maninderkaur-w6d,1
ntDIxaeo3Wg,@manish15711,1
ntDIxaeo3Wg,@mariohidalgo1345,1
ntDIxaeo3Wg,@marrcins,1
ntDIxaeo3Wg,@maxusers,1
ntDIxaeo3Wg,@meowlengchia9568,1
ntDIxaeo3Wg,@miathorne_0,1
ntDIxaeo3Wg,@mincinoiu,1
ntDIxaeo3Wg,@mudassarmtz5993,1
ntDIxaeo3Wg,@muhannedalogaidi7877,1
ntDIxaeo3Wg,@naamarivlin599,1
ntDIxaeo3Wg,@nandaglhp,1
ntDIxaeo3Wg,@nayanghosh7100,1
ntDIxaeo3Wg,@nemesis0720,1
ntDIxaeo3Wg,@nick_moser,1
ntDIxaeo3Wg,@nielsentomazini,1
ntDIxaeo3Wg,@nileshjeram7540,1
ntDIxaeo3Wg,@oblivionnnn-y3v,1
ntDIxaeo3Wg,@ogpinoyraider2749,1
ntDIxaeo3Wg,@oleksandrboiko554,1
ntDIxaeo3Wg,@outsidethebox262,1
ntDIxaeo3Wg,@phyllis-h1l,1
ntDIxaeo3Wg,@prabhats860,1
ntDIxaeo3Wg,@queenawzq,1
ntDIxaeo3Wg,@realrelaxingsounds,1
ntDIxaeo3Wg,@rondesilva3077,1
ntDIxaeo3Wg,@salat,1
ntDIxaeo3Wg,@sameeshoncloud9,1
ntDIxaeo3Wg,@skid06,1
ntDIxaeo3Wg,@sotirisdepinto7519,1
ntDIxaeo3Wg,@spacextreme1,1
ntDIxaeo3Wg,@stachowi,1
ntDIxaeo3Wg,@stanislasdecock4698,1
ntDIxaeo3Wg,@stephenholt,1
ntDIxaeo3Wg,@tarajano1980,1
ntDIxaeo3Wg,@theronindev,1
ntDIxaeo3Wg,@thewatcher7699,1
ntDIxaeo3Wg,@treyditto8986,1
ntDIxaeo3Wg,@trinib1,1
ntDIxaeo3Wg,@troywest,1
ntDIxaeo3Wg,@user-nbfkxngjmyb,1
ntDIxaeo3Wg,@utilityy,1
ntDIxaeo3Wg,@vishwajeetsb694,1
ntDIxaeo3Wg,@vrajgajjar-cm7fq,1
ntDIxaeo3Wg,@xarakus,1
ntDIxaeo3Wg,@xenos321,1
ntDIxaeo3Wg,@yaredalmawAI-Y,1
ntDIxaeo3Wg,@yellowman617,3
ntDIxaeo3Wg,@yevasss3439,1
ntDIxaeo3Wg,@youraibulletin,1
ntDIxaeo3Wg,@zabesiddique8027,1
ntDIxaeo3Wg,@zarif-automates,1
ntDIxaeo3Wg,@ЅАВО,1
ntDIxaeo3Wg,@АлександрИгнатьев-р2у,1
ntDIxaeo3Wg,@江贤-w7c,1
oDOaTakbKNI,@20chocsaday,1
oDOaTakbKNI,@Acetyl53,1
oDOaTakbKNI,@AndrewRoberts11,2
oDOaTakbKNI,@AverageJoe-tu5sr,1
oDOaTakbKNI,@BerndFelsche,3
oDOaTakbKNI,@BobNobody-p6l,1
oDOaTakbKNI,@BrilliantBatgirl,6
oDOaTakbKNI,@CandyGramForMongo_,1
oDOaTakbKNI,@ChrisSeltzer,1
oDOaTakbKNI,@ComatoseMN,2
oDOaTakbKNI,@DavidtheSwarfer,3
oDOaTakbKNI,@DiabloMonk,1
oDOaTakbKNI,@EddyGurge,1
oDOaTakbKNI,@EthelbertCoyote,1
oDOaTakbKNI,@Fr33dan,2
oDOaTakbKNI,@GlenHHodges,6
oDOaTakbKNI,@GlennHamblin,1
oDOaTakbKNI,@GouRP2022,1
oDOaTakbKNI,@GregM,1
oDOaTakbKNI,@HelloKittyFanMan..,11
oDOaTakbKNI,@Intothefog4C52,1
oDOaTakbKNI,@JasonKjellberg,1
oDOaTakbKNI,@JeffRyman69,1
oDOaTakbKNI,@JibunnoKage-YouTube-Channel,1
oDOaTakbKNI,@Johan-rm6ec,1
oDOaTakbKNI,@JohnGodwin777,1
oDOaTakbKNI,@KameraShy,3
oDOaTakbKNI,@KillerSpud,1
oDOaTakbKNI,@Le3eFrereBrunet,1
oDOaTakbKNI,@LuisMontes,1
oDOaTakbKNI,@Mark-Lebowitz,1
oDOaTakbKNI,@McSlobo,3
oDOaTakbKNI,@MikeHoughtonasUnit8720,1
oDOaTakbKNI,@MrJohnShamelessaxe,1
oDOaTakbKNI,@NickSmuts42,3
oDOaTakbKNI,@Notyep1776,1
oDOaTakbKNI,@Peter_Booth,1
oDOaTakbKNI,@RARKNAZ1,1
oDOaTakbKNI,@RBLevin,1
oDOaTakbKNI,@RPrice_OG,1
oDOaTakbKNI,@Ranchhand320,3
oDOaTakbKNI,@RowdyDonnyDriver,1
oDOaTakbKNI,@Sipheren,1
oDOaTakbKNI,@SirArtanis7,1
oDOaTakbKNI,@Supercon57,1
oDOaTakbKNI,@Sylvan_dB,1
oDOaTakbKNI,@TheArtofEngineering,1
oDOaTakbKNI,@TheGreatAtario,1
oDOaTakbKNI,@TheWafflesalsa,1
oDOaTakbKNI,@TheYashakami,1
oDOaTakbKNI,@ThomasHaynes,1
oDOaTakbKNI,@TignMeg,1
oDOaTakbKNI,@TokkanFX,1
oDOaTakbKNI,@TylerSwarm,1
oDOaTakbKNI,@VE5SAR-Hamnetics,1
oDOaTakbKNI,@VideoGameDeveloper,2
oDOaTakbKNI,@VoiceInTheDarkness,1
oDOaTakbKNI,@WhiteDieselShed,1
oDOaTakbKNI,@Wizardess,1
oDOaTakbKNI,@WolfPeace82,1
oDOaTakbKNI,@ZlatkoTestDerkoskiTest,1
oDOaTakbKNI,@_zproxy,1
oDOaTakbKNI,@ad5mq,1
oDOaTakbKNI,@adfaklsdjf,6
oDOaTakbKNI,@aguilarvarsovian,1
oDOaTakbKNI,@alphabusinesscommunicatiio3733,1
oDOaTakbKNI,@amdenis,1
oDOaTakbKNI,@attribute-4677,2
oDOaTakbKNI,@barbaric3547,1
oDOaTakbKNI,@bastardferret869,1
oDOaTakbKNI,@begelston,1
oDOaTakbKNI,@billj5645,1
oDOaTakbKNI,@billytk1225,1
oDOaTakbKNI,@bmobert,1
oDOaTakbKNI,@bnewland1958,2
oDOaTakbKNI,@bonecircuit,2
oDOaTakbKNI,@briggsxstratton,1
oDOaTakbKNI,@btantlinger,2
oDOaTakbKNI,@bzert281,1
oDOaTakbKNI,@cageliner,1
oDOaTakbKNI,@calculusentropy,1
oDOaTakbKNI,@cbm_doomworld,1
oDOaTakbKNI,@chronixchaos7081,1
oDOaTakbKNI,@churblefurbles,2
oDOaTakbKNI,@craigfreeman9521,1
oDOaTakbKNI,@csengo70,1
oDOaTakbKNI,@cyborgcetacean,1
oDOaTakbKNI,@dahlia695,1
oDOaTakbKNI,@dalestevens8282,1
oDOaTakbKNI,@danlong1946,1
oDOaTakbKNI,@davetown,1
oDOaTakbKNI,@davidhawley1132,4
oDOaTakbKNI,@davidholder3207,2
oDOaTakbKNI,@dennyfox3139,1
oDOaTakbKNI,@derto8i,1
oDOaTakbKNI,@dougbas3980,2
oDOaTakbKNI,@dyson9422,1
oDOaTakbKNI,@eddie5484,1
oDOaTakbKNI,@electricstoner,1
oDOaTakbKNI,@elel928,1
oDOaTakbKNI,@endintiers,1
oDOaTakbKNI,@erobbyd,1
oDOaTakbKNI,@evankalbach9985,1
oDOaTakbKNI,@ezvic420,1
oDOaTakbKNI,@frankkaplan5811,1
oDOaTakbKNI,@fromgermany271,1
oDOaTakbKNI,@gladiumcaeli,1
oDOaTakbKNI,@gregrice1354,2
oDOaTakbKNI,@groundedmike,1
oDOaTakbKNI,@gsestream,1
oDOaTakbKNI,@henrygoogleplus457,1
oDOaTakbKNI,@incandescentwithrage,2
oDOaTakbKNI,@jamessauve2419,1
oDOaTakbKNI,@jdilksjr,1
oDOaTakbKNI,@jdonwells,1
oDOaTakbKNI,@jeffreykalb9752,1
oDOaTakbKNI,@jim_hewes,2
oDOaTakbKNI,@joeblow8047,1
oDOaTakbKNI,@joeuser1858,1
oDOaTakbKNI,@joseoncrack,1
oDOaTakbKNI,@jporterz2873,1
oDOaTakbKNI,@jtwhite2084,1
oDOaTakbKNI,@kaba_me,2
oDOaTakbKNI,@keiichicom7891,2
oDOaTakbKNI,@kenniejp23,2
oDOaTakbKNI,@kjrehberg,1
oDOaTakbKNI,@kymcha,1
oDOaTakbKNI,@laser-sj,2
oDOaTakbKNI,@llmcoder,1
oDOaTakbKNI,@macartm,1
oDOaTakbKNI,@mark36ngnt44,1
oDOaTakbKNI,@markellis7961,1
oDOaTakbKNI,@markusmcgee,1
oDOaTakbKNI,@martindooley4439,1
oDOaTakbKNI,@michaelflood5951,1
oDOaTakbKNI,@michaelhillpot,1
oDOaTakbKNI,@michaelkaercher,1
oDOaTakbKNI,@michaellangwaller,1
oDOaTakbKNI,@mizrachayit,1
oDOaTakbKNI,@mojloginjuzzajety4071,1
oDOaTakbKNI,@mswalsh68,1
oDOaTakbKNI,@mytechnotalent,1
oDOaTakbKNI,@nathanharris7500,2
oDOaTakbKNI,@necronom,1
oDOaTakbKNI,@neolithicnewbie,5
oDOaTakbKNI,@nerdobject5351,1
oDOaTakbKNI,@nhzxboi,1
oDOaTakbKNI,@nicobar44,1
oDOaTakbKNI,@nikodemus21,1
oDOaTakbKNI,@noko-f3e,1
oDOaTakbKNI,@nyckid,1
oDOaTakbKNI,@oliverw.douglas285,1
oDOaTakbKNI,@oysteinsoreide4323,1
oDOaTakbKNI,@palladini9718,1
oDOaTakbKNI,@pavelperina7629,1
oDOaTakbKNI,@penvzila,1
oDOaTakbKNI,@perplearner,1
oDOaTakbKNI,@puregameplay4243,1
oDOaTakbKNI,@qtrax100,2
oDOaTakbKNI,@rayl6599,1
oDOaTakbKNI,@redtetrahedron,1
oDOaTakbKNI,@rfowkes1185,1
oDOaTakbKNI,@rhodaborrocks1654,1
oDOaTakbKNI,@roberthealey7238,2
oDOaTakbKNI,@ronm6585,1
oDOaTakbKNI,@s2t4i6n9e,2
oDOaTakbKNI,@saitamataipei9586,1
oDOaTakbKNI,@seanburke997,1
oDOaTakbKNI,@sguttag,1
oDOaTakbKNI,@shyfilmmaker,1
oDOaTakbKNI,@solabiblia,1
oDOaTakbKNI,@spartanboxing1,1
oDOaTakbKNI,@springford9511,2
oDOaTakbKNI,@stephenrichards3221,1
oDOaTakbKNI,@stevebradshaw6178,1
oDOaTakbKNI,@steveedmunds1050,1
oDOaTakbKNI,@stuart4858,1
oDOaTakbKNI,@sumikomei,1
oDOaTakbKNI,@tefrenatgmail,1
oDOaTakbKNI,@therealknewman,1
oDOaTakbKNI,@timstevens3361,1
oDOaTakbKNI,@toby9999,3
oDOaTakbKNI,@tpaine666,1
oDOaTakbKNI,@unhinged-menagerie,1
oDOaTakbKNI,@uploadJ,1
oDOaTakbKNI,@velzekt,1
ocMOZpuAMw4,@10ffkaka,1
ocMOZpuAMw4,@1993r33gtst,1
ocMOZpuAMw4,@2025Ödevler,1
ocMOZpuAMw4,@AMindGame,1
ocMOZpuAMw4,@Abdirizakmoho-m6c,1
ocMOZpuAMw4,@AbuBakr1,1
ocMOZpuAMw4,@AliSajidCS,1
ocMOZpuAMw4,@AlirezaHoushmand-g7y,1
ocMOZpuAMw4,@AlmogYosef520,1
ocMOZpuAMw4,@AmmarTheTrainer,1
ocMOZpuAMw4,@Amtermater,1
ocMOZpuAMw4,@ArmenAgaronian,1
ocMOZpuAMw4,@Astral100,1
ocMOZpuAMw4,@BL-zq7vd,1
ocMOZpuAMw4,@BaeristaVR,1
ocMOZpuAMw4,@BamaPatriot61,1
ocMOZpuAMw4,@Bambiestudio,1
ocMOZpuAMw4,@BillBrutzman,1
ocMOZpuAMw4,@ChargedPulsar,1
ocMOZpuAMw4,@CristhianMurcia-s1y,2
ocMOZpuAMw4,@Davestulsabuybacks,2
ocMOZpuAMw4,@David-im1fp,1
ocMOZpuAMw4,@DievestorsNeverLearn,1
ocMOZpuAMw4,@Dor-l7k,1
ocMOZpuAMw4,@FarangFiftyOne,1
ocMOZpuAMw4,@G-Pie,2
ocMOZpuAMw4,@Go.flexrcords,1
ocMOZpuAMw4,@GreyHatCartel,1
ocMOZpuAMw4,@IAPCI-r5e,1
ocMOZpuAMw4,@IngaPrikule,1
ocMOZpuAMw4,@IsraeliteLife,1
ocMOZpuAMw4,@ItSamiraclelol,2
ocMOZpuAMw4,@Jdekbws,1
ocMOZpuAMw4,@JerryAgenyi,1
ocMOZpuAMw4,@Jonathan-ru9zl,1
ocMOZpuAMw4,@JānisGrīnvalds,1
ocMOZpuAMw4,@KSanthoshkumarV,1
ocMOZpuAMw4,@KattKingston,1
ocMOZpuAMw4,@LetsFactCheck-j3v,1
ocMOZpuAMw4,@LucyChristine-wq8jr,1
ocMOZpuAMw4,@MarceloNunesPOA,1
ocMOZpuAMw4,@Moe-os4qr,1
ocMOZpuAMw4,@Moustafa_MM,1
ocMOZpuAMw4,@MuutasimMohamed,1
ocMOZpuAMw4,@Mvrck44,1
ocMOZpuAMw4,@NervusEnergy,1
ocMOZpuAMw4,@Nik-rx9rj,1
ocMOZpuAMw4,@Nubsnivel,1
ocMOZpuAMw4,@Olaf-y5v,1
ocMOZpuAMw4,@Omar-Farhat,1
ocMOZpuAMw4,@PapaGioConfessions,1
ocMOZpuAMw4,@Segually,1
ocMOZpuAMw4,@ShakiizWrOficial,1
ocMOZpuAMw4,@ShamimCodes,1
ocMOZpuAMw4,@StanislavPozdnyakov,1
ocMOZpuAMw4,@SuperJV4x,1
ocMOZpuAMw4,@TechWithTim,4
ocMOZpuAMw4,@TheTechFai,1
ocMOZpuAMw4,@ThinkcodeAI-h1d,1
ocMOZpuAMw4,@Tilo_123,1
ocMOZpuAMw4,@TochStyle,1
ocMOZpuAMw4,@Tony-j9v8t,1
ocMOZpuAMw4,@TruongHoangQuang-,1
ocMOZpuAMw4,@UnderstandingIslamNow,1
ocMOZpuAMw4,@VasaMusic438,1
ocMOZpuAMw4,@VectorAlphaSec,1
ocMOZpuAMw4,@Vis-zh3vs,1
ocMOZpuAMw4,@WIMMYY,1
ocMOZpuAMw4,@WaffleWaffles,1
ocMOZpuAMw4,@Wako_san91,1
ocMOZpuAMw4,@YT.WillArcher,1
ocMOZpuAMw4,@YogeshJadhav-f2n,1
ocMOZpuAMw4,@_rkrd,1
ocMOZpuAMw4,@adammackintosh9645,1
ocMOZpuAMw4,@adityaabhiram1230,1
ocMOZpuAMw4,@agathambrose,1
ocMOZpuAMw4,@ahmadbiztech,1
ocMOZpuAMw4,@ahmadgazzz,1
ocMOZpuAMw4,@ahmedabdellatif2152,1
ocMOZpuAMw4,@aidengonzalez8073,1
ocMOZpuAMw4,@akmalshukri8667,1
ocMOZpuAMw4,@alexanderbock7460,1
ocMOZpuAMw4,@andre_bella,1
ocMOZpuAMw4,@andyvarella6336,1
ocMOZpuAMw4,@anmjubaer,1
ocMOZpuAMw4,@anuragojha124,1
ocMOZpuAMw4,@aoccza7,1
ocMOZpuAMw4,@asghar_lotfi,1
ocMOZpuAMw4,@asrn1739,1
ocMOZpuAMw4,@avrieldilfuizza4902,1
ocMOZpuAMw4,@b7wL9cJk3,1
ocMOZpuAMw4,@babayodamisa2655,1
ocMOZpuAMw4,@bambinoesu,1
ocMOZpuAMw4,@bcycleafrica8857,1
ocMOZpuAMw4,@bestofallkp,1
ocMOZpuAMw4,@bhavanavallepu05,1
ocMOZpuAMw4,@bjay6054,1
ocMOZpuAMw4,@blankslate6393,2
ocMOZpuAMw4,@bloggyboo,1
ocMOZpuAMw4,@bobfluencer,1
ocMOZpuAMw4,@buchangas,1
ocMOZpuAMw4,@buddysteve5543,3
ocMOZpuAMw4,@carlomatiga,1
ocMOZpuAMw4,@coolnameproductions2180,1
ocMOZpuAMw4,@dabroad4086,1
ocMOZpuAMw4,@danielleivy8180,1
ocMOZpuAMw4,@dannyng370,2
ocMOZpuAMw4,@davereviewsyt,1
ocMOZpuAMw4,@devin_leary,1
ocMOZpuAMw4,@devnull0x01,1
ocMOZpuAMw4,@dinorossi6611,2
ocMOZpuAMw4,@ditz3ntech,1
ocMOZpuAMw4,@downtown9508,1
ocMOZpuAMw4,@e555t66,1
ocMOZpuAMw4,@edddw1601,1
ocMOZpuAMw4,@edmMusicIsLife443,1
ocMOZpuAMw4,@elixer_prince,2
ocMOZpuAMw4,@emil8367,1
ocMOZpuAMw4,@ethanartworks1737,1
ocMOZpuAMw4,@eugenepark,1
ocMOZpuAMw4,@expwithkem,1
ocMOZpuAMw4,@fahadnaveed8641,1
ocMOZpuAMw4,@fdasazevedo,1
ocMOZpuAMw4,@firdous_dev_guy,1
ocMOZpuAMw4,@flippercode,1
ocMOZpuAMw4,@ftwtf,1
ocMOZpuAMw4,@fudgesauce,1
ocMOZpuAMw4,@gaming-la3nah810,1
ocMOZpuAMw4,@garrymacphee8328,1
ocMOZpuAMw4,@gayanchaminda2207,1
ocMOZpuAMw4,@gazallee,1
ocMOZpuAMw4,@gecsus,1
ocMOZpuAMw4,@glorytoIAM,1
ocMOZpuAMw4,@godzilla8540,1
ocMOZpuAMw4,@haidersyed6554,1
ocMOZpuAMw4,@hamedjafari5539,1
ocMOZpuAMw4,@haneulkim4902,1
ocMOZpuAMw4,@historyred-w6m,1
ocMOZpuAMw4,@iSyx.,1
ocMOZpuAMw4,@ibnuhajarulinnuha6288,1
ocMOZpuAMw4,@imajay786,1
ocMOZpuAMw4,@infernovictores2483,1
ocMOZpuAMw4,@itsmeben604,1
ocMOZpuAMw4,@jakepiz,1
ocMOZpuAMw4,@jason2224jb,1
ocMOZpuAMw4,@jeffbarnhart6441,1
ocMOZpuAMw4,@jeromecamus4660,1
ocMOZpuAMw4,@jesuslovesyou-i1u,2
ocMOZpuAMw4,@jimmythepagina7989,1
ocMOZpuAMw4,@jjmarcos,1
ocMOZpuAMw4,@jorgesandoval4602,1
ocMOZpuAMw4,@jowadulkader9006,1
ocMOZpuAMw4,@kamaleshpramanik7645,1
ocMOZpuAMw4,@kedidjein,1
ocMOZpuAMw4,@keinsent,1
ocMOZpuAMw4,@khalifabadir8211,1
ocMOZpuAMw4,@klol7957,1
ocMOZpuAMw4,@kokila221,1
ocMOZpuAMw4,@komidawi,1
ocMOZpuAMw4,@kotlinModder,1
ocMOZpuAMw4,@kuldeep4yt,1
ocMOZpuAMw4,@lampucoklat,1
ocMOZpuAMw4,@lamtranpartners_,1
ocMOZpuAMw4,@lassiecoder,1
ocMOZpuAMw4,@life_score,1
ocMOZpuAMw4,@lmn-npl,1
ocMOZpuAMw4,@luislhsc1,1
ocMOZpuAMw4,@manuuppal8798,1
ocMOZpuAMw4,@marciemusa1507,1
ocMOZpuAMw4,@markpatrickmullen7905,1
ocMOZpuAMw4,@markymate9617,1
ocMOZpuAMw4,@matthewhatch9871,1
ocMOZpuAMw4,@mattwest2050,1
ocMOZpuAMw4,@minevicg,1
ocMOZpuAMw4,@missameliafrancis,1
ocMOZpuAMw4,@mohammmedarkiaq,1
ocMOZpuAMw4,@mrwebman2.0,1
ocMOZpuAMw4,@mtvmousetelevision,1
ocMOZpuAMw4,@myhendry,1
ocMOZpuAMw4,@newprogrammer-xo8yf,1
ocMOZpuAMw4,@nimblerich,1
ocMOZpuAMw4,@now_or_never_07,1
ocMOZpuAMw4,@olanpinto358,1
ocMOZpuAMw4,@omerutkuerzengin3061,1
ocMOZpuAMw4,@oranahh,1
ocMOZpuAMw4,@oscar.arroliga,1
ocMOZpuAMw4,@oshadhaedirisinghe1455,1
ocMOZpuAMw4,@othmanaljbory3649,1
ocMOZpuAMw4,@otnarps,1
ocMOZpuAMw4,@pakalupapito3202,1
ocMOZpuAMw4,@paulroberts8799,1
ocMOZpuAMw4,@paulswift6302,1
ocMOZpuAMw4,@pavelnikulin2366,1
ocMOZpuAMw4,@peterholzer98,1
ocMOZpuAMw4,@petitsebastien6697,1
ocMOZpuAMw4,@plutopulp,1
ocMOZpuAMw4,@poyrazuzun61,1
ocMOZpuAMw4,@profesorr4938,1
ocMOZpuAMw4,@rachel2046,1
ocMOZpuAMw4,@remydk,1
ocMOZpuAMw4,@richard2845,1
ocMOZpuAMw4,@rosarioborgesi,1
ocMOZpuAMw4,@rrrrranch,1
ocMOZpuAMw4,@runerocker3194,1
ocMOZpuAMw4,@sagarpraveen-n6z,2
ocMOZpuAMw4,@samanvithasr1427,1
ocMOZpuAMw4,@sammysamuelsammies,1
ocMOZpuAMw4,@sayantaniguha8519,1
ocMOZpuAMw4,@scififan698,1
ocMOZpuAMw4,@seasoned593,1
ocMOZpuAMw4,@setnop2307,1
ocMOZpuAMw4,@shabgard7h,1
ocMOZpuAMw4,@shahramshaygani2407,1
ocMOZpuAMw4,@stanislavhristakiev1881,1
ocMOZpuAMw4,@thanazio,1
ocMOZpuAMw4,@thebowerbirdcollective-au,1
ocMOZpuAMw4,@thisbridgehascables,1
ocMOZpuAMw4,@tjb465,1
ocMOZpuAMw4,@tribalwhispers,1
ocMOZpuAMw4,@useronetwothree-z6f,1
ocMOZpuAMw4,@uv5455,1
ocMOZpuAMw4,@vulkanosaure,1
ocMOZpuAMw4,@vytorbrb3568,1
ocMOZpuAMw4,@williamarias815,1
ocMOZpuAMw4,@winwithai-2026,1
ocMOZpuAMw4,@xarakus,1
ocMOZpuAMw4,@xiu-li,1
ocMOZpuAMw4,@ydoucare55,1
ocMOZpuAMw4,@yellowman617,1
ocMOZpuAMw4,@yourwatchingmawaka,1
ocMOZpuAMw4,@zenchannel_,1
ocMOZpuAMw4,@zeonos,1
ocMOZpuAMw4,@zizouyoussef7944,1
ocMOZpuAMw4,@釋義,1
ocQ7ZKhHU5Q,@1stOfThaMonth,1
ocQ7ZKhHU5Q,@AdamMeuli,1
ocQ7ZKhHU5Q,@Affan-o7r,1
ocQ7ZKhHU5Q,@AkshayPossible7123,1
ocQ7ZKhHU5Q,@AmeadEshpari,1
ocQ7ZKhHU5Q,@BOBLAF88,1
ocQ7ZKhHU5Q,@BenKraal,1
ocQ7ZKhHU5Q,@Boluggg,1
ocQ7ZKhHU5Q,@BrandonCamerer,1
ocQ7ZKhHU5Q,@BrianScotland,1
ocQ7ZKhHU5Q,@CJNC4,1
ocQ7ZKhHU5Q,@ChirpatGaming,1
ocQ7ZKhHU5Q,@CodysGuideToAI,1
ocQ7ZKhHU5Q,@CorEsan,1
ocQ7ZKhHU5Q,@CowLevel-r5z,1
ocQ7ZKhHU5Q,@CraigRispin-Futurist,1
ocQ7ZKhHU5Q,@Cyb3rSag3,1
ocQ7ZKhHU5Q,@D3zRmz,1
ocQ7ZKhHU5Q,@DJSterf,1
ocQ7ZKhHU5Q,@Dmac4362,1
ocQ7ZKhHU5Q,@Eddie-gb3bn,1
ocQ7ZKhHU5Q,@El_Espada,1
ocQ7ZKhHU5Q,@EpicDev12,1
ocQ7ZKhHU5Q,@Ervgotti31,1
ocQ7ZKhHU5Q,@FederalReserveOfOpioids,1
ocQ7ZKhHU5Q,@GamewizDeluxe,1
ocQ7ZKhHU5Q,@GideonMaree,1
ocQ7ZKhHU5Q,@GoblinSnacks-c6v,1
ocQ7ZKhHU5Q,@HeresMo,1
ocQ7ZKhHU5Q,@IMAWSOME9,1
ocQ7ZKhHU5Q,@Icyy-n8n,1
ocQ7ZKhHU5Q,@IvanRosaT,1
ocQ7ZKhHU5Q,@JacobCapper,1
ocQ7ZKhHU5Q,@JamieJhouston,1
ocQ7ZKhHU5Q,@Jivs90,1
ocQ7ZKhHU5Q,@Joachimrye,1
ocQ7ZKhHU5Q,@JohnDoe-be2nb,1
ocQ7ZKhHU5Q,@KUEHMOO,1
ocQ7ZKhHU5Q,@KenTradesICT,1
ocQ7ZKhHU5Q,@KevinNicholas-d3r,1
ocQ7ZKhHU5Q,@KingRecycle69,1
ocQ7ZKhHU5Q,@Kobelco1452,1
ocQ7ZKhHU5Q,@LemanBeats,1
ocQ7ZKhHU5Q,@LisaSame,1
ocQ7ZKhHU5Q,@LouisBeaumont-p6i,1
ocQ7ZKhHU5Q,@LupuAlex,1
ocQ7ZKhHU5Q,@Manichouseai,1
ocQ7ZKhHU5Q,@MartySkibosh,1
ocQ7ZKhHU5Q,@MattBowling-un4mr,1
ocQ7ZKhHU5Q,@Mr.Samodien,2
ocQ7ZKhHU5Q,@MrSilesrafael,1
ocQ7ZKhHU5Q,@Nele_BiH,1
ocQ7ZKhHU5Q,@NetworkChuck,1
ocQ7ZKhHU5Q,@NigmaSix,1
ocQ7ZKhHU5Q,@NihatMesimzade-e4p,1
ocQ7ZKhHU5Q,@OpenSourceSpotlight,1
ocQ7ZKhHU5Q,@PabloBablo-d4u5b,1
ocQ7ZKhHU5Q,@Policiano,1
ocQ7ZKhHU5Q,@RakshiYuvaraj,1
ocQ7ZKhHU5Q,@RanShalit,1
ocQ7ZKhHU5Q,@Rkcuddles,1
ocQ7ZKhHU5Q,@RobertJuniorDowny,1
ocQ7ZKhHU5Q,@RolandoLewis,1
ocQ7ZKhHU5Q,@RonSheely,1
ocQ7ZKhHU5Q,@SamChicquen,1
ocQ7ZKhHU5Q,@Shyne7886,1
ocQ7ZKhHU5Q,@SinchanAntonio,1
ocQ7ZKhHU5Q,@SteVanPvt,1
ocQ7ZKhHU5Q,@Sterlinxvii,1
ocQ7ZKhHU5Q,@Sunny-303x,1
ocQ7ZKhHU5Q,@SuperNoneoftheabove,1
ocQ7ZKhHU5Q,@TahirG-h2d,1
ocQ7ZKhHU5Q,@Technikfussel_Elias,1
ocQ7ZKhHU5Q,@TheGruian,1
ocQ7ZKhHU5Q,@Timinix,1
ocQ7ZKhHU5Q,@TomVanSeveren-j1r,1
ocQ7ZKhHU5Q,@Topo_Bear,1
ocQ7ZKhHU5Q,@TyDarapiza,1
ocQ7ZKhHU5Q,@Unineil,1
ocQ7ZKhHU5Q,@Venicord,1
ocQ7ZKhHU5Q,@Werwolf89,1
ocQ7ZKhHU5Q,@YngstrPhat,1
ocQ7ZKhHU5Q,@YuvalBenjamin,1
ocQ7ZKhHU5Q,@_sonicfive,1
ocQ7ZKhHU5Q,@abdullahsadiq-i7s,1
ocQ7ZKhHU5Q,@ahmeddavids8634,1
ocQ7ZKhHU5Q,@alanbell9564,1
ocQ7ZKhHU5Q,@alstonbarretto,1
ocQ7ZKhHU5Q,@andreslira2736,1
ocQ7ZKhHU5Q,@andreygorbenko7785,1
ocQ7ZKhHU5Q,@antek_st,1
ocQ7ZKhHU5Q,@aslankhmaisy1597,1
ocQ7ZKhHU5Q,@average_youtube_person100,1
ocQ7ZKhHU5Q,@avfactsindia,1
ocQ7ZKhHU5Q,@ayanmaity2605,1
ocQ7ZKhHU5Q,@barryevans1067,1
ocQ7ZKhHU5Q,@bestjammer,1
ocQ7ZKhHU5Q,@bevanzenti,1
ocQ7ZKhHU5Q,@billj.5440,1
ocQ7ZKhHU5Q,@bluebloodredwolf,1
ocQ7ZKhHU5Q,@carlos-og9ll,1
ocQ7ZKhHU5Q,@charleskrueger5523,1
ocQ7ZKhHU5Q,@chrissym8611,1
ocQ7ZKhHU5Q,@christopherstodghill1171,1
ocQ7ZKhHU5Q,@cmacpher2009,1
ocQ7ZKhHU5Q,@danc9291,1
ocQ7ZKhHU5Q,@davidberry8463,1
ocQ7ZKhHU5Q,@deanhogbin7798,1
ocQ7ZKhHU5Q,@deathbyninja11,1
ocQ7ZKhHU5Q,@devaSUSstudy,1
ocQ7ZKhHU5Q,@eb37fnrcty19,1
ocQ7ZKhHU5Q,@eddiezubu,1
ocQ7ZKhHU5Q,@edithavalos16,1
ocQ7ZKhHU5Q,@efijeremiah,1
ocQ7ZKhHU5Q,@efikkert,1
ocQ7ZKhHU5Q,@ehm-wg8pd,1
ocQ7ZKhHU5Q,@emera1750,1
ocQ7ZKhHU5Q,@emilianofernandezcervantes4042,1
ocQ7ZKhHU5Q,@enmanuel_,1
ocQ7ZKhHU5Q,@epiren,1
ocQ7ZKhHU5Q,@exilethejungle,1
ocQ7ZKhHU5Q,@exossss,2
ocQ7ZKhHU5Q,@fernando_her85,1
ocQ7ZKhHU5Q,@francaeosguri,1
ocQ7ZKhHU5Q,@frantzbazile1554,1
ocQ7ZKhHU5Q,@freedomlivingteam1525,1
ocQ7ZKhHU5Q,@fsport5.0,1
ocQ7ZKhHU5Q,@garyingle7440,1
ocQ7ZKhHU5Q,@geinge82,1
ocQ7ZKhHU5Q,@gowthamkodali,1
ocQ7ZKhHU5Q,@gregorymullins8873,1
ocQ7ZKhHU5Q,@guyfbx,1
ocQ7ZKhHU5Q,@henriquecorrea6850,1
ocQ7ZKhHU5Q,@infyy77,1
ocQ7ZKhHU5Q,@investradelearn,1
ocQ7ZKhHU5Q,@jamesLG1,1
ocQ7ZKhHU5Q,@jamesanderson5629,1
ocQ7ZKhHU5Q,@jayesh_15,1
ocQ7ZKhHU5Q,@jefferyeckhoff5271,1
ocQ7ZKhHU5Q,@jkimrey,1
ocQ7ZKhHU5Q,@joeygarcia4277,1
ocQ7ZKhHU5Q,@johnvardy9559,1
ocQ7ZKhHU5Q,@jonasa7704,1
ocQ7ZKhHU5Q,@jonnycage2435,1
ocQ7ZKhHU5Q,@juicyiscoolcrxxx,1
ocQ7ZKhHU5Q,@justinb217,1
ocQ7ZKhHU5Q,@justinray6570,1
ocQ7ZKhHU5Q,@karmadrone6647,1
ocQ7ZKhHU5Q,@kevinalmeida5347,1
ocQ7ZKhHU5Q,@kidd142,1
ocQ7ZKhHU5Q,@kjabasini,1
ocQ7ZKhHU5Q,@kyamagerojeremiah,1
ocQ7ZKhHU5Q,@lasantiagoa,1
ocQ7ZKhHU5Q,@levityone,1
ocQ7ZKhHU5Q,@lightwavesmediastudios,1
ocQ7ZKhHU5Q,@limpqizbuit,1
ocQ7ZKhHU5Q,@lrdmnki,1
ocQ7ZKhHU5Q,@mariop310,1
ocQ7ZKhHU5Q,@mattkrapf2124,1
ocQ7ZKhHU5Q,@maxxwellwalt,1
ocQ7ZKhHU5Q,@michaelwassef1203,1
ocQ7ZKhHU5Q,@midnightrainlofi-1,1
ocQ7ZKhHU5Q,@moomoo5198,1
ocQ7ZKhHU5Q,@mynameisnobody1386,1
ocQ7ZKhHU5Q,@natikameen7325,1
ocQ7ZKhHU5Q,@nftforest951,1
ocQ7ZKhHU5Q,@nickdj4612,1
ocQ7ZKhHU5Q,@nissestordiau,1
ocQ7ZKhHU5Q,@no_______one,1
ocQ7ZKhHU5Q,@nolastowe,1
ocQ7ZKhHU5Q,@patrickpuma,1
ocQ7ZKhHU5Q,@pickle9703,1
ocQ7ZKhHU5Q,@pravinjohn-j5y,1
ocQ7ZKhHU5Q,@reder3189,1
ocQ7ZKhHU5Q,@ripEZ-theog,1
ocQ7ZKhHU5Q,@rogue11788,1
ocQ7ZKhHU5Q,@rohitpawar3603,1
ocQ7ZKhHU5Q,@sagar-kale,1
ocQ7ZKhHU5Q,@sakost,2
ocQ7ZKhHU5Q,@samiurias,1
ocQ7ZKhHU5Q,@seethruhead7119,1
ocQ7ZKhHU5Q,@selvaKumaresra,1
ocQ7ZKhHU5Q,@shanes.6227,1
ocQ7ZKhHU5Q,@sob3ygrime,1
ocQ7ZKhHU5Q,@softcoda,1
ocQ7ZKhHU5Q,@somethingsomeone5440,1
ocQ7ZKhHU5Q,@srvictorbatista,1
ocQ7ZKhHU5Q,@stevegarland4307,1
ocQ7ZKhHU5Q,@stouser1296,1
ocQ7ZKhHU5Q,@svampefett,1
ocQ7ZKhHU5Q,@swaysfamilyadventures1264,1
ocQ7ZKhHU5Q,@swiss_crypto6596,1
ocQ7ZKhHU5Q,@tarkanbulut4492,1
ocQ7ZKhHU5Q,@techtechnique4875,1
ocQ7ZKhHU5Q,@teebmaseej9742,2
ocQ7ZKhHU5Q,@toddmartin9023,1
ocQ7ZKhHU5Q,@torbenzeuge1031,1
ocQ7ZKhHU5Q,@trevorbotha3548,1
ocQ7ZKhHU5Q,@triXtyle,1
ocQ7ZKhHU5Q,@twn2rbo,1
ocQ7ZKhHU5Q,@vegaleonardo,1
ocQ7ZKhHU5Q,@x-xGODFATHERx-x,1
ocQ7ZKhHU5Q,@xandf,1
ocQ7ZKhHU5Q,@عبوديعبودي-س1ظ,1
onVn-lnHZ9s,@AIToolSquare,1
onVn-lnHZ9s,@AamirFarooq,1
onVn-lnHZ9s,@AbdulrhmanKb,1
onVn-lnHZ9s,@AbodemhmdAzar,1
onVn-lnHZ9s,@AnittaYatthaisong,1
onVn-lnHZ9s,@Ariccio123,1
onVn-lnHZ9s,@AtitChhetri-kp3mc,1
onVn-lnHZ9s,@ChaymaCv,1
onVn-lnHZ9s,@DecemberNames,1
onVn-lnHZ9s,@ElvisHernandez-py7pr,1
onVn-lnHZ9s,@FajerAlhamed-t6j,1
onVn-lnHZ9s,@KhalifamuhammadTafida-z3t,1
onVn-lnHZ9s,@MakunaHatata-d3m,1
onVn-lnHZ9s,@MhamadAlali-tv8fz,1
onVn-lnHZ9s,@MohanadSulaiman-q2x,1
onVn-lnHZ9s,@MonalisaCabotaje-w1u,1
onVn-lnHZ9s,@NaikGanesh-t1z,1
onVn-lnHZ9s,@NarendraMahanta-j2p5f,1
onVn-lnHZ9s,@SlemanAessa,1
onVn-lnHZ9s,@Wasem_r6,1
onVn-lnHZ9s,@aahilkk31,1
onVn-lnHZ9s,@arianagushi6168,1
onVn-lnHZ9s,@bbs32,1
onVn-lnHZ9s,@ccvv2625,1
onVn-lnHZ9s,@chandankumarMrchandankumar-e5u,1
onVn-lnHZ9s,@chlvrs,1
onVn-lnHZ9s,@darkomuj,1
onVn-lnHZ9s,@dhannusinghdee,1
onVn-lnHZ9s,@hrock7558,1
onVn-lnHZ9s,@pranjalmandavkar9179,1
onVn-lnHZ9s,@sagarnarote9353,1
onVn-lnHZ9s,@sameersingh790,1
onVn-lnHZ9s,@sathamhussain9252,1
onVn-lnHZ9s,@solihinsan,1
onVn-lnHZ9s,@zapy422,1
pR7FfNWjEe8,@AlexandraWilliams-lp6qc,1
pR7FfNWjEe8,@AtikuSalihu-e4c,1
pR7FfNWjEe8,@AviOz-i2h,1
pR7FfNWjEe8,@BG0178,1
pR7FfNWjEe8,@Cat-m8m9y,1
pR7FfNWjEe8,@Crazy1Clive,1
pR7FfNWjEe8,@Dylan-mo9fq,1
pR7FfNWjEe8,@Faww-Q,1
pR7FfNWjEe8,@GeetanjaliPusapati123,1
pR7FfNWjEe8,@IshanJoshi-n9v,1
pR7FfNWjEe8,@KellyWei-x5l6c,1
pR7FfNWjEe8,@MrISHANJOSHI,1
pR7FfNWjEe8,@QueLastima,2
pR7FfNWjEe8,@QuiChiYang2,1
pR7FfNWjEe8,@SuccessMindset2180,1
pR7FfNWjEe8,@airawat5856,1
pR7FfNWjEe8,@apeforceone1789,1
pR7FfNWjEe8,@asankapathirana,1
pR7FfNWjEe8,@bobanmilisavljevic420,1
pR7FfNWjEe8,@dvn8ter,1
pR7FfNWjEe8,@foreverman-ai-certified,1
pR7FfNWjEe8,@jeffcrume,11
pR7FfNWjEe8,@kent_calvin,1
pR7FfNWjEe8,@kushkushmango,1
pR7FfNWjEe8,@michaeljean-jacques7413,1
pR7FfNWjEe8,@mohamedatef6,1
pR7FfNWjEe8,@mr.peabody3509,1
pR7FfNWjEe8,@nijatrzayev9962,1
pR7FfNWjEe8,@nimishagarwal3883,1
pR7FfNWjEe8,@otegirma,1
pR7FfNWjEe8,@sangatdhanda48,1
pR7FfNWjEe8,@shekujabbie7506,1
pR7FfNWjEe8,@snigdhachourasia8403,1
pR7FfNWjEe8,@sssubarusss,1
pR7FfNWjEe8,@stanleyyao2461,1
pR7FfNWjEe8,@summer.breeze22,1
pR7FfNWjEe8,@techchanx,1
pR7FfNWjEe8,@the_xcrown,1
pR7FfNWjEe8,@tyrojames9937,1
pR7FfNWjEe8,@zax01,1
pR7FfNWjEe8,@流言-v6n,1
pvMGRSZJ4Jw,@AngusMayer-i6w,1
pvMGRSZJ4Jw,@Biglu193,1
pvMGRSZJ4Jw,@Carter_W83,1
pvMGRSZJ4Jw,@CodeWithVibeCoder,1
pvMGRSZJ4Jw,@Codevolution,3
pvMGRSZJ4Jw,@DanielHarry-od6ny,1
pvMGRSZJ4Jw,@FriedWiFi-99,1
pvMGRSZJ4Jw,@Gemax-hope,1
pvMGRSZJ4Jw,@HazelZoe-i8x,1
pvMGRSZJ4Jw,@SajeMohammed,1
pvMGRSZJ4Jw,@WhizPill,1
pvMGRSZJ4Jw,@_Redu,1
pvMGRSZJ4Jw,@adimardev1550,1
pvMGRSZJ4Jw,@aliahad-com,1
pvMGRSZJ4Jw,@atabakfakhouri5599,1
pvMGRSZJ4Jw,@dragonballmysteries7580,1
pvMGRSZJ4Jw,@goldeeenn,1
pvMGRSZJ4Jw,@gonewild6596,1
pvMGRSZJ4Jw,@jeffreykenoandutan2086,1
pvMGRSZJ4Jw,@joemathan6101,1
pvMGRSZJ4Jw,@john_doe_2231,1
pvMGRSZJ4Jw,@juhandvan,1
pvMGRSZJ4Jw,@knightshift8137,1
pvMGRSZJ4Jw,@komal_menaria,1
pvMGRSZJ4Jw,@lipmichal,1
pvMGRSZJ4Jw,@maddyc-p8z,1
pvMGRSZJ4Jw,@mest4201,1
pvMGRSZJ4Jw,@nikita_poyr,1
pvMGRSZJ4Jw,@nimbalyst,1
pvMGRSZJ4Jw,@raghavenderkuppireddy7158,1
pvMGRSZJ4Jw,@saikgamingproductions,1
pvMGRSZJ4Jw,@simphiwenhlabati4971,1
pvMGRSZJ4Jw,@solutionsforyou100,1
pvMGRSZJ4Jw,@srimani5189,1
pvMGRSZJ4Jw,@sylar7780,1
pvMGRSZJ4Jw,@thualfiqar87,1
pvMGRSZJ4Jw,@vishnumu5417,1
pvMGRSZJ4Jw,@vjimmers1,1
qYqIhX9hTQk,@120devida,1
qYqIhX9hTQk,@5hadRak,1
qYqIhX9hTQk,@AdityaSharma-rp7ry,1
qYqIhX9hTQk,@AnkitJaiswal1201,1
qYqIhX9hTQk,@ArhamAmiin,1
qYqIhX9hTQk,@ArvindhKalirajan,1
qYqIhX9hTQk,@AtiqurRahman-cm7di,1
qYqIhX9hTQk,@Banana-1241,1
qYqIhX9hTQk,@Bosbit007,1
qYqIhX9hTQk,@ChristofferHilton,3
qYqIhX9hTQk,@Commentsaremyown,1
qYqIhX9hTQk,@CoolF-jd7rr,1
qYqIhX9hTQk,@Coolbreez3,1
qYqIhX9hTQk,@CreateTravelTV,1
qYqIhX9hTQk,@CyperPol5000,1
qYqIhX9hTQk,@DZlAmir,1
qYqIhX9hTQk,@Dailydrops-cloud,1
qYqIhX9hTQk,@Desilokk001,1
qYqIhX9hTQk,@EasyGoingOne,1
qYqIhX9hTQk,@EdwardLeeson-cf6sy,1
qYqIhX9hTQk,@ElevateAutimationSolutions,1
qYqIhX9hTQk,@Environomics.,1
qYqIhX9hTQk,@Freddiechavira,1
qYqIhX9hTQk,@FromDesertTown,1
qYqIhX9hTQk,@GharacDurac,1
qYqIhX9hTQk,@HessLTD,1
qYqIhX9hTQk,@ILTOMBA,1
qYqIhX9hTQk,@Infinityhoops1111,1
qYqIhX9hTQk,@Itsuu.,1
qYqIhX9hTQk,@JeffreyAdams-kt5gv,1
qYqIhX9hTQk,@KarthikSwamy-o5d,1
qYqIhX9hTQk,@Kpchan112,1
qYqIhX9hTQk,@LM-ty8xg,1
qYqIhX9hTQk,@LOLLOF90,1
qYqIhX9hTQk,@LeatheryTendons,1
qYqIhX9hTQk,@LifeofTariq,1
qYqIhX9hTQk,@LittleManBigWorld-r1x,1
qYqIhX9hTQk,@Lucassherry-l1y,1
qYqIhX9hTQk,@MFG2738,1
qYqIhX9hTQk,@MHaugum,1
qYqIhX9hTQk,@MarinaWyssAI,1
qYqIhX9hTQk,@Mathew-Maged,1
qYqIhX9hTQk,@MohitChawla-br8rs,1
qYqIhX9hTQk,@MohitGujarati-l5f,1
qYqIhX9hTQk,@MordorsEye,1
qYqIhX9hTQk,@MrPastich3,2
qYqIhX9hTQk,@NickRomanek,1
qYqIhX9hTQk,@NoureddineChammakhi,1
qYqIhX9hTQk,@Ozh,1
qYqIhX9hTQk,@RahmanDigitalAgency,1
qYqIhX9hTQk,@Richard_Vidzz,1
qYqIhX9hTQk,@RickardApps,2
qYqIhX9hTQk,@Rivenix,1
qYqIhX9hTQk,@SaahilNaik,2
qYqIhX9hTQk,@Shockingshorts3,1
qYqIhX9hTQk,@Sikaros,1
qYqIhX9hTQk,@SreejaNair-711,1
qYqIhX9hTQk,@SuperPhexx,1
qYqIhX9hTQk,@TechWithTim,6
qYqIhX9hTQk,@TidsEpok,1
qYqIhX9hTQk,@TimBauerTT,1
qYqIhX9hTQk,@Tony-m1t1i,1
qYqIhX9hTQk,@UnchainedSky,1
qYqIhX9hTQk,@VictorAithen,1
qYqIhX9hTQk,@Wackelstein1,2
qYqIhX9hTQk,@WithRakshith,1
qYqIhX9hTQk,@aashwinsharma1859,1
qYqIhX9hTQk,@abdulrahmanabunabhan4919,1
qYqIhX9hTQk,@akileshreddy2150,1
qYqIhX9hTQk,@alex_wip,1
qYqIhX9hTQk,@alexandermoev9395,1
qYqIhX9hTQk,@alvarojunco9362,1
qYqIhX9hTQk,@android89ua,1
qYqIhX9hTQk,@antoniorecku487,1
qYqIhX9hTQk,@artmen1516,1
qYqIhX9hTQk,@aspargo.brasil,1
qYqIhX9hTQk,@atharvamogade,1
qYqIhX9hTQk,@avidwivedi840,1
qYqIhX9hTQk,@boostedbrogg9490,1
qYqIhX9hTQk,@bradparks1788,1
qYqIhX9hTQk,@calendil,1
qYqIhX9hTQk,@calmanoya,1
qYqIhX9hTQk,@catofdeepblack,1
qYqIhX9hTQk,@colorbassdoggo365,1
qYqIhX9hTQk,@copycatz6170,1
qYqIhX9hTQk,@cosmic-minds-origin,1
qYqIhX9hTQk,@crashfellow82,1
qYqIhX9hTQk,@danhorea33,1
qYqIhX9hTQk,@danillohenriquedeoliveiram9246,1
qYqIhX9hTQk,@dannytruong4425,3
qYqIhX9hTQk,@databridgeconsultants9163,1
qYqIhX9hTQk,@donsudduth,1
qYqIhX9hTQk,@eegreyy,1
qYqIhX9hTQk,@enough-sx3ki,1
qYqIhX9hTQk,@fabianvieri1907,1
qYqIhX9hTQk,@fabricetheodore7180,1
qYqIhX9hTQk,@fathallahwael529,1
qYqIhX9hTQk,@fformentif,1
qYqIhX9hTQk,@firefeature45,1
qYqIhX9hTQk,@fromagetriste,2
qYqIhX9hTQk,@g33kadi,1
qYqIhX9hTQk,@gab-n6g,1
qYqIhX9hTQk,@gavinparker5084,1
qYqIhX9hTQk,@gdn5001,1
qYqIhX9hTQk,@georgelza,1
qYqIhX9hTQk,@gerardvazquezai,1
qYqIhX9hTQk,@giovannifrancesco3344,1
qYqIhX9hTQk,@gobettsie8964,2
qYqIhX9hTQk,@haidersyed6554,1
qYqIhX9hTQk,@hpabhishek679,1
qYqIhX9hTQk,@inanitas,3
qYqIhX9hTQk,@ishaanmagon6663,1
qYqIhX9hTQk,@jacerchetoui709,1
qYqIhX9hTQk,@jaldwe,1
qYqIhX9hTQk,@jamiewilliams5121,1
qYqIhX9hTQk,@jaredpaul6877,1
qYqIhX9hTQk,@jeffclark5268,2
qYqIhX9hTQk,@jihokim9759,1
qYqIhX9hTQk,@jimtenn8857,1
qYqIhX9hTQk,@jurknu,1
qYqIhX9hTQk,@k.ashwinkumar7800,1
qYqIhX9hTQk,@kevinakl1092,1
qYqIhX9hTQk,@knimofi,1
qYqIhX9hTQk,@krishancj,1
qYqIhX9hTQk,@kumarvivek02,1
qYqIhX9hTQk,@leebrendalee,1
qYqIhX9hTQk,@leisiyox,1
qYqIhX9hTQk,@lightsaberr_C3PO,1
qYqIhX9hTQk,@lucasmarchiori2102,2
qYqIhX9hTQk,@lucassong6460,1
qYqIhX9hTQk,@luisdanielmesa,1
qYqIhX9hTQk,@marioh5172,1
qYqIhX9hTQk,@martinemond1207,2
qYqIhX9hTQk,@marwataha8943,1
qYqIhX9hTQk,@mdhasanshaikh28,1
qYqIhX9hTQk,@mengseay1450,1
qYqIhX9hTQk,@moavopatal,1
qYqIhX9hTQk,@moonlightsupernova,1
qYqIhX9hTQk,@n55tourist32,1
qYqIhX9hTQk,@nachoKrinkle,1
qYqIhX9hTQk,@noamshmil4842,1
qYqIhX9hTQk,@nonethelessBuff,1
qYqIhX9hTQk,@omoisesmelo,1
qYqIhX9hTQk,@oneasterisk4703,1
qYqIhX9hTQk,@orsova9054,2
qYqIhX9hTQk,@pamelapicota,1
qYqIhX9hTQk,@petterjonasson655,1
qYqIhX9hTQk,@pfabiszewski,3
qYqIhX9hTQk,@philanthonyuk,1
qYqIhX9hTQk,@prostekalorie,1
qYqIhX9hTQk,@qadeer_digital_services,1
qYqIhX9hTQk,@rapid1010,1
qYqIhX9hTQk,@ravenfire77,1
qYqIhX9hTQk,@ricorodriguez2733,1
qYqIhX9hTQk,@rohansachdeva627,1
qYqIhX9hTQk,@sachithjayalath9127,1
qYqIhX9hTQk,@saharyarmohammadtoosky,1
qYqIhX9hTQk,@salmanzafar42,1
qYqIhX9hTQk,@samgreaves8038,1
qYqIhX9hTQk,@saxi384,2
qYqIhX9hTQk,@seungyeoplee8079,1
qYqIhX9hTQk,@sewinvicta9274,1
qYqIhX9hTQk,@shangguan09,1
qYqIhX9hTQk,@shrunkensimon,1
qYqIhX9hTQk,@shubhamdevkota9651,2
qYqIhX9hTQk,@sid98geek,1
qYqIhX9hTQk,@spacewanderern,1
qYqIhX9hTQk,@stayreadyto3dprint,4
qYqIhX9hTQk,@sweetjobs,5
qYqIhX9hTQk,@t.p8190,1
qYqIhX9hTQk,@theaverageitdad4021,2
qYqIhX9hTQk,@thisisbrians,1
qYqIhX9hTQk,@trader_mist,2
qYqIhX9hTQk,@trock536,1
qYqIhX9hTQk,@twincenter9332,1
qYqIhX9hTQk,@username-oz6gz,1
qYqIhX9hTQk,@vibhanshusharma3150,1
qYqIhX9hTQk,@vinovici3204,1
qYqIhX9hTQk,@wolfgangmcgregor,1
qYqIhX9hTQk,@xawqe1,1
qYqIhX9hTQk,@zachbarna9525,1
qYqIhX9hTQk,@zahraarcher,1
qYqIhX9hTQk,@zx-sy1qh,1
qbV1kQgT4ck,@AIStackEngineer,1
qbV1kQgT4ck,@Noob-oc1wp,1
qbV1kQgT4ck,@atulkumar_zip,1
ql56K3sveqo,@0x29aNull,1
ql56K3sveqo,@1993dana15,1
ql56K3sveqo,@2Deep.,1
ql56K3sveqo,@AjalaEniola-f5i,1
ql56K3sveqo,@Aomicplane,1
ql56K3sveqo,@Autotrope,1
ql56K3sveqo,@AydenC77,1
ql56K3sveqo,@BairdJonJViyron,1
ql56K3sveqo,@BardOfThothApollon,1
ql56K3sveqo,@BestClaws,1
ql56K3sveqo,@BrainboxccGames,1
ql56K3sveqo,@Bu1lock,1
ql56K3sveqo,@Buildwith_sonia,1
ql56K3sveqo,@CalmSteve,1
ql56K3sveqo,@Coinfox,1
ql56K3sveqo,@CyberAlstor21,1
ql56K3sveqo,@Datadynamo-v1j,1
ql56K3sveqo,@Drkekw,2
ql56K3sveqo,@EclipseAnimates,1
ql56K3sveqo,@FPChris,1
ql56K3sveqo,@FaridSharby,1
ql56K3sveqo,@FarmerBoyio,1
ql56K3sveqo,@Fikar-e-Farda,1
ql56K3sveqo,@FreakyFriday-xg4pp,1
ql56K3sveqo,@ITGamerR-idk,1
ql56K3sveqo,@JForrestFisher--76,1
ql56K3sveqo,@JamesGarvintheGrue,1
ql56K3sveqo,@Jesus_Christ_1985,1
ql56K3sveqo,@KirinFire96,1
ql56K3sveqo,@LemuriaGames,1
ql56K3sveqo,@LolUGotBusted,1
ql56K3sveqo,@Lurking4eva,1
ql56K3sveqo,@Michael_Tabet,1
ql56K3sveqo,@Mish.hustles,1
ql56K3sveqo,@Mowuniverse,1
ql56K3sveqo,@MsMoonDragoon,1
ql56K3sveqo,@NFCompany-l7q,1
ql56K3sveqo,@NapKanT,1
ql56K3sveqo,@NightRunner417,1
ql56K3sveqo,@NullChannel12,1
ql56K3sveqo,@NuraddinBabayev-r5f,1
ql56K3sveqo,@OdotJdot,1
ql56K3sveqo,@OldManSparkplug,1
ql56K3sveqo,@PKFat,1
ql56K3sveqo,@Patrick_Lee_Zepeda,1
ql56K3sveqo,@PencakeO_O,1
ql56K3sveqo,@PlaymeoffSia,1
ql56K3sveqo,@PratayKarali,1
ql56K3sveqo,@Proud_banda,1
ql56K3sveqo,@PsychoEkan,1
ql56K3sveqo,@Radant-m2e,1
ql56K3sveqo,@Raghubiotech,1
ql56K3sveqo,@RoninTheOpossum,1
ql56K3sveqo,@RyansStories,1
ql56K3sveqo,@Rytharr,1
ql56K3sveqo,@S13Reborn,1
ql56K3sveqo,@Saeef2Md,1
ql56K3sveqo,@Savior1911,1
ql56K3sveqo,@Sdpro-d8o,1
ql56K3sveqo,@SeanJacksonTutorials,1
ql56K3sveqo,@ShamFaultman,1
ql56K3sveqo,@Shawbslol,1
ql56K3sveqo,@ShubhamSinghYoutube,1
ql56K3sveqo,@Silva_6_6,1
ql56K3sveqo,@SuperSpod,1
ql56K3sveqo,@SuperbMuffin,1
ql56K3sveqo,@Swiftgringo,1
ql56K3sveqo,@T_Mo271,1
ql56K3sveqo,@Temmyalter,1
ql56K3sveqo,@TheKiwiKlick,1
ql56K3sveqo,@TheMiccoliGroup,1
ql56K3sveqo,@TheOuroborosLoop,1
ql56K3sveqo,@TheRealOGstudios,1
ql56K3sveqo,@TylerMcNamer,1
ql56K3sveqo,@Unk_Cash,1
ql56K3sveqo,@WorseThanWorthlessLoser,1
ql56K3sveqo,@abhishekgourav6144,1
ql56K3sveqo,@algonix11,1
ql56K3sveqo,@alihanmangalov1263,1
ql56K3sveqo,@allisterforest1842,1
ql56K3sveqo,@alsoeris,1
ql56K3sveqo,@amolchaudhari6080,1
ql56K3sveqo,@angelmelendez365,2
ql56K3sveqo,@aniellodimeglio8369,1
ql56K3sveqo,@anikapt8728,1
ql56K3sveqo,@antonjoubert6980,1
ql56K3sveqo,@asdboohah,1
ql56K3sveqo,@ashu-p4m3z,1
ql56K3sveqo,@baronsengir187,1
ql56K3sveqo,@bendarmor12,1
ql56K3sveqo,@benedixtify,1
ql56K3sveqo,@buildwithjhyrom,1
ql56K3sveqo,@buildwithnads,1
ql56K3sveqo,@c3holland,1
ql56K3sveqo,@canadiancreed1,1
ql56K3sveqo,@cbernier3,1
ql56K3sveqo,@charlesmagno_us,1
ql56K3sveqo,@chibuikemonwu_obi-jd9mv,1
ql56K3sveqo,@chrisdleroux,1
ql56K3sveqo,@chrispolk6648,1
ql56K3sveqo,@craigjiggy,1
ql56K3sveqo,@createwroman,1
ql56K3sveqo,@def750_person,1
ql56K3sveqo,@dmitripogosian5084,1
ql56K3sveqo,@dudemannxs,1
ql56K3sveqo,@dwm1795,2
ql56K3sveqo,@dydek007,1
ql56K3sveqo,@earningwithliv,1
ql56K3sveqo,@eating.mangoes,1
ql56K3sveqo,@feerz,1
ql56K3sveqo,@firstcome5740,1
ql56K3sveqo,@getskill3270,1
ql56K3sveqo,@ghetto02143,1
ql56K3sveqo,@glurp1er,1
ql56K3sveqo,@h4rm0n1c,1
ql56K3sveqo,@hari_reddy,1
ql56K3sveqo,@hitbox7422,1
ql56K3sveqo,@ianofliverpool7701,1
ql56K3sveqo,@improvisedchaos8904,1
ql56K3sveqo,@islamabouelata6575,1
ql56K3sveqo,@j0n0n0n3,1
ql56K3sveqo,@jaywulf,1
ql56K3sveqo,@joaoluis654,1
ql56K3sveqo,@joefloyd5766,1
ql56K3sveqo,@jordanpaulee,1
ql56K3sveqo,@jorty.,1
ql56K3sveqo,@julius_fucking_cesar,1
ql56K3sveqo,@jurgle31337,1
ql56K3sveqo,@justicesportsman6020,1
ql56K3sveqo,@kbf2023,1
ql56K3sveqo,@keyliannys,1
ql56K3sveqo,@khkhkhkhkhkhkhkhkhkhkh,1
ql56K3sveqo,@kristianfernbratt2480,1
ql56K3sveqo,@kurtnelle,1
ql56K3sveqo,@lizard_girl,1
ql56K3sveqo,@lostmeme9862,1
ql56K3sveqo,@lpaydat,1
ql56K3sveqo,@m.fantasma7508,1
ql56K3sveqo,@maksipuk17,1
ql56K3sveqo,@markur3138,1
ql56K3sveqo,@matt39581,1
ql56K3sveqo,@mattiafioresi6692,1
ql56K3sveqo,@mcspud,1
ql56K3sveqo,@megane1315,1
ql56K3sveqo,@mikeanderson1810,1
ql56K3sveqo,@minademian,2
ql56K3sveqo,@mklinger23,1
ql56K3sveqo,@mr.snaji.7,1
ql56K3sveqo,@mrfadel,1
ql56K3sveqo,@msc8382,1
ql56K3sveqo,@mybrainbroke2.0,1
ql56K3sveqo,@nakr123,1
ql56K3sveqo,@neo_7864,1
ql56K3sveqo,@neoqueto,1
ql56K3sveqo,@nethermann,1
ql56K3sveqo,@nkosanasiyothula,1
ql56K3sveqo,@nlingrel,1
ql56K3sveqo,@og__arin,1
ql56K3sveqo,@okanime1,1
ql56K3sveqo,@ozybot1330,1
ql56K3sveqo,@padcom,1
ql56K3sveqo,@patrickheney9201,1
ql56K3sveqo,@pauljackson5515,1
ql56K3sveqo,@peresasera535,1
ql56K3sveqo,@phill6859,1
ql56K3sveqo,@pokemercenary6511,1
ql56K3sveqo,@polarfamily6222,1
ql56K3sveqo,@prabhakarmishra9061,1
ql56K3sveqo,@pricerep33ify,1
ql56K3sveqo,@rockstarjazzcat,1
ql56K3sveqo,@rohmadkurniadi1540,1
ql56K3sveqo,@rubydevilofficial,1
ql56K3sveqo,@sakalasiva,1
ql56K3sveqo,@sarablancosays,1
ql56K3sveqo,@savantofillusions,1
ql56K3sveqo,@savantskie,1
ql56K3sveqo,@scienceandmathHandle,1
ql56K3sveqo,@sepsmusic,1
ql56K3sveqo,@sethwright2518,1
ql56K3sveqo,@sophietheaussie,1
ql56K3sveqo,@squidly2112,1
ql56K3sveqo,@startheretashmir,1
ql56K3sveqo,@tami6867,1
ql56K3sveqo,@techcenter1696,1
ql56K3sveqo,@tester3x,1
ql56K3sveqo,@thedataburger,1
ql56K3sveqo,@thedevgangmx,1
ql56K3sveqo,@thenextlayer,1
ql56K3sveqo,@thevashfan12392,1
ql56K3sveqo,@tombonner2799,1
ql56K3sveqo,@tonypalmentera7752,1
ql56K3sveqo,@urbandecay3436,1
ql56K3sveqo,@veronicaguarrera,1
ql56K3sveqo,@veronicarodriguez8094,1
ql56K3sveqo,@vossie-1980,1
ql56K3sveqo,@warrenrross,1
ql56K3sveqo,@wezzaster,1
ql56K3sveqo,@xh3435,1
ql56K3sveqo,@zjin_99,1
ql56K3sveqo,@МакарошкиСПюрешкой,1
rp5EwOogWEw,@44mn,1
rp5EwOogWEw,@64jcl,1
rp5EwOogWEw,@AFistfulOf4K,2
rp5EwOogWEw,@Akgis32,1
rp5EwOogWEw,@AlexShurenberg,1
rp5EwOogWEw,@AliMousavi-DE,1
rp5EwOogWEw,@Amanlovespython,8
rp5EwOogWEw,@Andrew_FX,1
rp5EwOogWEw,@AndyPS,1
rp5EwOogWEw,@AnythingGodamnit,1
rp5EwOogWEw,@ArdaKaraduman,1
rp5EwOogWEw,@Art_fun5,2
rp5EwOogWEw,@Ayumu31,1
rp5EwOogWEw,@BelfaraNet-r8j,1
rp5EwOogWEw,@Benjamin-vx2ot,2
rp5EwOogWEw,@Blocked-g1v,1
rp5EwOogWEw,@Bob-Gee,1
rp5EwOogWEw,@BroncoMampfer,1
rp5EwOogWEw,@CaleMcCollough,2
rp5EwOogWEw,@Chex_Mex,1
rp5EwOogWEw,@ChristopherVanZetta,2
rp5EwOogWEw,@CoolioBeans,1
rp5EwOogWEw,@CosmicReef,2
rp5EwOogWEw,@DJ-Music-on-arm,1
rp5EwOogWEw,@DannyNilsson,1
rp5EwOogWEw,@DaoudMclovin,1
rp5EwOogWEw,@DerekRhoads,2
rp5EwOogWEw,@DoppsPkin,1
rp5EwOogWEw,@DriReo,1
rp5EwOogWEw,@EvelynHong-b2z,1
rp5EwOogWEw,@FPChris,1
rp5EwOogWEw,@FadoGhani,1
rp5EwOogWEw,@FloydMeetsClassical,1
rp5EwOogWEw,@Goldmaster,1
rp5EwOogWEw,@ITAngel,1
rp5EwOogWEw,@Jaron-Wilson,1
rp5EwOogWEw,@JesseBarkley-w9h,1
rp5EwOogWEw,@JubayerAhmedZubu,1
rp5EwOogWEw,@Kaboomnz,1
rp5EwOogWEw,@Karlfoo5773,1
rp5EwOogWEw,@Kireita,1
rp5EwOogWEw,@KyGnomestead,1
rp5EwOogWEw,@MaheshJoshi_wellington,1
rp5EwOogWEw,@MarcoGähler,2
rp5EwOogWEw,@MarkFromSomeplace,2
rp5EwOogWEw,@MarmaladeMoe,1
rp5EwOogWEw,@MikeMayori,1
rp5EwOogWEw,@MissingReports,1
rp5EwOogWEw,@Mobin92,1
rp5EwOogWEw,@NekoMizus,1
rp5EwOogWEw,@NocturnePigeon,1
rp5EwOogWEw,@NovaGameGuides,1
rp5EwOogWEw,@NuVibeFM,1
rp5EwOogWEw,@OpenSourceSpotlight,2
rp5EwOogWEw,@PascualCora,1
rp5EwOogWEw,@Pickerelweed,1
rp5EwOogWEw,@Pinebaron-1,1
rp5EwOogWEw,@Queracus,1
rp5EwOogWEw,@RiccardoVisione,1
rp5EwOogWEw,@Sajal89,1
rp5EwOogWEw,@SamuelPortela,1
rp5EwOogWEw,@Samwise_genji,1
rp5EwOogWEw,@Sanozukez,1
rp5EwOogWEw,@Sm1Ling_man,1
rp5EwOogWEw,@SocratesWasRight,1
rp5EwOogWEw,@TalpaDK,2
rp5EwOogWEw,@TedThomasTT,1
rp5EwOogWEw,@TenyoaMorales,1
rp5EwOogWEw,@TheKyroMan,1
rp5EwOogWEw,@Thewaseempk,1
rp5EwOogWEw,@Thor_Asgard_,1
rp5EwOogWEw,@ToddMichaelTV,1
rp5EwOogWEw,@TurboUnderpantsVR,1
rp5EwOogWEw,@US-Air-Forces,1
rp5EwOogWEw,@UltimoLucas,1
rp5EwOogWEw,@V100X,1
rp5EwOogWEw,@Vantrakter,1
rp5EwOogWEw,@ViniciusCorreia,1
rp5EwOogWEw,@VioFax,1
rp5EwOogWEw,@Vovka1759_Watch,1
rp5EwOogWEw,@X-101,1
rp5EwOogWEw,@YTBot47,2
rp5EwOogWEw,@YosophAhmed,1
rp5EwOogWEw,@Yuri-wk8rk,1
rp5EwOogWEw,@_Redu,2
rp5EwOogWEw,@aaronberson8086,1
rp5EwOogWEw,@absabs6742,1
rp5EwOogWEw,@ahmedfarrag2602,1
rp5EwOogWEw,@aleksdeveloper698,1
rp5EwOogWEw,@alessandroblue7,2
rp5EwOogWEw,@alexd3206,1
rp5EwOogWEw,@aliakseilasevich3553,1
rp5EwOogWEw,@allanschramm,1
rp5EwOogWEw,@andrebystrom,1
rp5EwOogWEw,@ankit249,1
rp5EwOogWEw,@anotherelvis,1
rp5EwOogWEw,@artetl,1
rp5EwOogWEw,@banicans5299,1
rp5EwOogWEw,@beetleberries2,1
rp5EwOogWEw,@bertilorickardspelar,1
rp5EwOogWEw,@bestjammer,1
rp5EwOogWEw,@billybbob18,1
rp5EwOogWEw,@billyolsson3340,1
rp5EwOogWEw,@bnolsen,1
rp5EwOogWEw,@bragmore,1
rp5EwOogWEw,@brainiac_entity,1
rp5EwOogWEw,@carlosaragonpelayo674,1
rp5EwOogWEw,@cavinrauch,1
rp5EwOogWEw,@chesterman18g,4
rp5EwOogWEw,@christianmorgan3940,1
rp5EwOogWEw,@coderentity2079,1
rp5EwOogWEw,@coloRADoRADdad,4
rp5EwOogWEw,@cpuneonine,1
rp5EwOogWEw,@cyberjohn44,1
rp5EwOogWEw,@darren-evans-007,2
rp5EwOogWEw,@dtr_cpg,1
rp5EwOogWEw,@eaman11,4
rp5EwOogWEw,@eladbari,1
rp5EwOogWEw,@elyakimlev,2
rp5EwOogWEw,@enadiz246,1
rp5EwOogWEw,@ericnewton5720,1
rp5EwOogWEw,@ethaneisenhard,1
rp5EwOogWEw,@exlr8in,2
rp5EwOogWEw,@ff0rtyy,1
rp5EwOogWEw,@frankie-tr6gf,1
rp5EwOogWEw,@franklegarreta,2
rp5EwOogWEw,@futuregovernance9584,2
rp5EwOogWEw,@hambugerlelol7482,1
rp5EwOogWEw,@haroldjstinkmeaner,1
rp5EwOogWEw,@hatasmuveletinspiracio,1
rp5EwOogWEw,@heartflame503,1
rp5EwOogWEw,@heymanchan9007,1
rp5EwOogWEw,@hossx2001,1
rp5EwOogWEw,@hx4791,1
rp5EwOogWEw,@isbestlizard,1
rp5EwOogWEw,@ishaat_plays,1
rp5EwOogWEw,@jakke4561,1
rp5EwOogWEw,@jamneym,1
rp5EwOogWEw,@jifi9866,1
rp5EwOogWEw,@jlv-77,1
rp5EwOogWEw,@jodyhoagland8436,1
rp5EwOogWEw,@joecater894,1
rp5EwOogWEw,@johnduggins,1
rp5EwOogWEw,@johnstapleton192,1
rp5EwOogWEw,@jonesjl99,1
rp5EwOogWEw,@jonmoure,1
rp5EwOogWEw,@josephschmidt6535,1
rp5EwOogWEw,@josersleal,1
rp5EwOogWEw,@jul059,1
rp5EwOogWEw,@kRySt4LGaMeR,1
rp5EwOogWEw,@keiichicom7891,1
rp5EwOogWEw,@kencaid1,1
rp5EwOogWEw,@kiSABREWULF007,1
rp5EwOogWEw,@kiwishizzle,2
rp5EwOogWEw,@kloakovalimonada,1
rp5EwOogWEw,@kulumbula317,1
rp5EwOogWEw,@larsandersson8723,1
rp5EwOogWEw,@lowlandtech,1
rp5EwOogWEw,@luisdanielmesa,1
rp5EwOogWEw,@makspain81,1
rp5EwOogWEw,@marcotngsn,1
rp5EwOogWEw,@markbarkell9448,1
rp5EwOogWEw,@markcahalan5698,2
rp5EwOogWEw,@markusi_wagner,1
rp5EwOogWEw,@masteroogvvay,1
rp5EwOogWEw,@mattisanidiot,1
rp5EwOogWEw,@mazzalnx,1
rp5EwOogWEw,@mirek2845,2
rp5EwOogWEw,@mjahid98,1
rp5EwOogWEw,@moliii8809,1
rp5EwOogWEw,@mudasirnazar,2
rp5EwOogWEw,@mukhta-o5i,1
rp5EwOogWEw,@nathaos-music,1
rp5EwOogWEw,@nbzari,1
rp5EwOogWEw,@newchaoz,1
rp5EwOogWEw,@nicholasverastegui8632,2
rp5EwOogWEw,@nileshsanyal3271,1
rp5EwOogWEw,@no_fb,1
rp5EwOogWEw,@oatlegOnYt,1
rp5EwOogWEw,@oleksii.lopasov,2
rp5EwOogWEw,@openroomxyz,1
rp5EwOogWEw,@otnarps,1
rp5EwOogWEw,@outpostbabu676,1
rp5EwOogWEw,@pablomanuelarjonillacobrer1351,1
rp5EwOogWEw,@panteliskasioulis7995,1
rp5EwOogWEw,@pantsgaming759,1
rp5EwOogWEw,@parubok,1
rp5EwOogWEw,@peterchudinov7227,1
rp5EwOogWEw,@philipgonzales3962,1
rp5EwOogWEw,@pk-mh2cx,1
rp5EwOogWEw,@pnunezaguila,1
rp5EwOogWEw,@pokkzSec,1
rp5EwOogWEw,@potatoesareking2026,1
rp5EwOogWEw,@pozytywniezakrecony151,1
rp5EwOogWEw,@qkktech,1
rp5EwOogWEw,@quentinlambert9169,1
rp5EwOogWEw,@randomobserver9488,1
rp5EwOogWEw,@razorree,2
rp5EwOogWEw,@rebelScience,1
rp5EwOogWEw,@renderwood,1
rp5EwOogWEw,@retakenroots,2
rp5EwOogWEw,@rickgeyer9685,1
rp5EwOogWEw,@riz_atx,3
rp5EwOogWEw,@rodgeroliverb,1
rp5EwOogWEw,@saltytango1337,1
rp5EwOogWEw,@selvaKumaresra,1
rp5EwOogWEw,@side-room-21,1
rp5EwOogWEw,@sitefabservices,1
rp5EwOogWEw,@skittlzism,1
rp5EwOogWEw,@slotsmaster8877,1
rp5EwOogWEw,@sonic55193,1
rp5EwOogWEw,@staticwhisperss,1
rp5EwOogWEw,@steffenmuller2888,1
rp5EwOogWEw,@stevebrown8824,1
rp5EwOogWEw,@sufyanshah1031,1
rp5EwOogWEw,@symphony86,1
rp5EwOogWEw,@tannymann,1
rp5EwOogWEw,@techdiyer5290,1
rp5EwOogWEw,@technics6215,1
rp5EwOogWEw,@thenextension9160,1
rp5EwOogWEw,@thomashansen1309,1
rp5EwOogWEw,@treasurehunt7812,1
rp5EwOogWEw,@ttone2330,1
rp5EwOogWEw,@tubebility,1
rp5EwOogWEw,@userasdf1546,2
rp5EwOogWEw,@valiblaj,1
rp5EwOogWEw,@vel5724,1
rp5EwOogWEw,@vetriselvan9807,1
rp5EwOogWEw,@viniciusmoura9105,1
rp5EwOogWEw,@weeboppa9093,1
rp5EwOogWEw,@wgsmit02,1
rp5EwOogWEw,@wintham,1
rp5EwOogWEw,@yulazdu69,1
rp5EwOogWEw,@yuv-ai,1
rp5EwOogWEw,@zenvanriel,33
rp5EwOogWEw,@zfold4702,2
rp5EwOogWEw,@小可爱-p1h,1
rriStH1eTH0,@0Perhaps,1
rriStH1eTH0,@2rx_bni,1
rriStH1eTH0,@3750gustavo,1
rriStH1eTH0,@714acedeck,1
rriStH1eTH0,@AFalconer,1
rriStH1eTH0,@AndreaMazzola,1
rriStH1eTH0,@Anondady,1
rriStH1eTH0,@AravindhKumar007,1
rriStH1eTH0,@AzuraiFrostwing,1
rriStH1eTH0,@BarrieBrown,1
rriStH1eTH0,@Bentons_Place,1
rriStH1eTH0,@BigSaaSsolutions,1
rriStH1eTH0,@BillinSD,1
rriStH1eTH0,@BlissfulRebirth,1
rriStH1eTH0,@BloodStripe1775,1
rriStH1eTH0,@Buisness-m4q,1
rriStH1eTH0,@Chuck8541,1
rriStH1eTH0,@CoverageAwarenessStudio,1
rriStH1eTH0,@CryztalSeth,1
rriStH1eTH0,@DS-uz7nd,1
rriStH1eTH0,@Damons-Old-Soul,1
rriStH1eTH0,@DanJackson26,1
rriStH1eTH0,@DarkBullCapital,1
rriStH1eTH0,@Darren777Au,1
rriStH1eTH0,@David-sj6dj,1
rriStH1eTH0,@DeGoogled0,1
rriStH1eTH0,@DipikaDighe-j4r,1
rriStH1eTH0,@DokterWho,1
rriStH1eTH0,@Dougie-,1
rriStH1eTH0,@Dragonluna69,1
rriStH1eTH0,@Eiret-cp7xr,1
rriStH1eTH0,@EvasiveCrow,1
rriStH1eTH0,@ExpressoJack,1
rriStH1eTH0,@FergusWhite88,1
rriStH1eTH0,@Ficho.,1
rriStH1eTH0,@FrigginM16,1
rriStH1eTH0,@FruityHachi,2
rriStH1eTH0,@Grott1C7ZAyelh,1
rriStH1eTH0,@HakonJohansenKampen,1
rriStH1eTH0,@Hexenv88-VAM,1
rriStH1eTH0,@IveLearnedSomeThings,2
rriStH1eTH0,@JacquesDupuis,3
rriStH1eTH0,@JasonSpielberg,1
rriStH1eTH0,@Je.Suis.Flaneur,1
rriStH1eTH0,@Joywith3LastNames,2
rriStH1eTH0,@KarolineLeavitt-29a,1
rriStH1eTH0,@LivingLinux,1
rriStH1eTH0,@Lruiz3865,1
rriStH1eTH0,@Lunamanihinjsturpt,1
rriStH1eTH0,@MarkTrombonee,1
rriStH1eTH0,@MatveiBronstein1,1
rriStH1eTH0,@MotSter,1
rriStH1eTH0,@Mr.Mister96,1
rriStH1eTH0,@MrMysterious420,1
rriStH1eTH0,@Mythhammer,1
rriStH1eTH0,@NBoo-n5r,1
rriStH1eTH0,@NaomiBrockwellTV,22
rriStH1eTH0,@NefilimPL,1
rriStH1eTH0,@NetRvn,1
rriStH1eTH0,@NicholsTech,1
rriStH1eTH0,@Ninja_NJA,1
rriStH1eTH0,@Nitrowing1500,1
rriStH1eTH0,@Omnihilo,2
rriStH1eTH0,@Peter_1512,1
rriStH1eTH0,@PlanetLinuxChannel,1
rriStH1eTH0,@ProtectedAccount-d8d,1
rriStH1eTH0,@RedMambaYard,5
rriStH1eTH0,@RoccoMariaAnders,1
rriStH1eTH0,@RomonaFoster,1
rriStH1eTH0,@Scuor2,1
rriStH1eTH0,@SimplyGamingandTech,1
rriStH1eTH0,@SimpsonsRuleForever,2
rriStH1eTH0,@Sonny_V,1
rriStH1eTH0,@SuperWolfkin,1
rriStH1eTH0,@TechnoEveryday,1
rriStH1eTH0,@TheSensationalMr.Science,1
rriStH1eTH0,@UNcommonSenseAUS,1
rriStH1eTH0,@VertegrezNox,2
rriStH1eTH0,@Warframeplayer-s4l,1
rriStH1eTH0,@Watching58,1
rriStH1eTH0,@WickedMuis,2
rriStH1eTH0,@William0271,1
rriStH1eTH0,@WorldT,1
rriStH1eTH0,@aliceb6847,1
rriStH1eTH0,@allenfelix7382,1
rriStH1eTH0,@annacurransmotherofmeghanc1841,7
rriStH1eTH0,@appletreedecorating,1
rriStH1eTH0,@atariplayer3686,1
rriStH1eTH0,@bartkl,1
rriStH1eTH0,@battistimo,1
rriStH1eTH0,@beachbumsailordude,1
rriStH1eTH0,@bieragaino440,1
rriStH1eTH0,@burgercide,1
rriStH1eTH0,@captmulch1,1
rriStH1eTH0,@carlpietrzak967,1
rriStH1eTH0,@charlesdoesmore5488,1
rriStH1eTH0,@chrisharrison7953,1
rriStH1eTH0,@christianc9,1
rriStH1eTH0,@craiggrella,1
rriStH1eTH0,@cryptowealthonyt,1
rriStH1eTH0,@cx3268,1
rriStH1eTH0,@cyberxspeed,1
rriStH1eTH0,@dArtagnan712,2
rriStH1eTH0,@dadlord689,2
rriStH1eTH0,@daniellow426,1
rriStH1eTH0,@davidayers5173,1
rriStH1eTH0,@diotitus,1
rriStH1eTH0,@discodno,1
rriStH1eTH0,@divius-y8m,1
rriStH1eTH0,@djmotion86,1
rriStH1eTH0,@doctor.rajdeep,1
rriStH1eTH0,@eihehe1234-xe3co,1
rriStH1eTH0,@electricalbatross5797,1
rriStH1eTH0,@elsombero1747,1
rriStH1eTH0,@erb34,1
rriStH1eTH0,@ericlawrence9060,1
rriStH1eTH0,@ernies8828,1
rriStH1eTH0,@etziowingeler3173,1
rriStH1eTH0,@fenostalgicmanrooster4898,1
rriStH1eTH0,@ffggvfg4323,1
rriStH1eTH0,@freenewspage,1
rriStH1eTH0,@garydeluce464,1
rriStH1eTH0,@gemiro1234,2
rriStH1eTH0,@generalidea2897,2
rriStH1eTH0,@giddyupNinja,3
rriStH1eTH0,@goldcic,1
rriStH1eTH0,@goodnightmr5892,1
rriStH1eTH0,@graphixkillzzz,2
rriStH1eTH0,@grega36912,2
rriStH1eTH0,@harveybc,1
rriStH1eTH0,@heatherryan9820,1
rriStH1eTH0,@hobbytech8bit,1
rriStH1eTH0,@hoobsgroove,2
rriStH1eTH0,@hu99icane,1
rriStH1eTH0,@huntress_9441,1
rriStH1eTH0,@iamlordking,1
rriStH1eTH0,@iangreen180,1
rriStH1eTH0,@ilyas9104,1
rriStH1eTH0,@imacmill,4
rriStH1eTH0,@invisableobserver,1
rriStH1eTH0,@ivans.935,2
rriStH1eTH0,@jacksteal5991,1
rriStH1eTH0,@javayim,1
rriStH1eTH0,@jayyjay5113,1
rriStH1eTH0,@jb_swamp,1
rriStH1eTH0,@jbrock8596,1
rriStH1eTH0,@jessiebaker6636,1
rriStH1eTH0,@jfkesq,1
rriStH1eTH0,@jjsampo,1
rriStH1eTH0,@johndurrett3573,1
rriStH1eTH0,@johnlegend1360,1
rriStH1eTH0,@johnp4887,1
rriStH1eTH0,@jwb6583,1
rriStH1eTH0,@keithwhite2986,1
rriStH1eTH0,@kellysouter4381,2
rriStH1eTH0,@kelsey_roy,2
rriStH1eTH0,@kroberts6811,1
rriStH1eTH0,@lagringa7518,1
rriStH1eTH0,@lineax5927,1
rriStH1eTH0,@longrider188,1
rriStH1eTH0,@luyzqint3760,1
rriStH1eTH0,@lynchingacers,1
rriStH1eTH0,@mansouralshamri1387,1
rriStH1eTH0,@markldevine,1
rriStH1eTH0,@marktwain5232,1
rriStH1eTH0,@max36047,1
rriStH1eTH0,@mrappe51,1
rriStH1eTH0,@musiqtee,1
rriStH1eTH0,@natemarx4999,1
rriStH1eTH0,@ngbizvn1300,1
rriStH1eTH0,@nikunj10201,1
rriStH1eTH0,@nommindymple6241,1
rriStH1eTH0,@olliestudio45,1
rriStH1eTH0,@paradox4348,1
rriStH1eTH0,@paulmcclaskin362,2
rriStH1eTH0,@pepeontour,1
rriStH1eTH0,@philoleson1780,1
rriStH1eTH0,@punklave,1
rriStH1eTH0,@randomguyontheinternet-q3s,1
rriStH1eTH0,@redone823,1
rriStH1eTH0,@richiebricker,1
rriStH1eTH0,@robtihanyi1155,1
rriStH1eTH0,@roflchopter11,1
rriStH1eTH0,@ronm6585,1
rriStH1eTH0,@rpeart73,1
rriStH1eTH0,@savannahesposito9307,1
rriStH1eTH0,@scronx,2
rriStH1eTH0,@second5992,1
rriStH1eTH0,@sfn-obsvr,1
rriStH1eTH0,@shabang71,1
rriStH1eTH0,@shefe3652,1
rriStH1eTH0,@simon-k7m,1
rriStH1eTH0,@sneakysideeye,2
rriStH1eTH0,@snyderkr0822,1
rriStH1eTH0,@sotecluxan4221,1
rriStH1eTH0,@stanleymazur9728,1
rriStH1eTH0,@stevek7515,1
rriStH1eTH0,@stevenmcgrew869,1
rriStH1eTH0,@su1ka,1
rriStH1eTH0,@terrorists-are-among-us,1
rriStH1eTH0,@terrygolden7726,1
rriStH1eTH0,@tiagotiagot,2
rriStH1eTH0,@trappedcat3615,2
rriStH1eTH0,@user-dixk2rx5gz8f,1
rriStH1eTH0,@user-vb6lq9il5v,3
rriStH1eTH0,@violet_world9385,1
rriStH1eTH0,@wuanma7,1
rriStH1eTH0,@yacahumax1431,1
rriStH1eTH0,@yootoob7048,1
rriStH1eTH0,@zenjifugimoto,1
rriStH1eTH0,@لاتشبهنفسكبإنسانوأفعالكأفعالحي,1
rwxRoYzwkyM,@3_giga,1
rwxRoYzwkyM,@6Scouts,1
rwxRoYzwkyM,@ADAMROSE-f2f,1
rwxRoYzwkyM,@ANSHUMAN-fp9sd,1
rwxRoYzwkyM,@AR-Naat-Group,1
rwxRoYzwkyM,@ARMY-w7w7f,1
rwxRoYzwkyM,@Acrylicpainting25,1
rwxRoYzwkyM,@Adil.king786-r1f,1
rwxRoYzwkyM,@AllDancerparty,1
rwxRoYzwkyM,@AmeerHamza-w3k8s,1
rwxRoYzwkyM,@AmitRaviSuperHitVlogs,1
rwxRoYzwkyM,@AmolWankhede-v6g,1
rwxRoYzwkyM,@AnandMuktan,1
rwxRoYzwkyM,@AnmolPrajapati-y7b,1
rwxRoYzwkyM,@Avengeranimations0,1
rwxRoYzwkyM,@Ayanjutt804-I,1
rwxRoYzwkyM,@AyatNoor1423,1
rwxRoYzwkyM,@BestBiscuits,1
rwxRoYzwkyM,@Bts_Forever34,1
rwxRoYzwkyM,@BuisnessSpace,1
rwxRoYzwkyM,@CHARGEYT1,1
rwxRoYzwkyM,@CR7-x5r9m,1
rwxRoYzwkyM,@Claughwithme,1
rwxRoYzwkyM,@Creative_Mind_19,1
rwxRoYzwkyM,@DARK_F56,1
rwxRoYzwkyM,@DambaruSabar-y8d,1
rwxRoYzwkyM,@Dear_Tanay,1
rwxRoYzwkyM,@DeepakDutta-o8x,2
rwxRoYzwkyM,@Desi_Beats15,1
rwxRoYzwkyM,@Dharmarao-w5e,1
rwxRoYzwkyM,@Doremon1-y2q,1
rwxRoYzwkyM,@EJIKSBUKO,1
rwxRoYzwkyM,@EddieMakinaTV,1
rwxRoYzwkyM,@Erick-o2m,1
rwxRoYzwkyM,@EvilBro-x5b,1
rwxRoYzwkyM,@Fairy_11223,1
rwxRoYzwkyM,@FarmanAliNaqvi,1
rwxRoYzwkyM,@Foodiessss-craze,1
rwxRoYzwkyM,@Funtechgyan2.0,1
rwxRoYzwkyM,@FunwithAhmed-s5o,1
rwxRoYzwkyM,@GBCJ885,1
rwxRoYzwkyM,@GURSEWAKSingh-s8p,1
rwxRoYzwkyM,@GulamMustafa-b3s,2
rwxRoYzwkyM,@HassanSaleem-z4q,1
rwxRoYzwkyM,@Hellboy_euii,1
rwxRoYzwkyM,@Horrortoons19,1
rwxRoYzwkyM,@HuggyBuggy-v6u,1
rwxRoYzwkyM,@ILLEGALLYGAMING-234vsr,1
rwxRoYzwkyM,@ISLAMIC-CHANEL-Aryan,1
rwxRoYzwkyM,@IbrhimdfaallaAlhmdi,1
rwxRoYzwkyM,@Islamicworldhivr,1
rwxRoYzwkyM,@JUSTLOL2504,1
rwxRoYzwkyM,@Jkrakesh0576,1
rwxRoYzwkyM,@JunaidTvDevice,1
rwxRoYzwkyM,@JustPoems-q2h,1
rwxRoYzwkyM,@KapiTr-ni9hj,1
rwxRoYzwkyM,@Karanrajputyt54,1
rwxRoYzwkyM,@Koreanlove8,1
rwxRoYzwkyM,@KrishnaPardeshi-l2s,1
rwxRoYzwkyM,@LivingDemo,1
rwxRoYzwkyM,@Lokeshdevkota-zv7vp,1
rwxRoYzwkyM,@MagicCuts786,1
rwxRoYzwkyM,@ManojKumar-eu1zk,1
rwxRoYzwkyM,@MohitpreetSingh-cy2gm,1
rwxRoYzwkyM,@MohsinGVR,1
rwxRoYzwkyM,@Motionkeys-321,1
rwxRoYzwkyM,@MrBeest-m9s,1
rwxRoYzwkyM,@Nabahire.B.Amanas,1
rwxRoYzwkyM,@Nhinguyen_2016,1
rwxRoYzwkyM,@NiazGull-q6c,1
rwxRoYzwkyM,@NihadHeyderov-v9u,1
rwxRoYzwkyM,@Odoo-s9w,1
rwxRoYzwkyM,@Olaf-y5v,1
rwxRoYzwkyM,@Oooyie,1
rwxRoYzwkyM,@PrantikFawmiKhamar,1
rwxRoYzwkyM,@Prashant5y,1
rwxRoYzwkyM,@PriyadipDhar-q4q,1
rwxRoYzwkyM,@Priyanshu_tiwari_ji,1
rwxRoYzwkyM,@Proper_gaming1484,1
rwxRoYzwkyM,@Punjabimunda-8675,1
rwxRoYzwkyM,@PushkarSingh-hb4qq,1
rwxRoYzwkyM,@Quillmaze,1
rwxRoYzwkyM,@RAHULKUMAR...-gv1hg,1
rwxRoYzwkyM,@RKSHAKIL-YT,1
rwxRoYzwkyM,@RaVlog-q2o,1
rwxRoYzwkyM,@Rajneshyadav-yb7xs,1
rwxRoYzwkyM,@RanaabdulBasit-v5u,1
rwxRoYzwkyM,@RatnadeepMohanta-g6m,1
rwxRoYzwkyM,@RealCxllum,1
rwxRoYzwkyM,@RohitDate-bw7ez,1
rwxRoYzwkyM,@RuslanMuradov-od4kb,1
rwxRoYzwkyM,@SADIAEVA01,1
rwxRoYzwkyM,@SKC_FACKT,1
rwxRoYzwkyM,@STRAXXXGAMING,1
rwxRoYzwkyM,@SachinGaming___8263,1
rwxRoYzwkyM,@SahebBhai-pp9es,1
rwxRoYzwkyM,@SharryKing-t7o,1
rwxRoYzwkyM,@ShibuGupta-j3k,1
rwxRoYzwkyM,@Shujat-st,1
rwxRoYzwkyM,@Siddhantdestroy,1
rwxRoYzwkyM,@SilentNightsSounds,1
rwxRoYzwkyM,@Skinet01,1
rwxRoYzwkyM,@SpeedexplorerYt,1
rwxRoYzwkyM,@StarNipun8-kq2pv,1
rwxRoYzwkyM,@Striker_Kunwar,1
rwxRoYzwkyM,@SulmanUashtar,2
rwxRoYzwkyM,@SumbalKitchenMenu,1
rwxRoYzwkyM,@TarzanFF888,1
rwxRoYzwkyM,@TheVillainActor,1
rwxRoYzwkyM,@ThriveTreasurer,1
rwxRoYzwkyM,@Tiwarisongs85k,1
rwxRoYzwkyM,@Total_gaming-09397,1
rwxRoYzwkyM,@Unknownfacts886,1
rwxRoYzwkyM,@UsaidWorlds-sb9js,1
rwxRoYzwkyM,@VIVEKgaming-jk4gw,1
rwxRoYzwkyM,@Veergodgaming,1
rwxRoYzwkyM,@Vipinsakets,1
rwxRoYzwkyM,@Vlogger-King-Saurabh,1
rwxRoYzwkyM,@Vlogsbybuland,1
rwxRoYzwkyM,@Yoshofficiel,1
rwxRoYzwkyM,@ZareensOasis.,1
rwxRoYzwkyM,@_ESCOP_,1
rwxRoYzwkyM,@abirkhan-ux2cy,1
rwxRoYzwkyM,@affisalman5982,2
rwxRoYzwkyM,@ahmad-u1w3g,1
rwxRoYzwkyM,@alizainawan5915,1
rwxRoYzwkyM,@allancooper-v5b,1
rwxRoYzwkyM,@anish-opx,4
rwxRoYzwkyM,@arkosarkar9474,1
rwxRoYzwkyM,@asfaqadiv9404,1
rwxRoYzwkyM,@atishmahadik11,1
rwxRoYzwkyM,@auhvocals,1
rwxRoYzwkyM,@awaiswork-c9y,1
rwxRoYzwkyM,@aye_hallo,1
rwxRoYzwkyM,@ayusharma1316,1
rwxRoYzwkyM,@besttopical1853,1
rwxRoYzwkyM,@bong_samrt_1s,1
rwxRoYzwkyM,@brijbihariawadhiya,1
rwxRoYzwkyM,@bryanonon8081,1
rwxRoYzwkyM,@confession_crafts,1
rwxRoYzwkyM,@cookingqueen1996,1
rwxRoYzwkyM,@danambugo523,1
rwxRoYzwkyM,@dancewithashi-2215,1
rwxRoYzwkyM,@debashishsahu4590,1
rwxRoYzwkyM,@dhavalBhadra-f1i,1
rwxRoYzwkyM,@divyeshpuranik6766,1
rwxRoYzwkyM,@dragonknight201,1
rwxRoYzwkyM,@dstarofficial5570,1
rwxRoYzwkyM,@eastered,1
rwxRoYzwkyM,@farmstrategylab,1
rwxRoYzwkyM,@ghoststriker2544,1
rwxRoYzwkyM,@haikuy_talent,1
rwxRoYzwkyM,@hindisong74100,1
rwxRoYzwkyM,@historiascristiana,1
rwxRoYzwkyM,@historyred-w6m,1
rwxRoYzwkyM,@honza-h2r,1
rwxRoYzwkyM,@ilovesazia,1
rwxRoYzwkyM,@joshinaimish9496,1
rwxRoYzwkyM,@kapiljoshi-AI,1
rwxRoYzwkyM,@kd_107-f4s,2
rwxRoYzwkyM,@kingdra108,1
rwxRoYzwkyM,@kymchika,1
rwxRoYzwkyM,@latestsolutions837,1
rwxRoYzwkyM,@lesplusbellesfemmesdugabon6447,1
rwxRoYzwkyM,@maqsad_play,1
rwxRoYzwkyM,@mindgrowthspeech1,1
rwxRoYzwkyM,@minhhettran9253,1
rwxRoYzwkyM,@monty-gestiona-tu-negocio,1
rwxRoYzwkyM,@mr_aditya326,1
rwxRoYzwkyM,@mynameisyourself,1
rwxRoYzwkyM,@navedahmedkhan4899,1
rwxRoYzwkyM,@online__solution,1
rwxRoYzwkyM,@plopsafan1776,1
rwxRoYzwkyM,@poojagopalsingh878,1
rwxRoYzwkyM,@prgamer2841,1
rwxRoYzwkyM,@puneetnagar868,1
rwxRoYzwkyM,@pyaraislam5801,1
rwxRoYzwkyM,@qqqaaa09sssaaa,1
rwxRoYzwkyM,@rahul_10-i3k,1
rwxRoYzwkyM,@random_sucker,1
rwxRoYzwkyM,@rbnblog,1
rwxRoYzwkyM,@rex_ent.clips.001,1
rwxRoYzwkyM,@rohailmadiana8841,1
rwxRoYzwkyM,@rohitmehra5008,1
rwxRoYzwkyM,@sachin_chavan_8282,1
rwxRoYzwkyM,@sayalipatil9876,1
rwxRoYzwkyM,@shayaanrk,1
rwxRoYzwkyM,@showkotYouTub,1
rwxRoYzwkyM,@shubhamgehlod4498,1
rwxRoYzwkyM,@siddhant_tyagi,1
rwxRoYzwkyM,@sidhumoosewala2512,1
rwxRoYzwkyM,@sinothandogilman24,1
rwxRoYzwkyM,@siyaramrauniyar6929,1
rwxRoYzwkyM,@sportclub-f7c,1
rwxRoYzwkyM,@swapnilswami332,1
rwxRoYzwkyM,@sylvestermoseschago,1
rwxRoYzwkyM,@techzsandeep17kviews3houra5,1
rwxRoYzwkyM,@theanimals3958,1
rwxRoYzwkyM,@thecreativeenzymes,1
rwxRoYzwkyM,@tom_angelacat,1
rwxRoYzwkyM,@traveltrekadventureunfold,1
rwxRoYzwkyM,@twinklemaddeshiya1287,1
rwxRoYzwkyM,@vaibahv_25,1
rwxRoYzwkyM,@vatsal-b5l,1
rwxRoYzwkyM,@wowTekBinRaji,1
rwxRoYzwkyM,@yogeshsingh8954,1
rwxRoYzwkyM,@ytb.addict,1
rwxRoYzwkyM,@yunusnlt,1
rwxRoYzwkyM,@اللللربليتنافبعنب,1
rwxRoYzwkyM,@ميدومان,1
rwxRoYzwkyM,@هاشمزوم-ع9ض,1
saggDHHnmtQ,@6Pope9,1
saggDHHnmtQ,@AnilKumar-mj3xb,1
saggDHHnmtQ,@Asher-f5r,1
saggDHHnmtQ,@AsifAwan6142,1
saggDHHnmtQ,@AymanAyman-yh8py,1
saggDHHnmtQ,@Azacatol,1
saggDHHnmtQ,@BardsMilieu,1
saggDHHnmtQ,@Basiliold,1
saggDHHnmtQ,@BeyondtheObvio_s,1
saggDHHnmtQ,@ChristianSpliid,1
saggDHHnmtQ,@Creagen-l2c,1
saggDHHnmtQ,@CyclonerAI,1
saggDHHnmtQ,@DEEPAKJAYACHANDRAN-e3l2n,1
saggDHHnmtQ,@DEGoodman,1
saggDHHnmtQ,@Doggy-Fi,1
saggDHHnmtQ,@EfranAutomation,1
saggDHHnmtQ,@ErwinZol,1
saggDHHnmtQ,@FREEGEMS,1
saggDHHnmtQ,@Future_Networks,1
saggDHHnmtQ,@Garrettm31,1
saggDHHnmtQ,@GeistOnTV,3
saggDHHnmtQ,@Gontino673,1
saggDHHnmtQ,@HarryPierpoint,1
saggDHHnmtQ,@HassanLatif-x6e,4
saggDHHnmtQ,@HelicopterGirl-s2j,1
saggDHHnmtQ,@How-I-AI-ed-This,1
saggDHHnmtQ,@Iam_Machines,1
saggDHHnmtQ,@Ighart,1
saggDHHnmtQ,@Irradia2.0,2
saggDHHnmtQ,@IshmaeelIqbal,1
saggDHHnmtQ,@JackFrost31162,1
saggDHHnmtQ,@Jorochoro,1
saggDHHnmtQ,@Joy-ib7nh,1
saggDHHnmtQ,@Juhanius,1
saggDHHnmtQ,@Julia.Jakubowska,1
saggDHHnmtQ,@Jzguan,1
saggDHHnmtQ,@KOHLER1122,1
saggDHHnmtQ,@KapitalCityBlog,1
saggDHHnmtQ,@Kaņepe-c9w,1
saggDHHnmtQ,@KrishanDissanayake,1
saggDHHnmtQ,@LNM101,1
saggDHHnmtQ,@LeoCardinale,1
saggDHHnmtQ,@Lmn-b4o,1
saggDHHnmtQ,@MaryroseVelarde-w5q5s,1
saggDHHnmtQ,@MasterChimOfficial,1
saggDHHnmtQ,@MatheusDrummond-pe5gz,1
saggDHHnmtQ,@MattNYC161,1
saggDHHnmtQ,@McCaleb2nd,1
saggDHHnmtQ,@MergulhaoFull,1
saggDHHnmtQ,@MohammadEmalFaizi,1
saggDHHnmtQ,@Mooses09-q3f,1
saggDHHnmtQ,@MotivationMenagerie,1
saggDHHnmtQ,@MrMatheusneris,1
saggDHHnmtQ,@MuhtasimRahman-w4h,1
saggDHHnmtQ,@NM14692,1
saggDHHnmtQ,@NXTLVLAI,2
saggDHHnmtQ,@Novica89,1
saggDHHnmtQ,@Numbersssssss,1
saggDHHnmtQ,@OakHillSolutions,1
saggDHHnmtQ,@OmDabley,1
saggDHHnmtQ,@Omar-lx1er,1
saggDHHnmtQ,@Omar_22-11,1
saggDHHnmtQ,@Omar_AI_Rehan,1
saggDHHnmtQ,@Philligl,1
saggDHHnmtQ,@PramodRao27,1
saggDHHnmtQ,@RXed_EU,1
saggDHHnmtQ,@RaphaelRaeckersYT,1
saggDHHnmtQ,@ReinierScheltema,1
saggDHHnmtQ,@RinuJain-e4b,1
saggDHHnmtQ,@SarahBonella,1
saggDHHnmtQ,@Sm1Ling_man,1
saggDHHnmtQ,@StefanB-f3p,1
saggDHHnmtQ,@SteveHare-j6h,1
saggDHHnmtQ,@SuperLordee,1
saggDHHnmtQ,@SupriyaTechTalks,1
saggDHHnmtQ,@T.N.T.84,2
saggDHHnmtQ,@TZEVAOT-e8e,1
saggDHHnmtQ,@Tayze_Golf,1
saggDHHnmtQ,@TheBusinessMindset_,1
saggDHHnmtQ,@TheRyukDG,1
saggDHHnmtQ,@ThomasDoesBusiness,1
saggDHHnmtQ,@UseAll24Frets,1
saggDHHnmtQ,@VincentOrtizVinova,1
saggDHHnmtQ,@WillieSolomon-r9h,1
saggDHHnmtQ,@_its.just.regi_,1
saggDHHnmtQ,@acrux2061,1
saggDHHnmtQ,@adamwilson7057,1
saggDHHnmtQ,@ahtshamhussain908,1
saggDHHnmtQ,@ahunter-ai,1
saggDHHnmtQ,@alishbagiavani,1
saggDHHnmtQ,@amerrashed6287,1
saggDHHnmtQ,@amirmirza582,1
saggDHHnmtQ,@andreip.8321,1
saggDHHnmtQ,@andriykabanets4493,1
saggDHHnmtQ,@animalsofherewood,1
saggDHHnmtQ,@aquavivianjennawilsoncode,1
saggDHHnmtQ,@ard5017,1
saggDHHnmtQ,@arthurfelde5437,1
saggDHHnmtQ,@artmrl12,1
saggDHHnmtQ,@b58danbackup,1
saggDHHnmtQ,@barrywhittingham6154,1
saggDHHnmtQ,@basenvy,1
saggDHHnmtQ,@bentucky4324,1
saggDHHnmtQ,@biddelyboo1,1
saggDHHnmtQ,@bmhoops1,1
saggDHHnmtQ,@bverenz,1
saggDHHnmtQ,@candi0503,1
saggDHHnmtQ,@canukguy1974,1
saggDHHnmtQ,@charleslyra5458,1
saggDHHnmtQ,@children_time99,1
saggDHHnmtQ,@chri5topher,1
saggDHHnmtQ,@chukwuedo,1
saggDHHnmtQ,@dancingspider7246,1
saggDHHnmtQ,@davidp2567,1
saggDHHnmtQ,@daytenrynsburger1188,1
saggDHHnmtQ,@denniszenanywhere,1
saggDHHnmtQ,@diencai1812,1
saggDHHnmtQ,@dirkackbar2041,1
saggDHHnmtQ,@dreamforge-academy,2
saggDHHnmtQ,@drewski6843,1
saggDHHnmtQ,@eladiomendoza-jn2it,1
saggDHHnmtQ,@english_with_aga,1
saggDHHnmtQ,@ernestofavio6735,1
saggDHHnmtQ,@fabianrenz943,1
saggDHHnmtQ,@filimonf,1
saggDHHnmtQ,@filito589,1
saggDHHnmtQ,@floydmayweather2043,1
saggDHHnmtQ,@gabrielbarrere922,1
saggDHHnmtQ,@gautamsrikrishna,1
saggDHHnmtQ,@glove.parcours,1
saggDHHnmtQ,@goodfilmsonly829,1
saggDHHnmtQ,@gs24x7,1
saggDHHnmtQ,@guillaume_dx,2
saggDHHnmtQ,@hvgaming2347,1
saggDHHnmtQ,@ilikeydonuts1,1
saggDHHnmtQ,@jamesmcdaid84,1
saggDHHnmtQ,@jdonovan19,1
saggDHHnmtQ,@jerome.w.dewald,1
saggDHHnmtQ,@jgojiz,2
saggDHHnmtQ,@jkaramk,1
saggDHHnmtQ,@jmc3179,1
saggDHHnmtQ,@johngeers4023,1
saggDHHnmtQ,@johnmarlon6916,1
saggDHHnmtQ,@johnsapplications,1
saggDHHnmtQ,@jontpt,1
saggDHHnmtQ,@joseantoniogomes6407,2
saggDHHnmtQ,@joshadams8761,1
saggDHHnmtQ,@jt2571,1
saggDHHnmtQ,@justsoetendal4827,1
saggDHHnmtQ,@kofheartsdesigns,1
saggDHHnmtQ,@kristopherbutler4879,1
saggDHHnmtQ,@ladywebdev,1
saggDHHnmtQ,@levarc-hub,1
saggDHHnmtQ,@lifeisnotstill,1
saggDHHnmtQ,@lixiasong3459,2
saggDHHnmtQ,@localcliq,1
saggDHHnmtQ,@luizfilipelopesfialho2612,1
saggDHHnmtQ,@mfangan,1
saggDHHnmtQ,@mhadden,1
saggDHHnmtQ,@minhnguyenbui6827,1
saggDHHnmtQ,@mirkafarkasova2425,1
saggDHHnmtQ,@muhamadfarhankhairolanuar8005,2
saggDHHnmtQ,@mustafarezaei7505,1
saggDHHnmtQ,@nateherk,16
saggDHHnmtQ,@nickjaninja,1
saggDHHnmtQ,@nmaqsood,1
saggDHHnmtQ,@noahhernandez8,1
saggDHHnmtQ,@onemorethompson,2
saggDHHnmtQ,@pablogavirial,1
saggDHHnmtQ,@pabloh.5247,1
saggDHHnmtQ,@petrsamec6856,2
saggDHHnmtQ,@plog-online,1
saggDHHnmtQ,@pradip_suvram283,1
saggDHHnmtQ,@pranvz,1
saggDHHnmtQ,@pravenabaskaran3000,1
saggDHHnmtQ,@premagray,1
saggDHHnmtQ,@pvwetten,1
saggDHHnmtQ,@raymannarwal2468,1
saggDHHnmtQ,@re-flex-xo-2809,1
saggDHHnmtQ,@robingeelen,1
saggDHHnmtQ,@royalewthcheez376,1
saggDHHnmtQ,@ruadhanoculain,1
saggDHHnmtQ,@rusrulet2806,1
saggDHHnmtQ,@sabbirahmed7391,1
saggDHHnmtQ,@sam9s,3
saggDHHnmtQ,@scripted44,1
saggDHHnmtQ,@seanolivas9148,1
saggDHHnmtQ,@sentelmays1826,1
saggDHHnmtQ,@shahinIII,1
saggDHHnmtQ,@shellebelly69,2
saggDHHnmtQ,@siddharthjain49,1
saggDHHnmtQ,@smitcjcj,1
saggDHHnmtQ,@sokolej79sok79,1
saggDHHnmtQ,@soumenroy7518,1
saggDHHnmtQ,@stat11,3
saggDHHnmtQ,@stefancardenas4884,1
saggDHHnmtQ,@stevemelkerson4706,1
saggDHHnmtQ,@stevenmorales2501,1
saggDHHnmtQ,@stevenrenjf,1
saggDHHnmtQ,@talemwaivan374,1
saggDHHnmtQ,@tanousmadja6364,1
saggDHHnmtQ,@tech.inspector,1
saggDHHnmtQ,@tianxia9687,1
saggDHHnmtQ,@timelschner8451,1
saggDHHnmtQ,@tomerbicho,1
saggDHHnmtQ,@user-mx1oc4rr5f,1
saggDHHnmtQ,@varunnishad2219,1
saggDHHnmtQ,@vikramnayani,1
saggDHHnmtQ,@vincentgenna3375,1
saggDHHnmtQ,@vitorzq2999,1
saggDHHnmtQ,@wick3nd,1
saggDHHnmtQ,@williammartin4416,1
saggDHHnmtQ,@xenox8999,1
saggDHHnmtQ,@yanbinhei8673,1
saggDHHnmtQ,@ДмитрийКостюк-г1ф,1
saggDHHnmtQ,@ยิมจึง-ข1ฎ,1
sd21Igx4HtA,@---David---,1
sd21Igx4HtA,@1983Boria,1
sd21Igx4HtA,@27sosite73,1
sd21Igx4HtA,@5xIdeas,1
sd21Igx4HtA,@ALEXliminalAI,2
sd21Igx4HtA,@ARKTech2K,1
sd21Igx4HtA,@AbangSyahri-g4s,1
sd21Igx4HtA,@Abdennour_Ab,1
sd21Igx4HtA,@Akos.1976,2
sd21Igx4HtA,@Alik-w1s7w,1
sd21Igx4HtA,@AllenMackley,1
sd21Igx4HtA,@ArturArturov-h7f,1
sd21Igx4HtA,@Aweheid,1
sd21Igx4HtA,@BillyShpunk,1
sd21Igx4HtA,@DailyManAILab,1
sd21Igx4HtA,@DanRoach,1
sd21Igx4HtA,@DungNguyen-op2tn,1
sd21Igx4HtA,@EWMS,2
sd21Igx4HtA,@Eaglessoft,1
sd21Igx4HtA,@EdwardThomson-PhD,1
sd21Igx4HtA,@Flizyx,1
sd21Igx4HtA,@GeorgeMalerbo,1
sd21Igx4HtA,@GimmyRed,1
sd21Igx4HtA,@HemantCodes1703,1
sd21Igx4HtA,@HolySmokesViral,1
sd21Igx4HtA,@Javier-qk7ms,1
sd21Igx4HtA,@Javo69689,1
sd21Igx4HtA,@Jesse-dc4tg,1
sd21Igx4HtA,@JoeVirella,1
sd21Igx4HtA,@JohnSnow32,1
sd21Igx4HtA,@KevL-t9r,1
sd21Igx4HtA,@Marco-Vavassori,1
sd21Igx4HtA,@MaxFriend7,1
sd21Igx4HtA,@MaxHeadro0m,1
sd21Igx4HtA,@MaximoAlejandro-g7i,1
sd21Igx4HtA,@MishukRahman1,1
sd21Igx4HtA,@MohamedhabibBellaaj,1
sd21Igx4HtA,@MrSpiritmonger,1
sd21Igx4HtA,@MySlavaMorozov2005,1
sd21Igx4HtA,@NeilSchneider-u3h,1
sd21Igx4HtA,@PromeTheus-n6l,1
sd21Igx4HtA,@RezaElborneo,1
sd21Igx4HtA,@RisThinks,1
sd21Igx4HtA,@RishabhSingh-xw1jd,1
sd21Igx4HtA,@Shankaranarayan-Hegde,1
sd21Igx4HtA,@SidSid-kp4ij,1
sd21Igx4HtA,@StanleyExime-p5r,1
sd21Igx4HtA,@Synthstrucplexfyimmunosystemci,1
sd21Igx4HtA,@TechMaster-Dylan,1
sd21Igx4HtA,@TerrenceLP,1
sd21Igx4HtA,@TheBestNameEverMade,1
sd21Igx4HtA,@TheDavidMetcalfe,1
sd21Igx4HtA,@ThinAirElon,1
sd21Igx4HtA,@TyrellJoanna,2
sd21Igx4HtA,@UCs6ktlulE5BEeb3vBBOu6DQ,1
sd21Igx4HtA,@WWBS-Foochur,1
sd21Igx4HtA,@WesleyPereiraSilva-p2r,1
sd21Igx4HtA,@YourIdeaAI,1
sd21Igx4HtA,@Zoufre95,1
sd21Igx4HtA,@_ghafour_,1
sd21Igx4HtA,@abhay.vincent,2
sd21Igx4HtA,@alexanderj4545,1
sd21Igx4HtA,@alexlizogub1,1
sd21Igx4HtA,@alexyung5371,1
sd21Igx4HtA,@anand83r,1
sd21Igx4HtA,@andrewmartinez8340,1
sd21Igx4HtA,@anujdatta1657,1
sd21Igx4HtA,@arosca,1
sd21Igx4HtA,@atineog,1
sd21Igx4HtA,@attoumak,1
sd21Igx4HtA,@benjaminfranklin5843,1
sd21Igx4HtA,@biggreencrocodile,1
sd21Igx4HtA,@bobdavenport5190,1
sd21Igx4HtA,@bradleyc7,1
sd21Igx4HtA,@buzzeins,1
sd21Igx4HtA,@chidera02,1
sd21Igx4HtA,@chrisharring7199,1
sd21Igx4HtA,@cmars7845,1
sd21Igx4HtA,@cristiandeestefani,2
sd21Igx4HtA,@cwesttech,1
sd21Igx4HtA,@daigahou,1
sd21Igx4HtA,@dakshsingh5891,1
sd21Igx4HtA,@davez243,1
sd21Igx4HtA,@davidlowe8597,1
sd21Igx4HtA,@dawwwidpl,1
sd21Igx4HtA,@dennisfarmer1322,1
sd21Igx4HtA,@dmitrijsmironovs7513,2
sd21Igx4HtA,@dominuspiritus,1
sd21Igx4HtA,@dorianhidalgo,1
sd21Igx4HtA,@duytdl,1
sd21Igx4HtA,@edwedw123,1
sd21Igx4HtA,@elielson3ew4234,1
sd21Igx4HtA,@elliotknight5552,1
sd21Igx4HtA,@endlesskwazar,1
sd21Igx4HtA,@everydayismorebeautifultoday,1
sd21Igx4HtA,@familiapeluches,1
sd21Igx4HtA,@famnyblom6321,1
sd21Igx4HtA,@feathars,1
sd21Igx4HtA,@fineline392,1
sd21Igx4HtA,@flexicus1105,1
sd21Igx4HtA,@freakycandies,1
sd21Igx4HtA,@frictionless,1
sd21Igx4HtA,@garotalibertaria,1
sd21Igx4HtA,@geraldopcf,1
sd21Igx4HtA,@goksanisil9107,1
sd21Igx4HtA,@gotsyrvj,1
sd21Igx4HtA,@gufrankanat3383,1
sd21Igx4HtA,@gustavosaidler,1
sd21Igx4HtA,@h0axify,1
sd21Igx4HtA,@hansfpc4103,1
sd21Igx4HtA,@happydays3300,1
sd21Igx4HtA,@herzadinata,1
sd21Igx4HtA,@hestia-labs,4
sd21Igx4HtA,@hhhh1238...,1
sd21Igx4HtA,@hollowman-eb,1
sd21Igx4HtA,@hououinkyouma5372,1
sd21Igx4HtA,@hugodemenez,1
sd21Igx4HtA,@hyrax_attack,1
sd21Igx4HtA,@jaaaee_,1
sd21Igx4HtA,@jakeleventhal4175,1
sd21Igx4HtA,@jamesxxxxxx,1
sd21Igx4HtA,@jawyor-k3t,1
sd21Igx4HtA,@jonathanalvarado6497,1
sd21Igx4HtA,@jose_oui,1
sd21Igx4HtA,@jpdcOficial,1
sd21Igx4HtA,@julianduque,1
sd21Igx4HtA,@justsomegamerwithoutmustache,1
sd21Igx4HtA,@jutrecenti,1
sd21Igx4HtA,@kamelissaoui1265,1
sd21Igx4HtA,@kenge_TRW,1
sd21Igx4HtA,@koolvoid,1
sd21Igx4HtA,@krumbo,1
sd21Igx4HtA,@kylerobins,1
sd21Igx4HtA,@levimelo6599,1
sd21Igx4HtA,@livinstonwhite3388,1
sd21Igx4HtA,@lopa-wt7eg,1
sd21Igx4HtA,@malmoesmurf72,1
sd21Igx4HtA,@mesmo-c,1
sd21Igx4HtA,@mihao-runs,1
sd21Igx4HtA,@mikeg1368,1
sd21Igx4HtA,@mr.arshed6053,1
sd21Igx4HtA,@mr.galilei,1
sd21Igx4HtA,@mullerhi7895,1
sd21Igx4HtA,@mycloudvip,1
sd21Igx4HtA,@navturn,1
sd21Igx4HtA,@nirajmaharjan7495,1
sd21Igx4HtA,@noobbot831,1
sd21Igx4HtA,@nuclearducks7387,1
sd21Igx4HtA,@nvictorme,1
sd21Igx4HtA,@olivertaveras9896,1
sd21Igx4HtA,@osamammursleen,1
sd21Igx4HtA,@parrowman25,1
sd21Igx4HtA,@pokajimon,1
sd21Igx4HtA,@prithviraj1080,1
sd21Igx4HtA,@prndlprndlprndl,1
sd21Igx4HtA,@programmernexus,1
sd21Igx4HtA,@r34ct4,1
sd21Igx4HtA,@radiradinot,1
sd21Igx4HtA,@rajatshubhrad.kumawat9394,1
sd21Igx4HtA,@ralphvid-w7d,1
sd21Igx4HtA,@razaeldotcfg,1
sd21Igx4HtA,@realmeee,1
sd21Igx4HtA,@reypichulero69,1
sd21Igx4HtA,@ricephoto2993,1
sd21Igx4HtA,@rich_in_paradise,1
sd21Igx4HtA,@ringpolitiet,1
sd21Igx4HtA,@rsusesl,1
sd21Igx4HtA,@sagerobot,1
sd21Igx4HtA,@saidimanmagomedov3472,1
sd21Igx4HtA,@sajsaj,1
sd21Igx4HtA,@salimtagemouati8143,1
sd21Igx4HtA,@samerainews,1
sd21Igx4HtA,@sams7619,1
sd21Igx4HtA,@segretoesconociuto,1
sd21Igx4HtA,@seowebservice,1
sd21Igx4HtA,@sergeydmitriev2358,1
sd21Igx4HtA,@sharon8811,1
sd21Igx4HtA,@sharonkuye,1
sd21Igx4HtA,@shootwithabdoul,1
sd21Igx4HtA,@sinistermephisto65,1
sd21Igx4HtA,@spendilpa1559,1
sd21Igx4HtA,@squidink58,1
sd21Igx4HtA,@sunyfilip,1
sd21Igx4HtA,@the0s666,1
sd21Igx4HtA,@theaccidentalentreprenuer,1
sd21Igx4HtA,@theintjengineer,1
sd21Igx4HtA,@thekaizen-14,1
sd21Igx4HtA,@toblamabor7072,1
sd21Igx4HtA,@tophat802,1
sd21Igx4HtA,@tririfandani1876,1
sd21Igx4HtA,@ulysse8182,1
sd21Igx4HtA,@uu-tq4mo,1
sd21Igx4HtA,@veronicaramirez9637,1
sd21Igx4HtA,@vikramgogoi3621,1
sd21Igx4HtA,@vrabota,1
sd21Igx4HtA,@vripiatbuzoi9188,1
sd21Igx4HtA,@wonbon-l2g,1
sd21Igx4HtA,@xJuiceNationx,1
sd21Igx4HtA,@xice111,1
sd21Igx4HtA,@yasiralipechuho5722,1
sd21Igx4HtA,@yemelitc,1
sd21Igx4HtA,@yilei1051,1
sd21Igx4HtA,@yotubekauders,1
sd21Igx4HtA,@Александр-ок,1
sd21Igx4HtA,@ДимаШемет-д9ф,1
sd21Igx4HtA,@СергейС-с8т,1
sd21Igx4HtA,@莫妮卡安娜,1
sqj2ATbL7x8,@Airbone69,1
sqj2ATbL7x8,@AndreMazzitelli,1
sqj2ATbL7x8,@BamaPatriot61,2
sqj2ATbL7x8,@HelderCosta-x4z,1
sqj2ATbL7x8,@LonaldBruhn,1
sqj2ATbL7x8,@Luivalis,1
sqj2ATbL7x8,@Martsys1,1
sqj2ATbL7x8,@ModernCentrist,1
sqj2ATbL7x8,@Paul.Dorobantu,2
sqj2ATbL7x8,@Richard_Rz,1
sqj2ATbL7x8,@aiwithbrandon,6
sqj2ATbL7x8,@ak1ra492,1
sqj2ATbL7x8,@aliasraf9632,1
sqj2ATbL7x8,@alvinfrancisco1860,1
sqj2ATbL7x8,@amdubey-yl61,1
sqj2ATbL7x8,@animeedits3133,1
sqj2ATbL7x8,@armyofda12monkeys,1
sqj2ATbL7x8,@ashdev,1
sqj2ATbL7x8,@barbiturat1,1
sqj2ATbL7x8,@bilalkarimbath9147,1
sqj2ATbL7x8,@bnoyan-v7h,2
sqj2ATbL7x8,@domistry,1
sqj2ATbL7x8,@enixmomo,1
sqj2ATbL7x8,@graphicsguy5500,1
sqj2ATbL7x8,@iammoradotheone,1
sqj2ATbL7x8,@jaggyjut,1
sqj2ATbL7x8,@joshraguilar,1
sqj2ATbL7x8,@lemi3d364,1
sqj2ATbL7x8,@leonjankovic,1
sqj2ATbL7x8,@marcoevans2155,1
sqj2ATbL7x8,@mechokuh108,1
sqj2ATbL7x8,@merlinrabens,3
sqj2ATbL7x8,@namenl2205,2
sqj2ATbL7x8,@nomad_manhattan,1
sqj2ATbL7x8,@paulmiller591,1
sqj2ATbL7x8,@pecke86,1
sqj2ATbL7x8,@pexusllc,1
sqj2ATbL7x8,@pgallovich,1
sqj2ATbL7x8,@pokora666,1
sqj2ATbL7x8,@priapushk996,1
sqj2ATbL7x8,@pyronals,1
sqj2ATbL7x8,@sanjay261982,1
sqj2ATbL7x8,@scottmichaelmedia,1
sqj2ATbL7x8,@seriykot1,1
sqj2ATbL7x8,@shubhamkanaskar2660,1
sqj2ATbL7x8,@soloman0102,1
sqj2ATbL7x8,@st-white-z,1
sqj2ATbL7x8,@steves3422,1
sqj2ATbL7x8,@sudeepsolanki,1
sqj2ATbL7x8,@th-shubham,1
sqj2ATbL7x8,@tvannaman2000,1
sqj2ATbL7x8,@undomalum,2
sqj2ATbL7x8,@user32352,1
sqj2ATbL7x8,@vasiovasio,1
sqj2ATbL7x8,@ПотужнийНезламізм,1
syrDx15PHCs,@AliyuUsmanHaidar-v6x5t,1
syrDx15PHCs,@ArshKhan-bm8sj,1
syrDx15PHCs,@D_liftsz,1
syrDx15PHCs,@Deben_football,1
syrDx15PHCs,@FilmScopeFrames,1
syrDx15PHCs,@G.benskillz,1
syrDx15PHCs,@IloPilo,1
syrDx15PHCs,@JustFeral,1
syrDx15PHCs,@Manh7861,1
syrDx15PHCs,@MathyasB,2
syrDx15PHCs,@MillieMeijers,1
syrDx15PHCs,@MindMazeFactschannel,1
syrDx15PHCs,@NarcatasCor,3
syrDx15PHCs,@Paul1368y,3
syrDx15PHCs,@Ramses-j6w,1
syrDx15PHCs,@SaciidKhaliif-i1c,1
syrDx15PHCs,@Sam-gu6ub,1
syrDx15PHCs,@Seetha2k,1
syrDx15PHCs,@Skaxarrat,2
syrDx15PHCs,@Starrscream84,1
syrDx15PHCs,@StupidInternetPeople,1
syrDx15PHCs,@SuperRoll2,1
syrDx15PHCs,@TechwithLucy,6
syrDx15PHCs,@TheElephantChin,1
syrDx15PHCs,@TheoWerewolf,1
syrDx15PHCs,@Wealthy_Mindset500,1
syrDx15PHCs,@adebayohabibulah2602,1
syrDx15PHCs,@air26man,1
syrDx15PHCs,@apporvaarya,1
syrDx15PHCs,@ataparag232,1
syrDx15PHCs,@calloused8758,1
syrDx15PHCs,@cclementson1986,1
syrDx15PHCs,@chocobrim9469,1
syrDx15PHCs,@chrisjones2730,1
syrDx15PHCs,@conceptsofplans,2
syrDx15PHCs,@crawdkenny,1
syrDx15PHCs,@cristianhernandezresendiz6733,1
syrDx15PHCs,@danielogbonnaya7885,1
syrDx15PHCs,@dohond8261,1
syrDx15PHCs,@dryburn,1
syrDx15PHCs,@edmiller6864,1
syrDx15PHCs,@gabrielotazo3984,1
syrDx15PHCs,@iHawke,1
syrDx15PHCs,@ifeanyiom,1
syrDx15PHCs,@licandres01,1
syrDx15PHCs,@malayalamwriter,2
syrDx15PHCs,@markl9808,1
syrDx15PHCs,@mayowaade7387,1
syrDx15PHCs,@mayurski,1
syrDx15PHCs,@mrhelmisan,1
syrDx15PHCs,@mrmattlovegrove,1
syrDx15PHCs,@nayebareinnocent3928,1
syrDx15PHCs,@news1232e,2
syrDx15PHCs,@nikolaytkachenko4695,1
syrDx15PHCs,@rachels1020,1
syrDx15PHCs,@sarnoldus7,1
syrDx15PHCs,@shunae86,1
syrDx15PHCs,@stephen-ng,1
syrDx15PHCs,@sumayarahman1412,1
syrDx15PHCs,@tchikkenlittle,1
t2G0L0cqktw,@AttakuStudio,1
t2G0L0cqktw,@AyomidePopoola-kr7qz,1
t2G0L0cqktw,@AyoubFartach,1
t2G0L0cqktw,@CombreKon,1
t2G0L0cqktw,@CreativeHubFx,1
t2G0L0cqktw,@David-1-1-4,1
t2G0L0cqktw,@EnglishRain,1
t2G0L0cqktw,@FlorenceAwe,1
t2G0L0cqktw,@FullTimeMotorhome,1
t2G0L0cqktw,@GetGigFin,1
t2G0L0cqktw,@GreekYouTubeUser,1
t2G0L0cqktw,@HurairaTechOfficial,1
t2G0L0cqktw,@Jamestjsp,1
t2G0L0cqktw,@JulianCurrie,3
t2G0L0cqktw,@Mindtrash_,1
t2G0L0cqktw,@Monkeyrides123,1
t2G0L0cqktw,@MrCoppaz,1
t2G0L0cqktw,@N7__7,1
t2G0L0cqktw,@PrinceBrian-b8w,1
t2G0L0cqktw,@Repz98,1
t2G0L0cqktw,@Rockhownd87,1
t2G0L0cqktw,@SaidJama-u2d,1
t2G0L0cqktw,@TechWithTim,1
t2G0L0cqktw,@Tony-dp1rl,1
t2G0L0cqktw,@TrayvonOBanks,1
t2G0L0cqktw,@Wenerrix,1
t2G0L0cqktw,@ZlatkoTestDerkoskiTest,1
t2G0L0cqktw,@abdiwalikhiere8757,1
t2G0L0cqktw,@abduljunaid861,1
t2G0L0cqktw,@alexpascal5403,1
t2G0L0cqktw,@anthonykugel5613,1
t2G0L0cqktw,@antoniisarychev,1
t2G0L0cqktw,@antonischaralambous3351,1
t2G0L0cqktw,@bettereyeai8473,1
t2G0L0cqktw,@bodynn,1
t2G0L0cqktw,@bulletamgc6337,1
t2G0L0cqktw,@caiopjv,1
t2G0L0cqktw,@chrisjones469,1
t2G0L0cqktw,@dvisitormusic,1
t2G0L0cqktw,@everluck35,1
t2G0L0cqktw,@fkxfkx,1
t2G0L0cqktw,@funnyclock101,1
t2G0L0cqktw,@hermannschmidt9788,1
t2G0L0cqktw,@hyakushiki23,1
t2G0L0cqktw,@infinityDrifterLK,1
t2G0L0cqktw,@jonathandelapaz6436,1
t2G0L0cqktw,@jp801snow,1
t2G0L0cqktw,@kartikbureleshorts,1
t2G0L0cqktw,@kshilkrot007,1
t2G0L0cqktw,@mahaveerjain1549,1
t2G0L0cqktw,@matberta706,1
t2G0L0cqktw,@maxbuzindev,1
t2G0L0cqktw,@mcfnord,1
t2G0L0cqktw,@method341,1
t2G0L0cqktw,@n0rmalchasee,1
t2G0L0cqktw,@purrbox7514,1
t2G0L0cqktw,@razial5745,1
t2G0L0cqktw,@redacted1946,2
t2G0L0cqktw,@samuel_ahmed,2
t2G0L0cqktw,@sangeetguha51,1
t2G0L0cqktw,@schifoso,1
t2G0L0cqktw,@solidsnake-om4bi,1
t2G0L0cqktw,@tomimartins9208,1
t2G0L0cqktw,@tonytv66,1
t2G0L0cqktw,@vatren765,1
t2G0L0cqktw,@whizzyy_gtag,1
tbDDYKRFjhk,@01rancid10,1
tbDDYKRFjhk,@0xSmarter,1
tbDDYKRFjhk,@4ngry34n9,1
tbDDYKRFjhk,@8_Bitter_At_All,1
tbDDYKRFjhk,@ABaumstumpf,1
tbDDYKRFjhk,@AllanTheBanjo,1
tbDDYKRFjhk,@Anarchyontheweb,1
tbDDYKRFjhk,@AnimatedMovies_09,1
tbDDYKRFjhk,@ArneBab,2
tbDDYKRFjhk,@AutomatizariIndustrialeErp,1
tbDDYKRFjhk,@BlueUltima9999,1
tbDDYKRFjhk,@Bolo74894,1
tbDDYKRFjhk,@BruceWayne15325,1
tbDDYKRFjhk,@Ch17638,1
tbDDYKRFjhk,@Chops00,1
tbDDYKRFjhk,@ChrisKr-ue3ke,1
tbDDYKRFjhk,@Code-With-Robby,1
tbDDYKRFjhk,@CrepuljaVideo,1
tbDDYKRFjhk,@Dave_the_Dave,1
tbDDYKRFjhk,@Ddragon173,1
tbDDYKRFjhk,@DenErDaHvid,1
tbDDYKRFjhk,@EdwinDalorzo,1
tbDDYKRFjhk,@ErikB605,1
tbDDYKRFjhk,@Etcher,1
tbDDYKRFjhk,@Fegro963,1
tbDDYKRFjhk,@ForFun-tk5kd,1
tbDDYKRFjhk,@Frankvegastudio,1
tbDDYKRFjhk,@Godisahomo,1
tbDDYKRFjhk,@Indecirphrus,1
tbDDYKRFjhk,@InnovativeSoft,1
tbDDYKRFjhk,@It-ls666,3
tbDDYKRFjhk,@Jason-d7e,1
tbDDYKRFjhk,@JboJackson,1
tbDDYKRFjhk,@JohnnyQuach,1
tbDDYKRFjhk,@KingCollins-u1p,1
tbDDYKRFjhk,@Kodreanu23,1
tbDDYKRFjhk,@Konstantin-yj4lg,1
tbDDYKRFjhk,@KuldeepYadav-jw7jn,1
tbDDYKRFjhk,@MDz375,1
tbDDYKRFjhk,@MathiasDahl,1
tbDDYKRFjhk,@MeriaDuck,1
tbDDYKRFjhk,@MichauxKelley,1
tbDDYKRFjhk,@MrKar18,1
tbDDYKRFjhk,@Multihuntr0,1
tbDDYKRFjhk,@NazmulHaque-ln1jd,1
tbDDYKRFjhk,@Nieosoba,1
tbDDYKRFjhk,@NoClippin,1
tbDDYKRFjhk,@NoThankYouLeaveMeAlone,1
tbDDYKRFjhk,@OlivierNayraguet,1
tbDDYKRFjhk,@Quietword,1
tbDDYKRFjhk,@RSGR,1
tbDDYKRFjhk,@RomanShkirenko,3
tbDDYKRFjhk,@Rumpelstiltskin357,1
tbDDYKRFjhk,@Samar_Mohanty,1
tbDDYKRFjhk,@Snow-rk4el,1
tbDDYKRFjhk,@StarwoodTech,1
tbDDYKRFjhk,@Swannilization,1
tbDDYKRFjhk,@SyrionFOTA,1
tbDDYKRFjhk,@TRexOne,1
tbDDYKRFjhk,@TheBinaryHappiness,1
tbDDYKRFjhk,@TheLongestConfidence,1
tbDDYKRFjhk,@UdiDol,1
tbDDYKRFjhk,@Umaus,1
tbDDYKRFjhk,@WhoIsWess,1
tbDDYKRFjhk,@Yolo_Swagins,1
tbDDYKRFjhk,@ZacharyYates,1
tbDDYKRFjhk,@ZingsVideos,1
tbDDYKRFjhk,@abstractionmage,2
tbDDYKRFjhk,@adrenaline19,3
tbDDYKRFjhk,@adrianstanczak1127,1
tbDDYKRFjhk,@ajtatosmano2,1
tbDDYKRFjhk,@amitconnect,1
tbDDYKRFjhk,@andeeznuts284,1
tbDDYKRFjhk,@anubis-vibe,3
tbDDYKRFjhk,@azukaabrahamnduka5242,1
tbDDYKRFjhk,@badabing3391,1
tbDDYKRFjhk,@benashbaugh5982,1
tbDDYKRFjhk,@bluebukkitdev,1
tbDDYKRFjhk,@bongkem2723,1
tbDDYKRFjhk,@brainylee1159,1
tbDDYKRFjhk,@brianclark4639,1
tbDDYKRFjhk,@briancolfer415,2
tbDDYKRFjhk,@ccl1195,1
tbDDYKRFjhk,@cesarfigueroa6119,1
tbDDYKRFjhk,@codokit,1
tbDDYKRFjhk,@cv4875,1
tbDDYKRFjhk,@datag1199,1
tbDDYKRFjhk,@davideti2569,1
tbDDYKRFjhk,@djfliq1,2
tbDDYKRFjhk,@doceasye,1
tbDDYKRFjhk,@drdzdd,1
tbDDYKRFjhk,@drkarolwtrojanowski,1
tbDDYKRFjhk,@ellau5850,1
tbDDYKRFjhk,@evgeniimoiseev6196,1
tbDDYKRFjhk,@factorfitness3713,1
tbDDYKRFjhk,@fankrys,1
tbDDYKRFjhk,@flightmode7655,1
tbDDYKRFjhk,@frosky9497,1
tbDDYKRFjhk,@gabrielplouffe3382,1
tbDDYKRFjhk,@gameplay_factory,1
tbDDYKRFjhk,@gammalgris2497,1
tbDDYKRFjhk,@gligom,1
tbDDYKRFjhk,@gregaripekari,1
tbDDYKRFjhk,@guigolum,1
tbDDYKRFjhk,@hauuagdbhshg3604,1
tbDDYKRFjhk,@hazoumsoussi4678,1
tbDDYKRFjhk,@hdxtr,1
tbDDYKRFjhk,@hellowill,1
tbDDYKRFjhk,@hime-j8e,1
tbDDYKRFjhk,@hoihoi8,1
tbDDYKRFjhk,@hotwings9382,1
tbDDYKRFjhk,@iamnatis,1
tbDDYKRFjhk,@jakartax1x-rq8kv,1
tbDDYKRFjhk,@jamesmurphy8052,1
tbDDYKRFjhk,@jasonscala5834,1
tbDDYKRFjhk,@jeffreygreen7860,1
tbDDYKRFjhk,@johncrupi6596,1
tbDDYKRFjhk,@jonassteinberg3779,1
tbDDYKRFjhk,@josephgalante3063,1
tbDDYKRFjhk,@joshuamaserow,1
tbDDYKRFjhk,@jossa90,1
tbDDYKRFjhk,@jsnmad,1
tbDDYKRFjhk,@julianh5167,1
tbDDYKRFjhk,@karlosh9286,1
tbDDYKRFjhk,@kenabol,1
tbDDYKRFjhk,@kevinchadwick8993,2
tbDDYKRFjhk,@kirkhilles523,1
tbDDYKRFjhk,@kyjo72682,1
tbDDYKRFjhk,@leonid123ful,1
tbDDYKRFjhk,@lotheravanti4295,1
tbDDYKRFjhk,@luisalbasanchez3344,1
tbDDYKRFjhk,@manfredlange1853,1
tbDDYKRFjhk,@mariusfacktor3597,1
tbDDYKRFjhk,@markbabin3753,1
tbDDYKRFjhk,@matteoborghi3942,1
tbDDYKRFjhk,@memofromessex,1
tbDDYKRFjhk,@michaelgibney9288,1
tbDDYKRFjhk,@michaelqi5202,1
tbDDYKRFjhk,@milanpospisil8024,1
tbDDYKRFjhk,@miloszivkovic6256,1
tbDDYKRFjhk,@miravlix,1
tbDDYKRFjhk,@mmike87-o2v,1
tbDDYKRFjhk,@monkeyshinserman,1
tbDDYKRFjhk,@moofymoo,1
tbDDYKRFjhk,@moonhussaini5460,1
tbDDYKRFjhk,@mynameisnotyours,1
tbDDYKRFjhk,@ndorfinz,1
tbDDYKRFjhk,@neilreid9005,1
tbDDYKRFjhk,@ontoverse,1
tbDDYKRFjhk,@oscarperezdearce2163,1
tbDDYKRFjhk,@peakhunter-bg,1
tbDDYKRFjhk,@peter8261,1
tbDDYKRFjhk,@peterajohnstone,1
tbDDYKRFjhk,@peterrasmussen4428,1
tbDDYKRFjhk,@petraspurlys3620,1
tbDDYKRFjhk,@pfseri,1
tbDDYKRFjhk,@philipstephens5960,1
tbDDYKRFjhk,@picyay4563,1
tbDDYKRFjhk,@pitacotavo5938,1
tbDDYKRFjhk,@powerhour4602,1
tbDDYKRFjhk,@prashantroyut,1
tbDDYKRFjhk,@realGBx64,1
tbDDYKRFjhk,@ricardocitera8663,1
tbDDYKRFjhk,@rleddy1,1
tbDDYKRFjhk,@rustamfadeev9198,1
tbDDYKRFjhk,@saladien9987,1
tbDDYKRFjhk,@samatoid,1
tbDDYKRFjhk,@samm7334,1
tbDDYKRFjhk,@seq31,1
tbDDYKRFjhk,@sharpieman2035,1
tbDDYKRFjhk,@slowMoe2746,1
tbDDYKRFjhk,@steff1238,1
tbDDYKRFjhk,@stephencollis1453,1
tbDDYKRFjhk,@suriadivi,1
tbDDYKRFjhk,@szeredaiakos,1
tbDDYKRFjhk,@techpro8565,1
tbDDYKRFjhk,@teggerzz,1
tbDDYKRFjhk,@thesparkandtheforge,1
tbDDYKRFjhk,@thisperson-n,1
tbDDYKRFjhk,@tlyt-lol,1
tbDDYKRFjhk,@user-hz1yc6cw6k,1
tbDDYKRFjhk,@vancass1326,1
tbDDYKRFjhk,@vast634,1
tbDDYKRFjhk,@vechnonedovolen666,1
tbDDYKRFjhk,@vegnagunL,1
tbDDYKRFjhk,@vitamincplusplus,1
tbDDYKRFjhk,@vrchannel4622,1
tbDDYKRFjhk,@windskm,1
tbDDYKRFjhk,@xc13z829,1
tbDDYKRFjhk,@xhilusius,1
tbDDYKRFjhk,@yevgenychmykhun6661,1
tbDDYKRFjhk,@zvxcvxcz,3
tbDDYKRFjhk,@Короткоіясно-ь8р,1
tbDDYKRFjhk,@जयमहाराष्ट्र24,1
tcZ1BR6WXN8,@3D_Circuit,1
tcZ1BR6WXN8,@ACCESS_DENIIED,1
tcZ1BR6WXN8,@Adeltraut,1
tcZ1BR6WXN8,@AkDavid,2
tcZ1BR6WXN8,@Alchemi5t,2
tcZ1BR6WXN8,@AlexanderLoshkaryov,2
tcZ1BR6WXN8,@AmmarRana-f8e,1
tcZ1BR6WXN8,@Arjun-jn5rn,1
tcZ1BR6WXN8,@Aurelyn,1
tcZ1BR6WXN8,@BaoVuQuoc-c2h,1
tcZ1BR6WXN8,@ByChadz,1
tcZ1BR6WXN8,@CJR-f3w,1
tcZ1BR6WXN8,@CPTZK11,1
tcZ1BR6WXN8,@CR250RidR,1
tcZ1BR6WXN8,@Chippo-e3p,1
tcZ1BR6WXN8,@DannyFavela,1
tcZ1BR6WXN8,@DavidNijman,1
tcZ1BR6WXN8,@Demasys,1
tcZ1BR6WXN8,@DigitalAdamTech,1
tcZ1BR6WXN8,@Easyclick01,1
tcZ1BR6WXN8,@Elevate_Daily_1108,1
tcZ1BR6WXN8,@Emmanuel_Morris,1
tcZ1BR6WXN8,@ExplorerOfTheGalaxy,2
tcZ1BR6WXN8,@Forever-q8e,1
tcZ1BR6WXN8,@GlimpseIntoSpace,1
tcZ1BR6WXN8,@HextorBane,1
tcZ1BR6WXN8,@ITudoko-ci5ku,1
tcZ1BR6WXN8,@InternetMadeCoder,6
tcZ1BR6WXN8,@Jall0-l7z,1
tcZ1BR6WXN8,@JamesBrookT,1
tcZ1BR6WXN8,@JohnDoe-o9t,1
tcZ1BR6WXN8,@JohnVanderbeck,4
tcZ1BR6WXN8,@JonasDemply,1
tcZ1BR6WXN8,@JumboH,1
tcZ1BR6WXN8,@Justashortcomment,1
tcZ1BR6WXN8,@Justin-General,1
tcZ1BR6WXN8,@KeeganSchneider,1
tcZ1BR6WXN8,@KelvinMadeIt,1
tcZ1BR6WXN8,@KernelDash,1
tcZ1BR6WXN8,@KeyserTheRedBeard,1
tcZ1BR6WXN8,@LebJamal23,2
tcZ1BR6WXN8,@LinkLiteSmartServices,1
tcZ1BR6WXN8,@MMB3245,1
tcZ1BR6WXN8,@MetalGearMk3,1
tcZ1BR6WXN8,@MindWarriorDaily,1
tcZ1BR6WXN8,@MrAsteba,1
tcZ1BR6WXN8,@Mr_Fahrenheit_200,1
tcZ1BR6WXN8,@Muiterz,1
tcZ1BR6WXN8,@MultiMohsinkhan,1
tcZ1BR6WXN8,@OfirOrlinsky,1
tcZ1BR6WXN8,@OzanCitoyen,1
tcZ1BR6WXN8,@Pamehr,1
tcZ1BR6WXN8,@Paul-qu4kl,1
tcZ1BR6WXN8,@ProgrammerInAShed,1
tcZ1BR6WXN8,@Ranoth,2
tcZ1BR6WXN8,@RawBSD,1
tcZ1BR6WXN8,@Rhythm.Rhapsody,2
tcZ1BR6WXN8,@Rk-gh4to,1
tcZ1BR6WXN8,@SO-fb4ef,1
tcZ1BR6WXN8,@ShaharHarshuv,3
tcZ1BR6WXN8,@Shkvarka,2
tcZ1BR6WXN8,@StojancheManev-u4g,1
tcZ1BR6WXN8,@Sturziii,1
tcZ1BR6WXN8,@TechTalkAndSocialTrends,1
tcZ1BR6WXN8,@Test-m2w,1
tcZ1BR6WXN8,@TheDrodder,1
tcZ1BR6WXN8,@TheMullela,2
tcZ1BR6WXN8,@TheRealShadowBeacon,1
tcZ1BR6WXN8,@Troy-v9v,1
tcZ1BR6WXN8,@Tstickman,1
tcZ1BR6WXN8,@VíctorGarcía-n7h5s,1
tcZ1BR6WXN8,@Youtuber-p5v,1
tcZ1BR6WXN8,@ZDL679,1
tcZ1BR6WXN8,@_clementpeter,1
tcZ1BR6WXN8,@a.yashwanth,1
tcZ1BR6WXN8,@aaaa-f8g6s,1
tcZ1BR6WXN8,@aar021,1
tcZ1BR6WXN8,@abdulmobinkarimi6846,1
tcZ1BR6WXN8,@adonisengineering5508,1
tcZ1BR6WXN8,@afewthoughts7755,1
tcZ1BR6WXN8,@ags911,1
tcZ1BR6WXN8,@ai-mando,1
tcZ1BR6WXN8,@akilahemal5619,1
tcZ1BR6WXN8,@alanlrivera-muniz5196,1
tcZ1BR6WXN8,@allenzhang7407,1
tcZ1BR6WXN8,@amcadam26,1
tcZ1BR6WXN8,@ampeleu,1
tcZ1BR6WXN8,@andreibudaes3966,1
tcZ1BR6WXN8,@apedregosa,1
tcZ1BR6WXN8,@archardor3392,1
tcZ1BR6WXN8,@azuredominus5739,1
tcZ1BR6WXN8,@b_james_m,1
tcZ1BR6WXN8,@bachirmo7,1
tcZ1BR6WXN8,@beluga8230,1
tcZ1BR6WXN8,@bensmotorbikes,1
tcZ1BR6WXN8,@betterworldwithts,1
tcZ1BR6WXN8,@blubbblubbblubbish,1
tcZ1BR6WXN8,@blue_name_warrior,1
tcZ1BR6WXN8,@bogaczbogacz,1
tcZ1BR6WXN8,@born2bealive644,1
tcZ1BR6WXN8,@boudybahaa4133,1
tcZ1BR6WXN8,@bratnix,1
tcZ1BR6WXN8,@bunnihilator,1
tcZ1BR6WXN8,@chriscarr82,1
tcZ1BR6WXN8,@cojgky,1
tcZ1BR6WXN8,@coninewern,2
tcZ1BR6WXN8,@creggy,1
tcZ1BR6WXN8,@cyrilphenajonez5967,1
tcZ1BR6WXN8,@dagijing,1
tcZ1BR6WXN8,@danielleza908,1
tcZ1BR6WXN8,@daniels0987,2
tcZ1BR6WXN8,@davidvalens3337,1
tcZ1BR6WXN8,@deepteshagrawal,1
tcZ1BR6WXN8,@delux7500,1
tcZ1BR6WXN8,@dennist.9376,1
tcZ1BR6WXN8,@derilas,2
tcZ1BR6WXN8,@derstreber2,1
tcZ1BR6WXN8,@dev4web,1
tcZ1BR6WXN8,@devinhedge,1
tcZ1BR6WXN8,@devnull0x01,4
tcZ1BR6WXN8,@domenicocucinotta2720,1
tcZ1BR6WXN8,@domesticcadiz,1
tcZ1BR6WXN8,@dragusincristian9986,1
tcZ1BR6WXN8,@e_one_m_one,3
tcZ1BR6WXN8,@ek-7,1
tcZ1BR6WXN8,@emanuelcalderon2912,2
tcZ1BR6WXN8,@engineeringmadeasy,1
tcZ1BR6WXN8,@erikjohnson9112,2
tcZ1BR6WXN8,@fivepandas1,2
tcZ1BR6WXN8,@garad123456,1
tcZ1BR6WXN8,@georgezorbas9036,1
tcZ1BR6WXN8,@ghury1,1
tcZ1BR6WXN8,@gs4207,1
tcZ1BR6WXN8,@gus_smith,1
tcZ1BR6WXN8,@h3rald837,1
tcZ1BR6WXN8,@harjeetsingh3120,1
tcZ1BR6WXN8,@hasherpeekpower94,1
tcZ1BR6WXN8,@howitsdone1238,1
tcZ1BR6WXN8,@iPigus.,1
tcZ1BR6WXN8,@iamsorrynishantbro,1
tcZ1BR6WXN8,@imakethesites3048,1
tcZ1BR6WXN8,@ivailoivanov2196,1
tcZ1BR6WXN8,@jairolivares3015,1
tcZ1BR6WXN8,@jamestillman5247,1
tcZ1BR6WXN8,@jeremygl1569,1
tcZ1BR6WXN8,@jerryassan4638,1
tcZ1BR6WXN8,@joaooliveirarocha,1
tcZ1BR6WXN8,@jonnysegway7866,1
tcZ1BR6WXN8,@joshikaran-zm2ju,1
tcZ1BR6WXN8,@julianshaw2000,1
tcZ1BR6WXN8,@k.ryashwanthreddy3265,1
tcZ1BR6WXN8,@kayhantolga,1
tcZ1BR6WXN8,@khashabriGG,1
tcZ1BR6WXN8,@krige,1
tcZ1BR6WXN8,@krstosmusic,1
tcZ1BR6WXN8,@life_is_madness3626,1
tcZ1BR6WXN8,@llmcoder,1
tcZ1BR6WXN8,@lurkingmedal140uk7,1
tcZ1BR6WXN8,@markg5986,1
tcZ1BR6WXN8,@martapfahl940,1
tcZ1BR6WXN8,@masteronepiece6559,1
tcZ1BR6WXN8,@matthiasbendewald1803,2
tcZ1BR6WXN8,@memebro3181,2
tcZ1BR6WXN8,@mesambiancessonores,1
tcZ1BR6WXN8,@mfpears,2
tcZ1BR6WXN8,@mikem9309,1
tcZ1BR6WXN8,@mikeoverthebox,1
tcZ1BR6WXN8,@minkminks,1
tcZ1BR6WXN8,@mothjo,2
tcZ1BR6WXN8,@muhammadzmalik,1
tcZ1BR6WXN8,@mxz2024,4
tcZ1BR6WXN8,@nestaho8399,1
tcZ1BR6WXN8,@nikyabodigital,2
tcZ1BR6WXN8,@niristotleokram999,1
tcZ1BR6WXN8,@notaregard,2
tcZ1BR6WXN8,@nova31337,1
tcZ1BR6WXN8,@noviorlu,1
tcZ1BR6WXN8,@nv.c6,1
tcZ1BR6WXN8,@ohwhatworld5851,1
tcZ1BR6WXN8,@okarin_00,1
tcZ1BR6WXN8,@olcay.seygan,1
tcZ1BR6WXN8,@oytun-oceanlabs,1
tcZ1BR6WXN8,@palpatine6085,1
tcZ1BR6WXN8,@paradoxxjones7851,1
tcZ1BR6WXN8,@peacefulworld397,1
tcZ1BR6WXN8,@pesgamer00,1
tcZ1BR6WXN8,@pneumonoultramicroscopicsi4065,1
tcZ1BR6WXN8,@praweg,1
tcZ1BR6WXN8,@puretech.x,1
tcZ1BR6WXN8,@racapadexxa_,1
tcZ1BR6WXN8,@ravinduabeygunasekara833,1
tcZ1BR6WXN8,@rdemorais,1
tcZ1BR6WXN8,@revoconner,1
tcZ1BR6WXN8,@rjun152,1
tcZ1BR6WXN8,@robosergTV,2
tcZ1BR6WXN8,@robovirtuoso1354,1
tcZ1BR6WXN8,@saitaro,1
tcZ1BR6WXN8,@sam-d-dev,1
tcZ1BR6WXN8,@schassis_eddi,1
tcZ1BR6WXN8,@schechtere,1
tcZ1BR6WXN8,@seanknight9808,1
tcZ1BR6WXN8,@sedawk,1
tcZ1BR6WXN8,@shabgard7h,1
tcZ1BR6WXN8,@shahriarrobbani4235,1
tcZ1BR6WXN8,@shakazullu7734,1
tcZ1BR6WXN8,@shamseerahammed4094,1
tcZ1BR6WXN8,@simonmassey8850,1
tcZ1BR6WXN8,@singlim2327,1
tcZ1BR6WXN8,@sirajAlam049,1
tcZ1BR6WXN8,@smokinglife8980,1
tcZ1BR6WXN8,@spider853,1
tcZ1BR6WXN8,@studbud-qw3yo,1
tcZ1BR6WXN8,@tashpots123,1
tcZ1BR6WXN8,@tech22880,3
tcZ1BR6WXN8,@thekinggamer21,1
tcZ1BR6WXN8,@thepetesmith,1
tcZ1BR6WXN8,@thessksocial,1
tcZ1BR6WXN8,@thisiswill,2
tcZ1BR6WXN8,@threesixlima,2
tcZ1BR6WXN8,@turab202,1
tcZ1BR6WXN8,@uhhDotpy,1
tcZ1BR6WXN8,@unusuario5173,2
tcZ1BR6WXN8,@user-k86hc34g,1
tcZ1BR6WXN8,@vaibhavagg101,1
tcZ1BR6WXN8,@venkynavindla6795,1
tcZ1BR6WXN8,@vffffffff9998,4
tcZ1BR6WXN8,@vijayambrose6848,1
tcZ1BR6WXN8,@vimallama5981,1
tcZ1BR6WXN8,@viniciusprocopio,1
tcZ1BR6WXN8,@volodymyrdatsiuk1191,1
tcZ1BR6WXN8,@watynecc3309,1
tcZ1BR6WXN8,@webfox-mo7sh,1
tcZ1BR6WXN8,@xX_dash_Xx,1
tcZ1BR6WXN8,@yesyes-om1po,1
tcZ1BR6WXN8,@ЕвгенийЛапшинов,1
tcZ1BR6WXN8,@モノクロムセレティクス,1
u3wPImWBz7c,@AbdulkarimG,1
u3wPImWBz7c,@AdrianRosarioPR,1
u3wPImWBz7c,@AlchemyCircuit,1
u3wPImWBz7c,@AlexanderBelov-y8o,1
u3wPImWBz7c,@AnthonyGalati,1
u3wPImWBz7c,@BackToTheFort,1
u3wPImWBz7c,@BloodBunn,2
u3wPImWBz7c,@Brain4Brain,1
u3wPImWBz7c,@ChrisSattinger,1
u3wPImWBz7c,@CraftOfProgramming,2
u3wPImWBz7c,@DJMeku,1
u3wPImWBz7c,@Dik131WZD,1
u3wPImWBz7c,@Dom-zy1qy,1
u3wPImWBz7c,@EvgeniyDolzhenko,1
u3wPImWBz7c,@FITOORFACTORY,1
u3wPImWBz7c,@FranciscoDeBarrosPt,1
u3wPImWBz7c,@GSteeZyHD,1
u3wPImWBz7c,@Gabeyre,1
u3wPImWBz7c,@GrizzlyBear42,1
u3wPImWBz7c,@IssacBerry-nd8pt,1
u3wPImWBz7c,@JetBrainsTV,1
u3wPImWBz7c,@JnielMedia,1
u3wPImWBz7c,@JohnSmith-he5xg,1
u3wPImWBz7c,@JohnSmith-zl8rz,1
u3wPImWBz7c,@JustsittingHR,1
u3wPImWBz7c,@LUN-bo2fb,1
u3wPImWBz7c,@Mr_Refino,1
u3wPImWBz7c,@MuhammadKashif-r9m,1
u3wPImWBz7c,@NashBrooklyn,3
u3wPImWBz7c,@NotToji777,1
u3wPImWBz7c,@Okir09,1
u3wPImWBz7c,@ParallaxiMaxime,2
u3wPImWBz7c,@ProjectMayhemOnline,1
u3wPImWBz7c,@QuantumVoid-ro3hi,2
u3wPImWBz7c,@RafaelFleury_00,1
u3wPImWBz7c,@Ramvt211,1
u3wPImWBz7c,@Rea458,2
u3wPImWBz7c,@Sirus20x6,2
u3wPImWBz7c,@SparseTensor,1
u3wPImWBz7c,@Sub0x-x40,1
u3wPImWBz7c,@TipVoyage,1
u3wPImWBz7c,@TwilightTrekker1,1
u3wPImWBz7c,@WaveOfDestiny,1
u3wPImWBz7c,@YourAverageTechBro,9
u3wPImWBz7c,@abhishek0116,1
u3wPImWBz7c,@ahmedebenhassine2828,1
u3wPImWBz7c,@alexandergovorov6708,1
u3wPImWBz7c,@alichamas63,1
u3wPImWBz7c,@amaanahmed7376,1
u3wPImWBz7c,@ann__dreel,2
u3wPImWBz7c,@arlanrakh,1
u3wPImWBz7c,@artisan7574,1
u3wPImWBz7c,@ascendingone,1
u3wPImWBz7c,@baronvonherzenberger2473,1
u3wPImWBz7c,@benisrood,2
u3wPImWBz7c,@bradenwhitcher1485,1
u3wPImWBz7c,@brian_akhtar,1
u3wPImWBz7c,@ccash3290,1
u3wPImWBz7c,@chenrvn,2
u3wPImWBz7c,@christopherwilliams3293,2
u3wPImWBz7c,@commentsonthetube14,1
u3wPImWBz7c,@copypaste_pro,1
u3wPImWBz7c,@cv4875,1
u3wPImWBz7c,@d3vilscry666,1
u3wPImWBz7c,@daniilv-s8q,2
u3wPImWBz7c,@devnull0x01,2
u3wPImWBz7c,@diegofranciscoherreragre1685,2
u3wPImWBz7c,@dollarquantums,1
u3wPImWBz7c,@donutrangerr,1
u3wPImWBz7c,@douglaslassance,1
u3wPImWBz7c,@dzonialucard,1
u3wPImWBz7c,@eckee,1
u3wPImWBz7c,@elektrovert,1
u3wPImWBz7c,@erikjohnson9112,1
u3wPImWBz7c,@fabianletsch1354,1
u3wPImWBz7c,@foxy_robin,1
u3wPImWBz7c,@frabber321,1
u3wPImWBz7c,@gamedeveloper1000,2
u3wPImWBz7c,@gmhussein,1
u3wPImWBz7c,@gold-junge91,1
u3wPImWBz7c,@henriquematias1986,1
u3wPImWBz7c,@houseonhold,1
u3wPImWBz7c,@hwapyongedouard,4
u3wPImWBz7c,@ij9375,1
u3wPImWBz7c,@ikbo,1
u3wPImWBz7c,@itsbare5172,1
u3wPImWBz7c,@ivankukanov4699,1
u3wPImWBz7c,@jaabirahamedsaleem1112,1
u3wPImWBz7c,@jakepiz,1
u3wPImWBz7c,@jamesdrummond187,1
u3wPImWBz7c,@kankadev,1
u3wPImWBz7c,@kathleen9185,1
u3wPImWBz7c,@keslauche1779,1
u3wPImWBz7c,@kevinforshey9259,1
u3wPImWBz7c,@kiaranr,1
u3wPImWBz7c,@lcarv20,1
u3wPImWBz7c,@lordememphis,1
u3wPImWBz7c,@lowrez-v3d,1
u3wPImWBz7c,@lukemelas,1
u3wPImWBz7c,@manupatet,1
u3wPImWBz7c,@marloeleven,1
u3wPImWBz7c,@mawkuri5496,1
u3wPImWBz7c,@maxfrischdev,1
u3wPImWBz7c,@mazewinther1,2
u3wPImWBz7c,@michaelm3404,1
u3wPImWBz7c,@mohabedr5030,1
u3wPImWBz7c,@mystical_videos,1
u3wPImWBz7c,@nakul4387,1
u3wPImWBz7c,@natecodez,1
u3wPImWBz7c,@nickburlakov2974,1
u3wPImWBz7c,@nighteyes360,1
u3wPImWBz7c,@nikcodex,1
u3wPImWBz7c,@nischenrob8139,1
u3wPImWBz7c,@noaxtl,1
u3wPImWBz7c,@nothingtoseehere5760,1
u3wPImWBz7c,@ojikutu,1
u3wPImWBz7c,@ontheruntonowhere,1
u3wPImWBz7c,@owusukenneth1392,1
u3wPImWBz7c,@panman2632,2
u3wPImWBz7c,@perryfrimpongmensah3710,1
u3wPImWBz7c,@pivonroll,1
u3wPImWBz7c,@polybius9089,1
u3wPImWBz7c,@prndlprndlprndl,1
u3wPImWBz7c,@psradebe,1
u3wPImWBz7c,@ralphhardie7492,1
u3wPImWBz7c,@reddeadcobra8295,1
u3wPImWBz7c,@romulodrumond3526,1
u3wPImWBz7c,@sadiqqqqqq,1
u3wPImWBz7c,@samucancld,1
u3wPImWBz7c,@santiagotrias,2
u3wPImWBz7c,@shreenidhibodas6477,1
u3wPImWBz7c,@siosaiafonua9286,1
u3wPImWBz7c,@smudgepost,1
u3wPImWBz7c,@sochimab,1
u3wPImWBz7c,@some84884,1
u3wPImWBz7c,@sortof3337,1
u3wPImWBz7c,@sourabhsingh4515,1
u3wPImWBz7c,@springchan1514,1
u3wPImWBz7c,@tacorevenge87,1
u3wPImWBz7c,@thisiswill,1
u3wPImWBz7c,@ulhaqanwaar1,4
u3wPImWBz7c,@ulrich-tonmoy,1
u3wPImWBz7c,@user-vk9ff9gr4x,2
u3wPImWBz7c,@vasvalstan,2
u3wPImWBz7c,@vd3fyn,1
u3wPImWBz7c,@victorlongon,1
u3wPImWBz7c,@vladkuz6974,1
u3wPImWBz7c,@vuralmecbur9958,1
u3wPImWBz7c,@xilverlight,1
u3wPImWBz7c,@yashsolanki069,1
u3wPImWBz7c,@ykhatat,1
u3wPImWBz7c,@다루루,1
u3wPImWBz7c,@손용준-d9h,1
uMJErixE9uI,@Douli-z7q,1
uMJErixE9uI,@PrettyFabulousDesigns,2
uMJErixE9uI,@SimpsonsRuleForever,1
uMJErixE9uI,@TarkovRandomGameplay,1
uMJErixE9uI,@byasiaminor,1
uMJErixE9uI,@cogentecho,1
uogzSxOw4LU,@4_re_al,1
uogzSxOw4LU,@79Fbanana,1
uogzSxOw4LU,@Adam-dr9cr,1
uogzSxOw4LU,@Code-With-Robby,1
uogzSxOw4LU,@D3ds3c098,1
uogzSxOw4LU,@Deltamass,1
uogzSxOw4LU,@DockayHub,1
uogzSxOw4LU,@FZLAWAL,1
uogzSxOw4LU,@HoangOB,1
uogzSxOw4LU,@IbamChucks,1
uogzSxOw4LU,@Lyric_Lock1,1
uogzSxOw4LU,@MICHAELE44,1
uogzSxOw4LU,@MilhasExp,1
uogzSxOw4LU,@Nikolai-f2n,1
uogzSxOw4LU,@ReadFitzgerald,1
uogzSxOw4LU,@Rogue_Ashura,1
uogzSxOw4LU,@ShahabSheikhzadeh,1
uogzSxOw4LU,@Skynet008-u2k,1
uogzSxOw4LU,@TheMatrixCoder-b5g,1
uogzSxOw4LU,@UnchainedSky,1
uogzSxOw4LU,@abdulbasir8740,1
uogzSxOw4LU,@alirezahaghighat639,1
uogzSxOw4LU,@amaanmajid8218,1
uogzSxOw4LU,@amitsangle1555,1
uogzSxOw4LU,@ancearrbhachmaccaba,3
uogzSxOw4LU,@avigyapaudel3305,1
uogzSxOw4LU,@bdcash,1
uogzSxOw4LU,@brod7783,1
uogzSxOw4LU,@christislight,1
uogzSxOw4LU,@danieladuworae6794,1
uogzSxOw4LU,@danielbaena4691,1
uogzSxOw4LU,@davidlowe8597,1
uogzSxOw4LU,@ericpeck7858,1
uogzSxOw4LU,@ffcsin,1
uogzSxOw4LU,@gunslinger_cat,1
uogzSxOw4LU,@haidersyed6554,2
uogzSxOw4LU,@harshitdy,1
uogzSxOw4LU,@im_the_lyricist,1
uogzSxOw4LU,@incshorts5586,1
uogzSxOw4LU,@infamouse9149,1
uogzSxOw4LU,@jamesallen74,1
uogzSxOw4LU,@jijie133,1
uogzSxOw4LU,@jjfiogarcia,1
uogzSxOw4LU,@jonathandelapaz6436,2
uogzSxOw4LU,@joshspadaro6736,1
uogzSxOw4LU,@kevikiru,2
uogzSxOw4LU,@kimklinh,1
uogzSxOw4LU,@lordbacon4972,1
uogzSxOw4LU,@magiacc-t1z,2
uogzSxOw4LU,@montherasem2057,1
uogzSxOw4LU,@mrbartuss1,1
uogzSxOw4LU,@mt2mgames851,2
uogzSxOw4LU,@nightskies4613,1
uogzSxOw4LU,@no-trick-pony,1
uogzSxOw4LU,@robertoazambuja222,1
uogzSxOw4LU,@rustix3,1
uogzSxOw4LU,@seonghaham,1
uogzSxOw4LU,@theyruinedyoutubeagain,1
uogzSxOw4LU,@this_katharsis2227,1
uogzSxOw4LU,@user-nbfkxngjmyb,1
uogzSxOw4LU,@warwicknexus160,1
uogzSxOw4LU,@yaroslavmakarov2218,1
uogzSxOw4LU,@zewdih3871,1
uwA3MMYBfAQ,@AILabLive,1
uwA3MMYBfAQ,@AIUser1431,1
uwA3MMYBfAQ,@Afaqplanetscale,1
uwA3MMYBfAQ,@ClemensLaengle,1
uwA3MMYBfAQ,@DrLumosLongevity,1
uwA3MMYBfAQ,@Dually-Citizen,1
uwA3MMYBfAQ,@ImonRizvi,1
uwA3MMYBfAQ,@JacobEwillx,2
uwA3MMYBfAQ,@John316Ministries,1
uwA3MMYBfAQ,@KiRiTO72987,1
uwA3MMYBfAQ,@Leman2003yf,1
uwA3MMYBfAQ,@Linxflasher,1
uwA3MMYBfAQ,@MikeSachs-t3b,2
uwA3MMYBfAQ,@MrCalletennis,1
uwA3MMYBfAQ,@ROKIBULHASANTANZIM,1
uwA3MMYBfAQ,@SoftwareDev1431-e8u,1
uwA3MMYBfAQ,@SouthbayJay_ai,1
uwA3MMYBfAQ,@VoloBuilds,50
uwA3MMYBfAQ,@VuHungNguyen,1
uwA3MMYBfAQ,@ZukeClips,1
uwA3MMYBfAQ,@aijokker,2
uwA3MMYBfAQ,@ajiw_,1
uwA3MMYBfAQ,@alexanderkomanov4151,1
uwA3MMYBfAQ,@anthonymorlett146,1
uwA3MMYBfAQ,@arunjithr5984,1
uwA3MMYBfAQ,@asjayara,1
uwA3MMYBfAQ,@benvsantos,1
uwA3MMYBfAQ,@captain365,1
uwA3MMYBfAQ,@chezanagrofarm153,1
uwA3MMYBfAQ,@davidlopez8421,1
uwA3MMYBfAQ,@dwiii1635,1
uwA3MMYBfAQ,@dylaro0,1
uwA3MMYBfAQ,@eddvdm,1
uwA3MMYBfAQ,@edoron777,1
uwA3MMYBfAQ,@guesshu123,1
uwA3MMYBfAQ,@impydev,1
uwA3MMYBfAQ,@jonmhayden,1
uwA3MMYBfAQ,@juancaceres3836,1
uwA3MMYBfAQ,@kirillvolsky9022,1
uwA3MMYBfAQ,@lazargubezkis4329,1
uwA3MMYBfAQ,@likewolf,1
uwA3MMYBfAQ,@mehrnoushghaffarzadeh4971,1
uwA3MMYBfAQ,@meichi308,2
uwA3MMYBfAQ,@modulezp,1
uwA3MMYBfAQ,@mrbaluba100,1
uwA3MMYBfAQ,@pH7Programming,1
uwA3MMYBfAQ,@patgomez5243,1
uwA3MMYBfAQ,@paulamourad4699,1
uwA3MMYBfAQ,@pookiepats,1
uwA3MMYBfAQ,@ronaldjohnson4470,1
uwA3MMYBfAQ,@rupnikj,1
uwA3MMYBfAQ,@russssety,2
uwA3MMYBfAQ,@satyapras7667,1
uwA3MMYBfAQ,@shahriarmuktadir4457,1
uwA3MMYBfAQ,@shubhamshekhar23,1
uwA3MMYBfAQ,@silvamiracle2347,1
uwA3MMYBfAQ,@sinTheUnadulterated,1
uwA3MMYBfAQ,@sinan6895,1
uwA3MMYBfAQ,@smoothgazi,1
uwA3MMYBfAQ,@soundformovement,1
uwA3MMYBfAQ,@splashshift1,1
uwA3MMYBfAQ,@spoonapple5698,1
uwA3MMYBfAQ,@stevenwall760,1
uwA3MMYBfAQ,@surajgiri1649,1
uwA3MMYBfAQ,@tec_techs,1
uwA3MMYBfAQ,@tobiaskohlschlag5115,1
uwA3MMYBfAQ,@ututanimations3322,1
uwA3MMYBfAQ,@vanquoc81,1
uwA3MMYBfAQ,@w7notes713,1
uwA3MMYBfAQ,@webber7217,2
uwA3MMYBfAQ,@wrightt360,1
uwA3MMYBfAQ,@yinuoqin3044,1
uwA3MMYBfAQ,@ynwicks7142,1
uwA3MMYBfAQ,@yzhang2008,1
v3tLa5nHz-M,@AIMDtracks,1
v3tLa5nHz-M,@AaronLoomis-n5w,1
v3tLa5nHz-M,@Adam-Jones_1,1
v3tLa5nHz-M,@AdamR-v9w,1
v3tLa5nHz-M,@Ahatain,1
v3tLa5nHz-M,@Alb4418,1
v3tLa5nHz-M,@Ameen-u6k,1
v3tLa5nHz-M,@Anger_soft,1
v3tLa5nHz-M,@Arsh-k7l,1
v3tLa5nHz-M,@BaldZika-v3t,1
v3tLa5nHz-M,@BatmanvanderMerwe,1
v3tLa5nHz-M,@BernhardHimmer,1
v3tLa5nHz-M,@BlueScreenCorp,3
v3tLa5nHz-M,@BohumirZamecnik,1
v3tLa5nHz-M,@Bongooer,1
v3tLa5nHz-M,@BrTheFacts0786,1
v3tLa5nHz-M,@CatsycatPlays_frfr,1
v3tLa5nHz-M,@CrimsonSkald,1
v3tLa5nHz-M,@DanKavcic,1
v3tLa5nHz-M,@DevilsAdvocateChannelNew,1
v3tLa5nHz-M,@DillonBaquetGames,1
v3tLa5nHz-M,@EdwinOnYouTube,1
v3tLa5nHz-M,@EpicBowlingChamp,1
v3tLa5nHz-M,@Eureka-f1c,1
v3tLa5nHz-M,@FionaShrekson,1
v3tLa5nHz-M,@Foxcam_5,1
v3tLa5nHz-M,@GreenAlien2023,1
v3tLa5nHz-M,@Grenzwertiges_Brot,1
v3tLa5nHz-M,@HerozOfficial,1
v3tLa5nHz-M,@IRONSOULMUSIC-ODG,1
v3tLa5nHz-M,@JAGGERNAUT-THE-SCIENTISTS_d1tm,1
v3tLa5nHz-M,@JnR.009,1
v3tLa5nHz-M,@John-e1c7t,1
v3tLa5nHz-M,@JohnMartin-pjasca,1
v3tLa5nHz-M,@JohnnyBGoode-xn9mo,1
v3tLa5nHz-M,@KEEVVY,1
v3tLa5nHz-M,@Kabukkafa,1
v3tLa5nHz-M,@KamiFrost99,1
v3tLa5nHz-M,@KirillNeko,1
v3tLa5nHz-M,@Krokodil986,1
v3tLa5nHz-M,@MBD3222,1
v3tLa5nHz-M,@MindWave-z8i,1
v3tLa5nHz-M,@MrCyberGuy,1
v3tLa5nHz-M,@MuhammdUzairShah23,1
v3tLa5nHz-M,@Necromancy-d5l,1
v3tLa5nHz-M,@NothingToSeeHere185,1
v3tLa5nHz-M,@ORIGINALwhatnow,1
v3tLa5nHz-M,@Oleg_Odarchenko,1
v3tLa5nHz-M,@Ondog-Ondog,1
v3tLa5nHz-M,@Onesaitama123,1
v3tLa5nHz-M,@PaulnJenna,1
v3tLa5nHz-M,@Phantombit,1
v3tLa5nHz-M,@ProcurementScholars,1
v3tLa5nHz-M,@QamarZia-c4i,1
v3tLa5nHz-M,@Qichar,1
v3tLa5nHz-M,@ROForeverMan,1
v3tLa5nHz-M,@RobinOld5,1
v3tLa5nHz-M,@Runner50783,1
v3tLa5nHz-M,@Safineya,1
v3tLa5nHz-M,@SerenityScratch,1
v3tLa5nHz-M,@ServantofAllahForever,1
v3tLa5nHz-M,@SimonSCJP,1
v3tLa5nHz-M,@Stevejames0188,1
v3tLa5nHz-M,@TheDainerss,1
v3tLa5nHz-M,@TheRealMrGreen,1
v3tLa5nHz-M,@TheReal_IdeasAndInventions,1
v3tLa5nHz-M,@Thrill_Motion,1
v3tLa5nHz-M,@TmatoCheatEngine,1
v3tLa5nHz-M,@UltraGameDev4,1
v3tLa5nHz-M,@UnsungSpartan,2
v3tLa5nHz-M,@Youngjorisky,1
v3tLa5nHz-M,@_FushiguroToji,1
v3tLa5nHz-M,@abdullahroomi3088,1
v3tLa5nHz-M,@abdullahsaad8825,1
v3tLa5nHz-M,@agred1519,1
v3tLa5nHz-M,@alexvaiman4966,1
v3tLa5nHz-M,@amansinghal-,1
v3tLa5nHz-M,@anelkaliyeva3281,1
v3tLa5nHz-M,@angrypidgeon1714,1
v3tLa5nHz-M,@arrrghh,1
v3tLa5nHz-M,@arturr5,1
v3tLa5nHz-M,@aurelspecker6740,1
v3tLa5nHz-M,@badopcode,1
v3tLa5nHz-M,@barteko3754,1
v3tLa5nHz-M,@beaker8111,1
v3tLa5nHz-M,@beastgamer2470,1
v3tLa5nHz-M,@beatsbylocked,1
v3tLa5nHz-M,@bingurda,1
v3tLa5nHz-M,@boban7709,1
v3tLa5nHz-M,@brianlittle6262,1
v3tLa5nHz-M,@bruhmoment6720,1
v3tLa5nHz-M,@califur,1
v3tLa5nHz-M,@cemtekin7644,1
v3tLa5nHz-M,@charlesd4572,1
v3tLa5nHz-M,@chrisanderson687,1
v3tLa5nHz-M,@cispower,1
v3tLa5nHz-M,@clv603,1
v3tLa5nHz-M,@cobalius,1
v3tLa5nHz-M,@codecrushers21,2
v3tLa5nHz-M,@danieljensen2626,1
v3tLa5nHz-M,@deant01,1
v3tLa5nHz-M,@desmosss,1
v3tLa5nHz-M,@dhruvzala5548,1
v3tLa5nHz-M,@digibluh,1
v3tLa5nHz-M,@dmytroparfeniuk2670,1
v3tLa5nHz-M,@dookdawg214,1
v3tLa5nHz-M,@duck245,1
v3tLa5nHz-M,@elijawad5415,1
v3tLa5nHz-M,@eliminatedprogrammerz,1
v3tLa5nHz-M,@elscientist,1
v3tLa5nHz-M,@enkindel,1
v3tLa5nHz-M,@ermutanda3802,1
v3tLa5nHz-M,@fahd8787,1
v3tLa5nHz-M,@fahimhusain5542,1
v3tLa5nHz-M,@fernandohiar9985,1
v3tLa5nHz-M,@freddurst4420,1
v3tLa5nHz-M,@frrankdesilva6504,2
v3tLa5nHz-M,@fury2006k,1
v3tLa5nHz-M,@gailjackson,1
v3tLa5nHz-M,@georgevaraboutis6672,1
v3tLa5nHz-M,@givenbread1,2
v3tLa5nHz-M,@graemejones9707,1
v3tLa5nHz-M,@gurgleblaster2282,1
v3tLa5nHz-M,@hahahha-h1f,1
v3tLa5nHz-M,@happysmilesworldandgames8755,1
v3tLa5nHz-M,@hikaikayoken5832,1
v3tLa5nHz-M,@huytyty1231,1
v3tLa5nHz-M,@i_am_groot_25,1
v3tLa5nHz-M,@iagomoreiradasilva2952,1
v3tLa5nHz-M,@ivankaramasov,1
v3tLa5nHz-M,@jasonhunter3429,1
v3tLa5nHz-M,@jeuxdz,1
v3tLa5nHz-M,@jihadsamarji,1
v3tLa5nHz-M,@john_blues,1
v3tLa5nHz-M,@jsimpson-4r5t,1
v3tLa5nHz-M,@jujujuugg444,1
v3tLa5nHz-M,@julianricom404,1
v3tLa5nHz-M,@julienjollivet2850,1
v3tLa5nHz-M,@kailenmitchell8571,1
v3tLa5nHz-M,@kale4ever2,1
v3tLa5nHz-M,@kaoko111,1
v3tLa5nHz-M,@karombekhusanov7603,1
v3tLa5nHz-M,@konraddapper,1
v3tLa5nHz-M,@ksjazzguitaryt,1
v3tLa5nHz-M,@leoF_0312,1
v3tLa5nHz-M,@liquidfish4873,1
v3tLa5nHz-M,@loserdub,1
v3tLa5nHz-M,@lucas6684,1
v3tLa5nHz-M,@luna-NOCTURN4,1
v3tLa5nHz-M,@marcelb3645,1
v3tLa5nHz-M,@mephistosprincipium,1
v3tLa5nHz-M,@moonlightsparkle2690,1
v3tLa5nHz-M,@mrgibson69,1
v3tLa5nHz-M,@murdoch201,1
v3tLa5nHz-M,@nanuqcz,1
v3tLa5nHz-M,@neella97,1
v3tLa5nHz-M,@nickalvesx4003,1
v3tLa5nHz-M,@nielle1963,1
v3tLa5nHz-M,@noCOtwo,1
v3tLa5nHz-M,@p3rp1ex,1
v3tLa5nHz-M,@paolo.paquee,1
v3tLa5nHz-M,@parthparekh1,1
v3tLa5nHz-M,@patcasrares9405,1
v3tLa5nHz-M,@patwilson2546,1
v3tLa5nHz-M,@prashantsurti2029,1
v3tLa5nHz-M,@princesheoran314,1
v3tLa5nHz-M,@professionalsummarizer,1
v3tLa5nHz-M,@randomshow9366,1
v3tLa5nHz-M,@ravador,1
v3tLa5nHz-M,@rinzler9775,2
v3tLa5nHz-M,@samgrainger1554,1
v3tLa5nHz-M,@santhoshSk25,2
v3tLa5nHz-M,@sayednavidazimi4492,1
v3tLa5nHz-M,@shadowwars357,1
v3tLa5nHz-M,@siljareuter7699,1
v3tLa5nHz-M,@stefanprasad,1
v3tLa5nHz-M,@stelarfox,2
v3tLa5nHz-M,@stonesniffer46,1
v3tLa5nHz-M,@sunwupen5264,1
v3tLa5nHz-M,@taiwofakayejo9684,2
v3tLa5nHz-M,@teddymarkov,1
v3tLa5nHz-M,@tf21-m2v,1
v3tLa5nHz-M,@thomasgerlach5972,3
v3tLa5nHz-M,@topgamer101,1
v3tLa5nHz-M,@trentonhenrichson3041,1
v3tLa5nHz-M,@u53rn4m37,1
v3tLa5nHz-M,@valuegaptrader7243,1
v3tLa5nHz-M,@vdidibd2514,1
v3tLa5nHz-M,@velinvelikov7182,1
v3tLa5nHz-M,@vivimymaster,1
v3tLa5nHz-M,@warmandle,1
v3tLa5nHz-M,@weirdearthwarriornub2042,1
v3tLa5nHz-M,@woitot9162,1
v3tLa5nHz-M,@xaoccc,1
v3tLa5nHz-M,@xiamanoj9645,1
v3tLa5nHz-M,@xlizer1_18,1
v3tLa5nHz-M,@xxxtoddythebodyxxx,1
v3tLa5nHz-M,@youssefyoussef3652,1
w4rG5GY9IlA,@4verse79,1
w4rG5GY9IlA,@ABUNAHIL,1
w4rG5GY9IlA,@ANAHERRERA-kg3vs,1
w4rG5GY9IlA,@AakashRoy-xz5bi,1
w4rG5GY9IlA,@Abdullah98hlal,1
w4rG5GY9IlA,@Abdullahxxx6969,1
w4rG5GY9IlA,@AghalyaVelayudham-c4p,1
w4rG5GY9IlA,@Ahmaddelh-f6w,1
w4rG5GY9IlA,@AjitMagar-s8i,1
w4rG5GY9IlA,@AkashBiswas-001,1
w4rG5GY9IlA,@AkhileshKumar-e8j5k,1
w4rG5GY9IlA,@AmarGhosal,1
w4rG5GY9IlA,@Amitw4kt56v6em1il,1
w4rG5GY9IlA,@Anvirdhurve,1
w4rG5GY9IlA,@AscendingPath-y7q,1
w4rG5GY9IlA,@AviralGhildiyal-q5k3j,1
w4rG5GY9IlA,@BRBallin1,1
w4rG5GY9IlA,@BabaluKumar-m7x,1
w4rG5GY9IlA,@Badboy-w2i5,1
w4rG5GY9IlA,@Bantyaofficial,1
w4rG5GY9IlA,@Black-gaming230,1
w4rG5GY9IlA,@Bluefire123-l5q,1
w4rG5GY9IlA,@BrianDJin,1
w4rG5GY9IlA,@CaptPicard81,1
w4rG5GY9IlA,@Cherifa-j6p,1
w4rG5GY9IlA,@ChristopherMoses-x1d9g,1
w4rG5GY9IlA,@ClifCollins-k8d,1
w4rG5GY9IlA,@DALIMSK-q1v9b,1
w4rG5GY9IlA,@DaneWalles,1
w4rG5GY9IlA,@ElisaAranda-q2b,1
w4rG5GY9IlA,@EulaliaOviedoPadron-xo4st,1
w4rG5GY9IlA,@FLAXO_777-YT,1
w4rG5GY9IlA,@Goloo-u8p,1
w4rG5GY9IlA,@HELMI244,1
w4rG5GY9IlA,@HafizaAkter-r2o,1
w4rG5GY9IlA,@HellenKhasande,1
w4rG5GY9IlA,@Himanshu-r7d4e,1
w4rG5GY9IlA,@HoiMinh-s6v,1
w4rG5GY9IlA,@Jerry_Inyang,1
w4rG5GY9IlA,@JetsetYasin,1
w4rG5GY9IlA,@Jhcriket,1
w4rG5GY9IlA,@JumaMuwanga,1
w4rG5GY9IlA,@KaminTrutra,1
w4rG5GY9IlA,@KarimKhan-c9m1p,1
w4rG5GY9IlA,@Kingwb25,1
w4rG5GY9IlA,@KiranKiran-h5p,1
w4rG5GY9IlA,@KushalVarma-v3w,1
w4rG5GY9IlA,@LMobileGamer,1
w4rG5GY9IlA,@LanceLetty,1
w4rG5GY9IlA,@LightLove-m6t,1
w4rG5GY9IlA,@MadalinIgnisca,1
w4rG5GY9IlA,@MagidinandiniMagidinandini,1
w4rG5GY9IlA,@MaryamHalid-t7w,1
w4rG5GY9IlA,@MdKhalidHussain-n3z,1
w4rG5GY9IlA,@MdfarukKane,1
w4rG5GY9IlA,@MukhtaarIbraahim-i5q,1
w4rG5GY9IlA,@MushfikurRahmanRian,2
w4rG5GY9IlA,@NAHINASAJIB-z9e,1
w4rG5GY9IlA,@NXTMUNNA10k-h,2
w4rG5GY9IlA,@NabeelAli-z6m,1
w4rG5GY9IlA,@NahomFesshatsion,1
w4rG5GY9IlA,@NiazaliKhan-s4q,1
w4rG5GY9IlA,@Nic_Hanks,1
w4rG5GY9IlA,@OFFICIAL_GAM1NG,1
w4rG5GY9IlA,@OmarSemetr,1
w4rG5GY9IlA,@OutterLaw,1
w4rG5GY9IlA,@PROSERVICE-ee7nr,1
w4rG5GY9IlA,@Players12345,1
w4rG5GY9IlA,@PradeepPatil-i1k,1
w4rG5GY9IlA,@PraveenMasram-o3m,1
w4rG5GY9IlA,@Quester2023-xp7rb,1
w4rG5GY9IlA,@RAMYRamy-h5n,1
w4rG5GY9IlA,@RachidHadjab-e5t,1
w4rG5GY9IlA,@RajDdani,1
w4rG5GY9IlA,@RajKilar-f8v,1
w4rG5GY9IlA,@RakeshKosuru-u1f,1
w4rG5GY9IlA,@RalphDratman,1
w4rG5GY9IlA,@SANJEEVKUMARbit,1
w4rG5GY9IlA,@SG_YUKII,1
w4rG5GY9IlA,@Scak58-t1,1
w4rG5GY9IlA,@SejalChaudhary-q7f,1
w4rG5GY9IlA,@SelaKh-n6m,1
w4rG5GY9IlA,@ShakeelAhmed-s4i5h,1
w4rG5GY9IlA,@ShoonLaeMayOo-j6n,1
w4rG5GY9IlA,@Sunil_Chandurkar,1
w4rG5GY9IlA,@SuraniSanjeewani,1
w4rG5GY9IlA,@TapanBaishnah,1
w4rG5GY9IlA,@TheFootballPlaya,1
w4rG5GY9IlA,@The_Akhoon,1
w4rG5GY9IlA,@Thea196jwtgs18,1
w4rG5GY9IlA,@User-h4p4n,1
w4rG5GY9IlA,@VigneshVignesh-s7q,1
w4rG5GY9IlA,@WasimAkram-oq6uz,1
w4rG5GY9IlA,@WebDevCohort,1
w4rG5GY9IlA,@WijdaneWijdane-e8b,1
w4rG5GY9IlA,@ZiadSameh-n4m,1
w4rG5GY9IlA,@a0921pig,2
w4rG5GY9IlA,@abdullahkhanabdullah7376,3
w4rG5GY9IlA,@adriandunbar3011,1
w4rG5GY9IlA,@ahmedakram-ck6bj,1
w4rG5GY9IlA,@aiwithrahulr,1
w4rG5GY9IlA,@alexgreenwood3868,2
w4rG5GY9IlA,@alexismarie1901,1
w4rG5GY9IlA,@alinaitwebernabe,1
w4rG5GY9IlA,@alineOliveira-hr2xt,1
w4rG5GY9IlA,@alirainbow-n9x,1
w4rG5GY9IlA,@anantsingh8724,1
w4rG5GY9IlA,@anujverma8057,1
w4rG5GY9IlA,@arslanshah7472,1
w4rG5GY9IlA,@ashfaqashfuu,1
w4rG5GY9IlA,@ayanotura9554,1
w4rG5GY9IlA,@ayushwasnik9983,1
w4rG5GY9IlA,@bereketkifle-p8x,1
w4rG5GY9IlA,@bharatdhal78,1
w4rG5GY9IlA,@blazecc8410,1
w4rG5GY9IlA,@bobbyinpesing,1
w4rG5GY9IlA,@bold_and_modern_fashion,1
w4rG5GY9IlA,@boseongkim1014,1
w4rG5GY9IlA,@calzone3,1
w4rG5GY9IlA,@cbrown940,1
w4rG5GY9IlA,@cgk2859,1
w4rG5GY9IlA,@crazytv3242,1
w4rG5GY9IlA,@cunningmentor,1
w4rG5GY9IlA,@diydigo8756,1
w4rG5GY9IlA,@dkstar4359,1
w4rG5GY9IlA,@doomer3,1
w4rG5GY9IlA,@elfaqihnet,1
w4rG5GY9IlA,@emaemanual4045,1
w4rG5GY9IlA,@extrema,1
w4rG5GY9IlA,@gurbanivideo6789,1
w4rG5GY9IlA,@haru100,1
w4rG5GY9IlA,@humaisaslam,1
w4rG5GY9IlA,@husamhamad7311,1
w4rG5GY9IlA,@ipkunerd,1
w4rG5GY9IlA,@jamroni922,1
w4rG5GY9IlA,@jaso7839,1
w4rG5GY9IlA,@javabeanies,1
w4rG5GY9IlA,@jorgegalindes-x4d,1
w4rG5GY9IlA,@kamaltharu31,1
w4rG5GY9IlA,@karajsandhu-j2h,1
w4rG5GY9IlA,@kartun_56,1
w4rG5GY9IlA,@kaylabrown2835,1
w4rG5GY9IlA,@khumbulanimavuma4173,1
w4rG5GY9IlA,@kirondas3232,1
w4rG5GY9IlA,@kywanmont5896,1
w4rG5GY9IlA,@lEyaBingabing,1
w4rG5GY9IlA,@liahamada,1
w4rG5GY9IlA,@made1nsa,1
w4rG5GY9IlA,@manalidhumal9189,1
w4rG5GY9IlA,@maq3009,2
w4rG5GY9IlA,@marciojunior9266,1
w4rG5GY9IlA,@mg65536,1
w4rG5GY9IlA,@miguelsantiagop4719,1
w4rG5GY9IlA,@mohitpatel3985,1
w4rG5GY9IlA,@mundodigital316,1
w4rG5GY9IlA,@ninaortiz9393,1
w4rG5GY9IlA,@nurr.alom56,1
w4rG5GY9IlA,@ominduabey,1
w4rG5GY9IlA,@paoguevara539,1
w4rG5GY9IlA,@patwarymahmud,1
w4rG5GY9IlA,@paulvalhmu6096,1
w4rG5GY9IlA,@pcgamerreviewbr,1
w4rG5GY9IlA,@peacemarumirofa,1
w4rG5GY9IlA,@pleaseiwantmyphone,1
w4rG5GY9IlA,@prashilbison7038,1
w4rG5GY9IlA,@premiumraman,1
w4rG5GY9IlA,@qvlad9121,1
w4rG5GY9IlA,@raffaelesuppa4255,1
w4rG5GY9IlA,@rawanmig-k6j,1
w4rG5GY9IlA,@rolandandreiventura1571,1
w4rG5GY9IlA,@ronielsonDaSilva-c6b,1
w4rG5GY9IlA,@royarshekho2004,1
w4rG5GY9IlA,@samarthtuliofficial,1
w4rG5GY9IlA,@sardarsaqibkhan4911,1
w4rG5GY9IlA,@sayedkimiyeamursalin,1
w4rG5GY9IlA,@shaileshkumar-s5k9l,1
w4rG5GY9IlA,@siposbogdan,1
w4rG5GY9IlA,@sonamonikhan976,1
w4rG5GY9IlA,@sorbet-fox1334,1
w4rG5GY9IlA,@stacy3781,1
w4rG5GY9IlA,@stephenharmisionk6033,1
w4rG5GY9IlA,@surajGurung-h4u,1
w4rG5GY9IlA,@tOpspottfyy,1
w4rG5GY9IlA,@thecreepman09,1
w4rG5GY9IlA,@thembareallukhele4732,1
w4rG5GY9IlA,@urimtefiki226,1
w4rG5GY9IlA,@youssefElidrissi-i9m,1
w4rG5GY9IlA,@yvonnierh6452,1
w4rG5GY9IlA,@zulmiraramosdasilva4708,1
w4rG5GY9IlA,@حنيناياد-ذ3ب,1
w4rG5GY9IlA,@روادنابلسي-ش4غ,1
w4rG5GY9IlA,@سعادنجار-ف8ح3ر,1
w4rG5GY9IlA,@عبدالجليلالحاجعبدالله,1
w4rG5GY9IlA,@عبدالهاديبيج,1
w4rG5GY9IlA,@عبودييعبوديي-ث5ه,1
w4rG5GY9IlA,@عيسىالعلوش-ش6ي,1
w4rG5GY9IlA,@معتزالمحمد-م2ب,1
w4rG5GY9IlA,@نعممن-ث3ه,1
w4rG5GY9IlA,@هيسوكا-ت1ي,1
w4rG5GY9IlA,@يونسبركات-ز3ل,1
w4rG5GY9IlA,@गोबिंदगुजर,1
wBgNflnfIEA,@CodelessDeveloper,1
wBgNflnfIEA,@billr.2210,1
wBgNflnfIEA,@jozek24,1
wBgNflnfIEA,@nofallacypls,1
wBgNflnfIEA,@saramarrspellmaker9592,1
wBgNflnfIEA,@skynet0811,1
wlpBCazAY9Q,@AakashChavan-db9nv,2
wlpBCazAY9Q,@Abbas_girl,1
wlpBCazAY9Q,@Adivasi7777,1
wlpBCazAY9Q,@Aimen-i8j5b,1
wlpBCazAY9Q,@AishwaryBuwade1,1
wlpBCazAY9Q,@AleksandarIvanov69,2
wlpBCazAY9Q,@Andris_Briedis,3
wlpBCazAY9Q,@Ark_Enterprises_LLC,1
wlpBCazAY9Q,@AstorSkywalker,1
wlpBCazAY9Q,@BlackZetsu.,1
wlpBCazAY9Q,@BrianKiprotich-xw7fx,1
wlpBCazAY9Q,@Cephalopopo,1
wlpBCazAY9Q,@ChrisG0,1
wlpBCazAY9Q,@CodeWithBalaji,1
wlpBCazAY9Q,@DLCS-2,1
wlpBCazAY9Q,@DagimGirma-p2p,1
wlpBCazAY9Q,@DevGupta2-121,1
wlpBCazAY9Q,@Discovery_Nuggets,1
wlpBCazAY9Q,@EdgarSanchez-ss9qi,1
wlpBCazAY9Q,@EtornamAhiataku,1
wlpBCazAY9Q,@Faizank97,1
wlpBCazAY9Q,@Gosyawka,1
wlpBCazAY9Q,@Hapkumdo,1
wlpBCazAY9Q,@Ironman-96,1
wlpBCazAY9Q,@JpDevData,1
wlpBCazAY9Q,@LightAndShadow90,1
wlpBCazAY9Q,@LivingChad,1
wlpBCazAY9Q,@Matesito66,1
wlpBCazAY9Q,@MateuszSzczepanek-nq7fw,1
wlpBCazAY9Q,@MrBillyLondon,1
wlpBCazAY9Q,@MrVdennis,1
wlpBCazAY9Q,@NickRomanek,1
wlpBCazAY9Q,@NobleAbsinthe,1
wlpBCazAY9Q,@NotAcideSane,1
wlpBCazAY9Q,@OK-Computer,1
wlpBCazAY9Q,@Pepperjack57IsAwesome,1
wlpBCazAY9Q,@Rafik_b_dz,1
wlpBCazAY9Q,@RajRishiYadav1996,1
wlpBCazAY9Q,@RetiredVet1,1
wlpBCazAY9Q,@San-pv,1
wlpBCazAY9Q,@SimonSaysEz,1
wlpBCazAY9Q,@TechRapide,1
wlpBCazAY9Q,@TozzaYT,1
wlpBCazAY9Q,@TrueDebendra,1
wlpBCazAY9Q,@WebDevCohort,1
wlpBCazAY9Q,@XfilerD,1
wlpBCazAY9Q,@ZlatkoTestDerkoskiTest,1
wlpBCazAY9Q,@aadiltansawala9171,1
wlpBCazAY9Q,@abhinavsingh3514,2
wlpBCazAY9Q,@adrianmartinezfernandez3114,1
wlpBCazAY9Q,@ah11980,1
wlpBCazAY9Q,@aidanmirzav8936,1
wlpBCazAY9Q,@aitoolswithpark,2
wlpBCazAY9Q,@alaabso,1
wlpBCazAY9Q,@alquds01,1
wlpBCazAY9Q,@anabelberumen,1
wlpBCazAY9Q,@antonio_carvalho,1
wlpBCazAY9Q,@arungandhi3479,1
wlpBCazAY9Q,@aumithasan7736,1
wlpBCazAY9Q,@avgguy7129,1
wlpBCazAY9Q,@carsonmcmahon8830,1
wlpBCazAY9Q,@cbbcbb6803,1
wlpBCazAY9Q,@cerankas,1
wlpBCazAY9Q,@codecungkhanh,1
wlpBCazAY9Q,@davidedelstein6600,1
wlpBCazAY9Q,@dbseraph,1
wlpBCazAY9Q,@deeplearningnerd,1
wlpBCazAY9Q,@eduardhosu5961,1
wlpBCazAY9Q,@enghailetechonline8138,1
wlpBCazAY9Q,@firat-p4b,1
wlpBCazAY9Q,@gemini一年16频道简介领,1
wlpBCazAY9Q,@glennvelupillai,1
wlpBCazAY9Q,@gushock5487,2
wlpBCazAY9Q,@hamzazahidulislam3490,1
wlpBCazAY9Q,@hcx1853,1
wlpBCazAY9Q,@hissentutu6589,1
wlpBCazAY9Q,@hod7628,1
wlpBCazAY9Q,@hostelkaladka,1
wlpBCazAY9Q,@infn8loopmusic,1
wlpBCazAY9Q,@jazeb-t3f,1
wlpBCazAY9Q,@joshialonzo,1
wlpBCazAY9Q,@joyanyi4294,1
wlpBCazAY9Q,@junmanpi,1
wlpBCazAY9Q,@kieran2347,1
wlpBCazAY9Q,@ksg7882,3
wlpBCazAY9Q,@loveUbleach4ever,1
wlpBCazAY9Q,@luccafalbo2498,1
wlpBCazAY9Q,@luka-day-dv,1
wlpBCazAY9Q,@marinatakeda2457,1
wlpBCazAY9Q,@michaeldavies9998,1
wlpBCazAY9Q,@mitza1100,1
wlpBCazAY9Q,@myJapanTV013,1
wlpBCazAY9Q,@myloginistaken,1
wlpBCazAY9Q,@nexcreation,1
wlpBCazAY9Q,@nicholastuangpi2072,1
wlpBCazAY9Q,@piranhaman1044,1
wlpBCazAY9Q,@pirateg3cko,1
wlpBCazAY9Q,@pooonni,1
wlpBCazAY9Q,@rahulCoding,1
wlpBCazAY9Q,@raz3788,1
wlpBCazAY9Q,@reyjanson1788,1
wlpBCazAY9Q,@risalfajar6430,1
wlpBCazAY9Q,@sabaokangan,1
wlpBCazAY9Q,@santoshxshrestha,1
wlpBCazAY9Q,@slowtyper95,1
wlpBCazAY9Q,@solutionsquad,1
wlpBCazAY9Q,@spicycelery3691,1
wlpBCazAY9Q,@sreekanthbhagavatula,1
wlpBCazAY9Q,@stackalloc7741,1
wlpBCazAY9Q,@stavroskefaleas6320,1
wlpBCazAY9Q,@strinsleet,1
wlpBCazAY9Q,@svarogames,1
wlpBCazAY9Q,@syjbrsantos,2
wlpBCazAY9Q,@tanwilliam7351,1
wlpBCazAY9Q,@tehphjeer,2
wlpBCazAY9Q,@vagabond734,1
wlpBCazAY9Q,@vinsmokesanji245,1
wlpBCazAY9Q,@xionglee321,1
wlpBCazAY9Q,@yonaspaulos,1
xE8HAXrYE3o,@AbhiranjanSingh-q9s,1
xE8HAXrYE3o,@BHARGAVIGANGOOR23CY,1
xE8HAXrYE3o,@Dev-op7kn,1
xE8HAXrYE3o,@GiovanniMorenoMusic,1
xE8HAXrYE3o,@KIMLOVESCLIMBING,1
xE8HAXrYE3o,@M23Trades,1
xE8HAXrYE3o,@MohamadPirhadi-p1q,1
xE8HAXrYE3o,@TiaoMW,1
xE8HAXrYE3o,@ToskicB-r2f,1
xE8HAXrYE3o,@achzam89,1
xE8HAXrYE3o,@avinashsuresh5221,1
xE8HAXrYE3o,@bluelotuscoding,2
xE8HAXrYE3o,@chochooshoe,1
xE8HAXrYE3o,@educationalmasters8865,1
xE8HAXrYE3o,@evaloureiro8641,1
xE8HAXrYE3o,@furqantarique3484,1
xE8HAXrYE3o,@mishakafaka6180,1
xE8HAXrYE3o,@n.i.g.e.l,2
xE8HAXrYE3o,@siladeboy4406,1
xE8HAXrYE3o,@souravmondal1993,1
xE8HAXrYE3o,@tubeam,1
xHnlzAPD9QI,@222CP,2
xHnlzAPD9QI,@AlexeyMishchenko,1
xHnlzAPD9QI,@ApexDevHQ,1
xHnlzAPD9QI,@Baby-Cold,1
xHnlzAPD9QI,@CCTIVE2,1
xHnlzAPD9QI,@CamCam-mq6ji,1
xHnlzAPD9QI,@Cboss_gc23,1
xHnlzAPD9QI,@ClaimClam,3
xHnlzAPD9QI,@CoderTheGrey,1
xHnlzAPD9QI,@CookyAi,1
xHnlzAPD9QI,@Daisy-cu8zz,1
xHnlzAPD9QI,@Daore05,2
xHnlzAPD9QI,@DavidWard14,1
xHnlzAPD9QI,@DigitalicaEG,1
xHnlzAPD9QI,@ExperienceIsNow,2
xHnlzAPD9QI,@FahmiAbdillah-z6j,1
xHnlzAPD9QI,@Flankymanga,1
xHnlzAPD9QI,@GameBouncerBem,2
xHnlzAPD9QI,@GeeGee_GPT,1
xHnlzAPD9QI,@George........,1
xHnlzAPD9QI,@GigaMarou,2
xHnlzAPD9QI,@Hawaii-surf,1
xHnlzAPD9QI,@HistoryFactsVault,1
xHnlzAPD9QI,@InformantNet,1
xHnlzAPD9QI,@Irenebelserionuwu,1
xHnlzAPD9QI,@Jorge.Moreira,1
xHnlzAPD9QI,@JoshuaCollins,1
xHnlzAPD9QI,@JunianDev,1
xHnlzAPD9QI,@JustMeMM,1
xHnlzAPD9QI,@KodeDawg,1
xHnlzAPD9QI,@ListenGrasshopper,1
xHnlzAPD9QI,@LoveFactorySweatShop,1
xHnlzAPD9QI,@Mindwitch5,1
xHnlzAPD9QI,@MyNameIsYours-b9w,1
xHnlzAPD9QI,@NathanRidings,1
xHnlzAPD9QI,@NeonCoder10,2
xHnlzAPD9QI,@NoLimitSquad,1
xHnlzAPD9QI,@NotTheSystem,3
xHnlzAPD9QI,@OS-Developer,2
xHnlzAPD9QI,@RaceCarLogic,1
xHnlzAPD9QI,@Raresh-Andrei,1
xHnlzAPD9QI,@Ravenhoodie,3
xHnlzAPD9QI,@Reekraam,1
xHnlzAPD9QI,@RishabKapadia,1
xHnlzAPD9QI,@RubenKelevra,1
xHnlzAPD9QI,@RyanBrosnahan,1
xHnlzAPD9QI,@SlickEdge,1
xHnlzAPD9QI,@Sree_Yansh_Hatkar1957,1
xHnlzAPD9QI,@TechTeenuAi,2
xHnlzAPD9QI,@The.137,1
xHnlzAPD9QI,@TheConsciousEntity,1
xHnlzAPD9QI,@TheExclusive1234,1
xHnlzAPD9QI,@TheMatthew34202,1
xHnlzAPD9QI,@TheYoungWolf077,1
xHnlzAPD9QI,@ThisIsntmyrealnameGoogle,1
xHnlzAPD9QI,@Ticca,1
xHnlzAPD9QI,@UnemployedLive,2
xHnlzAPD9QI,@Unzwuam88,1
xHnlzAPD9QI,@UserErrorGille,4
xHnlzAPD9QI,@UsernameSvitlana,1
xHnlzAPD9QI,@VanFS3K,1
xHnlzAPD9QI,@Vlican,1
xHnlzAPD9QI,@Yin-Yang-Tech,1
xHnlzAPD9QI,@_Digital_Dreams_,1
xHnlzAPD9QI,@aadlr,1
xHnlzAPD9QI,@adriaandavel9540,1
xHnlzAPD9QI,@adventureswithles1772,1
xHnlzAPD9QI,@alexclifford2485,1
xHnlzAPD9QI,@alexz5204,2
xHnlzAPD9QI,@andc5457,1
xHnlzAPD9QI,@arturomedina2055,1
xHnlzAPD9QI,@ashh3051,1
xHnlzAPD9QI,@ashishdakey5797,1
xHnlzAPD9QI,@astiedetabarnak7334,1
xHnlzAPD9QI,@baumwollejr,1
xHnlzAPD9QI,@beerfarmer1828,1
xHnlzAPD9QI,@bojanadrangova7189,1
xHnlzAPD9QI,@buffaloccudda2994,1
xHnlzAPD9QI,@buildwithantonio,1
xHnlzAPD9QI,@caminossuizos,1
xHnlzAPD9QI,@cheese-power,1
xHnlzAPD9QI,@da6640,1
xHnlzAPD9QI,@daxthedestroyer9061,1
xHnlzAPD9QI,@delduked,1
xHnlzAPD9QI,@diazepamkit,1
xHnlzAPD9QI,@don_care-i2z,2
xHnlzAPD9QI,@eletricbunny2012,1
xHnlzAPD9QI,@epicboy330,2
xHnlzAPD9QI,@fbdjwjflac,2
xHnlzAPD9QI,@flaz78,1
xHnlzAPD9QI,@germankruger,1
xHnlzAPD9QI,@gnperdue,1
xHnlzAPD9QI,@godmodel33t11,1
xHnlzAPD9QI,@gyanfans734,1
xHnlzAPD9QI,@happydays3300,1
xHnlzAPD9QI,@ht1238,2
xHnlzAPD9QI,@hwx6034,1
xHnlzAPD9QI,@jackcolt6875,1
xHnlzAPD9QI,@joekingjester,1
xHnlzAPD9QI,@jomfawad9255,1
xHnlzAPD9QI,@jr0d2008,2
xHnlzAPD9QI,@juliusespanol6813,1
xHnlzAPD9QI,@kenshiman90,1
xHnlzAPD9QI,@khamaniconklin1117,1
xHnlzAPD9QI,@lastmanstand1ng,1
xHnlzAPD9QI,@leaderman4226,1
xHnlzAPD9QI,@lifeliked,1
xHnlzAPD9QI,@lollmemmSm0keweed,1
xHnlzAPD9QI,@magicsmoke0,1
xHnlzAPD9QI,@magnetsec,1
xHnlzAPD9QI,@manuelrealmadrid,1
xHnlzAPD9QI,@mdc4runner,1
xHnlzAPD9QI,@michaelcarpenter9409,3
xHnlzAPD9QI,@mikewazowski3009,1
xHnlzAPD9QI,@miloow,1
xHnlzAPD9QI,@minhsenma,1
xHnlzAPD9QI,@mishalalfaisal,2
xHnlzAPD9QI,@mrc7418,1
xHnlzAPD9QI,@murunbuch,1
xHnlzAPD9QI,@mybestcollection9127,1
xHnlzAPD9QI,@namu5583,1
xHnlzAPD9QI,@nickthe296,1
xHnlzAPD9QI,@notterboutuyer2781,1
xHnlzAPD9QI,@passaroquetemasanaovoa,1
xHnlzAPD9QI,@platonewman,2
xHnlzAPD9QI,@redonebig88,1
xHnlzAPD9QI,@rehan-6377,1
xHnlzAPD9QI,@retest6658,1
xHnlzAPD9QI,@rikitikitaki5919,1
xHnlzAPD9QI,@roydotdev,1
xHnlzAPD9QI,@rudra7615,1
xHnlzAPD9QI,@seventyfive7597,1
xHnlzAPD9QI,@sirusThu,1
xHnlzAPD9QI,@stankjedi,1
xHnlzAPD9QI,@stevesmith4600,1
xHnlzAPD9QI,@superjke718,1
xHnlzAPD9QI,@sven7319,1
xHnlzAPD9QI,@tbswdnhfr,1
xHnlzAPD9QI,@threepe0,5
xHnlzAPD9QI,@thrillvilled111,1
xHnlzAPD9QI,@tobymoby8524,3
xHnlzAPD9QI,@tonyx8181,1
xHnlzAPD9QI,@tradingwithwill7214,1
xHnlzAPD9QI,@uwontlikeit,1
xHnlzAPD9QI,@vamsiramineedi6296,1
xHnlzAPD9QI,@vikaspoddar001,1
xHnlzAPD9QI,@vinyroli,1
xHnlzAPD9QI,@viseshprasad,1
xHnlzAPD9QI,@william7950,1
xHnlzAPD9QI,@xer0nevermore489,1
xHnlzAPD9QI,@ВикторияАбрамова-ш5к,1
xHnlzAPD9QI,@КиевскийКонь,1
xHnlzAPD9QI,@ジャネズ,1
xYU7zaaRjmE,@1AmGreyy,1
xYU7zaaRjmE,@4pp1e5auc3,1
xYU7zaaRjmE,@8a1ad61b,1
xYU7zaaRjmE,@9iht6ihgt43rzhijj,1
xYU7zaaRjmE,@Anhar001,1
xYU7zaaRjmE,@AnotherSnowflake,1
xYU7zaaRjmE,@ArnadiDenanda,1
xYU7zaaRjmE,@BOBO-rb9ow,1
xYU7zaaRjmE,@BabarReviews,1
xYU7zaaRjmE,@BassByTheBay,1
xYU7zaaRjmE,@BritishMoralHQ,1
xYU7zaaRjmE,@BrokenSymetry,1
xYU7zaaRjmE,@BusAzad,1
xYU7zaaRjmE,@CptVex,1
xYU7zaaRjmE,@DRDR3ADSA,1
xYU7zaaRjmE,@DanielVazquez,1
xYU7zaaRjmE,@Diego_Alcantara,1
xYU7zaaRjmE,@DirePantsDim,1
xYU7zaaRjmE,@DoomSlayer-ow4jq,1
xYU7zaaRjmE,@Drunkendrakon,1
xYU7zaaRjmE,@Evecreate,1
xYU7zaaRjmE,@Ezra-sc3yw,1
xYU7zaaRjmE,@Fish_Florida,1
xYU7zaaRjmE,@GahhGjs,1
xYU7zaaRjmE,@GeorgeKaoCommunity,1
xYU7zaaRjmE,@GoldenEmperor5Manifest,1
xYU7zaaRjmE,@HannesProducesMusic,1
xYU7zaaRjmE,@HerbieOne1,1
xYU7zaaRjmE,@ITPhilK,1
xYU7zaaRjmE,@I_v_e_r_c_i_n_g_e_t_o_r_i_x_I,1
xYU7zaaRjmE,@IlyaLts,1
xYU7zaaRjmE,@Iopenattheclose1,1
xYU7zaaRjmE,@IrvingHowe85643,1
xYU7zaaRjmE,@J-KFarms,1
xYU7zaaRjmE,@JJSeattle,1
xYU7zaaRjmE,@JamalJamal-xi2nt,1
xYU7zaaRjmE,@JoeSmith-jd5zg,1
xYU7zaaRjmE,@JohnSog,1
xYU7zaaRjmE,@KahuekaHuntley,1
xYU7zaaRjmE,@KevinMora-k8s,1
xYU7zaaRjmE,@LV-1969,1
xYU7zaaRjmE,@Lottodds,2
xYU7zaaRjmE,@LucasHolt,1
xYU7zaaRjmE,@MJ-ms6fd,1
xYU7zaaRjmE,@MKELIVE,2
xYU7zaaRjmE,@MahmoodYora,1
xYU7zaaRjmE,@MartinoNotts,1
xYU7zaaRjmE,@Memeoid-d1h,1
xYU7zaaRjmE,@Meshalleez,1
xYU7zaaRjmE,@MoveTrueRecords_,1
xYU7zaaRjmE,@MrMohab0,1
xYU7zaaRjmE,@MrWolf2595,1
xYU7zaaRjmE,@NikosKatsikanis,1
xYU7zaaRjmE,@NoHandle690,1
xYU7zaaRjmE,@Novazgamer,1
xYU7zaaRjmE,@Nunya8650,1
xYU7zaaRjmE,@Nytecrawler2010,1
xYU7zaaRjmE,@PutlerXLO,1
xYU7zaaRjmE,@Rachel-j6m4d,1
xYU7zaaRjmE,@RahulRahul-pi5fm,1
xYU7zaaRjmE,@RaniSankar-g8w2l,1
xYU7zaaRjmE,@RickyBobbyAxelrod,1
xYU7zaaRjmE,@SOoshi_art,1
xYU7zaaRjmE,@Scott_Everett,1
xYU7zaaRjmE,@SeedyBiscuit_,1
xYU7zaaRjmE,@ShubhamMishra-bu1eq,1
xYU7zaaRjmE,@SoCalBrian,1
xYU7zaaRjmE,@Something3741,1
xYU7zaaRjmE,@TappedFace,1
xYU7zaaRjmE,@TejaKarlapudi,1
xYU7zaaRjmE,@TheBallsKicker,1
xYU7zaaRjmE,@TheCameltotem,1
xYU7zaaRjmE,@TiberiusGracchi,1
xYU7zaaRjmE,@Vence147,1
xYU7zaaRjmE,@Vi-xw5ux,2
xYU7zaaRjmE,@Weißesnashorn,1
xYU7zaaRjmE,@Will-kp1iv,1
xYU7zaaRjmE,@Zellie1994,1
xYU7zaaRjmE,@Zhao47,1
xYU7zaaRjmE,@ZxLAhandle,1
xYU7zaaRjmE,@_ToddT,1
xYU7zaaRjmE,@abhishekmahanta1112,1
xYU7zaaRjmE,@aceakking,1
xYU7zaaRjmE,@ahmed1a313,1
xYU7zaaRjmE,@akashverma5756,1
xYU7zaaRjmE,@alrx-2278,1
xYU7zaaRjmE,@alvaromoe,1
xYU7zaaRjmE,@amaaretz,1
xYU7zaaRjmE,@aquatix2,1
xYU7zaaRjmE,@atirasrc,1
xYU7zaaRjmE,@ba8994,1
xYU7zaaRjmE,@bobbastian760,1
xYU7zaaRjmE,@bonecircuit,1
xYU7zaaRjmE,@brainprism88,1
xYU7zaaRjmE,@bullman09,3
xYU7zaaRjmE,@bumblebeeshark.傻逼,1
xYU7zaaRjmE,@cally2011,1
xYU7zaaRjmE,@chienvu8144,1
xYU7zaaRjmE,@chriss69420lol,1
xYU7zaaRjmE,@cisaac-w3z,1
xYU7zaaRjmE,@conceptsofplans,1
xYU7zaaRjmE,@conradconrad4225,1
xYU7zaaRjmE,@cooltrane,1
xYU7zaaRjmE,@damianm-nordhorn116,1
xYU7zaaRjmE,@depthsofminds,1
xYU7zaaRjmE,@dexmaether,1
xYU7zaaRjmE,@djknight00,1
xYU7zaaRjmE,@dubruh,1
xYU7zaaRjmE,@dustydee9233,1
xYU7zaaRjmE,@ebn646,1
xYU7zaaRjmE,@eliporter3980,1
xYU7zaaRjmE,@emmanuelpregnolato5026,1
xYU7zaaRjmE,@englishgrammarguide,1
xYU7zaaRjmE,@frogery,1
xYU7zaaRjmE,@fsckool6894,1
xYU7zaaRjmE,@gamerconfig_com,1
xYU7zaaRjmE,@grasshopper-b612,1
xYU7zaaRjmE,@greeneggos,1
xYU7zaaRjmE,@guacamole_platform,1
xYU7zaaRjmE,@henn000,1
xYU7zaaRjmE,@hongkong128,1
xYU7zaaRjmE,@iWasNeverHere45,1
xYU7zaaRjmE,@iondodon2,1
xYU7zaaRjmE,@irgendwasalsname,1
xYU7zaaRjmE,@itissrinivasan,1
xYU7zaaRjmE,@ivanmaglica264,1
xYU7zaaRjmE,@ivomuze,1
xYU7zaaRjmE,@jackofthecoke,1
xYU7zaaRjmE,@jacksonsouthern3045,1
xYU7zaaRjmE,@japan9169,1
xYU7zaaRjmE,@jason55189,1
xYU7zaaRjmE,@jcus006,1
xYU7zaaRjmE,@jenshaglof8180,1
xYU7zaaRjmE,@jhodapp,1
xYU7zaaRjmE,@johnnm3207,1
xYU7zaaRjmE,@johnsarosos4776,1
xYU7zaaRjmE,@josephvasconcelos5943,2
xYU7zaaRjmE,@joshs3916,1
xYU7zaaRjmE,@journeytoCTO,1
xYU7zaaRjmE,@justin555666,1
xYU7zaaRjmE,@karthikpuvvula,1
xYU7zaaRjmE,@laithazzam1251,1
xYU7zaaRjmE,@lannyjr1042,1
xYU7zaaRjmE,@lauras.5520,1
xYU7zaaRjmE,@leo-g3j2l,4
xYU7zaaRjmE,@leulA51,1
xYU7zaaRjmE,@lucasalley9008,2
xYU7zaaRjmE,@magicja,1
xYU7zaaRjmE,@malakiblunt,1
xYU7zaaRjmE,@martin2028-y6e,1
xYU7zaaRjmE,@mathewomolo,1
xYU7zaaRjmE,@michalp1,1
xYU7zaaRjmE,@mik3lang3lo,1
xYU7zaaRjmE,@mizan9232,2
xYU7zaaRjmE,@mojojojo1211,1
xYU7zaaRjmE,@mounirhimself,1
xYU7zaaRjmE,@myJapanTV013,1
xYU7zaaRjmE,@ne0n2005,1
xYU7zaaRjmE,@nohox9444,2
xYU7zaaRjmE,@ozland7172,1
xYU7zaaRjmE,@patlecat,1
xYU7zaaRjmE,@patrickthayer4060,1
xYU7zaaRjmE,@pookiepats,1
xYU7zaaRjmE,@ravioliravioli6175,1
xYU7zaaRjmE,@reecedoyleguitar,1
xYU7zaaRjmE,@renatoamaral2174,1
xYU7zaaRjmE,@renunciant,1
xYU7zaaRjmE,@royalcapitalfx,1
xYU7zaaRjmE,@ruzaroos,1
xYU7zaaRjmE,@saishowaguu2,1
xYU7zaaRjmE,@salvodazes,1
xYU7zaaRjmE,@scalemule,1
xYU7zaaRjmE,@sch79,1
xYU7zaaRjmE,@scoff7032,1
xYU7zaaRjmE,@seanblahovici6543,1
xYU7zaaRjmE,@sergenalishiwa9097,1
xYU7zaaRjmE,@sh0kxxx,1
xYU7zaaRjmE,@soulsphere9242,2
xYU7zaaRjmE,@squid84202,1
xYU7zaaRjmE,@sriramannadurai9287,1
xYU7zaaRjmE,@ssokurenko,1
xYU7zaaRjmE,@stanfetzer5779,1
xYU7zaaRjmE,@stevesmith-sb2df,1
xYU7zaaRjmE,@stretch654,1
xYU7zaaRjmE,@sunbro72826,1
xYU7zaaRjmE,@sung-ryulkim6590,1
xYU7zaaRjmE,@sweaaron,1
xYU7zaaRjmE,@sweealamak628,1
xYU7zaaRjmE,@tanawat_jm,1
xYU7zaaRjmE,@tarraknyc,2
xYU7zaaRjmE,@tessellaa,1
xYU7zaaRjmE,@thedappercook,1
xYU7zaaRjmE,@themikematrix,1
xYU7zaaRjmE,@theorochannel6247,1
xYU7zaaRjmE,@tiamabderezai5374,1
xYU7zaaRjmE,@tracnemaker123,1
xYU7zaaRjmE,@trendthis364,1
xYU7zaaRjmE,@troymann5115,1
xYU7zaaRjmE,@tsizzle,1
xYU7zaaRjmE,@tstager1978,8
xYU7zaaRjmE,@tw.267,1
xYU7zaaRjmE,@vara7114,1
xYU7zaaRjmE,@vector7938,1
xYU7zaaRjmE,@vicevestra,2
xYU7zaaRjmE,@victorgadamba5518,1
xYU7zaaRjmE,@viniciusvbf22,1
xYU7zaaRjmE,@waterbug1135,1
xYU7zaaRjmE,@whattowatchrightnow,1
xYU7zaaRjmE,@whipit2404,1
xYU7zaaRjmE,@williamfoster2681,1
xYU7zaaRjmE,@xCess1,1
xYU7zaaRjmE,@xsaviour755,1
xYU7zaaRjmE,@yakovmanshin,1
xYU7zaaRjmE,@yeojinha930,1
xYU7zaaRjmE,@zmagsar,1
xYU7zaaRjmE,@zvxcvxcz,2
xYU7zaaRjmE,@蒙哥的濃縮思維,1
xf65vxjNWdk,@ARGW,1
xf65vxjNWdk,@AartiBAGHEL-wu8xx,1
xf65vxjNWdk,@Adityagamerfreefiremax,1
xf65vxjNWdk,@Akashkumarsahs,1
xf65vxjNWdk,@AmadouSenou-p9q,1
xf65vxjNWdk,@Amazonproducts225,1
xf65vxjNWdk,@AstroGyann-p6p,1
xf65vxjNWdk,@Ayanshorts777,1
xf65vxjNWdk,@BenyaminM-f4m,1
xf65vxjNWdk,@Bkking112,1
xf65vxjNWdk,@BruceWayne15325,1
xf65vxjNWdk,@ChaampiansLeague,1
xf65vxjNWdk,@Cricketpridection0009,1
xf65vxjNWdk,@DashLevelNews-zk3zw,1
xf65vxjNWdk,@Datboi_ace0,1
xf65vxjNWdk,@FF_BROTHERS_GAMING_999,1
xf65vxjNWdk,@FREESTILE-m9h,1
xf65vxjNWdk,@Footlab1,1
xf65vxjNWdk,@Funnysofficialchannel,1
xf65vxjNWdk,@Futbol-fv2eg,1
xf65vxjNWdk,@GauravKumar-i7t9u,1
xf65vxjNWdk,@GoodGoodSunil,1
xf65vxjNWdk,@HatakiKakashi-b8j,1
xf65vxjNWdk,@ISLAMIC-CHANEL-Aryan,1
xf65vxjNWdk,@Illusionay,1
xf65vxjNWdk,@JohnGooch-e3t,2
xf65vxjNWdk,@Lag_yoncs,1
xf65vxjNWdk,@LighterGlow._.777,1
xf65vxjNWdk,@Mssbro.videos,1
xf65vxjNWdk,@NadiaHammouni-p9l,1
xf65vxjNWdk,@Naeemkhokhar1,1
xf65vxjNWdk,@Nagaeducational,1
xf65vxjNWdk,@NasrinBibi-sz9kh,1
xf65vxjNWdk,@Nawab4883,1
xf65vxjNWdk,@OctavianBrânzeu,1
xf65vxjNWdk,@OopaingZaw,1
xf65vxjNWdk,@Osthirbangali1M,1
xf65vxjNWdk,@Phonk22-u9e,1
xf65vxjNWdk,@PrakharPathak-w2q,1
xf65vxjNWdk,@PutulBiswas-e2b,1
xf65vxjNWdk,@QuaraworkGaming-k6t,1
xf65vxjNWdk,@Raunak.pandit.3232,1
xf65vxjNWdk,@RoryS-p5c,1
xf65vxjNWdk,@SKPIPALIYALAVIE,1
xf65vxjNWdk,@SahedKing-cx3eg,1
xf65vxjNWdk,@SamanlangkiSuchiang-s8k,1
xf65vxjNWdk,@Sciencetolearn,1
xf65vxjNWdk,@The_pathan_gaming,1
xf65vxjNWdk,@Theluxuryventures,1
xf65vxjNWdk,@U.CRISTIANO-c5s,1
xf65vxjNWdk,@animeedit1,1
xf65vxjNWdk,@anuragmasih999,1
xf65vxjNWdk,@arnavgupta-op,1
xf65vxjNWdk,@atikulislamjewel5588,1
xf65vxjNWdk,@besttopical1853,1
xf65vxjNWdk,@createnew1,1
xf65vxjNWdk,@criticalcritics6531,1
xf65vxjNWdk,@ghostqertgd,1
xf65vxjNWdk,@gihankosala8417,1
xf65vxjNWdk,@gocgiaitri3198,1
xf65vxjNWdk,@hanlie407,1
xf65vxjNWdk,@holeefukisback,1
xf65vxjNWdk,@hyunliaaa,1
xf65vxjNWdk,@jamilaait3mer88,1
xf65vxjNWdk,@jassu.ff.999,1
xf65vxjNWdk,@karthilove1,1
xf65vxjNWdk,@kashif2309,1
xf65vxjNWdk,@kittinansr,1
xf65vxjNWdk,@kundansinghmahara2284,1
xf65vxjNWdk,@leocfox,3
xf65vxjNWdk,@leonelambrosioruiz4188,1
xf65vxjNWdk,@lover.66,1
xf65vxjNWdk,@m4Nu2oo7,1
xf65vxjNWdk,@mindfulawesomeness6477,1
xf65vxjNWdk,@mohanr9899,1
xf65vxjNWdk,@movetv6337,1
xf65vxjNWdk,@muhammadahsanakhtar8322,1
xf65vxjNWdk,@oggymaro,1
xf65vxjNWdk,@philippemandolani453,1
xf65vxjNWdk,@pranayamr,1
xf65vxjNWdk,@rajjaiswalsaumya,1
xf65vxjNWdk,@rajveerdhura4819,1
xf65vxjNWdk,@rottwillerdoges523,1
xf65vxjNWdk,@sellingbd8804,1
xf65vxjNWdk,@shahparansarker484,1
xf65vxjNWdk,@sksķ-d5o6f,1
xf65vxjNWdk,@sowhjfnalknfalknflnfln,2
xf65vxjNWdk,@suneetaadhikary8388,1
xf65vxjNWdk,@tomek_inadventures,1
xf65vxjNWdk,@whereisBarceloniarz,1
xf65vxjNWdk,@wilken7,1
xyi3tTAS2QA,@BobBurgah,1
xyi3tTAS2QA,@Kerpeles,1
xyi3tTAS2QA,@MuchBacon,1
xyi3tTAS2QA,@TechWhistleHub,3
xyi3tTAS2QA,@codematrix,1
xyi3tTAS2QA,@marcoantoniosandoval6128,1
xyi3tTAS2QA,@marcus_leon,1
yFU003t-cTg,@AIBoost505,1
yFU003t-cTg,@AIExplorerJohn,1
yFU003t-cTg,@AIHacks-z3s,1
yFU003t-cTg,@AIToolQuick,1
yFU003t-cTg,@AIWithoutFluff,1
yFU003t-cTg,@AbhishekTiwari-p1l7e,1
yFU003t-cTg,@AboAlseem-c7l,1
yFU003t-cTg,@AbuhurairaHossain-o5i8z,1
yFU003t-cTg,@AdanShahzadAISolutions,1
yFU003t-cTg,@AdnanAlsaleim,1
yFU003t-cTg,@Ai_intel1183,1
yFU003t-cTg,@AnaCaroline-o5p,1
yFU003t-cTg,@AnkitRaj-h4b9z,1
yFU003t-cTg,@AnnaQuinn-t1w,1
yFU003t-cTg,@AplikasiBuatDuit5179,1
yFU003t-cTg,@ArtificiallyHonest,1
yFU003t-cTg,@AstridahMwamba-t6m,1
yFU003t-cTg,@BIKALPASubedi-r2f,1
yFU003t-cTg,@BailasanFayyad,1
yFU003t-cTg,@Bakss777-kx3ji,1
yFU003t-cTg,@BarakatGazuu,1
yFU003t-cTg,@Barrels_Battle,1
yFU003t-cTg,@Birhango7su,1
yFU003t-cTg,@BrandonSmith-ww7ec,1
yFU003t-cTg,@BrittneyJoLOVABLE,1
yFU003t-cTg,@CarlosPerez-q4u,1
yFU003t-cTg,@Chloec.reates,1
yFU003t-cTg,@ClaudioAntonio-dg9ed,1
yFU003t-cTg,@ConfidenceEndless,1
yFU003t-cTg,@DoLand__Trump7,2
yFU003t-cTg,@EdithCangahuala,1
yFU003t-cTg,@EvelynD.Pomposa,1
yFU003t-cTg,@FaijanKhan-g9r,1
yFU003t-cTg,@FathyHelal-e1x,1
yFU003t-cTg,@FdsvKumar-v3o,1
yFU003t-cTg,@FreeFire-q6k5y,1
yFU003t-cTg,@GMAN95120,1
yFU003t-cTg,@Gacharubiksofficial,1
yFU003t-cTg,@HamzeKhadour-c6f,1
yFU003t-cTg,@HerveNguessan-i9j,1
yFU003t-cTg,@Itachilucky-boss-gaming,1
yFU003t-cTg,@Jae-x6j,1
yFU003t-cTg,@Janson_K,1
yFU003t-cTg,@Jayesh_fit_41,1
yFU003t-cTg,@JoeyReyes-b2s,1
yFU003t-cTg,@JubranMarouf-t7t,1
yFU003t-cTg,@KajalGupta-el1sr,1
yFU003t-cTg,@KakuliDAS-n4j,1
yFU003t-cTg,@KomalKumari-o6e1o,1
yFU003t-cTg,@KomiviBatoka,1
yFU003t-cTg,@Kusaiha,1
yFU003t-cTg,@KyleEdmund-j6k,1
yFU003t-cTg,@LavkushKashyap-f5r,1
yFU003t-cTg,@Leviabraham-b9v,1
yFU003t-cTg,@LindaPambo-i4e,1
yFU003t-cTg,@LunaBelle-n7j,1
yFU003t-cTg,@Lyrics-up72,1
yFU003t-cTg,@MDSojon-c2g,1
yFU003t-cTg,@MaherSaleh-i9k5o,1
yFU003t-cTg,@Marina2ip75y8g7gitrf,1
yFU003t-cTg,@MateaTomljenović-l7q,1
yFU003t-cTg,@MazdouAbdelouahab-k6k,1
yFU003t-cTg,@MianAshiq-s3j,1
yFU003t-cTg,@Miguelito-u7j,1
yFU003t-cTg,@MindBiteFacts-e3n,1
yFU003t-cTg,@Miss.cosmo.zepeto,1
yFU003t-cTg,@MokshithPN-z2y,1
yFU003t-cTg,@MongalSounak,1
yFU003t-cTg,@Mosandin_KHAN_QADRI_786,1
yFU003t-cTg,@MphoGiven-h3v,1
yFU003t-cTg,@NX_MEDEXO,1
yFU003t-cTg,@NadyAlwazah,1
yFU003t-cTg,@NancyPatrick-su9bu,1
yFU003t-cTg,@Nathan-de9dc,1
yFU003t-cTg,@NeuralBeatStudioAI,1
yFU003t-cTg,@NextWaveToolsTV,1
yFU003t-cTg,@RahulSolanki-f8c1o,1
yFU003t-cTg,@Ramfreefire001,1
yFU003t-cTg,@RankedTools,1
yFU003t-cTg,@RaviKumar-e9k4z,1
yFU003t-cTg,@RealAura-GTR,1
yFU003t-cTg,@RealSleepLessNights,1
yFU003t-cTg,@RealbarçaBakongada,1
yFU003t-cTg,@RishonFernandes-o8w,2
yFU003t-cTg,@RiyaKhondkar-i4y,1
yFU003t-cTg,@RobotFX,1
yFU003t-cTg,@SHANGO-ps8lu,1
yFU003t-cTg,@SaurabKhokhar,1
yFU003t-cTg,@Saydi-l8i,1
yFU003t-cTg,@ShadiHamzawi,1
yFU003t-cTg,@Sofia-e5g4o,1
yFU003t-cTg,@Srinatheditzs_08,1
yFU003t-cTg,@StudyRaider-r8t,1
yFU003t-cTg,@Study_withmellyy,1
yFU003t-cTg,@Tanaykothari.wisprflow.shorts,1
yFU003t-cTg,@TechWithAlexRivera,1
yFU003t-cTg,@Techwebworld-1,1
yFU003t-cTg,@TejasBhatt-v4u9v,1
yFU003t-cTg,@The.BlackJackal,1
yFU003t-cTg,@TheFutureOfAI.official,1
yFU003t-cTg,@ViB-k5c,1
yFU003t-cTg,@VisionStackHQ,1
yFU003t-cTg,@VivekChatterjee-w2t5n,1
yFU003t-cTg,@VivekKumar-k1t4w,1
yFU003t-cTg,@WarWarLwin-k9m,1
yFU003t-cTg,@WeWardPayPal,1
yFU003t-cTg,@WesyYoung,1
yFU003t-cTg,@YopsehHenriquez,1
yFU003t-cTg,@amadinprince8650,1
yFU003t-cTg,@anshuljpco,1
yFU003t-cTg,@aqeelahabrahams5067,1
yFU003t-cTg,@ashwanipal-ox8pl,1
yFU003t-cTg,@ayatttts_s,1
yFU003t-cTg,@azizdway163,1
yFU003t-cTg,@bestinbest6507,1
yFU003t-cTg,@beyond-the-model,1
yFU003t-cTg,@bibekmagar9336,1
yFU003t-cTg,@bigL-og9ws,1
yFU003t-cTg,@bilalalsleman117,1
yFU003t-cTg,@bobby.scrapes,1
yFU003t-cTg,@buyimxuma6207,1
yFU003t-cTg,@calebayuba1866,1
yFU003t-cTg,@chloedoesoutbound,1
yFU003t-cTg,@cyberpleb2472,1
yFU003t-cTg,@danyisyuliadi4998,1
yFU003t-cTg,@derekonleads,1
yFU003t-cTg,@digibeet8227,1
yFU003t-cTg,@dreamloot-o4w,1
yFU003t-cTg,@dvenururu,1
yFU003t-cTg,@dylc.reates,1
yFU003t-cTg,@faresazazi2230,1
yFU003t-cTg,@gersie1100,1
yFU003t-cTg,@hanenalby,1
yFU003t-cTg,@hypercho,3
yFU003t-cTg,@ibrahimconteh4814,1
yFU003t-cTg,@insightmeter,1
yFU003t-cTg,@itsessaysbyleo,1
yFU003t-cTg,@jack.superAi1,1
yFU003t-cTg,@japhtgnice1794,1
yFU003t-cTg,@javadfasahi2470,1
yFU003t-cTg,@joffbuilds,1
yFU003t-cTg,@kailash-685,1
yFU003t-cTg,@kaneff7215,1
yFU003t-cTg,@keevancreatescontent,1
yFU003t-cTg,@latelateleo_irl,1
yFU003t-cTg,@lena_ai21,1
yFU003t-cTg,@linauragutierrez3952,1
yFU003t-cTg,@looly88,1
yFU003t-cTg,@loradynpanique2981,2
yFU003t-cTg,@magnusighoghoeedo2298,1
yFU003t-cTg,@mahimahi-k6k3d,1
yFU003t-cTg,@maxwellkayce220,1
yFU003t-cTg,@minaruidas436,1
yFU003t-cTg,@mohamedbizzna,1
yFU003t-cTg,@moviesDECODES.001,1
yFU003t-cTg,@mubangatchitalu8390,1
yFU003t-cTg,@muwanguzimicheal-j3t,1
yFU003t-cTg,@nataliavitorio,1
yFU003t-cTg,@natalysaray2645,1
yFU003t-cTg,@nguyennhantho,1
yFU003t-cTg,@noamanali3745,1
yFU003t-cTg,@officialkishanrao,1
yFU003t-cTg,@olegbeda-zy6rj,1
yFU003t-cTg,@pkmohanakumaran3589,1
yFU003t-cTg,@pooranraj1335,1
yFU003t-cTg,@pratikshathapa7417,1
yFU003t-cTg,@pynade,18
yFU003t-cTg,@sahsahov3902,1
yFU003t-cTg,@samruddhiMisale-o7o,1
yFU003t-cTg,@sarah.manifests,1
yFU003t-cTg,@sherjust_spams,1
yFU003t-cTg,@skadimena,1
yFU003t-cTg,@skittlless,1
yFU003t-cTg,@sree9632,1
yFU003t-cTg,@sukiarain-w1y,1
yFU003t-cTg,@sumitchauhan7609,1
yFU003t-cTg,@sureshDahikar-v2m,1
yFU003t-cTg,@sureshm6579,1
yFU003t-cTg,@toufiklaridi6689,1
yFU003t-cTg,@venkatganga5715,1
yFU003t-cTg,@w853gszqlove,1
yFU003t-cTg,@williamsanthony3010,1
yFU003t-cTg,@xijinliu,1
yFU003t-cTg,@youssefhapi,1
yFU003t-cTg,@êríÑêgrø-q7v,1
yFU003t-cTg,@احمدالحلو-م9ك,1
yFU003t-cTg,@الال-ك7ط6ج,1
yFU003t-cTg,@امالوليدسوري,1
yFU003t-cTg,@بہآنہدآ-ر2ل,1
yFU003t-cTg,@رضوانرضوان-ش7ذ,1
yFU003t-cTg,@شعيبشعيب-خ4ز,1
yFU003t-cTg,@عبودة-ر7غ9ج,1
yFU003t-cTg,@علاءالمجروح-ن6ل,1
yFU003t-cTg,@محمدابوسلطان-ت2ط,1
yFU003t-cTg,@محمدمشنتف,1
yFU003t-cTg,@مروانابواحمدابواحمد-ظ3ل,1
yFU003t-cTg,@مصطفى9-غ4ح,1
yFU003t-cTg,@مكمد-ل8ظ,1
yP1Hi_uWLQw,@AnandPanigrahi-r2t,2
yP1Hi_uWLQw,@DD-db2ki,1
yP1Hi_uWLQw,@PetiKoch,1
yP1Hi_uWLQw,@danielwicklow516,1
yP1Hi_uWLQw,@kokasrikanth4323,1
yP1Hi_uWLQw,@rajeshkumarjyotish7129,1
yP1Hi_uWLQw,@rishikeshkmr,1
yP1Hi_uWLQw,@roboticqa,4
ya6520zh4pQ,@AZ-jd5cr,1
ya6520zh4pQ,@AdrianAye,1
ya6520zh4pQ,@Amirkhantv,1
ya6520zh4pQ,@AnonyMous-nn3kd,1
ya6520zh4pQ,@Ashwix1997,2
ya6520zh4pQ,@BenediktWagner-j4y,1
ya6520zh4pQ,@Blizzpoint,1
ya6520zh4pQ,@BrokenBlueClock,2
ya6520zh4pQ,@Bsurfing,1
ya6520zh4pQ,@CashSeasonMarketPulse,2
ya6520zh4pQ,@ChadEvansOffical,1
ya6520zh4pQ,@ClickBooom,1
ya6520zh4pQ,@CoachVeeEnglish,1
ya6520zh4pQ,@CodiusX,1
ya6520zh4pQ,@D1am0nd7,1
ya6520zh4pQ,@DennouNeko,1
ya6520zh4pQ,@DevDividend,1
ya6520zh4pQ,@DoomTurtle-u2z,1
ya6520zh4pQ,@Dr.BananaCraft,1
ya6520zh4pQ,@EdanZy,1
ya6520zh4pQ,@EnavSounds,1
ya6520zh4pQ,@Eriktheinventor,1
ya6520zh4pQ,@FaithExposed,1
ya6520zh4pQ,@FaizanMustafa-b5y,1
ya6520zh4pQ,@Flowtricks,1
ya6520zh4pQ,@FortunaeMaxima,1
ya6520zh4pQ,@GaniaDev,1
ya6520zh4pQ,@GeddyRC,1
ya6520zh4pQ,@GunXter,1
ya6520zh4pQ,@Himothy-kdr,1
ya6520zh4pQ,@IT-Entrepreneur,1
ya6520zh4pQ,@IamTx216,1
ya6520zh4pQ,@Ignacy-n3v,1
ya6520zh4pQ,@JGComments,1
ya6520zh4pQ,@JTwelks32,1
ya6520zh4pQ,@Joker-vl1tn,1
ya6520zh4pQ,@K3ltesh,1
ya6520zh4pQ,@KhanhLe-dw9qg,1
ya6520zh4pQ,@Kundromrd,1
ya6520zh4pQ,@KxMalevolent,1
ya6520zh4pQ,@LINGCHAOXU,1
ya6520zh4pQ,@LPanic.,1
ya6520zh4pQ,@Lannd84,1
ya6520zh4pQ,@LordBogdanoff,1
ya6520zh4pQ,@MarekGamer76,1
ya6520zh4pQ,@MaximMikhAntonov,1
ya6520zh4pQ,@MichaelMossmanNZ,1
ya6520zh4pQ,@MightyKibbles96,1
ya6520zh4pQ,@MochiDonut-g4g,1
ya6520zh4pQ,@Mohavetech,1
ya6520zh4pQ,@MrPianica,1
ya6520zh4pQ,@Napoleon_Bonapa,1
ya6520zh4pQ,@NeverTakeNoCut-offs,1
ya6520zh4pQ,@Notgzus,1
ya6520zh4pQ,@OrientalGroveWhispers,1
ya6520zh4pQ,@PaulStoffregen,1
ya6520zh4pQ,@Port443-H,1
ya6520zh4pQ,@RV_Choudhary16,1
ya6520zh4pQ,@RadicalFitnessLLC,1
ya6520zh4pQ,@RahulBissa2727,1
ya6520zh4pQ,@RanSergeyWang,1
ya6520zh4pQ,@RayoBeatz,1
ya6520zh4pQ,@SaintFi,1
ya6520zh4pQ,@Samgillss,1
ya6520zh4pQ,@SamsGamingCloset,1
ya6520zh4pQ,@SimonMeulenbeek,1
ya6520zh4pQ,@SirMishko,1
ya6520zh4pQ,@SquallLeonhart-p9h,1
ya6520zh4pQ,@StephanLie-t7s,1
ya6520zh4pQ,@StephenHeadden-n7g,1
ya6520zh4pQ,@Supervisor-g5m,1
ya6520zh4pQ,@TheBaldBeardCombo,1
ya6520zh4pQ,@TheCurlyCoder,1
ya6520zh4pQ,@TheFrchu,1
ya6520zh4pQ,@TheUnconventionalThought,1
ya6520zh4pQ,@Ultimah,1
ya6520zh4pQ,@VU3HZW,1
ya6520zh4pQ,@VaibhavShewale,1
ya6520zh4pQ,@VerifiableExecutionOS,1
ya6520zh4pQ,@Yanged7,1
ya6520zh4pQ,@Yesterworld_offical,1
ya6520zh4pQ,@Young-LT,1
ya6520zh4pQ,@Yu-Nimo,1
ya6520zh4pQ,@ZadaheaD,1
ya6520zh4pQ,@ZaidDilshan-t3w,1
ya6520zh4pQ,@Zambsy,1
ya6520zh4pQ,@abhichandrav8192,1
ya6520zh4pQ,@abhilashm8965,1
ya6520zh4pQ,@alexkatsanos8475,1
ya6520zh4pQ,@alfiehall1971,1
ya6520zh4pQ,@allisterforest1842,1
ya6520zh4pQ,@alphythereal,1
ya6520zh4pQ,@alzyt591,1
ya6520zh4pQ,@amjnyc79,1
ya6520zh4pQ,@andrieslouw6588,1
ya6520zh4pQ,@angellarreal2172,1
ya6520zh4pQ,@angshurpitaganguly833,1
ya6520zh4pQ,@anmax,1
ya6520zh4pQ,@anonymousstacker2044,1
ya6520zh4pQ,@asksearchknock,1
ya6520zh4pQ,@auroraRealms,1
ya6520zh4pQ,@austinmarius850,1
ya6520zh4pQ,@barry.anderberg,1
ya6520zh4pQ,@baruchfishman1874,1
ya6520zh4pQ,@bigboybeats891,2
ya6520zh4pQ,@brandonbuller6337,1
ya6520zh4pQ,@btfcookies,1
ya6520zh4pQ,@buffalobill2290,1
ya6520zh4pQ,@carfo,1
ya6520zh4pQ,@chuckynorris616,1
ya6520zh4pQ,@clemenswolfbartl5138,1
ya6520zh4pQ,@coding-sisyphus,1
ya6520zh4pQ,@cortarelva,1
ya6520zh4pQ,@daasumann,2
ya6520zh4pQ,@dadgamer27,1
ya6520zh4pQ,@darkphoenix6568,1
ya6520zh4pQ,@darthnegativehunter8659,1
ya6520zh4pQ,@darthnick77,1
ya6520zh4pQ,@dave23456,1
ya6520zh4pQ,@decodebyanand,1
ya6520zh4pQ,@dennislee7312,1
ya6520zh4pQ,@devforgehq,3
ya6520zh4pQ,@dibaterman,1
ya6520zh4pQ,@dilandon7360,1
ya6520zh4pQ,@dimokol,1
ya6520zh4pQ,@dr4g0n76,1
ya6520zh4pQ,@dungtrinh34,1
ya6520zh4pQ,@dwats331,1
ya6520zh4pQ,@ecstaticboy9716,1
ya6520zh4pQ,@edwinskwok,1
ya6520zh4pQ,@eiyukabe,1
ya6520zh4pQ,@eliasgrooves,1
ya6520zh4pQ,@eluddite889,1
ya6520zh4pQ,@erik2239,1
ya6520zh4pQ,@evka3220,1
ya6520zh4pQ,@ex_ironleg9188,1
ya6520zh4pQ,@ferdiqi1190,1
ya6520zh4pQ,@figefago,1
ya6520zh4pQ,@fishyfinthing8854,1
ya6520zh4pQ,@frank-michaeljaeschke4798,1
ya6520zh4pQ,@futbol-l6z5w,1
ya6520zh4pQ,@georgecodreanu7486,1
ya6520zh4pQ,@glh280,1
ya6520zh4pQ,@grzegorzk5149,1
ya6520zh4pQ,@guilhermeferreira2797,1
ya6520zh4pQ,@hExsh0t_0xff,1
ya6520zh4pQ,@hamoudaxp97,1
ya6520zh4pQ,@hansontran3068,1
ya6520zh4pQ,@hassankhanw3,1
ya6520zh4pQ,@homewardboundphotos,1
ya6520zh4pQ,@hotwings9382,1
ya6520zh4pQ,@imasud00,1
ya6520zh4pQ,@ismailteleph1971,1
ya6520zh4pQ,@ivyWeb,1
ya6520zh4pQ,@jacobalmeida6,1
ya6520zh4pQ,@jakubkonopa5840,1
ya6520zh4pQ,@jamez2022,1
ya6520zh4pQ,@jamie-wynn,1
ya6520zh4pQ,@jeniferbaldridge4749,1
ya6520zh4pQ,@joeyp978,2
ya6520zh4pQ,@jonbee5782,1
ya6520zh4pQ,@jrdtechnologies,1
ya6520zh4pQ,@kailubrivera8320,1
ya6520zh4pQ,@khafi4972,1
ya6520zh4pQ,@lizardinthelites,1
ya6520zh4pQ,@lukehughes6943,1
ya6520zh4pQ,@mahad-dev,1
ya6520zh4pQ,@markovic27946,1
ya6520zh4pQ,@martinx33,1
ya6520zh4pQ,@matdombrk,1
ya6520zh4pQ,@mcswordfish,1
ya6520zh4pQ,@mdandry,1
ya6520zh4pQ,@micella125,1
ya6520zh4pQ,@mika-e5e4e,1
ya6520zh4pQ,@mr_wolfhouse,1
ya6520zh4pQ,@mrcooper1654,2
ya6520zh4pQ,@muhammadrazashahhash,1
ya6520zh4pQ,@nobod_Yy,1
ya6520zh4pQ,@nosharing-sf2mk,1
ya6520zh4pQ,@nthngnsz,1
ya6520zh4pQ,@omnicatalyst,1
ya6520zh4pQ,@onemanorchestra7492,1
ya6520zh4pQ,@paradoxical5,1
ya6520zh4pQ,@paulsnehasish5830,1
ya6520zh4pQ,@pavelperina7629,1
ya6520zh4pQ,@petrprokhorov7158,1
ya6520zh4pQ,@piotrd.4850,1
ya6520zh4pQ,@prancinglamb,1
ya6520zh4pQ,@professormikeoxlong,2
ya6520zh4pQ,@proficode,1
ya6520zh4pQ,@rbluejazz94,1
ya6520zh4pQ,@realisrare-s3o,1
ya6520zh4pQ,@reconstruct23,1
ya6520zh4pQ,@richardhp77,1
ya6520zh4pQ,@ronaldlussier1857,1
ya6520zh4pQ,@samareshdas767,1
ya6520zh4pQ,@sampsonzak,1
ya6520zh4pQ,@sanvfx,1
ya6520zh4pQ,@sargetun,1
ya6520zh4pQ,@seeking9145,2
ya6520zh4pQ,@sharminator5227,1
ya6520zh4pQ,@shaunclarkson7131,1
ya6520zh4pQ,@shauryakansal1081,1
ya6520zh4pQ,@silvacarl,1
ya6520zh4pQ,@smithdoesstuff,1
ya6520zh4pQ,@ssjcrafter8842,1
ya6520zh4pQ,@stagesnake4146,1
ya6520zh4pQ,@stefonkye-i2n,1
ya6520zh4pQ,@stelarfox,1
ya6520zh4pQ,@stocksglobaltrader,1
ya6520zh4pQ,@stolengoodz,1
ya6520zh4pQ,@tetrahydrocannabiphorol,1
ya6520zh4pQ,@thanetitan4246,5
ya6520zh4pQ,@the_chaos_goblin,1
ya6520zh4pQ,@theconchonetwork498,1
ya6520zh4pQ,@theflint7692,1
ya6520zh4pQ,@timrainwater481,1
ya6520zh4pQ,@tinnitus.health,1
ya6520zh4pQ,@tomekgnu,1
ya6520zh4pQ,@toneron,2
ya6520zh4pQ,@tongobong1,3
ya6520zh4pQ,@trentsmith2964,1
ya6520zh4pQ,@truthstirrer,1
ya6520zh4pQ,@ucoder8905,2
ya6520zh4pQ,@vipulpaulIAmSherlocked,1
ya6520zh4pQ,@whoees3953,1
ya6520zh4pQ,@yaroslavkovbas1317,1
ya6520zh4pQ,@yasachandra,1
ya6520zh4pQ,@yperano,1
ya6520zh4pQ,@zerorecode,1
ya6520zh4pQ,@ДенисЛалал,2
ya6520zh4pQ,@ЮраТерешков-е1п,1
yn1QKuCQXO8,@AJamaicansTwoCent,1
yn1QKuCQXO8,@AlessandroCasto,1
yn1QKuCQXO8,@Alex-mj9tf,1
yn1QKuCQXO8,@AnIntrovertsGuide,1
yn1QKuCQXO8,@AnimeshDutta-d2y,1
yn1QKuCQXO8,@AnnaQuinn-t1w,1
yn1QKuCQXO8,@AwakenedVibration,1
yn1QKuCQXO8,@Caleb-e7d,2
yn1QKuCQXO8,@Champignon1000,1
yn1QKuCQXO8,@CharltonJude,1
yn1QKuCQXO8,@CoderBhalley,1
yn1QKuCQXO8,@Culturelens,5
yn1QKuCQXO8,@DEM1GOD7,1
yn1QKuCQXO8,@DarekRogoza,1
yn1QKuCQXO8,@Dawson-rq5ky,1
yn1QKuCQXO8,@EaglerPlayz,1
yn1QKuCQXO8,@Ete_Simplifies_PersonalFinance,3
yn1QKuCQXO8,@Explore_With_Ervin,1
yn1QKuCQXO8,@FaLkraydz,1
yn1QKuCQXO8,@FauziIbrahim-w4t,1
yn1QKuCQXO8,@FirstnameLastname-cl4op,1
yn1QKuCQXO8,@FutureOverdraw,1
yn1QKuCQXO8,@Gabi-sk6te,1
yn1QKuCQXO8,@GameFiai,1
yn1QKuCQXO8,@Gmapsscraperpro,1
yn1QKuCQXO8,@Gym_With_Sohamofficial,1
yn1QKuCQXO8,@HANDLECODINGWITHAI,1
yn1QKuCQXO8,@Hope-g2m,1
yn1QKuCQXO8,@Hyshea,1
yn1QKuCQXO8,@IPHONESTORELEGIT,1
yn1QKuCQXO8,@IfYouEscapedYTKidsIWillGetYou,1
yn1QKuCQXO8,@JacobATManipulative,1
yn1QKuCQXO8,@Janumanito,1
yn1QKuCQXO8,@JasmeetNarula-x2l,1
yn1QKuCQXO8,@Karadobi2028,6
yn1QKuCQXO8,@Kirankushwah097,1
yn1QKuCQXO8,@Kmred316,2
yn1QKuCQXO8,@KnightBr33d,1
yn1QKuCQXO8,@Kona_Blue,1
yn1QKuCQXO8,@Lennox_hayes,2
yn1QKuCQXO8,@Lottodds,1
yn1QKuCQXO8,@LovaroClips,1
yn1QKuCQXO8,@MHD.007-o4r,1
yn1QKuCQXO8,@Mad_Hatter_Matador,3
yn1QKuCQXO8,@MajorPerceptron,2
yn1QKuCQXO8,@MarcBraun-tb3vu,1
yn1QKuCQXO8,@Meshalleez,1
yn1QKuCQXO8,@MohamedRasith-p9g,1
yn1QKuCQXO8,@MoltenMetalGod7,1
yn1QKuCQXO8,@Mq-f1w,1
yn1QKuCQXO8,@N.A.R.B.Official,1
yn1QKuCQXO8,@Nkosimano,1
yn1QKuCQXO8,@Nor-y2c,1
yn1QKuCQXO8,@Patchworkgorillaking,1
yn1QKuCQXO8,@Pawan_sahu0777-qp4lm,1
yn1QKuCQXO8,@PayneMaximus,1
yn1QKuCQXO8,@PhilippLackner,2
yn1QKuCQXO8,@Preeti-l9k,1
yn1QKuCQXO8,@Prometheus_8706,1
yn1QKuCQXO8,@RLATwo,1
yn1QKuCQXO8,@RodPascoe,1
yn1QKuCQXO8,@SaajanSJ,1
yn1QKuCQXO8,@Scoopski_Putatoes,1
yn1QKuCQXO8,@ScorAXE007,1
yn1QKuCQXO8,@StephonsDoom,1
yn1QKuCQXO8,@Studybro-n8d,1
yn1QKuCQXO8,@T-ShirtFace,1
yn1QKuCQXO8,@TIMOTHYHESKETTLC,1
yn1QKuCQXO8,@TartTrades,1
yn1QKuCQXO8,@Testedwaffles,1
yn1QKuCQXO8,@ThanuThanseee,1
yn1QKuCQXO8,@TheHumanCodeWorldWide,1
yn1QKuCQXO8,@Tjoe1_,1
yn1QKuCQXO8,@Traumatree,1
yn1QKuCQXO8,@TwirlingStar,1
yn1QKuCQXO8,@Twotechyguys,3
yn1QKuCQXO8,@UyuniBlanco,1
yn1QKuCQXO8,@Veerwas,1
yn1QKuCQXO8,@VijayasimhareddyMeka,1
yn1QKuCQXO8,@W-B-Gaming,1
yn1QKuCQXO8,@WHAT._ISPAT,2
yn1QKuCQXO8,@Warrior.N.A.Garden,1
yn1QKuCQXO8,@WideView-360,1
yn1QKuCQXO8,@WisdomMonarch,1
yn1QKuCQXO8,@Wivelproductions,1
yn1QKuCQXO8,@Wrumesh,1
yn1QKuCQXO8,@WyMustIGo,1
yn1QKuCQXO8,@Yien-m1m,1
yn1QKuCQXO8,@Youngsterjoeee,1
yn1QKuCQXO8,@ZackaryYoung-i5g,1
yn1QKuCQXO8,@ZeroNetsu,1
yn1QKuCQXO8,@ZeroTrace2,1
yn1QKuCQXO8,@__recon3047,1
yn1QKuCQXO8,@abraao2213,1
yn1QKuCQXO8,@adam-w5jx,1
yn1QKuCQXO8,@adilivni8688,1
yn1QKuCQXO8,@ahmadab9666,1
yn1QKuCQXO8,@aizukinoshita.123,1
yn1QKuCQXO8,@albertomelo803,1
yn1QKuCQXO8,@alexmartin-ch7pr,1
yn1QKuCQXO8,@alice_rain_day_is_nice,1
yn1QKuCQXO8,@amdenis,1
yn1QKuCQXO8,@andrewbrakey6214,1
yn1QKuCQXO8,@andymontes1144,1
yn1QKuCQXO8,@arekdbz3,1
yn1QKuCQXO8,@arisyundra3075,1
yn1QKuCQXO8,@artv4nd3l4y,1
yn1QKuCQXO8,@assasinsjeff,1
yn1QKuCQXO8,@b-rad4728,1
yn1QKuCQXO8,@bigotes2005,1
yn1QKuCQXO8,@booneboone9705,1
yn1QKuCQXO8,@bpmotion,1
yn1QKuCQXO8,@bumstudios8817,1
yn1QKuCQXO8,@calendar6526,1
yn1QKuCQXO8,@chavasdela.grimartharceike1803,1
yn1QKuCQXO8,@cheezz678,1
yn1QKuCQXO8,@chitovryt,1
yn1QKuCQXO8,@chrissres,1
yn1QKuCQXO8,@christopherimperial3129,1
yn1QKuCQXO8,@cpuneonine,1
yn1QKuCQXO8,@cuanclifford5922,1
yn1QKuCQXO8,@dancole2994,1
yn1QKuCQXO8,@davereeves2777,1
yn1QKuCQXO8,@dayknight29,1
yn1QKuCQXO8,@dermosquitor9984,1
yn1QKuCQXO8,@eeeeeeeeeeeeesdbdjd,3
yn1QKuCQXO8,@eihwdjiq18282,1
yn1QKuCQXO8,@einfacherkerl3279,1
yn1QKuCQXO8,@eliasvonbrille,1
yn1QKuCQXO8,@emberplate,1
yn1QKuCQXO8,@emkata4929,1
yn1QKuCQXO8,@faisalmuneerone,1
yn1QKuCQXO8,@felixweichler,1
yn1QKuCQXO8,@fireside.fables,1
yn1QKuCQXO8,@firstcome5740,2
yn1QKuCQXO8,@fjkyfhou,1
yn1QKuCQXO8,@frrankdesilva6504,2
yn1QKuCQXO8,@futurebillionaire-t6v,1
yn1QKuCQXO8,@getsome9437,2
yn1QKuCQXO8,@gianlucatramontano3334,1
yn1QKuCQXO8,@gibbo909,1
yn1QKuCQXO8,@gilian2587,1
yn1QKuCQXO8,@gptspeed,1
yn1QKuCQXO8,@gracebyseven,1
yn1QKuCQXO8,@h0uss3m21,1
yn1QKuCQXO8,@humanmemoryleak,1
yn1QKuCQXO8,@hxkdneuxbxjdidndnxj,1
yn1QKuCQXO8,@iDevelopTech1,1
yn1QKuCQXO8,@iam_jes,1
yn1QKuCQXO8,@itsurguy7756,1
yn1QKuCQXO8,@jameskim2007,1
yn1QKuCQXO8,@jamesxprosper,1
yn1QKuCQXO8,@jenstornell,1
yn1QKuCQXO8,@joerush2347,1
yn1QKuCQXO8,@joi1351,1
yn1QKuCQXO8,@jonathan130,1
yn1QKuCQXO8,@juhiagarwal7682,1
yn1QKuCQXO8,@kausha7135,1
yn1QKuCQXO8,@kennymendez3187,1
yn1QKuCQXO8,@lanuk_tim,1
yn1QKuCQXO8,@longthien3754,2
yn1QKuCQXO8,@louisr5208,1
yn1QKuCQXO8,@maintaininganonymity221,1
yn1QKuCQXO8,@manorui100,1
yn1QKuCQXO8,@marklw7774,1
yn1QKuCQXO8,@matteroffact23967,1
yn1QKuCQXO8,@maxmustermann8149,1
yn1QKuCQXO8,@maynardhahn8118,1
yn1QKuCQXO8,@miguelortiz-fn7xp,1
yn1QKuCQXO8,@miguelsw3608,1
yn1QKuCQXO8,@muslimbrother8461,1
yn1QKuCQXO8,@nemanjadj1493,1
yn1QKuCQXO8,@neveriamcaesar,9
yn1QKuCQXO8,@newworldhello,1
yn1QKuCQXO8,@nigelroddy9125,1
yn1QKuCQXO8,@ninatic_05,1
yn1QKuCQXO8,@no1inpart,1
yn1QKuCQXO8,@ognjjennn,1
yn1QKuCQXO8,@padhyswostik,1
yn1QKuCQXO8,@pc3t,1
yn1QKuCQXO8,@peterocilka1466,1
yn1QKuCQXO8,@petrprokhorov7158,1
yn1QKuCQXO8,@prasadrs100,1
yn1QKuCQXO8,@prashantsurti2029,2
yn1QKuCQXO8,@rafi2713,1
yn1QKuCQXO8,@razorbackroar,1
yn1QKuCQXO8,@razwimk6671,1
yn1QKuCQXO8,@realT3NN4,12
yn1QKuCQXO8,@receps.8396,1
yn1QKuCQXO8,@rimi2252,1
yn1QKuCQXO8,@rodrigoruiz976,2
yn1QKuCQXO8,@rspy24,1
yn1QKuCQXO8,@rustyneuron,1
yn1QKuCQXO8,@saintwolvinn,1
yn1QKuCQXO8,@samernhart465,1
yn1QKuCQXO8,@samuelasiedu9556,1
yn1QKuCQXO8,@santicomp,1
yn1QKuCQXO8,@savior_protector1721,1
yn1QKuCQXO8,@scooperleash_usa,1
yn1QKuCQXO8,@sharanr2667,1
yn1QKuCQXO8,@sharificles,2
yn1QKuCQXO8,@sinofpride1235,1
yn1QKuCQXO8,@skundunew,1
yn1QKuCQXO8,@ssspranto,1
yn1QKuCQXO8,@stringmaster_leo,1
yn1QKuCQXO8,@subhadrapestcontrolGawade,1
yn1QKuCQXO8,@subhambiswas8374,1
yn1QKuCQXO8,@sudanthramsudanthram4954,1
yn1QKuCQXO8,@tbg6nb,2
yn1QKuCQXO8,@techguynate21,1
yn1QKuCQXO8,@thethinkdifferentman,1
yn1QKuCQXO8,@tomwalker9836,1
yn1QKuCQXO8,@truthserene,1
yn1QKuCQXO8,@tuckerwebb5336,1
yn1QKuCQXO8,@unclechaelsneckvein,1
yn1QKuCQXO8,@unskeptable,1
yn1QKuCQXO8,@user-dl4iv3eg2q,1
yn1QKuCQXO8,@user-iy3tt2pi2j,1
yn1QKuCQXO8,@varframppytwobtokwanguz2286,1
yn1QKuCQXO8,@vitalv2824,1
yn1QKuCQXO8,@vitalyl1327,1
yn1QKuCQXO8,@w.5948,1
yn1QKuCQXO8,@waleedumer9495,1
yn1QKuCQXO8,@wolffwolfie3166,8
yn1QKuCQXO8,@Катя-з5ж6л,1
yn1QKuCQXO8,@ジャネズ,1
yn1QKuCQXO8,@東佛鱷口,1
yn1QKuCQXO8,@찌지직-k5s,1
z4Jv2PE0wkU,@0xnull-r2t,1
z4Jv2PE0wkU,@11vag,1
z4Jv2PE0wkU,@34m300,1
z4Jv2PE0wkU,@360master,1
z4Jv2PE0wkU,@3_14pie,2
z4Jv2PE0wkU,@4Funzzies,3
z4Jv2PE0wkU,@64imma,1
z4Jv2PE0wkU,@A._KiNG,1
z4Jv2PE0wkU,@AGENT_V-252,1
z4Jv2PE0wkU,@AbcDef-s7r,1
z4Jv2PE0wkU,@AiSaac-q8k,1
z4Jv2PE0wkU,@AlbatrossCommando,1
z4Jv2PE0wkU,@AlphaCubed,3
z4Jv2PE0wkU,@AngriestEwok,1
z4Jv2PE0wkU,@AprilDevel,1
z4Jv2PE0wkU,@Aymennn_Bennn,1
z4Jv2PE0wkU,@AzureLupine,1
z4Jv2PE0wkU,@BlueBetaPro,1
z4Jv2PE0wkU,@BobSpaceAgencyBSA,1
z4Jv2PE0wkU,@Bruceja,1
z4Jv2PE0wkU,@Cinarbayramic,1
z4Jv2PE0wkU,@ConnorPIsMe,1
z4Jv2PE0wkU,@DareRubist,1
z4Jv2PE0wkU,@DiegoTorres-kv7js,1
z4Jv2PE0wkU,@DingBatMcGuire,1
z4Jv2PE0wkU,@DocSnicklefritz,1
z4Jv2PE0wkU,@Dojodyo,2
z4Jv2PE0wkU,@DomainManaging,1
z4Jv2PE0wkU,@EkamjyotSingh,1
z4Jv2PE0wkU,@Endomorphism,1
z4Jv2PE0wkU,@FilterChain,1
z4Jv2PE0wkU,@FootballShorts-z4c,1
z4Jv2PE0wkU,@GamingDimiGD,1
z4Jv2PE0wkU,@Gamingprojl321,1
z4Jv2PE0wkU,@HaiderKhan-6410,2
z4Jv2PE0wkU,@Himmom,1
z4Jv2PE0wkU,@HistoricaHungarica,1
z4Jv2PE0wkU,@HoopFiix,1
z4Jv2PE0wkU,@Hossain-s7p,1
z4Jv2PE0wkU,@Hutu6778,1
z4Jv2PE0wkU,@Iyanuoluwa-h8o,1
z4Jv2PE0wkU,@JWALL_,1
z4Jv2PE0wkU,@JackDaloots,1
z4Jv2PE0wkU,@JohannVF,1
z4Jv2PE0wkU,@KTrentLR,1
z4Jv2PE0wkU,@Lampe2020,1
z4Jv2PE0wkU,@Lyghfe,1
z4Jv2PE0wkU,@MD20UD14N,1
z4Jv2PE0wkU,@Mahmoud-bl3hp,1
z4Jv2PE0wkU,@Maniacsurvivor,1
z4Jv2PE0wkU,@MattSuguisAsFondAsEverrr,1
z4Jv2PE0wkU,@MaxYoutubeWhatever,1
z4Jv2PE0wkU,@MerdithLangdon,1
z4Jv2PE0wkU,@MetaRig,1
z4Jv2PE0wkU,@Mexa1482,1
z4Jv2PE0wkU,@MoinKhan_10,1
z4Jv2PE0wkU,@Mozart_Berg,1
z4Jv2PE0wkU,@MrDragos360,1
z4Jv2PE0wkU,@MrNeosporim,1
z4Jv2PE0wkU,@Myexpectationsarerealistic,1
z4Jv2PE0wkU,@NotcardNotLive,1
z4Jv2PE0wkU,@Onetworth,1
z4Jv2PE0wkU,@Poleftaiger,1
z4Jv2PE0wkU,@Ragstal,1
z4Jv2PE0wkU,@RegularRegs,1
z4Jv2PE0wkU,@SeamusCampbell89,1
z4Jv2PE0wkU,@SenpaiSketch-a-Lot,1
z4Jv2PE0wkU,@Stoodknight,1
z4Jv2PE0wkU,@Stray0,1
z4Jv2PE0wkU,@SunSunSunn,1
z4Jv2PE0wkU,@Ted-beary,1
z4Jv2PE0wkU,@TheGoatMS2000,1
z4Jv2PE0wkU,@TheLawind,1
z4Jv2PE0wkU,@TheStrongestBaka,1
z4Jv2PE0wkU,@The_end_of_the_f_world,1
z4Jv2PE0wkU,@UTJK.,2
z4Jv2PE0wkU,@Usersdfcfhb,1
z4Jv2PE0wkU,@WHA-AJP,1
z4Jv2PE0wkU,@ZANES-YT,1
z4Jv2PE0wkU,@adamsonvispo,1
z4Jv2PE0wkU,@agedvagabond,1
z4Jv2PE0wkU,@ahmed11885,1
z4Jv2PE0wkU,@aicoder2009,1
z4Jv2PE0wkU,@aicodingworkflows,1
z4Jv2PE0wkU,@aleanddragonITA,1
z4Jv2PE0wkU,@alexandersanchez9242,1
z4Jv2PE0wkU,@alpheusmadsen8485,1
z4Jv2PE0wkU,@aserejese,1
z4Jv2PE0wkU,@assortmentofpillsbutneverb3756,1
z4Jv2PE0wkU,@attaullahkhan4742,1
z4Jv2PE0wkU,@bambinoesu,1
z4Jv2PE0wkU,@barragerami9026,1
z4Jv2PE0wkU,@berdugosocials9854,1
z4Jv2PE0wkU,@bloxalnd,1
z4Jv2PE0wkU,@blueshoes7519,1
z4Jv2PE0wkU,@brandonmack111,1
z4Jv2PE0wkU,@bubbleguts321,1
z4Jv2PE0wkU,@c5n8,1
z4Jv2PE0wkU,@catbat-meme,1
z4Jv2PE0wkU,@cheese22,1
z4Jv2PE0wkU,@chrisdavis6264,2
z4Jv2PE0wkU,@cin2110,1
z4Jv2PE0wkU,@cloverologie,2
z4Jv2PE0wkU,@cole-dot-dev,1
z4Jv2PE0wkU,@dalitsobanda7658,1
z4Jv2PE0wkU,@dangodono6096,1
z4Jv2PE0wkU,@darks4ys,2
z4Jv2PE0wkU,@disguisedpuppy,1
z4Jv2PE0wkU,@djrmarketing598,1
z4Jv2PE0wkU,@dollarbutt,1
z4Jv2PE0wkU,@dontstopbelieving1,1
z4Jv2PE0wkU,@dotails,1
z4Jv2PE0wkU,@draconic1337,1
z4Jv2PE0wkU,@dragons_advocate,1
z4Jv2PE0wkU,@ducbui5270,1
z4Jv2PE0wkU,@echo_the_developer,1
z4Jv2PE0wkU,@edgardcz,1
z4Jv2PE0wkU,@edujime23,1
z4Jv2PE0wkU,@edwardfisher29,1
z4Jv2PE0wkU,@ejbeastthamaker,1
z4Jv2PE0wkU,@elperLFY,1
z4Jv2PE0wkU,@elzacharito1498,1
z4Jv2PE0wkU,@epicgamer46-z3d,1
z4Jv2PE0wkU,@errorpixelyt,3
z4Jv2PE0wkU,@etsequentia6765,1
z4Jv2PE0wkU,@evandickinson3254,1
z4Jv2PE0wkU,@exlierr,1
z4Jv2PE0wkU,@finndemoncat9379,1
z4Jv2PE0wkU,@finnilämatti,1
z4Jv2PE0wkU,@fishy1856,1
z4Jv2PE0wkU,@freedomfury,1
z4Jv2PE0wkU,@fyrstormer,1
z4Jv2PE0wkU,@gamingwolf3385,1
z4Jv2PE0wkU,@gerke_kok,1
z4Jv2PE0wkU,@hassantanoli9342,1
z4Jv2PE0wkU,@honestlocksmith5428,1
z4Jv2PE0wkU,@imevvv,1
z4Jv2PE0wkU,@iqbalk5731,1
z4Jv2PE0wkU,@itsmilkttv,1
z4Jv2PE0wkU,@ivoreda,3
z4Jv2PE0wkU,@jacktheproslegend,1
z4Jv2PE0wkU,@javieracevedo9352,1
z4Jv2PE0wkU,@jesamegbe1579,1
z4Jv2PE0wkU,@jonathonkoerner,1
z4Jv2PE0wkU,@joshyoung1440,1
z4Jv2PE0wkU,@jossani6712,1
z4Jv2PE0wkU,@justfeeldbyrne2791,1
z4Jv2PE0wkU,@kazooki123,1
z4Jv2PE0wkU,@kkojack,1
z4Jv2PE0wkU,@kokos9652,1
z4Jv2PE0wkU,@kwith,1
z4Jv2PE0wkU,@laughingvampire7555,1
z4Jv2PE0wkU,@leastexpected3115,1
z4Jv2PE0wkU,@lewisburton1852,1
z4Jv2PE0wkU,@linklickz,1
z4Jv2PE0wkU,@lionelgamer13,1
z4Jv2PE0wkU,@lua-nya,1
z4Jv2PE0wkU,@lukespaulding1946,1
z4Jv2PE0wkU,@m0lDaViA,1
z4Jv2PE0wkU,@majestikmagik,1
z4Jv2PE0wkU,@makav2902,1
z4Jv2PE0wkU,@mattberna0317,1
z4Jv2PE0wkU,@michaelkrivitsky8473,1
z4Jv2PE0wkU,@michakocher1392,1
z4Jv2PE0wkU,@moaazibrahim-vq6jj,1
z4Jv2PE0wkU,@mobb-ai,1
z4Jv2PE0wkU,@mosabsh511,1
z4Jv2PE0wkU,@mrpawnice,1
z4Jv2PE0wkU,@nabir14,1
z4Jv2PE0wkU,@nehxt.software,1
z4Jv2PE0wkU,@neonrelmsproductions4224,1
z4Jv2PE0wkU,@nickdisney3D,1
z4Jv2PE0wkU,@noname-h6d,1
z4Jv2PE0wkU,@normansadventure7532,1
z4Jv2PE0wkU,@notafaan,1
z4Jv2PE0wkU,@notch_àpple_op,1
z4Jv2PE0wkU,@nvs-different-ideas,1
z4Jv2PE0wkU,@nzerusocia9232,1
z4Jv2PE0wkU,@oabdulazeez,1
z4Jv2PE0wkU,@oglothenerd,1
z4Jv2PE0wkU,@pablodm9,1
z4Jv2PE0wkU,@pavelh756,1
z4Jv2PE0wkU,@peacem8574,1
z4Jv2PE0wkU,@penguin-dev-bread,1
z4Jv2PE0wkU,@phantasyphotography3813,1
z4Jv2PE0wkU,@qondonyon,1
z4Jv2PE0wkU,@raidtheferry,1
z4Jv2PE0wkU,@ranacreed7671,1
z4Jv2PE0wkU,@realkk_,1
z4Jv2PE0wkU,@retr0breezy,1
z4Jv2PE0wkU,@robbyoconnor,1
z4Jv2PE0wkU,@ross_d_g,1
z4Jv2PE0wkU,@rummik,1
z4Jv2PE0wkU,@rustkitty,1
z4Jv2PE0wkU,@saint3106,1
z4Jv2PE0wkU,@samikheda,1
z4Jv2PE0wkU,@samuelbarber5097,1
z4Jv2PE0wkU,@sekhniashvili,1
z4Jv2PE0wkU,@simonlovesplanes,1
z4Jv2PE0wkU,@skepziev2565,1
z4Jv2PE0wkU,@smurfettelyies6362,1
z4Jv2PE0wkU,@spacex6997,1
z4Jv2PE0wkU,@strongsloth_dev,1
z4Jv2PE0wkU,@sumayyahadetunmbi4347,1
z4Jv2PE0wkU,@tanker242,1
z4Jv2PE0wkU,@theandradelimited7809,1
z4Jv2PE0wkU,@thepuppetqueen57,2
z4Jv2PE0wkU,@thetroiimaster,1
z4Jv2PE0wkU,@thinkwave7801,1
z4Jv2PE0wkU,@tipsythecat,1
z4Jv2PE0wkU,@tomeroyomero,1
z4Jv2PE0wkU,@troid8880,1
z4Jv2PE0wkU,@user-yz2ct2sy3l,1
z4Jv2PE0wkU,@victors16811,1
z4Jv2PE0wkU,@victorvillacis6764,1
z4Jv2PE0wkU,@vlatterran,1
z4Jv2PE0wkU,@wakinglife7065,1
z4Jv2PE0wkU,@xenadonau8356,1
z4Jv2PE0wkU,@xtech3408,1
z4Jv2PE0wkU,@zakaria_guenifi,1
z4Jv2PE0wkU,@zdridox2207,1
z4Jv2PE0wkU,@束,1
zmuVrC3tgmQ,@AM-uq7em,1
zmuVrC3tgmQ,@AhamadurIbrahim,1
zmuVrC3tgmQ,@AnirbanChakraborty94,1
zmuVrC3tgmQ,@BunnyBean,1
zmuVrC3tgmQ,@CookieDaOtter,1
zmuVrC3tgmQ,@DIY_Foodie,1
zmuVrC3tgmQ,@Devydv26oct,1
zmuVrC3tgmQ,@Dhruvum,1
zmuVrC3tgmQ,@EvaFrass0,1
zmuVrC3tgmQ,@FanetteMiron,1
zmuVrC3tgmQ,@GlobalCareerQuest.7317,2
zmuVrC3tgmQ,@Hari-fh1zy,1
zmuVrC3tgmQ,@Hi.GuysBs,1
zmuVrC3tgmQ,@JananiD-cc5ns,2
zmuVrC3tgmQ,@KingKong-tt1wq,1
zmuVrC3tgmQ,@Learn_for_fun_63,1
zmuVrC3tgmQ,@NOTHING_6767,1
zmuVrC3tgmQ,@Potencyfunction,1
zmuVrC3tgmQ,@PrashantBhandari-t1c,1
zmuVrC3tgmQ,@Programmerevangadi,1
zmuVrC3tgmQ,@Rajnish-pu8mj,1
zmuVrC3tgmQ,@RihamAhamed950,2
zmuVrC3tgmQ,@Sharzeelkhan5243,1
zmuVrC3tgmQ,@Tech_San000,1
zmuVrC3tgmQ,@TheFiretiger20,1
zmuVrC3tgmQ,@Theeditorfromdavinci,1
zmuVrC3tgmQ,@TuhinShukla,1
zmuVrC3tgmQ,@Varaprasad865,1
zmuVrC3tgmQ,@VenkadeshV,2
zmuVrC3tgmQ,@WesyYoung,1
zmuVrC3tgmQ,@abdullahqureshi7165,1
zmuVrC3tgmQ,@abhishekkeshri3974,1
zmuVrC3tgmQ,@almousafir4041,1
zmuVrC3tgmQ,@arijitdas1965,1
zmuVrC3tgmQ,@arsh5621,1
zmuVrC3tgmQ,@arunragavan442,1
zmuVrC3tgmQ,@arzelzon1137,1
zmuVrC3tgmQ,@bambinoesu,1
zmuVrC3tgmQ,@bkarthik2605,1
zmuVrC3tgmQ,@breakinggood-r2v,1
zmuVrC3tgmQ,@burningheartgaming2405,2
zmuVrC3tgmQ,@confidential303,2
zmuVrC3tgmQ,@dieepipen2865,1
zmuVrC3tgmQ,@easy-tech225,1
zmuVrC3tgmQ,@foreignwarren7361,1
zmuVrC3tgmQ,@harshrathore.21,1
zmuVrC3tgmQ,@harshvb2676,1
zmuVrC3tgmQ,@iamjubaerhasan,1
zmuVrC3tgmQ,@jag122010,1
zmuVrC3tgmQ,@jijnasu-5adi,1
zmuVrC3tgmQ,@jokelot5221,1
zmuVrC3tgmQ,@junaidkhankhan4260,2
zmuVrC3tgmQ,@kxrosen,1
zmuVrC3tgmQ,@lakhanpalsinghchouhan5639,1
zmuVrC3tgmQ,@luffy-z4c,1
zmuVrC3tgmQ,@m.r_joker1784,1
zmuVrC3tgmQ,@mXqEditz,1
zmuVrC3tgmQ,@manymore9482,1
zmuVrC3tgmQ,@mayisha--,1
zmuVrC3tgmQ,@miles_between_moments,1
zmuVrC3tgmQ,@nagendragandrothu3264,1
zmuVrC3tgmQ,@naveenkumarmurugan1962,1
zmuVrC3tgmQ,@ommstar6046,1
zmuVrC3tgmQ,@panthpanth2447,1
zmuVrC3tgmQ,@parshvsheth-rj2vq,1
zmuVrC3tgmQ,@prabakaran7386,1
zmuVrC3tgmQ,@ramzee47,1
zmuVrC3tgmQ,@sainamandg,1
zmuVrC3tgmQ,@singhamita,1
zmuVrC3tgmQ,@smkop393,1
zmuVrC3tgmQ,@sooryateja5514,1
zmuVrC3tgmQ,@steparos,1
zmuVrC3tgmQ,@teemalukez3729,1
zmuVrC3tgmQ,@tiger-wt8dm,1
zmuVrC3tgmQ,@vedparkashgaba5478,1
zmuVrC3tgmQ,@whiz-code,1
zmuVrC3tgmQ,@xdmich6018,1
zmuVrC3tgmQ,@yaazhiniramesh9645,1
zmuVrC3tgmQ,@yashikant5819,1
