user,pagerank,in_degree_centrality,betweenness,in_degree,out_degree,sentiment_label,dominant_topic,avg_sentiment,total_likes
@JeffSu,0.007072971595128798,0.012566371681415929,0.0,71,127,positive,unknown,0.4559239130434783,369
@devforgehq,0.006738763793887811,0.011858407079646019,0.0001431210459498069,67,3,positive,productivity,0.11578,431
@jamesp9304,0.004937532083604175,0.008849557522123894,0.0,50,0,negative,cost,-0.836,97
@Fireship,0.004823856985180112,0.008672566371681416,0.0,49,0,positive,reliability,0.471025,539
@saumay-z1,0.002925127155185018,0.00495575221238938,0.0,28,0,neutral,productivity,0.0,1235
@_Digital_Dreams_,0.0028750348434847767,0.005309734513274336,0.0,30,0,neutral,reliability,0.0,83
@Developete,0.0028305545564966525,0.004778761061946903,0.00017823871000230583,27,10,positive,job_displacement,0.7735454545454545,37
@AuroraMarinii,0.002686528010598899,0.004778761061946903,0.0,27,0,negative,reliability,-0.22431428571428572,112
@EhteshamShahzad,0.0025912368603607534,0.00495575221238938,0.0,28,0,neutral,productivity,0.0,278
@dougsholly9323,0.002533089403727472,0.0038938053097345134,0.0,22,0,negative,productivity,-0.15669285714285713,482
@taylorgledhill,0.0024042013187250554,0.004247787610619469,0.0,24,0,neutral,cost,0.0,636
@MightyKibbles96,0.0020162038639338978,0.00017699115044247788,0.0,1,0,positive,productivity,0.7905,1
@jakubkonopa5840,0.0020162038639338978,0.00017699115044247788,0.0,1,0,positive,job_displacement,0.9038,1
@AnonymousAnonymous-nr8su,0.0020162038639338978,0.00017699115044247788,0.0,1,0,positive,unknown,0.3612,0
@JasonWhittle1,0.0019332616252539351,0.0033628318584070795,0.0,19,0,negative,productivity,-0.0803,394
@saitamathecoder1386,0.0019089026755916359,0.0037168141592920354,0.0,21,0,positive,job_displacement,0.50005,387
@Mr_Sandeep_Chaudhari,0.0018683044261544703,0.0033628318584070795,0.0,19,0,positive,productivity,0.6369,525
@TheCodingSloth,0.0018666804961769837,0.0035398230088495575,0.0,20,0,negative,job_displacement,-0.6908,1092
@ConservativeWatchParty,0.001819586526829872,0.003185840707964602,0.0,18,0,negative,productivity,-0.19588,213
@sembl4nce1,0.0017708686275052733,0.003185840707964602,0.0,18,0,negative,job_displacement,-0.125,388
@JetBrainsTV,0.0016497080010258998,0.003008849557522124,0.0,17,0,positive,job_displacement,0.9492,348
@brewnotbombs_5097,0.001641323304301227,0.003008849557522124,0.0,17,0,positive,job_displacement,0.5267,446
@drummerlovesthis,0.0016310920873370105,0.003185840707964602,1.2589351264103387e-05,18,1,negative,productivity,-0.18056666666666665,365
@mikasa3d,0.001602781429316732,0.0019469026548672567,0.0,11,0,neutral,job_displacement,0.0,252
@RoseyCRSL,0.0014958877371646624,0.00017699115044247788,0.0,1,0,positive,reliability,0.3612,0
@futurepedia_io,0.001478561231557682,0.00247787610619469,0.0,14,0,neutral,job_displacement,0.0,133
@budihartonohoo,0.001478561231557682,0.00247787610619469,0.0,14,0,positive,reliability,0.8402,12
@BloodBunn,0.001456104647391751,0.0023008849557522126,0.0,13,0,positive,job_displacement,0.2287,44
@ritamsarkar3156,0.0014542022818953833,0.002831858407079646,0.0,16,0,negative,reliability,-0.13295,366
@Adeltraut,0.0014379629821205167,0.002831858407079646,0.0,16,0,positive,reliability,0.5927,121
@_ToddT,0.0014049191945193467,0.001415929203539823,0.0,8,0,neutral,productivity,-0.0369,45
@HarperCarrollAI,0.0013811254329084853,0.0023008849557522126,0.0,13,18,positive,job_displacement,0.5150142857142858,117
@vimallama5981,0.0013436564813218792,0.00247787610619469,0.0,14,0,neutral,job_displacement,0.0,69
@leo-g3j2l,0.0013222751599224292,0.0023008849557522126,3.909324866221578e-05,13,4,neutral,productivity,-0.0028882352941176324,84
@TraversyMedia,0.001279783954601722,0.001592920353982301,0.0002226327381441441,9,22,positive,job_displacement,0.24809310344827587,151
@lukaloehr,0.001276390007099221,0.0007079646017699115,0.0,4,1,positive,job_displacement,0.4879,88
@CodeWithRush,0.0012674503344844222,0.0023008849557522126,0.0,13,0,positive,job_displacement,0.40080000000000005,169
@gtamy5544,0.001207320254513975,0.00017699115044247788,0.0,1,0,negative,reliability,-0.6597,3
@arjun220,0.001170014535835225,0.0021238938053097347,0.0,12,0,positive,job_displacement,0.6249,172
@YaronLavi,0.0011638798740642685,0.001238938053097345,0.0,7,0,negative,productivity,-0.2748,79
@VictorAithen,0.001140761391128059,0.0005309734513274337,0.0,3,0,neutral,reliability,0.0,2
@TrayHardPlay,0.001137535936285493,0.0019469026548672567,0.0,11,0,neutral,cost,0.0258,120
@akiru300,0.0011131769866231937,0.0019469026548672567,0.0,11,1,positive,job_displacement,0.070925,214
@msschubi,0.0011113056046093662,0.0021238938053097347,0.0,12,0,positive,productivity,0.2717,321
@garageboyz2634,0.0010969376868483272,0.0021238938053097347,0.0,12,0,neutral,productivity,0.0,141
@AusSkiller,0.0010888180369608943,0.0017699115044247787,0.0,10,0,positive,productivity,0.6314666666666667,121
@shubhamdevkota9651,0.0010675883851491545,0.0021238938053097347,0.0,12,1,positive,reliability,0.26595,34
@AbdelmoezBoucetta,0.0010508790486874176,0.001238938053097345,0.0,7,0,neutral,productivity,0.0,56
@hudsonkanizawa,0.0010439149832874247,0.0017699115044247787,0.0,10,0,neutral,reliability,0.0,46
@aashwinsharma1859,0.0010413683813005415,0.0017699115044247787,0.0,10,0,neutral,reliability,0.0,29
@danielfarmer7372,0.001033150321930387,0.0017699115044247787,0.0,10,0,positive,job_displacement,0.7779,50
@kingjr3310,0.00102386083786143,0.0017699115044247787,0.0,10,0,neutral,productivity,0.0,18
@SigmaScorpion,0.0009936110151370643,0.001592920353982301,0.0,9,0,positive,job_displacement,0.7003,40
@Paogrin,0.0009913822383116975,0.001592920353982301,0.0,9,0,positive,job_displacement,0.128,50
@danielmontilla5915,0.0009913822383116975,0.001592920353982301,0.0,9,0,positive,productivity,0.6249,180
@kanakgfgaming,0.0009913822383116975,0.001592920353982301,0.0,9,0,positive,productivity,0.4841666666666667,17
@w3ryfrate535,0.0009751429385368316,0.001592920353982301,0.0,9,0,positive,productivity,0.21075,11
@evilyoshimitsu,0.000950046234670095,0.001592920353982301,0.0,9,0,negative,job_displacement,-0.3182,12
@nufh,0.000942664338987099,0.001592920353982301,0.0,9,0,positive,productivity,0.1806,8
@thekinggamer21,0.0009239298631937959,0.001592920353982301,0.0,9,0,positive,job_displacement,0.4019,207
@MoeLueker,0.0009202077548211678,0.001238938053097345,0.0,7,0,positive,productivity,0.4404,9
@grimaldushelbrecht8811,0.0009090712673404905,0.0019469026548672567,0.0,11,0,negative,job_displacement,-0.40449999999999997,53
@TinaHuang1,0.0008939464396625005,0.001415929203539823,0.0,8,0,positive,job_displacement,0.5106,72
@DennisBradfordPhD,0.0008939464396625005,0.001415929203539823,0.0,8,0,negative,job_displacement,-0.7463,42
@ishanmalithgunawardane8391,0.0008777071398876345,0.0019469026548672567,0.0,11,0,positive,cost,0.6476,57
@saluran1733,0.0008777071398876345,0.0017699115044247787,0.0,10,0,negative,job_displacement,-0.296,54
@abhisheksinha3111,0.0008706316231960071,0.0007079646017699115,0.0,4,0,positive,job_displacement,0.3612,40
@edmiller6864,0.0008652725711055044,0.0010619469026548673,0.0,6,0,positive,productivity,0.75,8
@SimonNgai-d3u,0.0008612633513870697,0.001592920353982301,0.0,9,0,positive,job_displacement,0.6124,142
@wartem,0.0008527917691396132,0.0017699115044247787,0.0,10,0,positive,job_displacement,0.23656666666666668,33
@Swanzo,0.0008452285403379021,0.001415929203539823,0.0,8,0,positive,job_displacement,0.1117,33
@florijnterstal6590,0.0008452285403379021,0.001415929203539823,0.0,8,0,neutral,reliability,0.0,137
@baalifathi7780,0.0008452285403379021,0.001415929203539823,0.0,8,0,neutral,unknown,0.0,21
@evolgenius1150,0.0008452285403379021,0.001415929203539823,0.0,8,1,negative,productivity,-0.49429999999999996,70
@NotTheSystem,0.0008431986278660439,0.0019469026548672567,0.0,11,0,positive,cost,0.22593333333333332,20
@growth.over.perfection,0.0008303814181574436,0.00017699115044247788,0.0,1,0,positive,productivity,0.4588,2
@JezzGT,0.0008302574842272814,0.001238938053097345,0.0,7,0,positive,job_displacement,0.2732,33
@Alfalfaprime,0.0008208695906756028,0.001415929203539823,1.0601558959244957e-05,8,2,positive,job_displacement,0.0856,35
@snyderkr0822,0.0008152864281166606,0.0010619469026548673,0.0,6,0,positive,job_displacement,0.7852,66
@mxz2024,0.0008127499407881698,0.001415929203539823,0.0,8,0,positive,job_displacement,0.6330749999999999,48
@BamboBarak,0.0008127499407881698,0.001415929203539823,0.0,8,0,negative,productivity,-0.4767,31
@SuperRiozaki,0.0007982027483897786,0.001415929203539823,0.0,8,0,positive,job_displacement,0.6808,22
@MateuszSzczepanek-nq7fw,0.0007965106410133036,0.001238938053097345,0.0,7,0,neutral,productivity,0.0,61
@TheTorchBearer-hk8ou,0.0007965106410133036,0.001238938053097345,0.0,7,0,neutral,job_displacement,0.0,11
@Brian_PM,0.0007965106410133036,0.001415929203539823,0.0,8,0,positive,productivity,0.8725499999999999,86
@olozmada,0.0007965106410133036,0.001238938053097345,0.0,7,0,positive,job_displacement,0.3592,26
@CosmicReef,0.0007965106410133036,0.001238938053097345,0.0,7,0,positive,job_displacement,0.22795,28
@fromagetriste,0.0007965106410133036,0.001238938053097345,0.0,7,0,positive,productivity,0.19675,169
@TechWithTim,0.0007965106410133036,0.001238938053097345,0.0,7,11,positive,job_displacement,0.26285,51
@SailingInconSeavable,0.0007965106410133035,0.001592920353982301,0.0,9,0,positive,job_displacement,0.6908,26
@odairsilva10,0.0007965106410133035,0.001592920353982301,0.0,9,0,positive,productivity,0.0989,353
@MoElwaan,0.0007890251129579932,0.001238938053097345,0.0,7,0,negative,reliability,-0.4314,51
@smokinglife8980,0.0007860710911580325,0.001592920353982301,0.0,9,0,positive,productivity,0.9354,200
@rileybrownai,0.0007815395849026829,0.0010619469026548673,0.0,6,13,positive,job_displacement,0.3230625,77
@Preeti-l9k,0.000764112550803369,0.001592920353982301,0.0,9,0,positive,productivity,0.2718,774
@scotthancock5994,0.0007477927416887051,0.001238938053097345,0.0,7,0,positive,reliability,0.10165000000000002,9
@echabbewal,0.0007409224759544057,0.001415929203539823,0.0,8,0,positive,job_displacement,0.4063,100
@ratnadeepsaha7675,0.0007403072136333947,0.001238938053097345,0.0,7,0,positive,job_displacement,0.5106,7
@rudeicious,0.0007222947207494729,0.0008849557522123894,0.0,5,0,neutral,reliability,0.0,5
@betanc.es7962,0.0007085247028808662,0.0005309734513274337,0.0,3,0,positive,cost,0.4404,5
@SuperSimpleDev,0.0006990748423641066,0.0010619469026548673,0.0,6,10,positive,job_displacement,0.6098076923076923,53
@tomasgutierrez6954,0.0006990748423641066,0.0010619469026548673,0.0,6,0,positive,productivity,0.1058,49
@ethanradd,0.0006990748423641066,0.0010619469026548673,0.0,6,0,negative,job_displacement,-0.6249,183
@PushkarSingh-hb4qq,0.0006990748423641066,0.0010619469026548673,0.0,6,0,positive,productivity,0.25,316
@ThePrimeTimeagen,0.0006990748423641066,0.0010619469026548673,0.0,6,0,positive,reliability,0.7887,38
@circusfreakRob,0.0006990748423641066,0.0010619469026548673,0.0,6,0,positive,productivity,0.7579,566
@bgdn_ai,0.0006990748423641066,0.0010619469026548673,0.0,6,0,positive,productivity,0.9417,55
@techieryan1963,0.000689671161949815,0.0010619469026548673,0.0,6,0,negative,job_displacement,-0.6385,25
@kvickart,0.0006828355425892404,0.001238938053097345,0.0,7,1,positive,job_displacement,0.23650000000000002,193
@andywest5773,0.0006811996327836519,0.0008849557522123894,5.3007794796224785e-06,5,1,negative,job_displacement,-0.096075,53
@k.ryashwanthreddy3265,0.0006772523800302981,0.0010619469026548673,0.0,6,0,positive,productivity,0.2732,27
@Shizzymynizzy,0.0006648906952341627,0.0005309734513274337,0.0,3,0,positive,reliability,0.4767,0
@chillmarko477,0.0006569842387942561,0.0005309734513274337,0.0,3,0,positive,job_displacement,0.7319,47
@roberthiemstra8726,0.0006522593085358762,0.0008849557522123894,0.0,5,0,negative,productivity,-0.4767,0
@JeremyJackson111,0.0006503569430395081,0.0010619469026548673,0.0,6,0,negative,reliability,-0.6597,99
@burningheartgaming2405,0.0006503569430395081,0.0010619469026548673,0.0,6,0,positive,job_displacement,0.11315,157
@crinklyink,0.0006503569430395081,0.0010619469026548673,0.0,6,0,positive,unknown,0.233025,8
@cclementson1986,0.000634117643264642,0.0010619469026548673,0.0,6,0,positive,job_displacement,0.2023,118
@afflulifestyle1784,0.0006324164624927957,0.0007079646017699115,0.0,4,0,positive,productivity,0.6486,8
@SaidJama-u2d,0.0006266321152093317,0.0010619469026548673,0.0,6,0,positive,job_displacement,0.5106,3
enono,0.000621126203444749,0.0010619469026548673,0.0,6,0,negative,productivity,-0.34,0
@GijsDeMunck,0.0006178783434897759,0.0010619469026548673,0.0,6,0,positive,reliability,0.5106,61
@ksaravanakumar8042,0.0006178783434897758,0.0010619469026548673,0.0,6,0,positive,job_displacement,0.8485,14
@dgitalnarrative,0.0006108017928858626,0.0008849557522123894,0.0,5,0,positive,job_displacement,0.31756666666666666,4
@giovannifrancesco3344,0.0006104754380545736,0.00017699115044247788,0.0,1,0,positive,reliability,0.6767,6
@antonischaralambous3351,0.0006038678205402765,0.0008849557522123894,0.0,5,0,negative,job_displacement,-0.34,9
@robertf57,0.0006016390437149097,0.0008849557522123894,0.0,5,0,positive,job_displacement,0.22085,141
@elarrieux_,0.0006016390437149097,0.0008849557522123894,0.0,5,0,positive,cost,0.6369,16
@spendilpa1559,0.0006016390437149097,0.0008849557522123894,0.0,5,0,negative,job_displacement,-0.3182,37
@rozodruEVE,0.0006016390437149097,0.0008849557522123894,0.0,5,0,neutral,job_displacement,0.0,233
@lokeshnegi5051,0.0006016390437149097,0.0010619469026548673,0.0,6,0,positive,productivity,0.43590000000000007,21
@Soonseverino,0.0006016390437149097,0.0008849557522123894,0.0,5,0,positive,job_displacement,0.28963333333333335,111
@ristopaasivirta9770,0.0006016390437149097,0.0008849557522123894,0.0,5,0,positive,job_displacement,0.4939,101
@adamsonvispo,0.0006016390437149097,0.0008849557522123894,0.0,5,0,positive,job_displacement,0.5106,268
@finisfine,0.0006016390437149097,0.0008849557522123894,0.0,5,0,neutral,productivity,0.0,18
@TiaoMW,0.0006016390437149097,0.0008849557522123894,0.0,5,0,negative,productivity,-0.3612,14
@Gamingworld-hg1cx,0.0006016390437149096,0.0010619469026548673,0.0,6,0,positive,productivity,0.4404,35
@sergeleinweber9147,0.0005987927674385829,0.0008849557522123894,0.0,5,0,positive,job_displacement,0.7001999999999999,3
@shresthashreya5418,0.0005886476038950167,0.0010619469026548673,0.0,6,0,negative,productivity,-0.2411,32
@gobettsie8964,0.0005853997439400435,0.0010619469026548673,0.0,6,1,positive,reliability,0.1601,8
@nexttt__,0.0005853997439400435,0.0010619469026548673,0.0,6,0,positive,reliability,0.39835,19
@bitkillerjones,0.0005784499282341346,0.0010619469026548673,0.0,6,0,positive,job_displacement,0.15170000000000003,66
@ihandle24,0.0005756561640751237,0.0010619469026548673,0.0,6,0,neutral,job_displacement,0.0232,41
@DreamCarDiaries2.0,0.0005716969314936681,0.0005309734513274337,0.0,3,0,positive,job_displacement,0.8192,10
@EssDubz,0.0005689559554394787,0.0010619469026548673,0.0,6,0,positive,reliability,0.47550000000000003,20
@Brice21,0.0005618799217917084,0.00035398230088495576,0.0,2,0,positive,job_displacement,0.2732,1
@ali6580-t9f,0.0005567258753830474,0.00035398230088495576,0.0,2,0,positive,productivity,0.2263,2
@techwithflex,0.0005546132517667862,0.0008849557522123894,0.0,5,0,neutral,job_displacement,0.0,70
@michaeltse321,0.0005529211443903112,0.0008849557522123894,0.0,5,0,negative,job_displacement,-0.07243333333333335,38
@scififan698,0.0005529211443903112,0.0008849557522123894,0.0,5,0,positive,job_displacement,0.6249,16
@ramikilany9279,0.0005529211443903112,0.0008849557522123894,0.0,5,0,positive,reliability,0.7783,15
@sam9s,0.0005529211443903112,0.0008849557522123894,0.0,5,0,positive,reliability,0.32685,33
@rein556,0.0005529211443903112,0.0008849557522123894,3.312987174764049e-06,5,1,positive,productivity,0.148,145
@saurabhdadhich5485,0.0005529211443903112,0.0008849557522123894,0.0,5,0,positive,job_displacement,0.401,71
@tariqimran3743,0.0005529211443903112,0.0008849557522123894,0.0,5,0,negative,productivity,-0.296,61
@emperorpingusmathchannel5365,0.0005529211443903111,0.0008849557522123894,0.0,5,0,positive,productivity,0.8367,29
@factorfitness3713,0.0005529211443903111,0.0008849557522123894,0.0,5,0,neutral,productivity,0.02930000000000002,125
@NickBarratt110,0.0005498125021947786,0.0010619469026548673,0.0,6,0,positive,job_displacement,0.22575,6
@tiger-wt8dm,0.0005480493544578512,0.0010619469026548673,0.0,6,0,positive,job_displacement,0.2263,32
@nivoset,0.0005355336472776587,0.0005309734513274337,0.0,3,0,positive,productivity,0.6249,9
@auhvocals,0.0005299033223782517,0.0008849557522123894,0.0,5,0,positive,cost,0.34,31
@totomomo18,0.0005285621947280118,0.0008849557522123894,0.0,5,0,positive,productivity,0.49565000000000003,43
@Aubstract,0.0005266908127141843,0.0008849557522123894,0.0,5,0,neutral,productivity,0.0,74
@lukemelas,0.0005265322822561536,0.0010619469026548673,0.0,6,0,positive,cost,0.9827,114
@KokumBalani,0.0005173339026450463,0.0007079646017699115,0.0,4,0,neutral,job_displacement,-0.0274,12
@MalikRobot333,0.0005092142527576133,0.0008849557522123894,0.0,5,0,neutral,productivity,0.0,24
@Sm1Ling_man,0.000508291893729071,0.0008849557522123894,0.0,5,0,positive,productivity,0.56945,21
@Tony-dp1rl,0.0005047902077081777,0.0008849557522123894,0.0,5,0,positive,productivity,0.1415625,29
@zenvanriel,0.0005042032450657126,0.0007079646017699115,0.00010336519985263833,4,37,positive,job_displacement,0.4974205128205128,22
@Motsto,0.0005042032450657126,0.0007079646017699115,0.0,4,0,neutral,reliability,0.0,325
@ivoreda,0.0005042032450657126,0.0007079646017699115,0.0,4,0,positive,job_displacement,0.48793333333333333,47
@zdrux,0.0005042032450657126,0.0007079646017699115,0.0,4,0,positive,reliability,0.30283333333333334,195
@perriceitconsulting718,0.0005042032450657126,0.0007079646017699115,0.0,4,1,positive,productivity,0.1806,73
@mikeynocode,0.0005042032450657126,0.0007079646017699115,0.0,4,20,positive,productivity,0.30141666666666667,33
@ChrisSattinger,0.0005042032450657126,0.0007079646017699115,0.0,4,0,negative,reliability,-0.296,49
@rich_in_paradise,0.0005042032450657126,0.0007079646017699115,0.0,4,0,neutral,cost,0.0,9
@txtasosxt,0.0005042032450657126,0.0007079646017699115,0.0,4,0,positive,job_displacement,0.4329,4
@potatoesareking2026,0.0005042032450657126,0.0007079646017699115,0.0,4,0,positive,reliability,0.4767,45
@MrSoloDev,0.0005042032450657126,0.0007079646017699115,0.0,4,0,positive,job_displacement,0.11315,7
@itsMeehow,0.0005042032450657126,0.0008849557522123894,0.0,5,0,positive,job_displacement,0.8181333333333334,140
@JagdishOnYT,0.0005042032450657126,0.0007079646017699115,0.0,4,0,neutral,reliability,0.0,173
@SimZoneStudios,0.0005042032450657126,0.0007079646017699115,0.0,4,0,positive,cost,0.6124,24
@hypershadow570,0.0005042032450657126,0.0007079646017699115,0.0,4,0,positive,job_displacement,0.08040000000000003,4
@minerunss,0.0005042032450657126,0.0007079646017699115,0.0,4,0,positive,job_displacement,0.0772,2
@George........,0.0005042032450657126,0.0008849557522123894,0.0,5,0,neutral,cost,0.0,96
@2A9D8F,0.0005042032450657126,0.0008849557522123894,0.0,5,0,positive,cost,0.5423,49
@fatihcambek6609,0.0005042032450657126,0.0007079646017699115,0.0,4,0,positive,productivity,0.64985,2
@alexd3206,0.0005042032450657126,0.0007079646017699115,0.0,4,0,positive,productivity,0.6739,26
@josephvasconcelos5943,0.0005042032450657126,0.0007079646017699115,0.0,4,0,positive,job_displacement,0.6171500000000001,27
@geneherald8169,0.0005042032450657126,0.0007079646017699115,0.0,4,0,positive,job_displacement,0.7305,147
@SilentGraph120,0.0005005224480031385,0.00017699115044247788,0.0,1,0,positive,job_displacement,0.7936,1
@crem44,0.0004967177170104023,0.0007079646017699115,0.0,4,0,positive,job_displacement,0.5267,25
@jfdev01,0.0004903998402570764,0.0010619469026548673,0.0,6,0,positive,productivity,0.3818,56
@brain_segfault,0.000489232188955092,0.0005309734513274337,0.0,3,0,positive,job_displacement,0.5106,6
@akileshreddy2150,0.00048796394529084647,0.0008849557522123894,0.0,5,0,neutral,reliability,0.0,20
@nolow_life,0.00048183687153702227,0.0005309734513274337,0.0,3,0,positive,productivity,0.05053333333333334,3
@justrobin1234,0.00047984429540341337,0.0008849557522123894,0.0,5,0,negative,productivity,-0.3182,8
@ArdaKaraduman,0.00047610153137575827,0.0007079646017699115,0.0,4,0,negative,job_displacement,-0.656,7
@NeonCoder10,0.00047497250547095355,0.0008849557522123894,0.0,5,0,positive,productivity,0.1366,34
@n55tourist32,0.0004681028097273548,0.0007079646017699115,0.0,4,0,neutral,reliability,0.0,3
@palashjyotiborah9888,0.0004681028097273548,0.0007079646017699115,0.0,4,0,positive,productivity,0.4634666666666667,12
@gdn5001,0.0004681028097273548,0.0007079646017699115,0.0,4,0,negative,job_displacement,-0.3612,44
@shahdiran-p3t,0.0004667756047891608,0.00035398230088495576,0.0,2,0,neutral,unknown,0.0,0
@josejavier19,0.00046673429347910675,0.0007079646017699115,0.0,4,0,positive,reliability,0.6239,8
@DanieleNiero,0.00046454539837777295,0.0005309734513274337,0.0,3,0,positive,productivity,0.26366666666666666,23
@AtlanticAerospace,0.00045548534574111417,0.0007079646017699115,0.0,4,1,negative,reliability,-0.10115,17
@hpabhishek679,0.00045548534574111417,0.0007079646017699115,0.0,4,0,positive,reliability,0.6892,20
@SamiSabirIdrissi,0.00045548534574111417,0.0007079646017699115,0.0,4,0,positive,job_displacement,0.11315,6
@sirotkindavid,0.00045548534574111406,0.0007079646017699115,0.0,4,0,positive,reliability,0.5134,9
@RobbPage,0.0004545031215125708,0.0008849557522123894,7.752389988947875e-05,5,1,positive,job_displacement,0.26436,18
@Jokershadow696,0.0004495293191001472,0.00035398230088495576,0.0,2,0,positive,productivity,0.5935333333333334,9
@IveLearnedSomeThings,0.00044799981768580376,0.0005309734513274337,0.0,3,0,positive,productivity,0.72725,43
@vanthuanluong9398,0.00044784431003041527,0.0008849557522123894,3.975584609716859e-06,5,1,positive,productivity,0.35,55
@bosslogq,0.0004453104813673552,0.0007079646017699115,0.0,4,0,positive,productivity,0.9117999999999999,14
@daxthedestroyer9061,0.0004405142896304934,0.0005309734513274337,0.0,3,0,negative,reliability,-0.3182,30
@mono24,0.0004398801677983707,0.0007079646017699115,0.0,4,0,neutral,productivity,0.0,4
@Tom-ss2ri,0.00043924604596624797,0.0007079646017699115,0.0,4,0,neutral,job_displacement,0.0,99
@anatoliebivol155,0.00043924604596624797,0.0007079646017699115,0.0,4,0,neutral,productivity,0.0,2
@shyam-lev,0.00043924604596624797,0.0007079646017699115,0.0,4,0,positive,productivity,0.4404,105
@comradejones,0.00043924604596624797,0.0007079646017699115,0.0,4,0,positive,job_displacement,0.21303333333333332,33
@Sirus20x6,0.00043924604596624797,0.0007079646017699115,0.0,4,0,neutral,productivity,0.0,43
@georgezorbas9036,0.0004311263960788149,0.0007079646017699115,0.0,4,0,negative,productivity,-0.4738,13
@crackwitz,0.0004311263960788149,0.0007079646017699115,0.0,4,0,negative,reliability,-0.5423,67
@malika_in,0.00043112639607881487,0.0007079646017699115,0.0,4,0,positive,job_displacement,0.4574,38
@jossani6712,0.000426254606146355,0.0007079646017699115,0.0,4,0,positive,job_displacement,0.877,79
@Astral100,0.000426254606146355,0.0007079646017699115,0.0,4,0,neutral,productivity,-0.0276,106
@jakehadley4044,0.0004244830461709151,0.0007079646017699115,0.0,4,0,positive,job_displacement,0.7234,44
@CandyGramForMongo_,0.00042427498985562724,0.0005309734513274337,0.0,3,0,negative,cost,-0.5093,0
@girishkumarkoneru9766,0.0004230067461913818,0.0007079646017699115,0.0,4,0,negative,job_displacement,-0.3182,106
@vinsentKim,0.0004230067461913818,0.0007079646017699115,0.0,4,0,positive,job_displacement,0.89515,77
@JackFrost31162,0.00041843183377242527,0.0007079646017699115,0.0,4,0,neutral,job_displacement,0.0,0
@NickRomanek,0.0004161283014887604,0.0007079646017699115,0.0,4,0,positive,job_displacement,0.37093333333333334,16
@superhero-zj5qc,0.0004149447437432326,0.0007079646017699115,3.312987174764049e-06,4,1,positive,productivity,0.48324999999999996,10
@attoumak,0.0004148870963039487,0.0007079646017699115,0.0,4,0,negative,cost,-0.43113333333333337,6
@Mystic-energy47,0.0004130363699451481,0.0005309734513274337,0.0,3,0,negative,productivity,-0.0772,2
@charliebholtz,0.00041285718383209043,0.0007079646017699115,0.0,4,1,positive,job_displacement,0.8785499999999999,15
@alexkaa,0.00041239192028551193,0.0007079646017699115,0.0,4,0,positive,job_displacement,0.3535,39
@dakshkumarsingh909,0.00040785118461644196,0.0007079646017699115,0.0,4,0,positive,reliability,0.4684333333333333,15
@abyrvalg809,0.0004067881020715427,0.0007079646017699115,5.3007794796224785e-06,4,2,negative,job_displacement,-0.23895,6
@itsmrfreeai,0.0004067674464165156,0.0005309734513274337,0.0,3,0,neutral,reliability,0.0,0
@programmingwithmosh,0.0004067674464165156,0.0005309734513274337,0.0,3,5,positive,job_displacement,0.10575714285714286,20
@anhkind,0.0004067674464165156,0.0005309734513274337,0.0,3,0,positive,productivity,0.4404,0
@AQkrafts,0.0004067674464165156,0.0005309734513274337,0.0,3,0,neutral,reliability,0.0,10
@francoisdebber6256,0.0004067674464165156,0.0005309734513274337,0.0,3,0,positive,reliability,0.3767,23
@lazycornchip,0.0004067674464165156,0.0005309734513274337,0.0,3,0,positive,productivity,0.54,3
@p0r5ch3911,0.0004067674464165156,0.0005309734513274337,0.0,3,0,negative,productivity,-0.2047,32
@A.Y.11,0.0004067674464165156,0.0005309734513274337,0.0,3,0,positive,productivity,0.374075,24
@exploittutorial8689,0.0004067674464165156,0.0005309734513274337,0.0,3,0,positive,reliability,0.4767,7
@Erekle-d1g,0.0004067674464165156,0.0005309734513274337,0.0,3,1,neutral,job_displacement,0.027024999999999993,31
@korbendallasmultipass1524,0.0004067674464165156,0.0005309734513274337,0.0,3,0,positive,job_displacement,0.4144,45
@nathaos-music,0.0004067674464165156,0.0005309734513274337,0.0,3,0,negative,reliability,-0.4019,20
@Nathaniel3D,0.0004067674464165156,0.0005309734513274337,0.0,3,1,negative,reliability,-0.22474999999999998,10
@engineeringmadeasy,0.0004067674464165156,0.0005309734513274337,0.0,3,0,positive,productivity,0.8126,1
@marcoszan9504,0.0004067674464165156,0.0005309734513274337,0.0,3,0,neutral,unknown,0.0,50
@icantchosemyname,0.0004067674464165156,0.0005309734513274337,0.0,3,0,positive,job_displacement,0.9371,52
@mikedqin,0.0004067674464165156,0.0005309734513274337,0.0,3,0,negative,productivity,-0.128,37
@neruppuboy8630,0.0004067674464165156,0.0005309734513274337,0.0,3,0,neutral,reliability,0.0,7
@dinorossi6611,0.0004067674464165156,0.0005309734513274337,0.0,3,0,positive,productivity,0.34115,14
@pranayamr,0.0004067674464165156,0.0005309734513274337,0.0,3,0,neutral,reliability,0.0,2
@lcarv20,0.0004067674464165156,0.0005309734513274337,0.0,3,0,positive,job_displacement,0.3818,98
@khashabriGG,0.0004067674464165156,0.0005309734513274337,0.0,3,0,neutral,job_displacement,0.0,64
@KageBlink,0.0004067674464165156,0.0005309734513274337,0.0,3,0,negative,job_displacement,-0.11930000000000002,21
@conceptsofplans,0.0004067674464165156,0.0005309734513274337,0.0,3,1,negative,productivity,-0.13056666666666664,4
@gouthamvishal007,0.0004067674464165156,0.0005309734513274337,0.0,3,0,positive,productivity,0.80255,147
@pesgamer00,0.0004067674464165156,0.0005309734513274337,0.0,3,0,positive,job_displacement,0.7684,13
@ce9916,0.0004067674464165156,0.0005309734513274337,0.0,3,0,positive,productivity,0.908,27
@StevenRotelli,0.0004067674464165156,0.0005309734513274337,0.0,3,0,negative,productivity,-0.3612,3
@daniel_bartosiewicz,0.0004067674464165156,0.0005309734513274337,0.0,3,0,neutral,productivity,0.0,128
@arjunvr5137,0.0004067674464165156,0.0005309734513274337,0.0,3,0,negative,productivity,-0.3412,8
@wmalexfinlayson,0.0004067674464165156,0.0005309734513274337,0.0,3,0,negative,job_displacement,-0.3252,21
@growwithvinx,0.0004067674464165156,0.0005309734513274337,0.0,3,0,positive,job_displacement,0.8316,2
@kushkushmango,0.0004067674464165156,0.0005309734513274337,0.0,3,0,neutral,productivity,0.0,7
@StefTechSurfer,0.0004067674464165156,0.0005309734513274337,0.0,3,0,neutral,job_displacement,0.0,9
@envolated,0.0004067674464165156,0.0005309734513274337,0.0,3,0,neutral,productivity,0.0,2
@Chase-H-AI,0.0004067674464165156,0.0005309734513274337,0.0,3,2,negative,reliability,-0.09106666666666667,8
@AlphaCubed,0.0004067674464165156,0.0005309734513274337,0.0,3,0,neutral,productivity,-0.014600000000000021,111
@Wealthy_Mindset500,0.0004067674464165156,0.0005309734513274337,0.0,3,0,positive,productivity,0.3612,33
@eusouona,0.0004067674464165156,0.0005309734513274337,0.0,3,0,positive,unknown,0.6369,33
@toddmartin9023,0.0004067674464165156,0.0005309734513274337,0.0,3,0,positive,productivity,0.6956,5
@omoisesmelo,0.000393657444492209,0.0007079646017699115,0.0,4,0,neutral,productivity,0.0,2
@returnZeroo,0.0003917963903058949,0.00035398230088495576,0.0,2,0,negative,job_displacement,-0.4767,19
@LexClips,0.0003917963903058949,0.00035398230088495576,0.0,2,0,positive,reliability,0.9324,12
@Caleb-e7d,0.00039052814664164946,0.0007079646017699115,0.0,4,0,positive,productivity,0.064,2
@SomeRandomUserOFYT,0.0003905281466416494,0.0008849557522123894,0.0,5,0,positive,reliability,0.4939,12
@simmzzzz,0.0003904575409904544,0.0007079646017699115,0.0,4,0,positive,job_displacement,0.1858,23
@WaveOfDestiny,0.0003819793806039352,0.00017699115044247788,0.0,1,0,positive,productivity,0.7269,3
@trader_mist,0.00038191595881615037,0.0007079646017699115,0.0,4,0,negative,productivity,-0.15445,4
@SuperDeluxe80,0.0003785251859384875,0.0007079646017699115,0.0,4,0,positive,productivity,0.4939,217
@udaikaranthakur4997,0.0003768253341952741,0.00017699115044247788,0.0,1,0,neutral,productivity,0.0,1
@necronom,0.0003768253341952741,0.00017699115044247788,0.0,1,0,positive,productivity,0.6486,10
@rodrigoruiz976,0.0003757651468463166,0.0007079646017699115,0.0,4,0,neutral,job_displacement,0.0,18
@MaxRuso,0.00037545868104830744,0.0007079646017699115,0.0,4,0,neutral,job_displacement,0.0,0
@BitPlayerOne,0.00037022902192306674,0.0007079646017699115,0.0,4,0,positive,job_displacement,0.2469,19
@weltbestevideos,0.00036369467661594043,0.00035398230088495576,0.0,2,0,neutral,productivity,0.0,2
@Businessclubnewyork,0.0003580495470919171,0.0005309734513274337,0.0,3,0,neutral,productivity,0.0,17
@lordofpeace25,0.0003580495470919171,0.0005309734513274337,0.0,3,0,neutral,reliability,0.0,13
@reignsvicky,0.0003580495470919171,0.0005309734513274337,0.0,3,0,positive,job_displacement,0.6379,24
@PavlovsDogg,0.0003580495470919171,0.0005309734513274337,0.0,3,0,negative,productivity,-0.1779,69
@222CP,0.0003580495470919171,0.0005309734513274337,0.0,3,2,positive,job_displacement,0.20542,10
@GODSWILLMEDIAANDPHOTOGRAPHY,0.0003580495470919171,0.0005309734513274337,0.0,3,0,positive,reliability,0.4404,1
@newprogrammer-xo8yf,0.0003580495470919171,0.0005309734513274337,0.0,3,0,neutral,reliability,0.0,156
@fritt_wastaken,0.0003580495470919171,0.0005309734513274337,0.0,3,1,positive,productivity,0.16633333333333333,38
@ElevateAutimationSolutions,0.0003580495470919171,0.0005309734513274337,0.0,3,0,positive,productivity,0.3716,6
@halfacanuck,0.00035319019992154777,0.00017699115044247788,0.0,1,1,positive,productivity,0.6088999999999999,1
@silvamoz6299,0.00035319019992154777,0.00017699115044247788,0.0,1,0,positive,unknown,0.4404,1
@maciejlegowicz5834,0.00035319019992154777,0.00017699115044247788,0.0,1,0,positive,productivity,0.7564,1
@kandredfpv,0.00035319019992154777,0.00017699115044247788,0.0,1,0,positive,job_displacement,0.5397,1
@muditace111,0.00035319019992154777,0.00017699115044247788,0.0,1,0,positive,job_displacement,0.8271,1
@gyorgykovesdi,0.00035319019992154777,0.00017699115044247788,0.0,1,0,positive,job_displacement,0.721,1
@Erick-dk5vr,0.00035319019992154777,0.00017699115044247788,0.0,1,0,positive,productivity,0.7351,1
@BillSor,0.00035319019992154777,0.00017699115044247788,0.0,1,0,positive,unknown,0.6249,1
@erwinmuega9223,0.00035319019992154777,0.00017699115044247788,0.0,1,0,positive,job_displacement,0.43779999999999997,1
@SwedishNiceGuy,0.0003510997313860082,0.0007079646017699115,0.0,4,0,neutral,job_displacement,-0.0258,8
@DigitalAdamTech,0.000347609997236646,0.0007079646017699115,0.0,4,0,positive,productivity,0.807,26
@Nberry1,0.00034308975770222023,0.00017699115044247788,0.0,1,0,neutral,job_displacement,0.0,2
@Blind_Minds,0.0003418102473170509,0.0005309734513274337,0.0,3,0,positive,reliability,0.5661,3
@sdwone,0.0003418102473170509,0.0007079646017699115,0.0,4,0,negative,productivity,-0.8525,97
@yvandorier5133,0.0003418102473170509,0.0005309734513274337,0.0,3,0,positive,reliability,0.3825,26
@Noah-nt4tb,0.0003418102473170509,0.0005309734513274337,0.0,3,0,negative,job_displacement,-0.9005,31
@UTJK.,0.0003418102473170509,0.0005309734513274337,0.0,3,0,positive,productivity,0.41350000000000003,72
@IbamChucks,0.0003418102473170509,0.0005309734513274337,1.9877923048584297e-06,3,1,negative,productivity,-0.2271,4
@raoumar9110,0.0003418102473170509,0.0005309734513274337,0.0,3,0,positive,job_displacement,0.4404,12
@LongChen11,0.00034149196924498324,0.00035398230088495576,0.0,2,0,positive,job_displacement,0.3612,0
@HelderCosta-x4z,0.0003393150712986142,0.0005309734513274337,0.0,3,0,neutral,unknown,0.0,1
@DesignCourse,0.00033720009997419045,0.00035398230088495576,0.0,2,0,positive,job_displacement,0.39045,0
@ademineshat,0.00033681989528017733,0.00035398230088495576,0.0,2,0,positive,job_displacement,0.2607333333333333,101
@johnsmith12421,0.00033559296292598597,0.00035398230088495576,0.0,2,1,positive,job_displacement,0.43575,2
@tanalson,0.00033369059742961786,0.0007079646017699115,0.0,4,0,positive,productivity,0.5433,5
@jaskiratsingh3302,0.00033369059742961786,0.0005309734513274337,0.0,3,0,neutral,unknown,0.0,0
@2099EK,0.00033369059742961786,0.0005309734513274337,0.0,3,0,neutral,productivity,0.0,0
@R3ND3RR0R,0.00033369059742961786,0.0005309734513274337,0.0,3,0,positive,job_displacement,0.447225,37
@mickeykimmy,0.00033369059742961786,0.0005309734513274337,0.0,3,0,neutral,job_displacement,0.0,1
@Iron_spider99,0.00033369059742961786,0.0005309734513274337,0.0,3,0,positive,productivity,0.4939,25
@jameswhite5293,0.00033369059742961786,0.0005309734513274337,0.0,3,0,positive,unknown,0.504,8
@CootChick,0.0003218488391695566,0.00017699115044247788,0.0,1,0,positive,productivity,0.8524,1
@DrSleepless,0.0003190752276322383,0.0005309734513274337,0.0,3,0,negative,productivity,-0.9226,15
@mizatt,0.0003190752276322383,0.0005309734513274337,0.0,3,0,neutral,reliability,0.0,16
@umblnc,0.00031849439693827154,0.00035398230088495576,0.0,2,0,positive,job_displacement,0.48305,0
@tauserdev,0.0003168284425435528,0.00035398230088495576,0.0,2,0,positive,job_displacement,0.5913,18
@sobanthegreat1099,0.00031582736767726507,0.0005309734513274337,0.0,3,0,neutral,job_displacement,0.0,0
@rmcf3972,0.00031582736767726507,0.0005309734513274337,0.0,3,0,neutral,productivity,0.0,2
@mazewinther1,0.0003154213851828934,0.0005309734513274337,0.0,3,1,positive,job_displacement,0.47335,7
@AxsRock,0.00031522198652007404,0.00035398230088495576,0.0,2,0,positive,reliability,0.3612,5
@Shkvarka,0.00031497677729134193,0.00017699115044247788,0.0,1,0,positive,productivity,0.09939999999999999,2
@kenniealbritton6390,0.00031397144770299465,0.0005309734513274337,0.0,3,0,positive,job_displacement,0.9086,24
@Julia.Jakubowska,0.00031342029643067706,0.0005309734513274337,0.0,3,0,neutral,unknown,0.0,0
@sunburst8810,0.00031342029643067706,0.0007079646017699115,0.0,4,1,negative,productivity,-0.26376666666666665,2
@JacobEwillx,0.0003131526594790518,0.0005309734513274337,0.0,3,0,positive,productivity,0.22454999999999997,4
@beansplace,0.00031164019529028553,0.00035398230088495576,0.0,2,0,positive,job_displacement,0.44593333333333335,1
@kirillvolsky9022,0.00031124215362318523,0.0005309734513274337,0.0,3,0,negative,job_displacement,-0.2263,0
@Gaokabacha,0.0003093316477673186,0.00035398230088495576,0.0,2,0,positive,cost,0.4767,48
@brunhildehipster3951,0.0003093316477673186,0.00035398230088495576,0.0,2,0,positive,productivity,0.16243333333333332,1
@mmhhh8833,0.0003093316477673186,0.00035398230088495576,0.0,2,0,neutral,reliability,0.0,23
@HectorFranciscoCardonaPinedaXD,0.0003093316477673186,0.00035398230088495576,0.0,2,0,neutral,cost,0.0,5
@The.137,0.0003093316477673186,0.00035398230088495576,0.0,2,0,positive,job_displacement,0.5867,8
@susmitbanerjee6092,0.0003093316477673186,0.00035398230088495576,0.0,2,0,positive,productivity,0.39185,11
@ladyphay,0.0003093316477673186,0.00035398230088495576,0.0,2,0,neutral,productivity,0.0,1
@commonsensedev,0.0003093316477673186,0.00035398230088495576,0.0,2,0,negative,job_displacement,-0.16403333333333336,3
@airviewcinematography,0.0003093316477673186,0.00035398230088495576,0.0,2,0,negative,job_displacement,-0.3382,8
@tylervlive,0.0003093316477673186,0.00035398230088495576,0.0,2,0,positive,job_displacement,0.6114,2
@CptVex,0.0003093316477673186,0.00035398230088495576,0.0,2,0,negative,job_displacement,-0.05135,3
@henryuta,0.0003093316477673186,0.00035398230088495576,0.0,2,0,positive,reliability,0.5267,1
@KuvisoAW,0.0003093316477673186,0.00035398230088495576,0.0,2,0,neutral,productivity,0.0,2
@hashtagnerdz6745,0.0003093316477673186,0.00035398230088495576,0.0,2,0,positive,job_displacement,0.3818,1
@GridlessGrind,0.0003093316477673186,0.00035398230088495576,0.0,2,1,positive,productivity,0.59685,3
@luizfelipemedeiros7506,0.0003093316477673186,0.0005309734513274337,0.0,3,0,positive,job_displacement,0.21443333333333334,0
@Eneong,0.0003093316477673186,0.00035398230088495576,0.0,2,0,neutral,productivity,0.0,24
@roamingdev,0.0003093316477673186,0.00035398230088495576,0.0,2,0,positive,reliability,0.8655,5
@danielvega646,0.0003093316477673186,0.00035398230088495576,0.0,2,0,negative,job_displacement,-0.8442,2
@Sturziii,0.0003093316477673186,0.00035398230088495576,0.0,2,0,positive,productivity,0.1027,7
@陶君-x4l,0.0003093316477673186,0.00035398230088495576,0.0,2,0,negative,job_displacement,-0.4215,5
@minkwak9131,0.0003093316477673186,0.00035398230088495576,0.0,2,0,positive,cost,0.43590000000000007,71
@mXqEditz,0.0003093316477673186,0.00035398230088495576,0.0,2,0,neutral,cost,0.0,21
@tomgusa12,0.0003093316477673186,0.00035398230088495576,0.0,2,0,negative,productivity,-0.2263,2
@troelsgudiksen9900,0.0003093316477673186,0.00035398230088495576,0.0,2,0,negative,job_displacement,-0.7717,1
@TheVillainActor,0.0003093316477673186,0.00035398230088495576,0.0,2,0,positive,job_displacement,0.6858,0
@_Cfocus,0.0003093316477673186,0.00035398230088495576,0.0,2,0,positive,productivity,0.5423,2
@How-I-AI-ed-This,0.0003093316477673186,0.00035398230088495576,0.0,2,0,positive,job_displacement,0.9059,4
@kokasrikanth4323,0.0003093316477673186,0.00035398230088495576,0.0,2,0,positive,productivity,0.4477,3
@Music-lr3nt,0.0003093316477673186,0.00035398230088495576,0.0,2,0,negative,productivity,-0.6486,1
@DmitriZaitsev,0.0003093316477673186,0.00035398230088495576,0.0,2,0,neutral,reliability,0.0,4
@anantrao07,0.0003093316477673186,0.00035398230088495576,0.0,2,0,neutral,productivity,0.0,9
@platonewman,0.0003093316477673186,0.00035398230088495576,0.0,2,0,positive,job_displacement,0.31035,50
@NotHuman-bc1cc,0.0003093316477673186,0.00035398230088495576,0.0,2,0,neutral,reliability,0.0,4
@GNARGNARHEAD,0.0003093316477673186,0.00035398230088495576,0.0,2,0,positive,reliability,0.31245,17
@abdulmobinkarimi6846,0.0003093316477673186,0.00035398230088495576,0.0,2,0,positive,cost,0.4404,8
@ThomasConover,0.0003093316477673186,0.00035398230088495576,0.0,2,0,neutral,productivity,0.0,5
@tbg6nb,0.0003093316477673186,0.00035398230088495576,0.0,2,0,positive,reliability,0.22503333333333334,13
@dogstorme9333,0.0003093316477673186,0.00035398230088495576,1.3251948699056196e-06,2,1,positive,job_displacement,0.20235,1
@yursonfinance,0.0003093316477673186,0.00035398230088495576,0.0,2,0,positive,reliability,0.7996,1
@ojikutu,0.0003093316477673186,0.00035398230088495576,0.0,2,0,positive,productivity,0.69,4
@amerdelic8710,0.0003093316477673186,0.00035398230088495576,0.0,2,0,positive,job_displacement,0.4215,34
@ColeMedin,0.0003093316477673186,0.00035398230088495576,6.360935375546975e-05,2,47,positive,job_displacement,0.5615666666666667,47
@marcolindner9557,0.0003093316477673186,0.00035398230088495576,0.0,2,0,neutral,unknown,0.0,9
@YoSomePerson,0.0003093316477673186,0.00035398230088495576,0.0,2,0,positive,job_displacement,0.24975,2
@Aleixus,0.0003093316477673186,0.00035398230088495576,0.0,2,0,positive,productivity,0.2755,14
@tanysFR,0.0003093316477673186,0.00035398230088495576,0.0,2,0,positive,productivity,0.9186,26
@rasulrzaeeff6772,0.0003093316477673186,0.00035398230088495576,0.0,2,0,positive,productivity,0.8125,22
@saurav1096,0.0003093316477673186,0.00035398230088495576,0.0,2,0,positive,job_displacement,0.6208,6
@LardBucket_,0.0003093316477673186,0.00035398230088495576,0.0,2,0,positive,job_displacement,0.08525000000000002,51
@ЕвгенийСтовпец-м1ь,0.0003093316477673186,0.00035398230088495576,0.0,2,0,negative,productivity,-0.744,237
@DoppsPkin,0.0003093316477673186,0.00035398230088495576,0.0,2,0,positive,reliability,0.25,2
@1966Birger,0.0003093316477673186,0.00035398230088495576,6.625974349528098e-06,2,1,positive,job_displacement,0.13544,12
@devinhedge,0.0003093316477673186,0.00035398230088495576,0.0,2,0,positive,productivity,0.9279,27
@Gosyawka,0.0003093316477673186,0.00035398230088495576,0.0,2,0,positive,cost,0.6369,9
@jaguar-dev,0.0003093316477673186,0.00035398230088495576,0.0,2,0,negative,productivity,-0.6256,10
@dannyng370,0.0003093316477673186,0.00035398230088495576,0.0,2,0,negative,job_displacement,-0.42545,1
@AntonyStarkk,0.0003093316477673186,0.0005309734513274337,0.0,3,0,negative,job_displacement,-0.7404,234
@martinemond1207,0.0003093316477673186,0.00035398230088495576,0.0,2,0,positive,reliability,0.1591,0
anxtyinmgmt,0.0003093316477673186,0.0005309734513274337,0.0,3,0,positive,job_displacement,0.25,0
@uwontlikeit,0.0003093316477673186,0.00035398230088495576,0.0,2,0,neutral,job_displacement,0.0,10
@dougbas3980,0.0003093316477673186,0.00035398230088495576,0.0,2,1,positive,job_displacement,0.5984,28
@ericnewton5720,0.0003093316477673186,0.00035398230088495576,0.0,2,0,positive,job_displacement,0.27849999999999997,7
@anantsingh8724,0.0003093316477673186,0.00035398230088495576,0.0,2,0,positive,job_displacement,0.4549,7
@mlmoreno75,0.0003093316477673186,0.00035398230088495576,0.0,2,0,positive,productivity,0.4524,3
@m.x.,0.0003093316477673186,0.00035398230088495576,0.0,2,0,positive,reliability,0.9757,7
@Ch0rr1s,0.0003093316477673186,0.00035398230088495576,0.0,2,0,positive,job_displacement,0.742,13
@hod7628,0.0003093316477673186,0.00035398230088495576,0.0,2,0,neutral,productivity,0.0,0
@ardenttechie,0.0003093316477673186,0.00035398230088495576,0.0,2,0,neutral,job_displacement,0.0,1
@julianduque,0.0003093316477673186,0.00035398230088495576,0.0,2,0,negative,productivity,-0.4949,38
@optimus_6prime,0.0003093316477673186,0.00035398230088495576,0.0,2,0,positive,job_displacement,0.3612,24
@c5cha7,0.0003093316477673186,0.00035398230088495576,0.0,2,0,positive,reliability,0.6187,7
@Multihuntr0,0.0003093316477673186,0.00035398230088495576,0.0,2,0,positive,job_displacement,0.2516,53
@EdiBig_88,0.0003093316477673186,0.00035398230088495576,0.0,2,0,positive,productivity,0.6486,2
@papciuszkin,0.0003093316477673186,0.00035398230088495576,0.0,2,0,positive,job_displacement,0.26335,49
@muhammadahsanakhtar8322,0.0003093316477673186,0.00035398230088495576,0.0,2,0,neutral,productivity,0.0,1
@YounesAlpha,0.0003093316477673186,0.00035398230088495576,0.0,2,0,positive,job_displacement,0.2732,11
@ByChadz,0.0003093316477673186,0.00035398230088495576,0.0,2,0,positive,reliability,0.3182,33
@gregory7406,0.0003093316477673186,0.00035398230088495576,0.0,2,0,neutral,productivity,0.0,2
@jalbers3150,0.0003093316477673186,0.00035398230088495576,0.0,2,0,negative,job_displacement,-0.21125,6
@nomoredarts42,0.0003093316477673186,0.00035398230088495576,0.0,2,0,neutral,job_displacement,0.0,3
@RomonaFoster,0.0003093316477673186,0.00035398230088495576,0.0,2,0,positive,cost,0.822,3
@UjjwalManandhar,0.0003093316477673186,0.00035398230088495576,0.0,2,0,positive,job_displacement,0.7312,4
@dayone1894,0.0003093316477673186,0.00035398230088495576,0.0,2,0,positive,productivity,0.44815,3
@urssaf343,0.0003093316477673186,0.00035398230088495576,0.0,2,0,positive,job_displacement,0.31845,57
@danhorea33,0.0003093316477673186,0.00035398230088495576,0.0,2,0,neutral,cost,0.0,44
@specialofficerdoofus9297,0.0003093316477673186,0.00035398230088495576,0.0,2,0,negative,productivity,-0.7351,15
@_its.just.regi_,0.0003093316477673186,0.00035398230088495576,0.0,2,0,positive,productivity,0.6249,10
@ShyplayX,0.0003093316477673186,0.00035398230088495576,0.0,2,0,positive,job_displacement,0.4391,1
@fero___3005,0.0003093316477673186,0.00035398230088495576,0.0,2,0,negative,job_displacement,-0.128,0
@kamok1017,0.0003093316477673186,0.00035398230088495576,0.0,2,0,positive,job_displacement,0.525,3
@bommaritohawaii,0.0003093316477673186,0.00035398230088495576,0.0,2,0,negative,job_displacement,-0.5423,3
@casualgamer9075,0.0003093316477673186,0.00035398230088495576,0.0,2,0,negative,reliability,-0.2263,1
@Wahinies,0.0003093316477673186,0.00035398230088495576,0.0,2,4,positive,productivity,0.13033333333333333,273
@antonio_carvalho,0.0003093316477673186,0.00035398230088495576,0.0,2,0,neutral,unknown,0.0,101
@X-101,0.0003093316477673186,0.00035398230088495576,0.0,2,0,positive,job_displacement,0.4404,14
@alirezajalaliyazdi146,0.0003093316477673186,0.00035398230088495576,0.0,2,0,positive,job_displacement,0.9432,8
@mikeholczer,0.0003093316477673186,0.00035398230088495576,0.0,2,0,neutral,reliability,0.0,33
@iviidev,0.0003093316477673186,0.00035398230088495576,0.0,2,0,positive,job_displacement,0.3818,10
@NashBrooklyn,0.0003093316477673186,0.00035398230088495576,0.0,2,0,neutral,productivity,0.008133333333333334,33
@ajinkerahane9758,0.0003093316477673186,0.00035398230088495576,0.0,2,0,neutral,productivity,0.0,11
@trappedcat3615,0.0003093316477673186,0.00035398230088495576,5.3007794796224785e-06,2,3,neutral,job_displacement,-0.02078571428571428,28
@MattFeroz,0.0003093316477673186,0.00035398230088495576,0.0,2,0,positive,cost,0.7783,17
@TheMatrixCoder-b5g,0.0003093316477673186,0.00035398230088495576,0.0,2,0,positive,job_displacement,0.92,39
@gireeshbhat4158,0.0003093316477673186,0.00035398230088495576,0.0,2,0,positive,productivity,0.38389999999999996,7
@glorytoIAM,0.0003093316477673186,0.00035398230088495576,0.0,2,0,neutral,reliability,0.0,1
@sanjusanjeev5851,0.0003093316477673186,0.00035398230088495576,0.0,2,0,negative,productivity,-0.3182,1
@ernsttech5255,0.0003093316477673186,0.00035398230088495576,0.0,2,0,neutral,reliability,0.0,5
@sergioangel8362,0.0003093316477673186,0.00035398230088495576,0.0,2,0,neutral,productivity,0.0,17
@urbanocapucho,0.0003093316477673186,0.00035398230088495576,0.0,2,0,positive,productivity,0.2202,31
@michaeldavies9998,0.0003093316477673186,0.00035398230088495576,0.0,2,0,negative,reliability,-0.296,1
@jimmythepagina7989,0.0003093316477673186,0.00035398230088495576,0.0,2,0,positive,job_displacement,0.9796,4
@Rhythm.Rhapsody,0.0003093316477673186,0.00035398230088495576,0.0,2,1,negative,job_displacement,-0.31885,15
@Dav-jj2jb,0.0003093316477673186,0.00035398230088495576,0.0,2,0,neutral,job_displacement,0.0,74
@imacmill,0.0003093316477673186,0.00035398230088495576,0.0,2,1,neutral,productivity,0.03580000000000001,30
@abhay.vincent,0.0003093316477673186,0.00035398230088495576,0.0,2,0,positive,job_displacement,0.38885,7
@ybchl1090,0.0003093316477673186,0.00035398230088495576,0.0,2,0,positive,cost,0.72635,5
@Tony-m1t1i,0.0003093316477673186,0.00035398230088495576,0.0,2,0,neutral,cost,0.0,1
@gergerger53,0.0003093316477673186,0.00035398230088495576,0.0,2,0,negative,productivity,-0.0516,22
@Kpchan112,0.0003093316477673186,0.00035398230088495576,0.0,2,0,neutral,reliability,0.0,3
@ludolfklenke638,0.0003093316477673186,0.00035398230088495576,0.0,2,0,positive,productivity,0.787,5
@AamirFarooq,0.0003093316477673186,0.00035398230088495576,0.0,2,0,positive,job_displacement,0.3182,3
@BrilliantBatgirl,0.0003093316477673186,0.00035398230088495576,1.0601558959244957e-05,2,3,neutral,job_displacement,-0.0037333333333333294,35
@FreeRojava07462,0.0003093316477673186,0.00035398230088495576,0.0,2,1,positive,job_displacement,0.10415000000000002,2
@omarahmed-gs7op,0.0003093316477673186,0.00035398230088495576,0.0,2,0,neutral,productivity,0.0,0
@bullman09,0.0003093316477673186,0.00035398230088495576,0.0,2,0,positive,productivity,0.8151999999999999,0
@viorelagocs,0.0003026814701332039,0.0005309734513274337,0.0,3,0,neutral,productivity,0.0,49
@lightbourneai,0.0003026814701332039,0.0005309734513274337,0.0,3,0,positive,productivity,0.7964,47
@Numbersssssss,0.00029844924032005634,0.00035398230088495576,0.0,2,0,positive,productivity,0.9124,2
@shrunkensimon,0.0002964222102201623,0.00017699115044247788,0.0,1,0,negative,cost,-0.61195,11
@avidlearner8117,0.0002956389499793359,0.00035398230088495576,0.0,2,0,neutral,job_displacement,0.0,0
@ITAngel,0.00029436059165669794,0.00017699115044247788,0.0,1,0,positive,productivity,0.4404,0
@TruckingEntrepreneurshipFamily,0.00029436059165669794,0.00017699115044247788,0.0,1,0,positive,job_displacement,0.32095,3
@drewdavis597,0.00029436059165669794,0.00017699115044247788,0.0,1,0,positive,productivity,0.4588,0
@MasonJarMassey,0.00029436059165669794,0.00017699115044247788,0.0,1,0,negative,job_displacement,-0.6182000000000001,0
@aboutdamntime,0.00029436059165669794,0.00017699115044247788,0.0,1,0,positive,job_displacement,0.5994,29
@webber7217,0.00029436059165669794,0.00017699115044247788,0.0,1,0,positive,job_displacement,0.4746,1
@Browser-o1t,0.00029436059165669794,0.00017699115044247788,0.0,1,0,positive,reliability,0.8353,0
@gjkuehn,0.00029309234799245246,0.0005309734513274337,0.0,3,0,positive,job_displacement,0.9304,9
@VrkPeru-nw2uv,0.00029309234799245246,0.0005309734513274337,0.0,3,0,negative,job_displacement,-0.5719,6
@wick3nd,0.00029309234799245246,0.0005309734513274337,0.0,3,0,negative,productivity,-0.5038,0
@kenshiman90,0.00029309234799245246,0.0005309734513274337,0.0,3,0,negative,job_displacement,-0.31803333333333333,3
@carmenlogan4430,0.00029309234799245246,0.0005309734513274337,0.0,3,0,negative,job_displacement,-0.7945,7
@ba-h5z,0.00028497269810501936,0.0005309734513274337,0.0,3,0,negative,job_displacement,-0.09466666666666668,64
@sterling-baird,0.0002838560655932309,0.00035398230088495576,0.0,2,0,positive,job_displacement,0.9238999999999999,2
@gemyellow,0.0002801009081725595,0.0005309734513274337,0.0,3,0,negative,job_displacement,-0.4454,4
@Cephalopopo,0.00027685304821758626,0.00035398230088495576,0.0,2,0,positive,job_displacement,0.11760000000000004,4
@AzuraiFrostwing,0.0002718626961807127,0.00035398230088495576,0.0,2,0,negative,job_displacement,-0.8447,4
@sharadrai6138,0.0002703573283076398,0.00035398230088495576,0.0,2,0,positive,productivity,0.3568,20
@MajorPerceptron,0.0002694715483199198,0.0005309734513274337,1.9877923048584297e-06,3,1,positive,productivity,0.17266666666666666,24
@CodeWithAmeen-s7y,0.0002693675201622759,0.00035398230088495576,0.0,2,0,positive,job_displacement,0.9825,10
@JT-ky9gr,0.0002687333983301532,0.0005309734513274337,0.0,3,0,positive,productivity,0.2202,58
@Elenesski,0.00026650408719547554,0.00035398230088495576,1.9877923048584297e-06,2,1,positive,job_displacement,0.3093,24
@MahmoudMohsab,0.0002629336484105581,0.0005309734513274337,0.0,3,0,positive,job_displacement,0.5574,1
@xiu-li,0.00026291057778170273,0.00035398230088495576,0.0,2,0,neutral,reliability,0.03157142857142858,5
@dev_ajay_ai,0.00026230585581919514,0.00035398230088495576,0.0,2,0,positive,reliability,0.7003,2
@pauldacus4590,0.0002606137484427201,0.00035398230088495576,0.0,2,0,positive,job_displacement,0.4939,104
@iamredencio,0.0002606137484427201,0.00035398230088495576,0.0,2,0,positive,job_displacement,0.1901,0
@popothebright,0.0002606137484427201,0.00035398230088495576,0.0,2,0,positive,productivity,0.10730000000000003,560
@maynnemillares,0.0002606137484427201,0.00035398230088495576,0.0,2,0,neutral,cost,0.0,5
@abdullahqureshi7165,0.0002606137484427201,0.00035398230088495576,0.0,2,0,neutral,job_displacement,0.0,13
digdugdirk,0.0002606137484427201,0.00035398230088495576,0.0,2,0,positive,job_displacement,0.8264,0
@Lucassherry-l1y,0.0002606137484427201,0.00035398230088495576,0.0,2,0,neutral,productivity,0.0,7
@furqantarique3484,0.0002606137484427201,0.00035398230088495576,0.0,2,0,positive,job_displacement,0.08617499999999999,11
@kingmike40,0.0002606137484427201,0.00035398230088495576,0.0,2,0,neutral,job_displacement,0.014333333333333345,90
@kamiljangarbacz,0.0002606137484427201,0.00035398230088495576,0.0,2,0,positive,productivity,0.5656000000000001,5
@eContentManager,0.0002606137484427201,0.00035398230088495576,0.0,2,0,neutral,job_displacement,0.0,2
@jaykihikotech,0.0002606137484427201,0.00035398230088495576,0.0,2,0,neutral,job_displacement,-0.0258,0
@getcomann,0.0002606137484427201,0.00035398230088495576,0.0,2,0,positive,reliability,0.34,0
@1gatuquan,0.0002606137484427201,0.00035398230088495576,0.0,2,0,positive,productivity,0.3612,7
@N.A.R.B.Official,0.0002606137484427201,0.00035398230088495576,0.0,2,0,positive,job_displacement,0.5346,0
@ignatiuz3,0.0002606137484427201,0.00035398230088495576,0.0,2,0,positive,job_displacement,0.5411,13
@larryfinley9221,0.0002606137484427201,0.00035398230088495576,0.0,2,0,positive,productivity,0.9022,5
@NorthOfEarth,0.0002606137484427201,0.00035398230088495576,0.0,2,0,positive,unknown,0.064,5
@jameskim2007,0.0002606137484427201,0.00035398230088495576,0.0,2,1,neutral,job_displacement,0.03596666666666667,5
alsodumb,0.0002606137484427201,0.00035398230088495576,0.0,2,0,positive,job_displacement,0.8778,0
@kayhantolga,0.0002606137484427201,0.00035398230088495576,0.0,2,0,neutral,job_displacement,0.0,6
@artyconst,0.0002606137484427201,0.00035398230088495576,0.0,2,0,positive,reliability,0.6124,9
@imbatman999,0.0002606137484427201,0.00035398230088495576,0.0,2,0,neutral,job_displacement,0.0,6
@ReedoTV,0.0002606137484427201,0.00035398230088495576,0.0,2,0,positive,productivity,0.3222,4
@brainrotini99,0.0002606137484427201,0.00035398230088495576,0.0,2,0,positive,productivity,0.8316,5
@DavidNijman,0.0002606137484427201,0.0005309734513274337,0.0,3,0,positive,cost,0.4404,0
@chaz-e,0.0002606137484427201,0.00035398230088495576,2.6503897398112393e-06,2,2,positive,productivity,0.5418,32
@tomeum9704,0.0002606137484427201,0.00035398230088495576,0.0,2,0,positive,job_displacement,0.9642,13
@ikbo,0.0002606137484427201,0.00035398230088495576,0.0,2,0,neutral,productivity,0.0,0
@imy85,0.00025902722670640696,0.00035398230088495576,0.0,2,0,positive,reliability,0.8519,72
@mauricioalvesdemelo1128,0.00025902722670640696,0.00035398230088495576,0.0,2,0,positive,productivity,0.724,33
@ruix-c6g,0.00025902722670640696,0.00035398230088495576,0.0,2,0,positive,job_displacement,0.8539,1
@Micaellaaa4,0.00025902722670640696,0.00035398230088495576,0.0,2,0,positive,productivity,0.7429333333333333,154
@taulantus,0.0002587423664288925,0.0005309734513274337,0.0,3,0,negative,productivity,-0.8314,0
@toadman5184,0.0002577095949728862,0.00035398230088495576,0.0,2,0,positive,productivity,0.06636666666666668,4
@metanacomputercoding,0.00025574195851026023,0.0005309734513274337,0.0,3,0,negative,productivity,-0.1265,1
@Ashley-sd5xn,0.00025574195851026023,0.0005309734513274337,0.0,3,0,positive,productivity,0.5574,51
@FA-TAAA,0.0002536639327368112,0.00035398230088495576,2.5178702528206773e-05,2,2,positive,job_displacement,0.09866666666666667,33
@bahez11,0.0002536639327368112,0.00035398230088495576,0.0,2,0,positive,job_displacement,0.7964,40
@jackbauer322,0.00025312822038740974,0.00017699115044247788,0.0,1,0,neutral,productivity,0.0,6
@drp_bear,0.0002508701685778004,0.0005309734513274337,0.0,3,0,negative,job_displacement,-0.8934,9
@apere2023,0.0002484342736115704,0.0005309734513274337,0.0,3,0,neutral,productivity,0.0,2
@NickSmuts42,0.00024564269233209933,0.00017699115044247788,0.0,1,0,neutral,job_displacement,0.016633333333333333,2
@pavelperina7629,0.00024500857049997664,0.00035398230088495576,1.0601558959244957e-05,2,1,neutral,productivity,0.028099999999999986,1
@mult-ifunctionalservices953,0.00024437444866785396,0.00035398230088495576,0.0,2,0,positive,reliability,0.6369,13
@S.YousafAli,0.00024437444866785396,0.00035398230088495576,0.0,2,0,negative,productivity,-0.1027,145
@Utuber459,0.00024437444866785396,0.00035398230088495576,0.0,2,0,positive,job_displacement,0.4754,156
@martindzeble,0.00024437444866785396,0.00035398230088495576,0.0,2,0,negative,productivity,-0.25,9
@BenyaminM-f4m,0.00024437444866785396,0.00035398230088495576,0.0,2,0,positive,productivity,0.2799,7
@srimani5189,0.00024437444866785396,0.00035398230088495576,0.0,2,0,neutral,productivity,0.0,20
@ThisisMastermind,0.00024437444866785396,0.00035398230088495576,0.0,2,0,negative,productivity,-0.6249,29
@amitsangle1555,0.00024437444866785396,0.00035398230088495576,0.0,2,0,neutral,productivity,0.0,1
@MuchBacon,0.00024437444866785396,0.00035398230088495576,0.0,2,0,negative,cost,-0.3527,2
@bharathmadduri,0.00024437444866785396,0.00035398230088495576,0.0,2,0,positive,reliability,0.5023,0
@nathrichcpp,0.00024437444866785396,0.00035398230088495576,0.0,2,0,positive,reliability,0.8356,1
@Anon-tt9rz,0.00024437444866785396,0.00035398230088495576,0.0,2,0,neutral,job_displacement,0.0,29
@noviorlu,0.00024437444866785396,0.00035398230088495576,0.0,2,0,neutral,job_displacement,0.0,1
@fanyinU,0.00024437444866785396,0.00035398230088495576,0.0,2,0,negative,productivity,-0.5574,3
@kkachilhan-ai,0.00024437444866785396,0.00035398230088495576,0.0,2,0,positive,productivity,0.5334,1
@mpddude1233,0.00024437444866785396,0.00035398230088495576,0.0,2,0,positive,productivity,0.15749999999999997,0
@zarkkhah9160,0.00024437444866785396,0.00035398230088495576,0.0,2,0,positive,reliability,0.6808,17
@btantlinger,0.00024437444866785396,0.00035398230088495576,0.0,2,0,negative,job_displacement,-0.13355,0
@buddysteve5543,0.00024437444866785396,0.00035398230088495576,0.0,2,0,positive,productivity,0.29436,4
@Brandon-ob9rg,0.00024437444866785396,0.00035398230088495576,0.0,2,1,positive,productivity,0.24884,6
@Foreversun33,0.00024437444866785396,0.00035398230088495576,0.0,2,0,neutral,productivity,0.0,0
@JSRJS,0.00024437444866785396,0.00035398230088495576,0.0,2,0,negative,job_displacement,-0.1665,1
@MoPaTography,0.0002411265887128807,0.00035398230088495576,0.0,2,0,positive,job_displacement,0.1806,5
@rohailmadiana8841,0.0002397346487321779,0.00035398230088495576,0.0,2,0,neutral,job_displacement,0.0,2
@MyMooD1600,0.00023759592643066065,0.00035398230088495576,0.0,2,0,positive,job_displacement,0.7579,1
@X-jj9zs,0.00023756294011636548,0.00017699115044247788,0.0,1,0,positive,reliability,0.30063333333333336,2
@XdekHckr,0.00023688892061254354,0.00035398230088495576,7.951169219433719e-06,2,4,positive,reliability,0.16076666666666667,0
@testtestman2355,0.00023625479878042085,0.00035398230088495576,0.0,2,0,negative,productivity,-0.15913333333333335,6
@dennist.9376,0.00023625479878042085,0.00035398230088495576,0.0,2,0,positive,job_displacement,0.923,44
@TheLawind,0.00023625479878042085,0.00035398230088495576,0.0,2,0,positive,productivity,0.1901,3
@Israelxwilliams,0.00023625479878042085,0.00035398230088495576,0.0,2,0,neutral,job_displacement,0.0,0
@ashk3734,0.00023625479878042085,0.00035398230088495576,0.0,2,0,negative,productivity,-0.19196666666666665,0
@Esejoker1389,0.00023625479878042085,0.00035398230088495576,0.0,2,0,positive,productivity,0.08114999999999997,3
@MoIntertains-hk1ix,0.00023625479878042085,0.00035398230088495576,0.0,2,0,neutral,job_displacement,0.0,1
@Dima-w8e1y,0.00023625479878042085,0.00035398230088495576,0.0,2,0,negative,job_displacement,-0.9531,6
@NatureSeeker-37,0.00023625479878042085,0.00035398230088495576,0.0,2,0,positive,reliability,0.07220000000000001,21
@ericgregori,0.00023625479878042085,0.00035398230088495576,0.0,2,0,positive,job_displacement,0.38427500000000003,0
@ameliagabble,0.00023625479878042085,0.00035398230088495576,0.0,2,0,positive,job_displacement,0.4137,4
@delduked,0.00023625479878042085,0.00035398230088495576,0.0,2,0,neutral,job_displacement,0.0,3
@pradeeprao822,0.00023625479878042085,0.00035398230088495576,0.0,2,0,neutral,productivity,0.0,2
@mfpears,0.00023625479878042085,0.00035398230088495576,0.0,2,1,positive,productivity,0.4922,12
@JacquesDupuis,0.00023439374459410678,0.00017699115044247788,0.0,1,0,positive,job_displacement,0.8458333333333333,3
@123smartcontent,0.000231383008847961,0.00035398230088495576,0.0,2,0,positive,productivity,0.5964,3
@CorporateData6,0.000231383008847961,0.00035398230088495576,0.0,2,0,positive,productivity,0.0814,23
sqs,0.000231383008847961,0.00035398230088495576,0.0,2,0,positive,job_displacement,0.59,0
@garydeluce464,0.000231383008847961,0.00035398230088495576,0.0,2,0,positive,reliability,0.7943,6
@Coolkegcomputer,0.00023094738582748594,0.00035398230088495576,0.0,2,0,positive,productivity,0.1511,0
@Mad_Hatter_Matador,0.00022961144887252106,0.00035398230088495576,0.0,2,0,positive,job_displacement,0.4615666666666667,1
@firstcome5740,0.00022961144887252106,0.00035398230088495576,0.0,2,0,positive,job_displacement,0.050550000000000005,2
@StoryBuddies1515,0.0002294033925572332,0.00017699115044247788,0.0,1,0,positive,cost,0.383725,0
@יצחקי-צ6ח,0.00022838879762583685,0.00017699115044247788,0.0,1,0,neutral,productivity,0.0,0
@desireco,0.00022813514889298775,0.00035398230088495576,0.0,2,0,neutral,job_displacement,-0.008950000000000014,1
@kenniejp23,0.00022813514889298775,0.00035398230088495576,0.0,2,0,positive,job_displacement,0.5169,4
@eXacT1337,0.00022630219041587307,0.00035398230088495576,6.625974349528098e-07,2,1,positive,productivity,0.50514,2
@PhilippBriese,0.00022581524892514976,0.00035398230088495576,0.0,2,0,positive,productivity,0.7996,5
@haneulkim4902,0.00022581524892514976,0.00035398230088495576,0.0,2,0,positive,job_displacement,0.1501,1
@HelloKittyFanMan..,0.00022563997287455097,0.00017699115044247788,0.0,1,0,positive,productivity,0.3305363636363637,4
@DarthVader11912,0.00022407532394927123,0.00035398230088495576,0.0,2,0,neutral,productivity,0.0,73
@Mobin92,0.00022344435638308114,0.00035398230088495576,0.0,2,0,neutral,unknown,0.0,1
@TylerSwarm,0.0002231447968561142,0.00035398230088495576,0.0,2,0,positive,job_displacement,0.6249,0
@24pfilms,0.00022313963294235743,0.00035398230088495576,0.0,2,0,positive,reliability,0.73375,19
@SirBenJamin_,0.0002227220489680324,0.00035398230088495576,3.975584609716859e-06,2,2,positive,productivity,0.24077500000000002,36
@uzair-1357,0.00022240037518158855,0.00035398230088495576,0.0,2,0,positive,job_displacement,0.2263,0
@not_a_cool_handle,0.00022222577264733649,0.00017699115044247788,0.0,1,0,positive,job_displacement,0.4939,15
@cortezforever,0.00022125670419036633,0.00035398230088495576,0.0,2,0,positive,productivity,0.2612,3
@IPHONESTORELEGIT,0.00022075364899532134,0.00035398230088495576,0.0,2,0,positive,cost,0.4588,3
@Jbustosalazar,0.0002204625415556346,0.00035398230088495576,0.0,2,0,neutral,productivity,-0.005149999999999988,17
@HassanLatif-x6e,0.00022007314644483856,0.00035398230088495576,0.0,2,0,positive,job_displacement,0.209925,0
@aydoooo,0.00022007314644483856,0.00035398230088495576,0.0,2,0,neutral,reliability,0.0,1
@duytdl,0.00022001549900555468,0.00035398230088495576,1.9877923048584297e-06,2,1,negative,job_displacement,-0.09234999999999999,46
@ericdegaardt,0.00022001549900555468,0.00035398230088495576,0.0,2,0,negative,job_displacement,-0.7043,0
@lev1ato,0.00022001549900555468,0.0005309734513274337,0.0,3,0,positive,reliability,0.4086,1
@AjaySingh-jz8qx,0.0002188700291765069,0.00017699115044247788,0.0,1,0,positive,reliability,0.4404,4
@joecater894,0.00021823929085185826,0.00017699115044247788,0.0,1,0,neutral,job_displacement,0.04510000000000003,0
@dzonialucard,0.00021798558653369642,0.00035398230088495576,0.0,2,0,positive,productivity,0.8417,3
@Kris-to7vh,0.00021798558653369642,0.00035398230088495576,0.0,2,0,positive,productivity,0.2931,2
@itsbare5172,0.00021798558653369642,0.00035398230088495576,0.0,2,0,positive,job_displacement,0.5994,14
@TheSaddlePaddle,0.00021798558653369642,0.00035398230088495576,0.0,2,0,positive,cost,0.6696,6
@RationalAUS,0.00021716264904510522,0.00035398230088495576,0.0,2,0,neutral,reliability,0.0,2
@rishismsm,0.00021716264904510522,0.00035398230088495576,0.0,2,0,neutral,cost,0.0,2
@suryaishnavi,0.00021704989552678264,0.00017699115044247788,0.0,1,0,positive,reliability,0.875,0
@sssubarusss,0.0002169413353436283,0.00035398230088495576,0.0,2,0,negative,job_displacement,-0.6992499999999999,2
@coopernik,0.00021653564905379765,0.00035398230088495576,0.0,2,0,positive,cost,0.1875,4
@theooliveira,0.00021653564905379765,0.00035398230088495576,0.0,2,0,positive,productivity,0.974,126
@jbrock8596,0.00021613218818982582,0.00035398230088495576,0.0,2,0,positive,job_displacement,0.9853,16
@ayshrmaa,0.00021598449778148008,0.00035398230088495576,0.0,2,0,neutral,job_displacement,0.0,0
@ginocipperoni9277,0.00021598449778148008,0.00035398230088495576,0.0,2,0,neutral,reliability,0.0,0
@VideoTestingGrounds,0.00021598449778148008,0.00035398230088495576,0.0,2,0,neutral,job_displacement,0.0,0
@shreyansh0gg,0.00021598449778148008,0.00035398230088495576,0.0,2,0,positive,job_displacement,0.5106,0
@hans-martinstrietzel,0.00021595567406183815,0.00035398230088495576,0.0,2,1,positive,productivity,0.6557666666666667,14
@CoverageAwarenessStudio,0.00021548127270675535,0.00017699115044247788,0.0,1,0,positive,cost,0.2732,0
@ywueeee,0.0002145292490816134,0.00035398230088495576,0.0,2,0,positive,productivity,0.06995,23
@Wackelstein1,0.00021433174408435154,0.00035398230088495576,0.0,2,1,positive,productivity,0.24504285714285715,5
@gabetiger4104,0.00021433174408435154,0.00035398230088495576,0.0,2,0,positive,reliability,0.7506,10
@i-heart-google7132,0.00021421574908595962,0.00035398230088495576,0.0,2,0,positive,job_displacement,0.5913,1
@uncleswag90,0.0002140140186539737,0.00035398230088495576,0.0,2,0,positive,productivity,0.4019,4
@wifitrapper,0.0002140140186539737,0.00035398230088495576,0.0,2,0,neutral,reliability,0.0,2
@rustyd-s9f,0.0002140140186539737,0.00035398230088495576,0.0,2,0,negative,productivity,-0.296,1
@shahidullahmuffakir668,0.0002140140186539737,0.00035398230088495576,0.0,2,0,negative,job_displacement,-0.4215,116
@Chris1234-n2z,0.0002140140186539737,0.00035398230088495576,0.0,2,0,positive,cost,0.46325,1
@aqibmajeed6181,0.0002140140186539737,0.00035398230088495576,0.0,2,0,positive,productivity,0.9531,12
@ItsMudfish,0.000213957467681586,0.00017699115044247788,0.0,1,0,positive,productivity,0.6562,0
@jonmhayden,0.0002138063549739882,0.00035398230088495576,0.0,2,0,positive,reliability,0.7003,14
@PeterVerhas,0.00021351280485417212,0.00017699115044247788,0.0,1,0,positive,productivity,0.4215,1
@skemsen,0.00021297958731804795,0.00035398230088495576,0.0,2,0,neutral,reliability,0.0,0
@manangupta5815,0.00021248281176058662,0.00035398230088495576,0.0,2,0,positive,cost,0.4404,0
@lerorcky,0.00021248281176058662,0.00035398230088495576,0.0,2,0,positive,productivity,0.81065,3
@prav1976,0.00021248281176058662,0.00035398230088495576,0.0,2,0,positive,cost,0.1169,2
@lethaldose2000,0.00021248281176058662,0.00035398230088495576,0.0,2,2,positive,productivity,0.14106666666666665,26
@anirvanlahiri8743,0.00021189584911812163,0.00017699115044247788,0.0,1,0,positive,reliability,0.659,1
@TecToss,0.00021189584911812163,0.00017699115044247788,0.0,1,0,positive,job_displacement,0.9097,0
@Peter_Booth,0.00021189584911812163,0.00017699115044247788,0.0,1,0,positive,job_displacement,0.4215,2
@Winters11,0.00021189584911812163,0.00017699115044247788,0.0,1,0,positive,job_displacement,0.1531,4
@duck245,0.00021189584911812163,0.00017699115044247788,0.0,1,0,neutral,productivity,0.0,1
@67cf-l1x,0.00021189584911812163,0.00017699115044247788,0.0,1,0,positive,productivity,0.5994,0
@chrisistheman692,0.00021189584911812163,0.00017699115044247788,0.0,1,0,neutral,job_displacement,0.0,4
@avinash66,0.00021189584911812163,0.00017699115044247788,0.0,1,0,neutral,productivity,0.0,1
@niubige,0.00021189584911812163,0.00017699115044247788,0.0,1,0,positive,job_displacement,0.0772,2
@yoyoz333,0.00021189584911812163,0.00017699115044247788,0.0,1,0,neutral,job_displacement,0.0,8
@andrechiha7211,0.00021189584911812163,0.00017699115044247788,0.0,1,0,positive,reliability,0.4696,2
@galileo93,0.00021189584911812163,0.00017699115044247788,0.0,1,0,positive,productivity,0.4404,7
@3_14pie,0.00021189584911812163,0.00017699115044247788,0.0,1,0,positive,productivity,0.3953,11
@RC-uk8qs,0.00021189584911812163,0.00017699115044247788,0.0,1,0,positive,job_displacement,0.7506,2
@cicalcical,0.00021189584911812163,0.00017699115044247788,0.0,1,0,negative,productivity,-0.8608,1
@anabelberumen,0.00021189584911812163,0.00017699115044247788,0.0,1,0,neutral,unknown,0.0,1
@peterholzer98,0.00021189584911812163,0.00017699115044247788,0.0,1,0,neutral,productivity,0.0,1
@CJR-f3w,0.00021189584911812163,0.00017699115044247788,0.0,1,0,positive,productivity,0.1867,7
@CarlosGuadamuz-c8w,0.00021189584911812163,0.00017699115044247788,0.0,1,0,neutral,cost,0.0,0
@Oleg_Odarchenko,0.00021189584911812163,0.00017699115044247788,0.0,1,0,negative,productivity,-0.6597,1
@codewithantonio,0.00021189584911812163,0.00017699115044247788,1.5902338438867437e-05,1,22,positive,job_displacement,0.4947695652173913,28
@Paradox3_,0.00021189584911812163,0.00017699115044247788,0.0,1,0,positive,productivity,0.4404,3
@yoDQ,0.00021189584911812163,0.00017699115044247788,0.0,1,0,positive,productivity,0.6369,8
@petesapai4066,0.00021189584911812163,0.00017699115044247788,0.0,1,0,positive,productivity,0.5569,2
@jpgundertanner,0.00021189584911812163,0.00017699115044247788,0.0,1,0,positive,job_displacement,0.5093,4
@tommywong3147,0.00021189584911812163,0.00017699115044247788,0.0,1,0,positive,job_displacement,0.4215,0
@lesaigneurdesagneaus,0.00021189584911812163,0.00017699115044247788,0.0,1,0,positive,reliability,0.4404,2
@MassVideoUploader,0.00021189584911812163,0.00017699115044247788,0.0,1,0,positive,reliability,0.4574,0
@gerardsk8ordie,0.00021189584911812163,0.00017699115044247788,0.0,1,0,positive,productivity,0.2168,0
@voidexereal,0.00021189584911812163,0.00017699115044247788,0.0,1,0,positive,job_displacement,0.2263,2
@thepunisherxxx6804,0.00021189584911812163,0.00017699115044247788,0.0,1,1,positive,job_displacement,0.19837999999999997,15
@ANGELB3AR,0.00021189584911812163,0.00017699115044247788,0.0,1,0,positive,job_displacement,0.4404,1
@1AmGreyy,0.00021189584911812163,0.00017699115044247788,0.0,1,0,positive,job_displacement,0.8466,1
@KameraShy,0.00021189584911812163,0.00017699115044247788,0.0,1,1,positive,productivity,0.2214,1
@hal_wayland,0.00021189584911812163,0.00017699115044247788,0.0,1,0,positive,cost,0.0903,1
@Novica89,0.00021189584911812163,0.00017699115044247788,0.0,1,0,negative,cost,-0.5859,0
@UltraFlameRetardant,0.00021189584911812163,0.00017699115044247788,0.0,1,0,positive,job_displacement,0.28040000000000004,3
@SigmaShakeInc,0.00021189584911812163,0.00017699115044247788,0.0,1,0,neutral,productivity,0.0,3
@wgsmit02,0.00021189584911812163,0.00017699115044247788,0.0,1,0,neutral,reliability,0.0,1
@ttaylor9916,0.00021189584911812163,0.00017699115044247788,0.0,1,0,neutral,job_displacement,0.0,3
@LifeAndWealthOfficial,0.00021189584911812163,0.00017699115044247788,0.0,1,0,negative,productivity,-0.4885,20
@nohome12,0.00021189584911812163,0.00017699115044247788,0.0,1,0,positive,productivity,0.2732,1
@vmthugmemes2373,0.00021189584911812163,0.00017699115044247788,0.0,1,0,neutral,cost,0.0,0
@Tzalive,0.00021189584911812163,0.00017699115044247788,0.0,1,0,negative,job_displacement,-0.5719,2
@DanKavcic,0.00021189584911812163,0.00017699115044247788,0.0,1,0,negative,job_displacement,-0.0516,0
@Ross_an_Artisan,0.00021189584911812163,0.00017699115044247788,0.0,1,0,negative,productivity,-0.743,0
@mdelim3128,0.00021189584911812163,0.00017699115044247788,0.0,1,0,positive,productivity,0.743,0
@bullishvibe,0.00021189584911812163,0.00017699115044247788,0.0,1,0,negative,job_displacement,-0.3182,1
@sigaar-dev,0.00021189584911812163,0.00017699115044247788,0.0,1,0,neutral,job_displacement,0.0,0
@arbaazikk,0.00021189584911812163,0.00017699115044247788,0.0,1,0,positive,reliability,0.4329,2
@garronfish8227,0.00021189584911812163,0.00017699115044247788,0.0,1,0,neutral,productivity,0.0,5
@NabranAboubacar,0.00021189584911812163,0.00017699115044247788,0.0,1,0,positive,job_displacement,0.9528,1
@sametheguitarguy,0.00021189584911812163,0.00017699115044247788,0.0,1,0,positive,productivity,0.2937,2
@nerdobject5351,0.00021189584911812163,0.00017699115044247788,0.0,1,2,positive,reliability,0.18234,9
@RodolfoNoelLozada-t8b,0.00021189584911812163,0.00017699115044247788,0.0,1,0,neutral,job_displacement,0.0,0
@SubQKyle,0.00021189584911812163,0.00017699115044247788,0.0,1,0,negative,productivity,-0.4019,10
@martapfahl940,0.00021189584911812163,0.00017699115044247788,0.0,1,0,positive,productivity,0.08473333333333333,0
@maq3009,0.00021189584911812163,0.00017699115044247788,0.0,1,0,positive,job_displacement,0.23459999999999998,2
@AwakenedVibration,0.00021189584911812163,0.00017699115044247788,0.0,1,0,negative,job_displacement,-0.7783,1
@MatthewEccles,0.00021189584911812163,0.00017699115044247788,0.0,1,0,positive,productivity,0.6199,2
@taureanwooley,0.00021189584911812163,0.00017699115044247788,0.0,1,1,neutral,productivity,0.006166666666666654,3
@RohitSharma-06-10,0.00021189584911812163,0.00017699115044247788,0.0,1,0,positive,reliability,0.3724,0
@zscoder,0.00021189584911812163,0.00017699115044247788,0.0,1,0,negative,reliability,-0.4767,3
@ree1ez442,0.00021189584911812163,0.00017699115044247788,0.0,1,0,positive,job_displacement,0.8622,0
@Two_M-s,0.00021189584911812163,0.00017699115044247788,0.0,1,0,neutral,reliability,0.0,0
@michaelcarpenter9409,0.00021189584911812163,0.00017699115044247788,6.625974349528098e-07,1,1,positive,cost,0.2850333333333333,3
@tapandey938,0.00021189584911812163,0.00017699115044247788,0.0,1,0,negative,job_displacement,-0.4023,0
@Doggy-Fi,0.00021189584911812163,0.00017699115044247788,0.0,1,0,neutral,job_displacement,0.0,0
@jamiewilliams5121,0.00021189584911812163,0.00017699115044247788,0.0,1,0,positive,cost,0.1759,1
@AshanMaduranga-u1p,0.00021189584911812163,0.00017699115044247788,0.0,1,0,negative,productivity,-0.3612,30
@isaachatilima,0.00021189584911812163,0.00017699115044247788,0.0,1,0,positive,cost,0.2732,3
@ER-yb1pu,0.00021189584911812163,0.00017699115044247788,0.0,1,0,positive,job_displacement,0.6476,3
@ff0rtyy,0.00021189584911812163,0.00017699115044247788,0.0,1,0,positive,productivity,0.4215,2
@pepeontour,0.00021189584911812163,0.00017699115044247788,0.0,1,0,neutral,unknown,0.0,14
@FernandoEmanuel-d9l,0.00021189584911812163,0.00017699115044247788,0.0,1,0,positive,productivity,0.6369,7
@javierleiva3838,0.00021189584911812163,0.00017699115044247788,0.0,1,0,neutral,productivity,0.0,3
@malayalamwriter,0.00021189584911812163,0.00017699115044247788,0.0,1,0,positive,productivity,0.1366,0
@skundunew,0.00021189584911812163,0.00017699115044247788,0.0,1,0,positive,productivity,0.4404,1
@Lannd84,0.00021189584911812163,0.00017699115044247788,0.0,1,1,positive,productivity,0.46355,3
@zmagsar,0.00021189584911812163,0.00017699115044247788,0.0,1,0,neutral,job_displacement,0.0,6
@Rainer_Landes,0.00021189584911812163,0.00017699115044247788,0.0,1,0,neutral,productivity,0.0,0
@G.benskillz,0.00021189584911812163,0.00017699115044247788,0.0,1,0,negative,productivity,-0.4404,1
@Person-jw7mk,0.00021189584911812163,0.00017699115044247788,0.0,1,0,negative,productivity,-0.395,20
@Reed_0024,0.00021189584911812163,0.00017699115044247788,0.0,1,0,positive,job_displacement,0.4739,20
@TECHEMPIRESOFT,0.00021189584911812163,0.00017699115044247788,0.0,1,0,neutral,cost,0.0386,1
@suppien,0.00021189584911812163,0.00017699115044247788,0.0,1,0,neutral,job_displacement,0.0,6
@ErickJoseph-g6q,0.00021189584911812163,0.00017699115044247788,0.0,1,0,positive,reliability,0.1007,7
@Paul.Dorobantu,0.00021189584911812163,0.00017699115044247788,0.0,1,0,neutral,job_displacement,-0.04954999999999998,0
@JenniferLynn-zc8zp,0.00021189584911812163,0.00017699115044247788,0.0,1,0,positive,productivity,0.636,0
@cjsamtab7,0.00021189584911812163,0.00017699115044247788,0.0,1,0,neutral,job_displacement,0.0,1
@jamesxprosper,0.00021189584911812163,0.00017699115044247788,0.0,1,0,neutral,job_displacement,0.0,4
@abdellahb1398,0.00021189584911812163,0.00017699115044247788,3.975584609716859e-06,1,2,positive,cost,0.17758,1
@r0b0ho3o,0.00021189584911812163,0.00017699115044247788,0.0,1,0,neutral,productivity,-0.0408,2
@s1eepr709,0.00021189584911812163,0.00017699115044247788,0.0,1,0,positive,reliability,0.1298,2
@nlogn-xf7ly,0.00021189584911812163,0.00017699115044247788,0.0,1,0,neutral,productivity,0.0,12
@dogapeduel,0.00021189584911812163,0.00017699115044247788,0.0,1,0,positive,productivity,0.9523,1
@Xirtamoen,0.00021189584911812163,0.00017699115044247788,0.0,1,0,positive,job_displacement,0.7177,1
@S.A.F707,0.00021189584911812163,0.00017699115044247788,0.0,1,0,positive,unknown,0.4404,1
@sujaybhoi27,0.00021189584911812163,0.00017699115044247788,0.0,1,0,neutral,productivity,0.0,18
@Ariccio123,0.00021189584911812163,0.00017699115044247788,0.0,1,0,positive,job_displacement,0.5859,1
@meirgoldenberg5638,0.00021189584911812163,0.00017699115044247788,0.0,1,0,positive,reliability,0.1909,1
@hugohickman7694,0.00021189584911812163,0.00017699115044247788,0.0,1,0,neutral,reliability,0.0,3
@billydesol,0.00021189584911812163,0.00017699115044247788,0.0,1,0,neutral,productivity,0.0,0
@Moadiii,0.00021189584911812163,0.00017699115044247788,0.0,1,0,positive,productivity,0.5994,2
@3litepker,0.00021189584911812163,0.00017699115044247788,0.0,1,0,negative,productivity,-0.5859,12
@asturagente4731,0.00021189584911812163,0.00017699115044247788,0.0,1,0,positive,reliability,0.6243,6
@TrevysKorner,0.00021189584911812163,0.00017699115044247788,0.0,1,0,positive,cost,0.2294,4
@currentaffairsWithfun,0.00021189584911812163,0.00017699115044247788,0.0,1,0,neutral,job_displacement,0.0027,3
@pxbroccoli,0.00021189584911812163,0.00017699115044247788,0.0,1,0,neutral,job_displacement,0.0,0
@MARTINBRNO,0.00021189584911812163,0.00017699115044247788,0.0,1,0,negative,job_displacement,-0.4939,6
@UrsaBella,0.00021189584911812163,0.00017699115044247788,0.0,1,0,negative,job_displacement,-0.0516,0
@DmitrySF,0.00021189584911812163,0.00017699115044247788,0.0,1,0,negative,job_displacement,-0.5897,15
@adhd.violet,0.00021189584911812163,0.00017699115044247788,0.0,1,0,negative,productivity,-0.5267,1
@renakollmann-suhr9541,0.00021189584911812163,0.00017699115044247788,0.0,1,0,negative,job_displacement,-0.8402,0
@SaifAliKhan-rl1ol,0.00021189584911812163,0.00017699115044247788,0.0,1,0,positive,reliability,0.6369,151
@chatpranks9518,0.00021189584911812163,0.00017699115044247788,0.0,1,0,neutral,unknown,0.0,2
@MattBeckman-lk8jf,0.00021189584911812163,0.00017699115044247788,0.0,1,0,positive,job_displacement,0.4404,28
@plusultra7258,0.00021189584911812163,0.00017699115044247788,0.0,1,1,positive,job_displacement,0.50075,10
@anakinhavadayuruyen,0.00021189584911812163,0.00017699115044247788,0.0,1,0,positive,productivity,0.9039,8
@antonskv,0.00021189584911812163,0.00017699115044247788,0.0,1,0,positive,job_displacement,0.9531,2
@showmethemoney824,0.00021189584911812163,0.00017699115044247788,0.0,1,0,neutral,reliability,0.0,5
@watermelonapple3132,0.00021189584911812163,0.00017699115044247788,0.0,1,0,negative,job_displacement,-0.3472,0
@madhushaurya2360,0.00021189584911812163,0.00017699115044247788,0.0,1,0,positive,productivity,0.46030000000000004,3
@mariusz_stepien,0.00021189584911812163,0.00017699115044247788,0.0,1,0,positive,productivity,0.152,11
@Sam_Moto1,0.00021189584911812163,0.00017699115044247788,0.0,1,0,neutral,job_displacement,0.0,0
@sagarpraveen-n6z,0.00021189584911812163,0.00017699115044247788,0.0,1,0,positive,productivity,0.29295,5
@sainamandg,0.00021189584911812163,0.00017699115044247788,0.0,1,0,neutral,productivity,0.0,6
@lancetv4826,0.00021189584911812163,0.00017699115044247788,0.0,1,0,positive,productivity,0.6908,0
@alana314,0.00021189584911812163,0.00017699115044247788,0.0,1,0,positive,productivity,0.7506,0
@CreativeHubFx,0.00021189584911812163,0.00017699115044247788,0.0,1,0,neutral,productivity,0.0,0
@spartano-ia,0.00021189584911812163,0.00017699115044247788,0.0,1,0,positive,cost,0.3182,0
@LeoBranca-y8o,0.00021189584911812163,0.00017699115044247788,0.0,1,0,positive,productivity,0.8481,21
@paul_devos,0.00021189584911812163,0.00017699115044247788,0.0,1,0,positive,productivity,0.1788,3
@keslauche1779,0.00021189584911812163,0.00017699115044247788,0.0,1,0,positive,job_displacement,0.4552,29
@shafu_xyz,0.00021189584911812163,0.00017699115044247788,0.0,1,0,positive,productivity,0.4198,3
@casper_hansen,0.00021189584911812163,0.00017699115044247788,0.0,1,0,negative,productivity,-0.11374999999999999,2
@kidrmax7165,0.00021189584911812163,0.00017699115044247788,0.0,1,0,negative,productivity,-0.4767,1
@spaikersnc,0.00021189584911812163,0.00017699115044247788,0.0,1,0,neutral,unknown,0.0,0
@AkhileshKumar-e8j5k,0.00021189584911812163,0.00017699115044247788,0.0,1,0,neutral,productivity,0.0,0
@nateherk,0.00021189584911812163,0.00017699115044247788,0.0,1,42,positive,job_displacement,0.41554130434782605,68
@peachyjumpy,0.00021189584911812163,0.00017699115044247788,0.0,1,0,negative,productivity,-0.4939,3
@Smesla,0.00021189584911812163,0.00017699115044247788,0.0,1,0,positive,job_displacement,0.6369,1
@Am5lu,0.00021189584911812163,0.00017699115044247788,0.0,1,0,neutral,job_displacement,0.0,39
@AndyWongXeraph,0.00021189584911812163,0.00017699115044247788,0.0,1,0,positive,job_displacement,0.5307,0
@axelisaacrijosantana9465,0.00021189584911812163,0.00017699115044247788,0.0,1,0,neutral,job_displacement,0.0,0
@alvaroak,0.00021189584911812163,0.00017699115044247788,0.0,1,0,negative,unknown,-0.4137,0
@BR-lx7py,0.00021189584911812163,0.00017699115044247788,0.0,1,0,negative,job_displacement,-0.5719,1
@feelipeson,0.00021189584911812163,0.00017699115044247788,0.0,1,0,neutral,productivity,0.0,0
@doggnamedchip,0.00021189584911812163,0.00017699115044247788,0.0,1,0,neutral,unknown,0.0,3
@lukkash,0.00021189584911812163,0.00017699115044247788,0.0,1,0,positive,reliability,0.42405000000000004,9
@BasicBrute,0.00021189584911812163,0.00017699115044247788,0.0,1,0,neutral,productivity,0.0,3
@buildlackey,0.00021189584911812163,0.00017699115044247788,0.0,1,1,positive,productivity,0.2041,1
@Nhinguyen_2016,0.00021189584911812163,0.00017699115044247788,0.0,1,0,positive,cost,0.8625,0
@Vasu-Devs,0.00021189584911812163,0.00017699115044247788,0.0,1,0,negative,job_displacement,-0.4118,8
@mdhasanshaikh28,0.00021189584911812163,0.00017699115044247788,0.0,1,0,positive,productivity,0.8751,0
@blue-ghost-rider,0.00021189584911812163,0.00017699115044247788,0.0,1,0,positive,job_displacement,0.3612,0
@mrCrashCube,0.00021189584911812163,0.00017699115044247788,0.0,1,0,neutral,unknown,0.0,5
@biggreencrocodile,0.00021189584911812163,0.00017699115044247788,0.0,1,0,neutral,job_displacement,0.0,1
@shivam-shah,0.00021189584911812163,0.00017699115044247788,0.0,1,0,neutral,productivity,0.01935,0
@rosarioterranova,0.00021189584911812163,0.00017699115044247788,0.0,1,0,positive,productivity,0.23225,4
@talktejas,0.00021189584911812163,0.00017699115044247788,0.0,1,0,positive,reliability,0.5574,3
@sidnei15100,0.00021189584911812163,0.00017699115044247788,0.0,1,0,negative,job_displacement,-0.0772,2
@ayushtewari2826,0.00021189584911812163,0.00017699115044247788,0.0,1,0,negative,job_displacement,-0.07955,0
@pathsystems,0.00021189584911812163,0.00017699115044247788,0.0,1,0,positive,productivity,0.82775,0
@larsjansen4245,0.00021189584911812163,0.00017699115044247788,0.0,1,0,positive,reliability,0.5106,1
@SupriyaTechTalks,0.00021189584911812163,0.00017699115044247788,0.0,1,0,positive,reliability,0.3313,2
@RadharaniDutta-jl9hx,0.00021189584911812163,0.00017699115044247788,0.0,1,0,positive,cost,0.2202,6
@SaahilNaik,0.00021189584911812163,0.00017699115044247788,0.0,1,0,positive,reliability,0.5399,3
@businessoftechnology,0.00021189584911812163,0.00017699115044247788,0.0,1,0,positive,job_displacement,0.07745000000000002,18
@2FAyes,0.00021189584911812163,0.00017699115044247788,0.0,1,0,neutral,productivity,0.0,8
@DagimGirma-p2p,0.00021189584911812163,0.00017699115044247788,0.0,1,0,negative,productivity,-0.5719,0
@kdanisman,0.00021189584911812163,0.00017699115044247788,0.0,1,0,negative,reliability,-0.0941,0
@abubakar-z3s8i,0.00021189584911812163,0.00017699115044247788,0.0,1,0,negative,job_displacement,-0.7351,1
@rdhcreations,0.00021189584911812163,0.00017699115044247788,0.0,1,0,positive,reliability,0.3716,1
@nothingtoseehere5760,0.00021189584911812163,0.00017699115044247788,0.0,1,0,negative,reliability,-0.3412,4
@MarlonAndrews,0.00021189584911812163,0.00017699115044247788,0.0,1,0,positive,productivity,0.7227,0
@thenextension9160,0.00021189584911812163,0.00017699115044247788,0.0,1,0,positive,reliability,0.5719,2
@ButtermilkBurden,0.00021189584911812163,0.00017699115044247788,0.0,1,0,positive,job_displacement,0.4767,0
@myworkbase,0.00021189584911812163,0.00017699115044247788,0.0,1,0,positive,productivity,0.8118,0
@AlfieMarsh,0.00021189584911812163,0.00017699115044247788,0.0,1,0,positive,job_displacement,0.681,1
@george_davituri,0.00021189584911812163,0.00017699115044247788,0.0,1,0,positive,reliability,0.47785,38
@LighthouseFoundation501c3,0.00021189584911812163,0.00017699115044247788,0.0,1,0,positive,reliability,0.5081,1
@saiKrishna-dm7kq,0.00021189584911812163,0.00017699115044247788,0.0,1,0,negative,job_displacement,-0.6712,4
@vladkuz6974,0.00021189584911812163,0.00017699115044247788,0.0,1,0,positive,productivity,0.5504,3
@Patrick_Lee_Zepeda,0.00021189584911812163,0.00017699115044247788,0.0,1,0,positive,job_displacement,0.63985,0
@victorgarcia3526,0.00021189584911812163,0.00017699115044247788,0.0,1,0,positive,productivity,0.9476,0
@endomorfine,0.00021189584911812163,0.00017699115044247788,0.0,1,0,negative,productivity,-0.2748,7
@Steve8708,0.00021189584911812163,0.00017699115044247788,0.0,1,8,positive,productivity,0.2979444444444444,150
@mirkafarkasova2425,0.00021189584911812163,0.00017699115044247788,0.0,1,0,positive,productivity,0.3412,2
@PixelTrainer.,0.00021189584911812163,0.00017699115044247788,0.0,1,0,negative,productivity,-0.4019,1
@shadowsir,0.00021189584911812163,0.00017699115044247788,0.0,1,0,positive,productivity,0.87095,0
@albertvargasUX,0.00021189584911812163,0.00017699115044247788,0.0,1,0,positive,productivity,0.5904,17
@TrueDebendra,0.00021189584911812163,0.00017699115044247788,0.0,1,0,neutral,reliability,0.0,0
@allanschramm,0.00021189584911812163,0.00017699115044247788,0.0,1,0,neutral,reliability,0.0,3
@chadsmith71,0.00021189584911812163,0.00017699115044247788,0.0,1,0,positive,job_displacement,0.3612,6
@plog-online,0.00021189584911812163,0.00017699115044247788,0.0,1,0,positive,job_displacement,0.9251,3
@UnchainedSky,0.00021189584911812163,0.00017699115044247788,0.0,1,0,positive,productivity,0.5497333333333333,1
@bernaridho,0.00021189584911812163,0.00017699115044247788,0.0,1,0,negative,job_displacement,-0.3389,0
@ДмитрийХохлов-с8в,0.00021189584911812163,0.00017699115044247788,0.0,1,0,positive,job_displacement,0.4404,1
@ducbui5270,0.00021189584911812163,0.00017699115044247788,0.0,1,0,positive,productivity,0.3612,2
@su1ka,0.00021189584911812163,0.00017699115044247788,0.0,1,0,positive,cost,0.7717,2
@barrycaty,0.00021189584911812163,0.00017699115044247788,0.0,1,0,positive,reliability,0.3384,2
@T.N.T.84,0.00021189584911812163,0.00017699115044247788,0.0,1,1,positive,cost,0.46265,0
@jb_swamp,0.00021189584911812163,0.00017699115044247788,0.0,1,0,negative,productivity,-0.7351,1
@eatingpetsforfun,0.00021189584911812163,0.00017699115044247788,0.0,1,0,neutral,job_displacement,0.0,0
@GenAImagic,0.00021189584911812163,0.00017699115044247788,0.0,1,0,positive,cost,0.3612,1
@cenanium,0.00021189584911812163,0.00017699115044247788,0.0,1,0,positive,job_displacement,0.2144,1
@mikeoffenbecher2416,0.00021189584911812163,0.00017699115044247788,0.0,1,0,positive,reliability,0.3179,2
@pH7Programming,0.00021189584911812163,0.00017699115044247788,0.0,1,1,positive,unknown,0.24340000000000003,12
@Flugsvampar,0.00021189584911812163,0.00017699115044247788,0.0,1,0,positive,reliability,0.6024,0
@prashantsurti2029,0.00021189584911812163,0.00017699115044247788,0.0,1,0,negative,job_displacement,-0.20850000000000002,0
@VonjiniainaMirado,0.00021189584911812163,0.00017699115044247788,0.0,1,1,positive,job_displacement,0.3981333333333333,17
@palpatine6085,0.00021189584911812163,0.00017699115044247788,0.0,1,0,neutral,job_displacement,0.0,0
@rhodaborrocks1654,0.00021189584911812163,0.00017699115044247788,0.0,1,0,positive,job_displacement,0.4497,1
@nakul4387,0.00021189584911812163,0.00017699115044247788,0.0,1,0,positive,job_displacement,0.5106,0
@vladbarbu3372,0.00021189584911812163,0.00017699115044247788,0.0,1,0,neutral,productivity,0.0,1
@alexanderbock7460,0.00021189584911812163,0.00017699115044247788,0.0,1,0,positive,productivity,0.7178,0
@nasimautomates,0.00021189584911812163,0.00017699115044247788,0.0,1,0,positive,job_displacement,0.3738,1
@AlexGordon-j6u,0.00021189584911812163,0.00017699115044247788,0.0,1,0,positive,productivity,0.8273,40
@harveybc,0.00021189584911812163,0.00017699115044247788,0.0,1,0,positive,job_displacement,0.9104,0
@David-1-1-4,0.00021189584911812163,0.00017699115044247788,0.0,1,0,neutral,reliability,0.0,3
@katieprice9757,0.00021189584911812163,0.00017699115044247788,0.0,1,0,positive,reliability,0.6124,0
@bgtyhnmju7,0.00021189584911812163,0.00017699115044247788,0.0,1,0,positive,productivity,0.9643,2
@brvheavyhitter20,0.00021189584911812163,0.00017699115044247788,0.0,1,0,positive,reliability,0.168,1
@afrozmansuri-mb2vx,0.00021189584911812163,0.00017699115044247788,0.0,1,0,positive,productivity,0.6358,0
@wf6759,0.00021189584911812163,0.00017699115044247788,0.0,1,1,positive,job_displacement,0.551,3
@sumayarahman1412,0.00021189584911812163,0.00017699115044247788,0.0,1,0,positive,job_displacement,0.5106,0
@StephonsDoom,0.00021189584911812163,0.00017699115044247788,0.0,1,0,negative,cost,-0.0516,1
@journeytoCTO,0.00021189584911812163,0.00017699115044247788,0.0,1,0,positive,job_displacement,0.5719,78
@jpfeiffer1380,0.00021189584911812163,0.00017699115044247788,0.0,1,0,neutral,job_displacement,0.0,2
@ashwanipal-ox8pl,0.00021189584911812163,0.00017699115044247788,0.0,1,0,positive,productivity,0.4939,2
@winwithai-2026,0.00021189584911812163,0.00017699115044247788,0.0,1,0,negative,reliability,-0.4023,2
@shabgard7h,0.00021189584911812163,0.00017699115044247788,0.0,1,0,negative,job_displacement,-0.7044,5
@blushandrush9584,0.00021189584911812163,0.00017699115044247788,0.0,1,0,neutral,reliability,0.0,1
@thepuppetqueen57,0.00021189584911812163,0.00017699115044247788,0.0,1,0,positive,productivity,0.47475,2
@RaceKaiser-e6j,0.00021189584911812163,0.00017699115044247788,0.0,1,0,positive,productivity,0.9432,0
@theonlymaster9374,0.00021189584911812163,0.00017699115044247788,0.0,1,0,negative,job_displacement,-0.631,47
@matberta706,0.00021189584911812163,0.00017699115044247788,0.0,1,0,positive,productivity,0.87015,3
@ErikB605,0.00021189584911812163,0.00017699115044247788,0.0,1,0,positive,job_displacement,0.6705,10
@davidv4426,0.00021189584911812163,0.00017699115044247788,0.0,1,0,positive,job_displacement,0.8475,10
@jurknu,0.00021189584911812163,0.00017699115044247788,0.0,1,0,neutral,reliability,0.0,2
@FullTimeMotorhome,0.00021189584911812163,0.00017699115044247788,0.0,1,0,positive,job_displacement,0.9306,7
@funarfiif982,0.00021189584911812163,0.00017699115044247788,0.0,1,0,neutral,job_displacement,0.0,3
@amerrashed6287,0.00021189584911812163,0.00017699115044247788,0.0,1,0,positive,job_displacement,0.8728,1
@alishapenny,0.00021189584911812163,0.00017699115044247788,0.0,1,0,negative,productivity,-0.8384,8
@enmanuel_,0.00021189584911812163,0.00017699115044247788,0.0,1,0,positive,job_displacement,0.7964,1
@IrrationalTriangle,0.00021189584911812163,0.00017699115044247788,0.0,1,0,positive,productivity,0.516,1
@darwinkusuma6757,0.00021189584911812163,0.00017699115044247788,0.0,1,0,positive,job_displacement,0.9159,13
@min-k2689,0.00021189584911812163,0.00017699115044247788,0.0,1,0,negative,job_displacement,-0.1027,0
@kp9883,0.00021189584911812163,0.00017699115044247788,0.0,1,0,positive,productivity,0.296,1
@max36047,0.00021189584911812163,0.00017699115044247788,0.0,1,0,negative,productivity,-0.8296,1
@shamsulhuda2617,0.00021189584911812163,0.00017699115044247788,0.0,1,0,positive,reliability,0.75,1
@reallyfe_jeff,0.00021189584911812163,0.00017699115044247788,0.0,1,0,positive,job_displacement,0.6369,1
@mavor101,0.00021189584911812163,0.00017699115044247788,0.0,1,1,positive,job_displacement,0.22176,3
@aaaxxx5152,0.00021189584911812163,0.00017699115044247788,0.0,1,0,negative,reliability,-0.5445,0
@iosascha1,0.00021189584911812163,0.00017699115044247788,0.0,1,0,positive,reliability,0.9354,11
@LisaSame,0.00021189584911812163,0.00017699115044247788,0.0,1,0,neutral,job_displacement,0.0,0
@kingjudecole,0.00021189584911812163,0.00017699115044247788,0.0,1,0,positive,productivity,0.0772,6
@markusmcgee,0.00021189584911812163,0.00017699115044247788,0.0,1,0,positive,productivity,0.3956,3
@hvgaming2347,0.00021189584911812163,0.00017699115044247788,0.0,1,0,neutral,job_displacement,0.0,0
@eliporter3980,0.00021189584911812163,0.00017699115044247788,0.0,1,0,positive,productivity,0.0772,4
@pablot-r9402,0.00021189584911812163,0.00017699115044247788,0.0,1,0,positive,job_displacement,0.6946,2
@lockdowntrendings1207,0.00021189584911812163,0.00017699115044247788,0.0,1,0,neutral,unknown,0.0,0
@barrywhittingham6154,0.00021189584911812163,0.00017699115044247788,0.0,1,0,positive,reliability,0.1154,2
@extrema,0.00021189584911812163,0.00017699115044247788,0.0,1,0,positive,productivity,0.2484,0
@AS-hz2lx,0.00021189584911812163,0.00017699115044247788,0.0,1,0,positive,job_displacement,0.29755,0
@wintham,0.00021189584911812163,0.00017699115044247788,0.0,1,0,positive,job_displacement,0.5267,0
@JessieS,0.00021189584911812163,0.00017699115044247788,0.0,1,0,positive,productivity,0.0688,56
@TheMatop,0.00021189584911812163,0.00017699115044247788,0.0,1,0,neutral,reliability,0.0,1
@chrisjones469,0.00021189584911812163,0.00017699115044247788,0.0,1,0,positive,job_displacement,0.92475,1
@2Extremum,0.00021189584911812163,0.00017699115044247788,0.0,1,0,positive,job_displacement,0.212,3
@patrickthayer4060,0.00021189584911812163,0.00017699115044247788,0.0,1,0,neutral,productivity,0.0,0
@AchovChristian-l7j,0.00021189584911812163,0.00017699115044247788,0.0,1,0,neutral,productivity,0.0,0
@SteveHare-j6h,0.00021189584911812163,0.00017699115044247788,0.0,1,0,neutral,job_displacement,0.0,1
@gelosoor4281,0.00021189584911812163,0.00017699115044247788,0.0,1,0,positive,job_displacement,0.68415,1
@derstreber2,0.00021189584911812163,0.00017699115044247788,0.0,1,0,neutral,reliability,0.0,2
@ridhams4639,0.00021189584911812163,0.00017699115044247788,0.0,1,0,positive,productivity,0.4696,1
@BobbyBundlez,0.00021189584911812163,0.00017699115044247788,0.0,1,0,negative,productivity,-0.1940666666666667,0
@fredericocorrea9814,0.00021189584911812163,0.00017699115044247788,0.0,1,0,positive,productivity,0.506,0
@skyleonidas9270,0.00021189584911812163,0.00017699115044247788,0.0,1,0,positive,productivity,0.1265,0
@SENSI-11,0.00021189584911812163,0.00017699115044247788,0.0,1,1,positive,productivity,0.86545,7
@SumanBiswas-d4m,0.00021189584911812163,0.00017699115044247788,0.0,1,0,positive,reliability,0.3459,2
@s.s.2079,0.00021189584911812163,0.00017699115044247788,0.0,1,0,neutral,productivity,0.0,11
@ethanbeacom,0.00021189584911812163,0.00017699115044247788,0.0,1,0,positive,reliability,0.5106,4
@smitpatel-rl5jb,0.00021189584911812163,0.00017699115044247788,0.0,1,0,neutral,cost,0.0,0
@derivativesGod,0.00021189584911812163,0.00017699115044247788,0.0,1,0,neutral,cost,0.0,21
@andrez76,0.00021189584911812163,0.00017699115044247788,0.0,1,0,neutral,job_displacement,0.0,1
@MrKar18,0.00021189584911812163,0.00017699115044247788,0.0,1,0,positive,productivity,0.4939,0
@sxs5762,0.00021189584911812163,0.00017699115044247788,0.0,1,0,neutral,cost,0.0,3
@adrielomalley,0.00021189584911812163,0.00017699115044247788,0.0,1,0,positive,cost,0.8296333333333333,5
@may_strong_for_me,0.00021189584911812163,0.00017699115044247788,0.0,1,1,negative,productivity,-0.050949999999999995,0
@alishbagiavani,0.00021189584911812163,0.00017699115044247788,0.0,1,0,neutral,unknown,0.0,0
@lifescience9474,0.00021189584911812163,0.00017699115044247788,0.0,1,0,neutral,cost,0.0,1
@modernvibecoding,0.00021189584911812163,0.00017699115044247788,0.0,1,0,positive,productivity,0.5859,9
@GodMitzi,0.00021189584911812163,0.00017699115044247788,0.0,1,0,neutral,productivity,0.0,0
@lendumore,0.00021189584911812163,0.00017699115044247788,0.0,1,0,negative,productivity,-0.4767,0
@sslainn,0.00021189584911812163,0.00017699115044247788,0.0,1,0,neutral,productivity,0.03689999999999999,216
@otnarps,0.00021189584911812163,0.00017699115044247788,6.625974349528098e-07,1,1,positive,cost,0.10413333333333334,0
@rajjaiswalsaumya,0.00021189584911812163,0.00017699115044247788,0.0,1,0,neutral,job_displacement,0.0,13
@KajalGupta-el1sr,0.00021189584911812163,0.00017699115044247788,0.0,1,0,positive,job_displacement,0.7579,1
@minevicg,0.00021189584911812163,0.00017699115044247788,0.0,1,0,neutral,productivity,0.0,0
@getrektnow,0.00021189584911812163,0.00017699115044247788,0.0,1,0,positive,productivity,0.8658,40
@1lucas,0.00021189584911812163,0.00017699115044247788,0.0,1,0,neutral,reliability,0.0,0
@Saboor-Hamedi,0.00021189584911812163,0.00017699115044247788,0.0,1,0,negative,job_displacement,-0.24705000000000002,7
@MPee76,0.00021189584911812163,0.00017699115044247788,0.0,1,0,positive,job_displacement,0.5106,1
@frederickjackson8491,0.00021189584911812163,0.00017699115044247788,0.0,1,0,neutral,reliability,0.0,0
@syahidali6125,0.00021189584911812163,0.00017699115044247788,0.0,1,0,negative,reliability,-0.296,0
@kryptoknight992,0.00021189584911812163,0.00017699115044247788,0.0,1,0,positive,job_displacement,0.8682,2
@MergulhaoFull,0.00021189584911812163,0.00017699115044247788,0.0,1,0,neutral,reliability,0.0,0
@elixer_prince,0.00021189584911812163,0.00017699115044247788,0.0,1,0,positive,productivity,0.125,0
@adriaandavel9540,0.00021189584911812163,0.00017699115044247788,0.0,1,0,positive,productivity,0.6204,4
@Cbjh5p,0.00021189584911812163,0.00017699115044247788,0.0,1,0,negative,productivity,-0.418,1
@attribute-4677,0.00021189584911812163,0.00017699115044247788,0.0,1,3,positive,reliability,0.1534,14
@MrAwesomeTheBruce,0.00021189584911812163,0.00017699115044247788,0.0,1,0,neutral,reliability,0.0,4
@OneFlex3,0.00021189584911812163,0.00017699115044247788,0.0,1,0,positive,unknown,0.22934000000000002,11
@UbtexyjvduJevehejvrj,0.00021189584911812163,0.00017699115044247788,0.0,1,0,positive,reliability,0.7939,0
@snapbobnors7732,0.00021189584911812163,0.00017699115044247788,0.0,1,0,positive,job_displacement,0.4404,158
@Mutex30,0.00021189584911812163,0.00017699115044247788,1.3251948699056196e-06,1,1,positive,job_displacement,0.565475,2
@Iranianyoutubers,0.00021189584911812163,0.00017699115044247788,0.0,1,0,neutral,reliability,0.0,0
@N7__7,0.00021189584911812163,0.00017699115044247788,1.3251948699056196e-06,1,2,positive,job_displacement,0.4005666666666667,1
@zanmlakar9803,0.00021189584911812163,0.00017699115044247788,0.0,1,0,positive,productivity,0.541,2
@MahmoudMarzouk-v3w,0.00021189584911812163,0.00017699115044247788,0.0,1,0,neutral,job_displacement,0.0,0
@alexawunor8853,0.00021189584911812163,0.00017699115044247788,0.0,1,0,positive,productivity,0.9324,1
@johnvardy9559,0.00021189584911812163,0.00017699115044247788,0.0,1,0,neutral,job_displacement,0.0,0
@AlexAegisOfficial,0.00021189584911812163,0.00017699115044247788,0.0,1,0,positive,productivity,0.1901,98
@FaintApp,0.00021189584911812163,0.00017699115044247788,0.0,1,0,positive,job_displacement,0.30965,1
@DavidVicenteLopesPaulino,0.00021189584911812163,0.00017699115044247788,0.0,1,0,positive,job_displacement,0.6369,1
@fireside.fables,0.00021189584911812163,0.00017699115044247788,0.0,1,0,negative,cost,-0.2057,2
@PANKESHajnar-h7s,0.00021189584911812163,0.00017699115044247788,0.0,1,0,positive,productivity,0.5267,21
@studbud-qw3yo,0.00021189584911812163,0.00017699115044247788,0.0,1,0,neutral,productivity,0.0,4
@filimonf,0.00021189584911812163,0.00017699115044247788,0.0,1,0,positive,productivity,0.2869,0
@tahircivan,0.00021189584911812163,0.00017699115044247788,0.0,1,0,positive,productivity,0.7712,3
@annacurransmotherofmeghanc1841,0.00021189584911812163,0.00017699115044247788,0.0,1,2,positive,job_displacement,0.054157142857142855,8
@ITudoko-ci5ku,0.00021189584911812163,0.00017699115044247788,0.0,1,0,neutral,job_displacement,0.0,0
@rodrigodip,0.00021189584911812163,0.00017699115044247788,0.0,1,0,negative,job_displacement,-0.25,0
@OptimizingForwardToSuccess,0.00021189584911812163,0.00017699115044247788,0.0,1,0,positive,job_displacement,0.34,0
@s.i.m.c.a,0.00021189584911812163,0.00017699115044247788,0.0,1,0,negative,job_displacement,-0.296,2
@ele6133,0.00021189584911812163,0.00017699115044247788,0.0,1,0,positive,reliability,0.3612,0
@EdgarSanchez-ss9qi,0.00021189584911812163,0.00017699115044247788,0.0,1,0,positive,job_displacement,0.7906,1
@juicyiscoolcrxxx,0.00021189584911812163,0.00017699115044247788,0.0,1,0,positive,job_displacement,0.4937,2
@M3mphis._,0.00021189584911812163,0.00017699115044247788,0.0,1,0,neutral,cost,0.0,28
@nerd-p7b,0.00021189584911812163,0.00017699115044247788,0.0,1,0,neutral,job_displacement,0.0,0
@_Redu,0.00021189584911812163,0.00017699115044247788,0.0,1,1,positive,job_displacement,0.4598,2
@harrisn3693,0.00021189584911812163,0.00017699115044247788,0.0,1,0,positive,job_displacement,0.4588,18
@GregM,0.00021189584911812163,0.00017699115044247788,0.0,1,0,neutral,job_displacement,0.0,0
@nithikanb,0.00021189584911812163,0.00017699115044247788,0.0,1,0,positive,job_displacement,0.8478,2
@theMuritz,0.00021189584911812163,0.00017699115044247788,0.0,1,0,positive,productivity,0.9164,7
@MassVideoUploading,0.00021189584911812163,0.00017699115044247788,0.0,1,0,positive,reliability,0.7351,0
@DGallowaytheGrumbus,0.00021189584911812163,0.00017699115044247788,0.0,1,0,negative,productivity,-0.3818,3
@d0ka,0.00021189584911812163,0.00017699115044247788,0.0,1,0,negative,job_displacement,-0.6249,2
@newjx,0.00021189584911812163,0.00017699115044247788,0.0,1,0,neutral,cost,0.0,0
@Matrix_AI_16,0.00021189584911812163,0.00017699115044247788,0.0,1,0,positive,productivity,0.5171,0
@Serg-ht2sl,0.00021189584911812163,0.00017699115044247788,0.0,1,0,positive,productivity,0.33740000000000003,0
@doge_69,0.00021189584911812163,0.00017699115044247788,0.0,1,0,positive,productivity,0.4404,0
@lumbee1986,0.00021189584911812163,0.00017699115044247788,0.0,1,0,positive,productivity,0.6124,2
@matt_b54,0.00021189584911812163,0.00017699115044247788,0.0,1,0,positive,job_displacement,0.9006,1
@MERIAMSIKINI,0.00021189584911812163,0.00017699115044247788,0.0,1,0,positive,job_displacement,0.5106,0
@createwroman,0.00021189584911812163,0.00017699115044247788,0.0,1,0,negative,reliability,-0.18655,6
@JasonBulsa,0.00021189584911812163,0.00017699115044247788,0.0,1,0,positive,job_displacement,0.4872,10
@CsekmeKrisztianHUN,0.00021189584911812163,0.00017699115044247788,0.0,1,0,positive,job_displacement,0.2023,0
@eyesofatiger1,0.00021189584911812163,0.00017699115044247788,0.0,1,0,negative,productivity,-0.4696,0
@R_i_c_k__V,0.00021189584911812163,0.00017699115044247788,0.0,1,0,neutral,job_displacement,0.0,1
@okami3829,0.00021189584911812163,0.00017699115044247788,0.0,1,0,negative,job_displacement,-0.2411,0
@fireplayer1349,0.00021189584911812163,0.00017699115044247788,0.0,1,0,positive,job_displacement,0.0772,0
@lola_rose,0.00021189584911812163,0.00017699115044247788,0.0,1,0,positive,job_displacement,0.4753,2
@NOTHING_6767,0.00021189584911812163,0.00017699115044247788,0.0,1,0,positive,job_displacement,0.9442,4
@Lmn-b4o,0.00021189584911812163,0.00017699115044247788,0.0,1,0,neutral,unknown,0.0,0
@techiemoonstudios,0.00021189584911812163,0.00017699115044247788,0.0,1,0,negative,reliability,-0.631,3
@amilcarjosesanchez,0.00021189584911812163,0.00017699115044247788,0.0,1,0,neutral,job_displacement,-0.0258,25
@abdulmohsin5939,0.00021189584911812163,0.00017699115044247788,0.0,1,0,negative,productivity,-0.5256,2
@NaijaTransformHub,0.00021189584911812163,0.00017699115044247788,0.0,1,0,positive,productivity,0.5574,0
@DingBatMcGuire,0.00021189584911812163,0.00017699115044247788,0.0,1,0,negative,productivity,-0.3869,1
@databridgeconsultants9163,0.00021189584911812163,0.00017699115044247788,0.0,1,0,positive,job_displacement,0.6705,0
@hennermartin9260,0.00021189584911812163,0.00017699115044247788,0.0,1,0,positive,job_displacement,0.7301,8
@artmen1516,0.00021189584911812163,0.00017699115044247788,0.0,1,0,positive,unknown,0.4767,1
@WyMustIGo,0.00021189584911812163,0.00017699115044247788,0.0,1,0,positive,productivity,0.7096,0
@stevereid636,0.00021189584911812163,0.00017699115044247788,0.0,1,0,negative,productivity,-0.09045,0
@Noob-oc1wp,0.00021189584911812163,0.00017699115044247788,0.0,1,0,positive,job_displacement,0.42955,0
@saddam-shah-v5z,0.00021189584911812163,0.00017699115044247788,0.0,1,0,neutral,productivity,0.0085,1
@vipin_sb,0.00021189584911812163,0.00017699115044247788,0.0,1,0,positive,productivity,0.31845,1
@just_a_curious_coder,0.00021189584911812163,0.00017699115044247788,0.0,1,1,negative,reliability,-0.652,0
@9999ssjvegeta,0.00021189584911812163,0.00017699115044247788,0.0,1,0,negative,cost,-0.1082,7
@Intothefog4C52,0.00021189584911812163,0.00017699115044247788,0.0,1,0,positive,productivity,0.6249,2
@Vis-zh3vs,0.00021189584911812163,0.00017699115044247788,0.0,1,0,neutral,reliability,0.0,27
@ballan00,0.00021189584911812163,0.00017699115044247788,0.0,1,0,positive,productivity,0.75525,0
@tester3x,0.00021189584911812163,0.00017699115044247788,0.0,1,0,negative,productivity,-0.06385000000000002,0
@EhsanTork,0.00021189584911812163,0.00017699115044247788,0.0,1,0,positive,reliability,0.9515,3
@GregFirehawk,0.00021189584911812163,0.00017699115044247788,0.0,1,0,positive,job_displacement,0.08176666666666665,2
@Kim-x5n7c,0.00021189584911812163,0.00017699115044247788,0.0,1,0,positive,reliability,0.7263,2
@AnthroLover225,0.00021189584911812163,0.00017699115044247788,0.0,1,0,positive,productivity,0.7041,0
@uv5455,0.00021189584911812163,0.00017699115044247788,0.0,1,0,neutral,reliability,0.0,1
@GavinMcCloy,0.00021189584911812163,0.00017699115044247788,0.0,1,0,negative,productivity,-0.6249,2
@cmoon3,0.00021189584911812163,0.00017699115044247788,0.0,1,0,negative,productivity,-0.5574,1
@XShollaj,0.00021189584911812163,0.00017699115044247788,0.0,1,0,positive,job_displacement,0.8176,2
@RyderCollins22,0.00021189584911812163,0.00017699115044247788,0.0,1,0,positive,productivity,0.4215,19
@gamenation9706,0.00021189584911812163,0.00017699115044247788,0.0,1,0,positive,reliability,0.4871,6
@msc8382,0.00021189584911812163,0.00017699115044247788,0.0,1,0,negative,productivity,-0.8098,1
@risalfajar6430,0.00021189584911812163,0.00017699115044247788,0.0,1,0,neutral,reliability,0.0,0
@AmeltonGsairus,0.00021189584911812163,0.00017699115044247788,0.0,1,0,negative,reliability,-0.5487,0
@JananiD-cc5ns,0.00021189584911812163,0.00017699115044247788,0.0,1,0,positive,job_displacement,0.42255,0
@recording2945,0.00021189584911812163,0.00017699115044247788,0.0,1,0,neutral,job_displacement,0.0,0
@goldeeenn,0.00021189584911812163,0.00017699115044247788,0.0,1,0,neutral,unknown,0.0,0
@rasanathescalona2960,0.00021189584911812163,0.00017699115044247788,0.0,1,0,positive,job_displacement,0.3506,0
@futuregovernance9584,0.00021189584911812163,0.00017699115044247788,0.0,1,0,neutral,reliability,-0.0138,1
@markcahalan5698,0.00021189584911812163,0.00017699115044247788,0.0,1,0,positive,reliability,0.40185,0
@dbroll20,0.00021189584911812163,0.00017699115044247788,0.0,1,0,negative,productivity,-0.8934,2
@apaksoy,0.00021189584911812163,0.00017699115044247788,0.0,1,0,positive,job_displacement,0.316,1
@AdaptandTriumph,0.00021189584911812163,0.00035398230088495576,0.0,2,0,neutral,productivity,0.0,0
@ChillingStory-NANI,0.00021189584911812163,0.00017699115044247788,0.0,1,0,positive,job_displacement,0.4754,1
@receps.8396,0.00021189584911812163,0.00017699115044247788,0.0,1,0,positive,job_displacement,0.4019,0
@Adam-dr9cr,0.00021189584911812163,0.00017699115044247788,0.0,1,0,neutral,cost,0.0,3
@dlanouette,0.00021189584911812163,0.00017699115044247788,0.0,1,0,positive,job_displacement,0.8519,3
@spsanderson,0.00021189584911812163,0.00017699115044247788,0.0,1,0,neutral,reliability,0.0,0
@cced4418,0.00021189584911812163,0.00017699115044247788,0.0,1,0,negative,job_displacement,-0.9056,1
@noohaliahmed3978,0.00021189584911812163,0.00017699115044247788,0.0,1,0,positive,productivity,0.3612,0
@xarisalkiviadis2162,0.00021189584911812163,0.00017699115044247788,0.0,1,0,positive,productivity,0.9377,38
@kennethbattaglia2994,0.00021189584911812163,0.00017699115044247788,0.0,1,0,neutral,job_displacement,0.0,0
@GMUStudentDesign,0.00021189584911812163,0.00017699115044247788,0.0,1,0,neutral,reliability,0.0,0
@KeithNagel,0.00021189584911812163,0.00017699115044247788,0.0,1,0,negative,productivity,-0.6547,40
@-Kunalarya,0.00021189584911812163,0.00017699115044247788,0.0,1,0,neutral,cost,0.0,3
@akunito,0.00021189584911812163,0.00017699115044247788,0.0,1,0,positive,productivity,0.8121,0
@DavidOndrej,0.00021189584911812163,0.00017699115044247788,0.0,1,0,neutral,job_displacement,0.0,3
@Youngsterjoeee,0.00021189584911812163,0.00017699115044247788,0.0,1,0,neutral,cost,0.0,1
@cyborgcetacean,0.00021189584911812163,0.00017699115044247788,0.0,1,0,positive,job_displacement,0.6249,20
@AGunzOw,0.00021189584911812163,0.00017699115044247788,0.0,1,0,negative,job_displacement,-0.28885,1
@jasonscala5834,0.00021189584911812163,0.00017699115044247788,0.0,1,0,positive,productivity,0.7500666666666667,4
@ArhamAmiin,0.00021189584911812163,0.00017699115044247788,0.0,1,0,neutral,reliability,0.0,1
@homewardboundphotos,0.00021189584911812163,0.00017699115044247788,2.6503897398112393e-06,1,1,neutral,job_displacement,0.018199999999999994,4
@yashsolanki069,0.00021189584911812163,0.00017699115044247788,0.0,1,1,neutral,job_displacement,0.0,11
@Trichivienna,0.00021189584911812163,0.00017699115044247788,0.0,1,0,negative,job_displacement,-0.10515,1
@BohumirZamecnik,0.00021189584911812163,0.00017699115044247788,0.0,1,0,neutral,job_displacement,0.0,1
@RatnadeepMohanta-g6m,0.00021189584911812163,0.00017699115044247788,0.0,1,0,positive,productivity,0.9588,0
@jtwhite2084,0.00021189584911812163,0.00017699115044247788,0.0,1,0,positive,job_displacement,0.6369,2
@akashkukreti1321,0.00021189584911812163,0.00017699115044247788,0.0,1,0,neutral,reliability,0.0,0
@Azacatol,0.00021189584911812163,0.00017699115044247788,0.0,1,0,positive,productivity,0.9704,2
@Dobbiy,0.00021189584911812163,0.00017699115044247788,0.0,1,0,positive,cost,0.5473,2
@nivashhhh,0.00021189584911812163,0.00017699115044247788,0.0,1,0,negative,job_displacement,-0.101,45
@kameshwarchurendra160,0.00021189584911812163,0.00017699115044247788,0.0,1,0,negative,cost,-0.5574,0
@ema-izu,0.00021189584911812163,0.00017699115044247788,0.0,1,2,positive,job_displacement,0.2263,0
@zahraarcher,0.00021189584911812163,0.00017699115044247788,0.0,1,0,neutral,job_displacement,0.0,12
@chochooshoe,0.00021189584911812163,0.00017699115044247788,0.0,1,0,positive,cost,0.5994,8
@chillyspoon,0.00021189584911812163,0.00017699115044247788,0.0,1,0,positive,reliability,0.784,1
@DreamingAstro,0.00021189584911812163,0.00017699115044247788,6.625974349528098e-07,1,1,positive,job_displacement,0.38180000000000003,0
@alecstephenstech,0.00021189584911812163,0.00017699115044247788,0.0,1,0,positive,job_displacement,0.8932,22
@TobiasRebentisch,0.00021189584911812163,0.00017699115044247788,0.0,1,0,negative,job_displacement,-0.4588,1
@stretch654,0.00021189584911812163,0.00017699115044247788,0.0,1,0,neutral,productivity,0.0,1
@frankheelz,0.00021189584911812163,0.00017699115044247788,0.0,1,0,neutral,cost,0.0,4
@ShakiizWrOficial,0.00021189584911812163,0.00017699115044247788,0.0,1,0,neutral,unknown,0.0,1
@CasualTortoise,0.00021189584911812163,0.00017699115044247788,0.0,1,0,positive,job_displacement,0.8658,0
@riccardoarmari,0.00021189584911812163,0.00017699115044247788,0.0,1,0,positive,reliability,0.3802,1
@ИвайлоХристов-ч9э,0.00021189584911812163,0.00017699115044247788,0.0,1,0,positive,job_displacement,0.9935,27
@AhmetKizilay0,0.00021189584911812163,0.00017699115044247788,0.0,1,0,negative,cost,-0.1263,16
@mythicalorchids,0.00021189584911812163,0.00017699115044247788,0.0,1,0,neutral,unknown,0.0,0
@Itsamy_10,0.00021189584911812163,0.00017699115044247788,0.0,1,0,positive,productivity,0.34400000000000003,1
@AustinWilhite,0.00021189584911812163,0.00017699115044247788,0.0,1,0,neutral,reliability,0.0,0
@DipikaDighe-j4r,0.00021189584911812163,0.00017699115044247788,0.0,1,0,positive,job_displacement,0.5809,0
@oyinbra,0.00021189584911812163,0.00017699115044247788,0.0,1,0,positive,reliability,0.8074,2
@DaRyteJuan,0.00021189584911812163,0.00017699115044247788,0.0,1,0,neutral,cost,0.0,1
@praveennarender9423,0.00021189584911812163,0.00017699115044247788,0.0,1,0,positive,reliability,0.5913,0
@davefellows,0.00021189584911812163,0.00017699115044247788,0.0,1,0,negative,productivity,-0.19365,0
@perseus5644,0.00021189584911812163,0.00017699115044247788,0.0,1,0,negative,productivity,-0.296,0
@pratyakshsomani,0.00021189584911812163,0.00017699115044247788,0.0,1,0,positive,job_displacement,0.5927,1
@FilippoGianburrasca,0.00021189584911812163,0.00017699115044247788,0.0,1,0,neutral,productivity,0.0,0
@moozel4757,0.00021189584911812163,0.00017699115044247788,0.0,1,0,neutral,reliability,0.0,1
@MagicWok,0.00021189584911812163,0.00017699115044247788,0.0,1,0,neutral,reliability,0.0,1
@mimimoo4493,0.00021189584911812163,0.00017699115044247788,0.0,1,0,neutral,productivity,0.0,0
@OutlanderZOR,0.00021189584911812163,0.00017699115044247788,0.0,1,0,positive,job_displacement,0.128,9
@jimmyj.6792,0.00021189584911812163,0.00017699115044247788,0.0,1,0,positive,job_displacement,0.9144,2
@UsmanTheDev,0.00021189584911812163,0.00017699115044247788,0.0,1,0,neutral,job_displacement,0.0,3
@mashkult,0.00021189584911812163,0.00017699115044247788,0.0,1,0,positive,productivity,0.6683,1
@RawBSD,0.00021189584911812163,0.00017699115044247788,0.0,1,0,positive,job_displacement,0.3612,2
@hibomoussa9833,0.00021189584911812163,0.00017699115044247788,0.0,1,0,negative,cost,-0.6597,0
@aliceb6847,0.00021189584911812163,0.00017699115044247788,0.0,1,0,negative,job_displacement,-0.5834,4
@saenic,0.00021189584911812163,0.00017699115044247788,0.0,1,0,positive,productivity,0.0772,13
@YiannisChristodoulou,0.00021189584911812163,0.00017699115044247788,0.0,1,0,neutral,reliability,0.0,6
@farukada,0.00021189584911812163,0.00017699115044247788,0.0,1,0,neutral,productivity,0.0,3
@LadySalemRaven,0.00021189584911812163,0.00017699115044247788,0.0,1,0,neutral,reliability,0.0,0
@kaden_vr,0.00021189584911812163,0.00017699115044247788,0.0,1,0,positive,productivity,0.7906,0
@PrashantBhandari-t1c,0.00021189584911812163,0.00017699115044247788,0.0,1,0,negative,job_displacement,-0.296,0
@makinganoise6028,0.00021189584911812163,0.00017699115044247788,0.0,1,0,negative,job_displacement,-0.0577,1
@PINTURATHVA-h6b,0.00021189584911812163,0.00017699115044247788,0.0,1,0,positive,cost,0.6705,0
@jaysidd,0.00021189584911812163,0.00017699115044247788,0.0,1,0,positive,job_displacement,0.8631,0
@williamfphelps,0.00021189584911812163,0.00017699115044247788,0.0,1,0,negative,productivity,-0.4019,0
@LittleAsterion,0.00021189584911812163,0.00017699115044247788,0.0,1,0,neutral,reliability,0.0,1
@daakuwithchaaku,0.00021189584911812163,0.00017699115044247788,0.0,1,0,neutral,job_displacement,0.0,0
@tvannaman2000,0.00021189584911812163,0.00017699115044247788,0.0,1,0,negative,reliability,-0.3291,8
@Mjones9532,0.00021189584911812163,0.00017699115044247788,0.0,1,0,negative,reliability,-0.4201,6
@MultiMohsinkhan,0.00021189584911812163,0.00017699115044247788,0.0,1,0,neutral,cost,0.0,0
@solutionsforyou100,0.00021189584911812163,0.00017699115044247788,0.0,1,0,neutral,productivity,0.0,1
@gagogags7777,0.00021189584911812163,0.00017699115044247788,0.0,1,0,neutral,productivity,0.0,1
@Mortenkp1,0.00021189584911812163,0.00017699115044247788,0.0,1,0,negative,productivity,-0.2023,33
@Cxrbon.devOfficial,0.00021189584911812163,0.00017699115044247788,0.0,1,0,positive,reliability,0.8638,1
@CyberIntent,0.00021189584911812163,0.00017699115044247788,0.0,1,0,positive,job_displacement,0.3715,0
@AishwaryBuwade1,0.00021189584911812163,0.00017699115044247788,0.0,1,0,neutral,job_displacement,0.0,2
@VitóriaCardosoCunha,0.00021189584911812163,0.00017699115044247788,0.0,1,0,positive,reliability,0.3612,0
@Bharatesh-uj4ki,0.00021189584911812163,0.00017699115044247788,0.0,1,0,negative,job_displacement,-0.4939,1
@MagicMichy,0.00021189584911812163,0.00017699115044247788,0.0,1,0,negative,job_displacement,-0.7096,8
@Corbin_Brown,0.00021189584911812163,0.00017699115044247788,0.0,1,7,positive,reliability,0.32377,9
@AtacamaHumanoid,0.00021189584911812163,0.00017699115044247788,0.0,1,0,neutral,productivity,0.0258,4
@FirmwarePhantom,0.00021189584911812163,0.00017699115044247788,0.0,1,0,positive,reliability,0.3612,5
@noamshmil4842,0.00021189584911812163,0.00017699115044247788,0.0,1,0,neutral,productivity,0.0,3
@AlysonEnzo_731,0.00021189584911812163,0.00017699115044247788,0.0,1,0,neutral,reliability,0.0,3
@e_n_n_y,0.00021189584911812163,0.00017699115044247788,0.0,1,0,positive,productivity,0.4939,0
@АняМихайлова-ъ1н,0.00021189584911812163,0.00017699115044247788,0.0,1,0,positive,job_displacement,0.3705,0
@Its_final,0.00021189584911812163,0.00017699115044247788,0.0,1,0,negative,cost,-0.6715,0
@phatnguyen1059,0.00021189584911812163,0.00017699115044247788,0.0,1,0,positive,job_displacement,0.2716,1
@jokelot5221,0.00021189584911812163,0.00017699115044247788,0.0,1,0,positive,productivity,0.8599,0
@premjeetprasad8676,0.00021189584911812163,0.00017699115044247788,0.0,1,0,positive,reliability,0.5574,0
@sebbb888,0.00021189584911812163,0.00017699115044247788,0.0,1,0,negative,reliability,-0.5994,0
@HunterBradley-d2b,0.00021189584911812163,0.00017699115044247788,0.0,1,0,neutral,productivity,0.0,0
@cloud-native-corner,0.00021189584911812163,0.00017699115044247788,0.0,1,0,positive,productivity,0.8519,3
@usmanmahmood3276,0.00021189584911812163,0.00017699115044247788,0.0,1,0,negative,job_displacement,-0.296,0
@NormTurtle,0.00021189584911812163,0.00017699115044247788,0.0,1,0,positive,job_displacement,0.3612,0
@Spokeek,0.00021189584911812163,0.00017699115044247788,0.0,1,0,negative,job_displacement,-0.1366,1
@sirusThu,0.00021189584911812163,0.00017699115044247788,0.0,1,0,positive,job_displacement,0.3182,0
@NevoVaknin,0.00021189584911812163,0.00017699115044247788,0.0,1,0,positive,productivity,0.9513,11
@vladimirspasov5591,0.00021189584911812163,0.00017699115044247788,0.0,1,0,positive,job_displacement,0.5106,1
@amankumarjha8155,0.00021189584911812163,0.00017699115044247788,0.0,1,0,neutral,job_displacement,0.0,9
@MdNeyamet,0.00021189584911812163,0.00017699115044247788,0.0,1,0,neutral,job_displacement,0.0,0
@Black-gaming230,0.00021189584911812163,0.00017699115044247788,0.0,1,0,positive,productivity,0.5822,179
@TheMullela,0.00021189584911812163,0.00017699115044247788,0.0,1,0,positive,job_displacement,0.3984,1
@RetiredVet1,0.00021189584911812163,0.00017699115044247788,0.0,1,0,positive,job_displacement,0.5859,9
@sby505,0.00021189584911812163,0.00017699115044247788,0.0,1,0,positive,cost,0.4019,0
@vijayjangid8967,0.00021189584911812163,0.00017699115044247788,0.0,1,0,positive,unknown,0.3612,5
@didoesyoga,0.00021189584911812163,0.00017699115044247788,0.0,1,0,positive,productivity,0.6648,1
@todortodorov6056,0.00021189584911812163,0.00017699115044247788,0.0,1,0,positive,productivity,0.2709,4
@akivalevin2185,0.00021189584911812163,0.00017699115044247788,0.0,1,0,positive,job_displacement,0.9226,0
@im_kc_justkc,0.00021189584911812163,0.00017699115044247788,0.0,1,0,positive,productivity,0.3612,46
@samwise.builds31,0.00021189584911812163,0.00017699115044247788,0.0,1,0,negative,job_displacement,-0.4005,0
@vartikagupta3664,0.00021189584911812163,0.00017699115044247788,0.0,1,0,negative,cost,-0.1027,0
@micbab-vg2mu,0.00021189584911812163,0.00017699115044247788,0.0,1,0,positive,reliability,0.6213,18
@ILTOMBA,0.00021189584911812163,0.00017699115044247788,0.0,1,0,negative,productivity,-0.2023,2
@taheralipatrawala7300,0.00021189584911812163,0.00017699115044247788,0.0,1,0,positive,job_displacement,0.5511,0
@ff_user,0.00021189584911812163,0.00017699115044247788,0.0,1,0,positive,reliability,0.4201,0
@DBSpeakers,0.00021189584911812163,0.00017699115044247788,0.0,1,0,positive,job_displacement,0.8072,1
incomingpain,0.00021189584911812163,0.00017699115044247788,0.0,1,0,positive,job_displacement,0.6141,0
@ross_d_g,0.00021189584911812163,0.00017699115044247788,0.0,1,0,positive,job_displacement,0.1027,27
@cpubuff,0.00021189584911812163,0.00017699115044247788,0.0,1,0,positive,productivity,0.9592,1
@Arsh-k7l,0.00021189584911812163,0.00017699115044247788,0.0,1,0,neutral,job_displacement,0.0,0
@fengz-x7z,0.00021189584911812163,0.00017699115044247788,0.0,1,0,positive,productivity,0.4927,100
@cv4875,0.00021189584911812163,0.00017699115044247788,0.0,1,0,neutral,productivity,0.0,0
@yueyu1338,0.00021189584911812163,0.00017699115044247788,0.0,1,0,neutral,job_displacement,0.0,1
@BrunoAlves-mi7lb,0.00021189584911812163,0.00017699115044247788,0.0,1,0,positive,job_displacement,0.9109,0
@xarakus,0.00021189584911812163,0.00017699115044247788,0.0,1,0,neutral,productivity,0.0,0
@yhwhdesigntruth,0.00021189584911812163,0.00017699115044247788,0.0,1,0,positive,job_displacement,0.9345,5
@davecourtois5142,0.00021189584911812163,0.00017699115044247788,0.0,1,0,negative,job_displacement,-0.8933,3
@AntonyJose-b1c,0.00021189584911812163,0.00017699115044247788,0.0,1,0,positive,productivity,0.6553,0
@iNTERnazionaleNotizia589,0.00021189584911812163,0.00017699115044247788,0.0,1,1,positive,job_displacement,0.5318499999999999,1
@patrickyau222,0.00021189584911812163,0.00017699115044247788,0.0,1,0,negative,reliability,-0.0772,0
@Wenerrix,0.00021189584911812163,0.00017699115044247788,0.0,1,0,neutral,job_displacement,0.0,13
@DanielHarry-od6ny,0.00021189584911812163,0.00017699115044247788,0.0,1,0,neutral,cost,0.0,2
@Testedwaffles,0.00021189584911812163,0.00017699115044247788,0.0,1,0,positive,productivity,0.6749,4
@sweetjobs,0.00021189584911812163,0.00017699115044247788,0.0,1,0,positive,reliability,0.10342,5
@joeyp978,0.00021189584911812163,0.00017699115044247788,0.0,1,0,positive,job_displacement,0.24847999999999998,0
@BunnyBean,0.00021189584911812163,0.00017699115044247788,0.0,1,0,positive,job_displacement,0.5106,0
@StampBotOfficial,0.00021189584911812163,0.00017699115044247788,0.0,1,0,positive,reliability,0.7717,32
@Antebios,0.00021189584911812163,0.00017699115044247788,0.0,1,0,positive,job_displacement,0.3182,0
@emdee7777,0.00021189584911812163,0.00017699115044247788,0.0,1,0,positive,productivity,0.4404,0
@newaivn,0.00021189584911812163,0.00017699115044247788,0.0,1,0,negative,job_displacement,-0.5349,0
@alex-ca-p3i,0.00021189584911812163,0.00017699115044247788,0.0,1,0,neutral,unknown,0.0,16
@MyNanex,0.00021189584911812163,0.00017699115044247788,0.0,1,0,positive,cost,0.1779,1
@ninovulkan9815,0.00021189584911812163,0.00017699115044247788,0.0,1,0,negative,reliability,-0.296,1
@tedbrunker,0.00021189584911812163,0.00035398230088495576,0.0,2,0,positive,productivity,0.3858428571428571,7
@ZlatkoTestDerkoskiTest,0.00021189584911812163,0.00017699115044247788,0.0,1,0,positive,productivity,0.11236666666666667,17
@ishaanmagon6663,0.00021189584911812163,0.00017699115044247788,0.0,1,1,positive,reliability,0.7269,1
@lufemega7137,0.00021189584911812163,0.00017699115044247788,0.0,1,0,positive,productivity,0.34,19
@Xmasparol,0.00021189584911812163,0.00017699115044247788,0.0,1,0,neutral,job_displacement,0.0,3
@_FushiguroToji,0.00021189584911812163,0.00017699115044247788,0.0,1,0,neutral,job_displacement,0.0,0
@jarad4621,0.00021189584911812163,0.00017699115044247788,0.0,1,1,positive,job_displacement,0.17,0
@dhanguardbusinessbankingco4923,0.00021189584911812163,0.00017699115044247788,0.0,1,0,positive,job_displacement,0.4989,14
@kabir8286,0.00021189584911812163,0.00017699115044247788,0.0,1,0,neutral,cost,0.0,0
@jimjimjim5995,0.00021189584911812163,0.00017699115044247788,0.0,1,0,neutral,job_displacement,0.03634999999999999,2
@モノクロムセレティクス,0.00021189584911812163,0.00017699115044247788,0.0,1,0,neutral,productivity,0.0,2
@imnugget8085,0.00021189584911812163,0.00017699115044247788,0.0,1,0,positive,job_displacement,0.6343,4
@fooorio,0.00021189584911812163,0.00017699115044247788,0.0,1,0,positive,job_displacement,0.8016,1
@mandyjohn8807,0.00021189584911812163,0.00017699115044247788,0.0,1,0,neutral,job_displacement,0.025733333333333334,1
@VaradharajanD-h5o,0.00021189584911812163,0.00017699115044247788,0.0,1,0,neutral,job_displacement,0.0,1
@JustinBeausoleil,0.00021189584911812163,0.00017699115044247788,0.0,1,0,neutral,reliability,0.0,3
@Alex-h8u8s,0.00021189584911812163,0.00017699115044247788,0.0,1,0,neutral,productivity,0.0258,1
@NFSCsapat,0.00021189584911812163,0.00017699115044247788,0.0,1,0,neutral,cost,0.0,1
@theaverageitdad4021,0.00021189584911812163,0.00017699115044247788,0.0,1,0,positive,job_displacement,0.6990000000000001,1
@michaelmische1433,0.00021189584911812163,0.00017699115044247788,0.0,1,0,positive,reliability,0.2732,0
@Cur10usly,0.00021189584911812163,0.00017699115044247788,0.0,1,0,neutral,job_displacement,0.0,2
@pablogavirial,0.00021189584911812163,0.00017699115044247788,0.0,1,0,positive,job_displacement,0.8591,0
@vigneshpadmanabhan4088,0.00021189584911812163,0.00017699115044247788,0.0,1,0,positive,productivity,0.4329,1
@Nvkvmakes,0.00021189584911812163,0.00017699115044247788,0.0,1,0,positive,reliability,0.5574,1
@viniciusmendes7693,0.00021189584911812163,0.00017699115044247788,0.0,1,0,positive,job_displacement,0.743,1
@teddyperera8531,0.00021189584911812163,0.00017699115044247788,0.0,1,0,neutral,reliability,0.0,46
@raymobula,0.00021189584911812163,0.00017699115044247788,0.0,1,0,positive,productivity,0.8807,31
@Codemitsu888,0.00021189584911812163,0.00017699115044247788,0.0,1,0,positive,job_displacement,0.1027,0
@TerraMagnus,0.00021189584911812163,0.00017699115044247788,0.0,1,0,neutral,job_displacement,0.0,4
@RAJEEVCHAUDHARY160,0.00021189584911812163,0.00017699115044247788,0.0,1,0,positive,job_displacement,0.168,1
@acolombiadev,0.00021189584911812163,0.00017699115044247788,3.312987174764049e-06,1,4,positive,job_displacement,0.5439125,32
@piorewrzece,0.00021189584911812163,0.00017699115044247788,0.0,1,0,positive,job_displacement,0.8719,17
@wtalkie,0.00021189584911812163,0.00017699115044247788,0.0,1,0,negative,productivity,-0.1779,17
@kikurage-m7h,0.00021189584911812163,0.00017699115044247788,0.0,1,0,positive,productivity,0.4767,0
phkahler,0.00021189584911812163,0.00017699115044247788,0.0,1,0,positive,cost,0.1232,0
@paulholsters7932,0.00021189584911812163,0.00017699115044247788,0.0,1,0,negative,productivity,-0.34,0
@ragnarok7976,0.00021189584911812163,0.00017699115044247788,0.0,1,0,positive,job_displacement,0.0516,6
@beaker8111,0.00021189584911812163,0.00017699115044247788,0.0,1,0,positive,productivity,0.6308,0
@tjb465,0.00021189584911812163,0.00017699115044247788,0.0,1,0,positive,job_displacement,0.784,2
@phen-themoogle7651,0.00021189584911812163,0.00017699115044247788,0.0,1,0,positive,job_displacement,0.48245,9
@Integer0,0.00021189584911812163,0.00017699115044247788,0.0,1,0,neutral,productivity,0.0,5
@rajivsporkslede7860,0.00021189584911812163,0.00017699115044247788,0.0,1,1,positive,productivity,0.09585999999999999,0
@studiohyc,0.00021189584911812163,0.00017699115044247788,0.0,1,0,positive,productivity,0.968,0
@Tobsson,0.00021189584911812163,0.00017699115044247788,0.0,1,0,positive,productivity,0.3815,1
@aspiral-tech,0.00021189584911812163,0.00017699115044247788,0.0,1,0,positive,productivity,0.36535,1
@ClaymoreClay101,0.00021189584911812163,0.00017699115044247788,0.0,1,0,neutral,reliability,0.0,22
@Soham_Moholkar,0.00021189584911812163,0.00017699115044247788,0.0,1,0,negative,job_displacement,-0.26045,6
@thinking3911,0.00021189584911812163,0.00017699115044247788,0.0,1,0,positive,reliability,0.765,1
@ANirajKumar,0.00021189584911812163,0.00017699115044247788,0.0,1,0,positive,job_displacement,0.552,2
@zesciati2293,0.00021189584911812163,0.00017699115044247788,0.0,1,0,neutral,job_displacement,0.0,3
@retakenroots,0.00021189584911812163,0.00017699115044247788,0.0,1,0,positive,reliability,0.8422333333333333,2
@TheEricsondalusong,0.00021189584911812163,0.00017699115044247788,0.0,1,0,positive,productivity,0.6369,28
@kzrider8,0.00021189584911812163,0.00017699115044247788,0.0,1,0,positive,productivity,0.8625,5
@Deltamass,0.00021189584911812163,0.00017699115044247788,0.0,1,0,positive,job_displacement,0.7783,1
@imdad111,0.00021189584911812163,0.00017699115044247788,0.0,1,0,positive,cost,0.2235,2
@ZareensOasis.,0.00021189584911812163,0.00017699115044247788,0.0,1,0,neutral,cost,0.0,5
@MarusykRoman,0.00021189584911812163,0.00017699115044247788,0.0,1,0,neutral,productivity,0.0,1
@NextGenGames0,0.00021189584911812163,0.00017699115044247788,0.0,1,0,neutral,productivity,0.0,1
@bordacsbalazs6014,0.00021189584911812163,0.00017699115044247788,0.0,1,0,neutral,job_displacement,0.0,5
@TheHistoryof_US,0.00021189584911812163,0.00017699115044247788,0.0,1,0,positive,job_displacement,0.1641,7
@stayreadyto3dprint,0.00021189584911812163,0.00017699115044247788,0.0,1,3,positive,reliability,0.175075,3
@FarangFiftyOne,0.00021189584911812163,0.00017699115044247788,0.0,1,0,positive,productivity,0.6736,0
@amitconnect,0.00021189584911812163,0.00017699115044247788,0.0,1,0,negative,job_displacement,-0.6124,0
@iamhoracio,0.00021189584911812163,0.00017699115044247788,0.0,1,0,positive,reliability,0.3182,1
@godblessCL,0.00021189584911812163,0.00017699115044247788,0.0,1,0,positive,job_displacement,0.14735000000000004,0
@CoderTheGrey,0.00021189584911812163,0.00017699115044247788,0.0,1,0,negative,reliability,-0.4149,2
@couponhuntcanada,0.00021189584911812163,0.00017699115044247788,0.0,1,0,positive,job_displacement,0.577,15
@melekRebai,0.00021189584911812163,0.00017699115044247788,0.0,1,0,positive,job_displacement,0.0516,7
@sharansc-h9t,0.00021189584911812163,0.00017699115044247788,0.0,1,0,neutral,job_displacement,0.0,2
@agedvagabond,0.00021189584911812163,0.00017699115044247788,0.0,1,0,positive,productivity,0.8847,23
@Cecilia-v7o5d,0.00021189584911812163,0.00017699115044247788,0.0,1,0,positive,productivity,0.0951,2
@NerdyMando_Ewok,0.00021189584911812163,0.00017699115044247788,0.0,1,0,positive,job_displacement,0.23835,2
@joyanyi4294,0.00021189584911812163,0.00017699115044247788,0.0,1,0,positive,reliability,0.5803,8
@JoooeEsam-s8g,0.00021189584911812163,0.00017699115044247788,0.0,1,0,neutral,productivity,0.0,0
@TheoriginalBMT,0.00021189584911812163,0.00017699115044247788,0.0,1,0,positive,job_displacement,0.34,0
@ydoucare55,0.00021189584911812163,0.00017699115044247788,0.0,1,0,positive,reliability,0.742,11
@TrollMeister_,0.00021189584911812163,0.00017699115044247788,0.0,1,0,positive,job_displacement,0.37895,0
@aperson1181,0.00021189584911812163,0.00017699115044247788,0.0,1,0,positive,productivity,0.43574999999999997,0
@mishalalfaisal,0.000210271919140635,0.0005309734513274337,1.6564935873820244e-06,3,1,neutral,productivity,0.008250000000000007,3
@krassiem1206,0.00020796836691516115,0.00017699115044247788,0.0,1,0,negative,job_displacement,-0.1247,4
@tomschi9485,0.00020796836691516115,0.00017699115044247788,0.0,1,0,positive,productivity,0.59975,2
@BizzaroBrainBoi,0.00020753351706627227,0.00035398230088495576,0.0,2,0,positive,job_displacement,0.2553,0
@gauravgulati1583,0.00020441032106281127,0.00017699115044247788,0.0,1,0,positive,job_displacement,0.4201,0
@nikako1889,0.00020441032106281127,0.00017699115044247788,0.0,1,0,positive,reliability,0.7351,3
@takazcao,0.00020441032106281127,0.00017699115044247788,0.0,1,0,positive,productivity,0.168,0
@buster-vu7sx,0.00020441032106281127,0.00017699115044247788,0.0,1,0,positive,productivity,0.4404,1
@EmmanuelFatuase,0.00020441032106281124,0.00035398230088495576,0.0,2,0,positive,reliability,0.1663,0
@sgoblins1,0.00020377619923068853,0.00035398230088495576,0.0,2,0,positive,job_displacement,0.9313,2
@Alanpoeta,0.00020145629926285048,0.00035398230088495576,0.0,2,0,positive,job_displacement,0.06802,0
@waterwise77,0.00019799621770630384,0.00017699115044247788,0.0,1,0,positive,job_displacement,0.3548,4
@rachels1020,0.00019565654934325543,0.00035398230088495576,0.0,2,0,positive,productivity,0.5859,0
@baqirnekfar-tm8iw,0.00019391405726135508,0.00035398230088495576,0.0,2,0,positive,job_displacement,0.8101,1
@midori_to_ringo,0.00018983372879480503,0.00035398230088495576,0.0,2,0,positive,job_displacement,0.33755,1
@Verethill18,0.00018819097012379466,0.00035398230088495576,0.0,2,0,positive,job_displacement,0.2463,0
@Karadobi2028,0.00018753689945582235,0.00017699115044247788,0.0,1,0,positive,productivity,0.2802,0
@mohammedsuhail168,0.00018753689945582235,0.00035398230088495576,0.0,2,0,neutral,job_displacement,0.0,4
@Unzwuam88,0.00018753689945582235,0.00035398230088495576,0.0,2,0,negative,job_displacement,-0.296,11
@ThisIsAGoodUserNameToo,0.00018483034949334464,0.00035398230088495576,0.0,2,0,neutral,cost,0.0,1
@AndyJMacLeod,0.00018435721689983754,0.00035398230088495576,0.0,2,0,positive,productivity,0.4632,0
@RajatSaraswat9,0.0001826651095233625,0.00035398230088495576,0.0,2,0,positive,job_displacement,0.8008,4
@Rami_Zaki-k2b,0.0001825945038721674,0.00035398230088495576,0.0,2,0,positive,job_displacement,0.37668,1
@llmcoder,0.00018005137140051196,0.00017699115044247788,1.9877923048584297e-06,1,1,negative,job_displacement,-0.2899833333333333,3
@spgaming9499-h1,0.00018005137140051196,0.00017699115044247788,0.0,1,0,positive,productivity,0.4019,8
@ifstatementifstatement2704,0.00017941724956838928,0.00017699115044247788,0.0,1,0,positive,job_displacement,0.1027,0
@ruxir_ig,0.00017941724956838928,0.00017699115044247788,0.0,1,0,positive,job_displacement,0.6919,5
@ruriohama,0.00017941724956838928,0.00017699115044247788,0.0,1,7,positive,productivity,0.3544777777777777,27
@stringmaster_leo,0.00017941724956838928,0.00017699115044247788,0.0,1,0,positive,job_displacement,0.8271,10
@dalehagglund,0.00017941724956838928,0.00035398230088495576,0.0,2,0,positive,job_displacement,0.7425,7
@joecasali4234,0.00017601149529264504,0.00017699115044247788,0.0,1,0,positive,productivity,0.85,0
@HarlemProbeTrotter,0.00017601149529264504,0.00017699115044247788,0.0,1,0,negative,productivity,-0.4019,0
@saranrajbalag4932,0.00017601149529264504,0.00017699115044247788,0.0,1,0,positive,productivity,0.98,6
@bluesy22,0.00017601149529264504,0.00017699115044247788,0.0,1,0,positive,productivity,0.7717,27
@davidbuckley1332,0.00017601149529264504,0.00017699115044247788,0.0,1,0,positive,job_displacement,0.9524,1
@Thereisnoneil,0.00017601149529264504,0.00017699115044247788,0.0,1,0,positive,job_displacement,0.8591,0
@aryabhimani,0.00017601149529264504,0.00017699115044247788,0.0,1,0,positive,job_displacement,0.8296666666666667,1
@kangdanlin,0.00017601149529264504,0.00017699115044247788,0.0,1,0,negative,productivity,-0.5423,0
@FroilanIrizarry,0.00017601149529264504,0.00017699115044247788,0.0,1,0,positive,job_displacement,0.6249,1
@adamgumm2265,0.00017601149529264504,0.00017699115044247788,0.0,1,0,positive,job_displacement,0.9454,0
@robgoulet2272,0.00017601149529264504,0.00017699115044247788,0.0,1,0,positive,job_displacement,0.8334,2
@reubinboatner-nf9nk,0.00017601149529264504,0.00017699115044247788,0.0,1,0,positive,job_displacement,0.8828,0
@marionmcnee8759,0.00017601149529264504,0.00017699115044247788,0.0,1,0,positive,productivity,0.9654,1
@FM-jo1jh,0.00017601149529264504,0.00017699115044247788,0.0,1,0,positive,job_displacement,0.851,1
@luizz_k,0.00017601149529264504,0.00017699115044247788,0.0,1,0,neutral,reliability,0.0,1
@lowcoordination,0.00017601149529264504,0.00017699115044247788,0.0,1,0,positive,job_displacement,0.8771,1
@JeffreyAdams-kt5gv,0.00017579541377976378,0.00017699115044247788,0.0,1,0,negative,reliability,-0.296,0
@boostedbrogg9490,0.00017579541377976378,0.00017699115044247788,0.0,1,0,neutral,job_displacement,0.0,0
@TrayvonOBanks,0.00017579541377976378,0.00017699115044247788,0.0,1,0,negative,reliability,-0.4019,0
@TimBauerTT,0.00017579541377976378,0.00017699115044247788,0.0,1,0,positive,job_displacement,0.5859,0
@G-Pie,0.00017579541377976378,0.00017699115044247788,0.0,1,0,negative,cost,-0.24695,0
@Moe-os4qr,0.00017579541377976378,0.00017699115044247788,0.0,1,0,positive,reliability,0.1354,4
@vulkanosaure,0.00017579541377976378,0.00017699115044247788,0.0,1,0,neutral,reliability,0.0,0
@ThePatriotPirate,0.0001747264570584826,0.00035398230088495576,0.0,2,0,neutral,job_displacement,0.0,0
@relatablekot,0.00017368247585699008,0.00017699115044247788,0.0,1,0,positive,job_displacement,0.9372,0
@sabinshalini-oy7oq,0.00017368247585699008,0.00017699115044247788,0.0,1,0,positive,job_displacement,0.1994,0
@nadershah7,0.00017368247585699008,0.00017699115044247788,0.0,1,0,positive,job_displacement,0.8591,0
@edmundbogen5534,0.00017368247585699008,0.00017699115044247788,0.0,1,0,neutral,job_displacement,0.0,0
@man_v_machine,0.00017368247585699008,0.00017699115044247788,0.0,1,0,negative,job_displacement,-0.6873,0
@boyanyanchev98,0.00017368247585699008,0.00017699115044247788,0.0,1,0,positive,job_displacement,0.07949999999999996,0
@WADAI-o4j,0.00017368247585699008,0.00017699115044247788,0.0,1,0,positive,job_displacement,0.3612,0
@ShreyaEdulakanti,0.00017368247585699008,0.00017699115044247788,0.0,1,0,positive,productivity,0.7845,0
@BIDTREX,0.00017368247585699008,0.00017699115044247788,0.0,1,0,positive,reliability,0.8442,0
@felixweichler,0.0001720357496707228,0.00035398230088495576,0.0,2,0,negative,job_displacement,-0.2057,3
@VishalBairagi-s7l,0.0001719317215130789,0.00017699115044247788,0.0,1,0,neutral,productivity,0.0,0
@JEHANGIR-pt6pf,0.0001719317215130789,0.00017699115044247788,0.0,1,0,positive,productivity,0.8126,0
@AlfieLikesComputers,0.00017129759968095617,0.00035398230088495576,0.0,2,0,positive,job_displacement,0.468625,15
@AB_LDN,0.00017129759968095617,0.00035398230088495576,3.312987174764049e-06,2,3,positive,job_displacement,0.1640375,14
@cristianporcaras,0.00017129759968095617,0.00035398230088495576,0.0,2,0,negative,productivity,-0.168,0
@indianatheart-b7i,0.00017129759968095617,0.00035398230088495576,0.0,2,0,neutral,productivity,0.0,0
@OriginBullet,0.00017067301122807672,0.00035398230088495576,0.0,2,0,positive,cost,0.1329,0
@rishikreddy4526,0.00016726659845688158,0.00035398230088495576,0.0,2,0,positive,job_displacement,0.42852500000000004,10
@BenLovegrove,0.00016723777473723962,0.00035398230088495576,0.0,2,0,positive,job_displacement,0.4199,13
@yan_dj,0.00016599018672802126,0.00035398230088495576,0.0,2,0,positive,productivity,0.4779,2
@kingremy723,0.00016549784976136115,0.00035398230088495576,0.0,2,0,positive,job_displacement,0.5661,3
@cristiano-o8d6f,0.00016547477913250578,0.00017699115044247788,0.0,1,0,positive,job_displacement,0.41000000000000003,0
@zxccxz9283040,0.00016547477913250578,0.00017699115044247788,0.0,1,0,positive,job_displacement,0.8893,3
@ojongfalon,0.00016547477913250578,0.00017699115044247788,0.0,1,0,positive,productivity,0.8481,2
@mostafaelgamel6415,0.00016547477913250578,0.00017699115044247788,0.0,1,0,positive,job_displacement,0.4404,4
@marukami6626,0.00016547477913250578,0.00017699115044247788,0.0,1,0,neutral,unknown,0.0,0
@gdivadnosdivad6185,0.00016547477913250578,0.00017699115044247788,0.0,1,0,positive,job_displacement,0.8682,0
@Yossi_ehrenfeldyt,0.00016547477913250578,0.00017699115044247788,0.0,1,0,neutral,cost,0.0,0
@MianHizb,0.00016547477913250578,0.00017699115044247788,0.0,1,0,positive,productivity,0.2411,0
@JamalNichols,0.00016547477913250578,0.00017699115044247788,0.0,1,0,negative,job_displacement,-0.4754,0
@Jzguan,0.00016547477913250578,0.00017699115044247788,0.0,1,1,neutral,reliability,-0.03423333333333333,1
@d3stroyah,0.0001631779497935231,0.00017699115044247788,0.0,1,0,neutral,reliability,0.01840000000000001,4
@jingwencai2345,0.0001631779497935231,0.00017699115044247788,0.0,1,0,positive,job_displacement,0.9549,0
@TwoForOne_1,0.0001631779497935231,0.00017699115044247788,0.0,1,0,positive,reliability,0.8246,27
@burgercide,0.0001631779497935231,0.00017699115044247788,0.0,1,0,positive,job_displacement,0.752,5
@cowboydiver87-z6m,0.0001631779497935231,0.00017699115044247788,0.0,1,0,positive,productivity,0.1511,0
@jorgegalindes-x4d,0.0001631779497935231,0.00017699115044247788,0.0,1,0,negative,productivity,-0.4588,0
@natemarx4999,0.0001631779497935231,0.00017699115044247788,0.0,1,0,positive,job_displacement,0.7088,5
@NuraddinBabayev-r5f,0.0001631779497935231,0.00017699115044247788,0.0,1,0,negative,job_displacement,-0.1926,0
@ShubhamSinghYoutube,0.0001631779497935231,0.00017699115044247788,0.0,1,0,neutral,reliability,0.0,0
@alveek,0.0001631779497935231,0.00017699115044247788,0.0,1,0,positive,job_displacement,0.937,1
@Markush12345,0.0001631779497935231,0.00017699115044247788,0.0,1,0,positive,job_displacement,0.4588,1
@andre_bella,0.0001631779497935231,0.00017699115044247788,0.0,1,0,positive,job_displacement,0.34,0
@tudoriustin22,0.0001631779497935231,0.00017699115044247788,0.0,1,1,neutral,job_displacement,0.0081,6
@larsjonasson2959,0.0001631779497935231,0.00017699115044247788,0.0,1,0,positive,job_displacement,0.288,0
@mushikamatomd2793,0.0001631779497935231,0.00017699115044247788,0.0,1,0,positive,productivity,0.5452,1
@engelanna,0.0001631779497935231,0.00017699115044247788,0.0,1,0,positive,productivity,0.6486,0
@panman2632,0.0001631779497935231,0.00017699115044247788,0.0,1,1,positive,productivity,0.051866666666666665,2
@mark36ngnt44,0.0001631779497935231,0.00017699115044247788,0.0,1,0,negative,productivity,-0.2869,0
@neozoid7009,0.0001631779497935231,0.00017699115044247788,0.0,1,0,positive,cost,0.2202,0
@priitraag,0.0001631779497935231,0.00017699115044247788,0.0,1,0,positive,productivity,0.872,1
@dyson9422,0.0001631779497935231,0.00017699115044247788,0.0,1,0,positive,productivity,0.4497,1
@Likhith-o9q,0.0001631779497935231,0.00017699115044247788,0.0,1,0,positive,productivity,0.663,0
@paul75245,0.0001631779497935231,0.00017699115044247788,0.0,1,0,negative,job_displacement,-0.3818,38
@onsetnam,0.0001631779497935231,0.00017699115044247788,0.0,1,0,positive,reliability,0.1179,6
@BraiyahnLevis,0.0001631779497935231,0.00017699115044247788,0.0,1,0,positive,reliability,0.4466,1
@jeffcurrie123,0.0001631779497935231,0.00017699115044247788,0.0,1,0,positive,job_displacement,0.743,1
@TuxikCE,0.0001631779497935231,0.00017699115044247788,0.0,1,0,positive,reliability,0.3243,2
@ariopanjinugroho,0.0001631779497935231,0.00017699115044247788,0.0,1,0,neutral,job_displacement,0.0,5
@SaharLengliz,0.0001631779497935231,0.00017699115044247788,0.0,1,0,positive,productivity,0.204,0
@gopalsasda3155,0.0001631779497935231,0.00017699115044247788,0.0,1,0,positive,reliability,0.3397,0
@epicboy330,0.0001631779497935231,0.00017699115044247788,0.0,1,0,positive,job_displacement,0.4686333333333333,5
@MilhasExp,0.0001631779497935231,0.00017699115044247788,0.0,1,0,neutral,reliability,0.0,0
@socialbird89,0.0001631779497935231,0.00017699115044247788,0.0,1,0,positive,productivity,0.8176,0
@gemiro1234,0.0001631779497935231,0.00017699115044247788,0.0,1,1,positive,productivity,0.48355,0
@genin69,0.0001631779497935231,0.00017699115044247788,0.0,1,0,negative,job_displacement,-0.5247,4
@Stp1974,0.0001631779497935231,0.00017699115044247788,0.0,1,0,positive,productivity,0.296,1
@jihokim9759,0.0001631779497935231,0.00017699115044247788,0.0,1,0,neutral,reliability,0.0,1
@JellyFinch,0.0001631779497935231,0.00017699115044247788,0.0,1,0,positive,job_displacement,0.42125,2
@SOULCLINIC2.0,0.0001631779497935231,0.00017699115044247788,0.0,1,0,neutral,reliability,0.0,1
@bloggyboo,0.0001631779497935231,0.00017699115044247788,0.0,1,0,positive,productivity,0.6759,0
@Abdullahxxx6969,0.0001631779497935231,0.00017699115044247788,0.0,1,0,neutral,cost,0.0,1
@TurboUnderpantsVR,0.0001631779497935231,0.00017699115044247788,0.0,1,0,neutral,reliability,0.0,0
@BobBlitz,0.0001631779497935231,0.00017699115044247788,0.0,1,0,positive,cost,0.7701,0
@AlexShurenberg,0.0001631779497935231,0.00017699115044247788,0.0,1,0,positive,reliability,0.128,2
@JanMan37,0.0001631779497935231,0.00017699115044247788,0.0,1,0,negative,job_displacement,-0.3595,1
@rkyadavcouk,0.0001631779497935231,0.00017699115044247788,0.0,1,0,negative,job_displacement,-0.25,0
@eRiiiiiCc,0.0001631779497935231,0.00017699115044247788,0.0,1,0,positive,productivity,0.7351,132
@hansmagix,0.0001631779497935231,0.00017699115044247788,0.0,1,0,negative,productivity,-0.2942,15
@myentertainment55,0.0001631779497935231,0.00017699115044247788,0.0,1,0,positive,productivity,0.4215,0
@fenderjazzbrian,0.0001631779497935231,0.00017699115044247788,0.0,1,0,neutral,job_displacement,0.0,1
@India_glazer,0.0001631779497935231,0.00017699115044247788,0.0,1,0,negative,productivity,-0.4767,3
@christopherwilliams3293,0.0001631779497935231,0.00017699115044247788,0.0,1,1,positive,job_displacement,0.5906,2
@Gontino673,0.0001631779497935231,0.00017699115044247788,0.0,1,0,positive,reliability,0.7967,0
@eladbari,0.0001631779497935231,0.00017699115044247788,0.0,1,2,neutral,reliability,-0.00826,3
@tommyboi0,0.0001631779497935231,0.00017699115044247788,0.0,1,0,negative,job_displacement,-0.6165,3
@Kmred316,0.0001631779497935231,0.00017699115044247788,6.625974349528098e-07,1,1,positive,job_displacement,0.76135,1
@ericxie1661,0.0001631779497935231,0.00017699115044247788,0.0,1,0,positive,job_displacement,0.7177,1
@tbuck571,0.0001631779497935231,0.00017699115044247788,0.0,1,0,positive,job_displacement,0.4574,0
@derekfolch6158,0.0001631779497935231,0.00017699115044247788,0.0,1,0,positive,cost,0.7845,1
@Lyric_Lock1,0.0001631779497935231,0.00017699115044247788,0.0,1,0,positive,job_displacement,0.2263,0
@JohnMartin-pjasca,0.0001631779497935231,0.00017699115044247788,0.0,1,0,negative,job_displacement,-0.32305,1
@Douli-z7q,0.0001631779497935231,0.00017699115044247788,0.0,1,0,positive,job_displacement,0.8268,3
@jimmy-h7z2s,0.0001631779497935231,0.00017699115044247788,0.0,1,0,neutral,cost,0.0,3
@OmDabley,0.0001631779497935231,0.00017699115044247788,0.0,1,0,neutral,job_displacement,0.0,0
@ErwinZol,0.0001631779497935231,0.00017699115044247788,0.0,1,0,positive,job_displacement,0.2732,1
@FZLAWAL,0.0001631779497935231,0.00017699115044247788,0.0,1,0,neutral,reliability,0.0,0
@AliyuUsmanHaidar-v6x5t,0.0001631779497935231,0.00017699115044247788,0.0,1,0,neutral,job_displacement,0.0,0
@vivimymaster,0.0001631779497935231,0.00017699115044247788,0.0,1,0,negative,productivity,-0.5423,0
@nandreevv,0.0001631779497935231,0.00017699115044247788,0.0,1,0,neutral,productivity,0.0,2
@artificallead499,0.0001631779497935231,0.00017699115044247788,0.0,1,0,positive,job_displacement,0.3612,1
@unumbonumverum,0.0001631779497935231,0.00017699115044247788,0.0,1,0,negative,job_displacement,-0.691,0
@spacewanderern,0.0001631779497935231,0.00017699115044247788,0.0,1,0,neutral,reliability,0.0,1
@TheNefastor,0.0001631779497935231,0.00017699115044247788,0.0,1,0,neutral,job_displacement,-0.017566666666666658,9
@rjwije4874,0.0001631779497935231,0.00017699115044247788,0.0,1,0,positive,reliability,0.8766499999999999,2
@griffinpeter84,0.0001631779497935231,0.00017699115044247788,0.0,1,0,positive,productivity,0.3584,0
@jayseb,0.0001631779497935231,0.00017699115044247788,0.0,1,0,positive,productivity,0.05429999999999999,8
@JohanBautista-s3i,0.0001631779497935231,0.00017699115044247788,0.0,1,0,positive,reliability,0.63,2
@hornetguy9063,0.0001631779497935231,0.00017699115044247788,0.0,1,0,negative,job_displacement,-0.32730000000000004,0
@arisyundra3075,0.0001631779497935231,0.00017699115044247788,0.0,1,0,neutral,job_displacement,0.0,0
@holeefukisback,0.0001631779497935231,0.00017699115044247788,0.0,1,0,positive,productivity,0.6103,2
@yaazhiniramesh9645,0.0001631779497935231,0.00017699115044247788,0.0,1,0,positive,reliability,0.765,1
@ramzee47,0.0001631779497935231,0.00017699115044247788,0.0,1,0,neutral,productivity,0.0,1
@flecko5,0.0001631779497935231,0.00017699115044247788,0.0,1,0,neutral,productivity,0.0,1
@dimapetrichenko6190,0.0001631779497935231,0.00017699115044247788,0.0,1,0,neutral,job_displacement,0.0,1
@alanboody7004,0.0001631779497935231,0.00017699115044247788,0.0,1,0,neutral,productivity,0.0,1
@davidlowe8597,0.0001631779497935231,0.00017699115044247788,0.0,1,0,negative,productivity,-0.1806,3
@byasiaminor,0.0001631779497935231,0.00017699115044247788,0.0,1,0,positive,cost,0.784,1
@adityarajput5820,0.0001631779497935231,0.00017699115044247788,0.0,1,0,negative,job_displacement,-0.34,5
@mosconioni4523,0.0001631779497935231,0.00017699115044247788,0.0,1,0,positive,productivity,0.3612,0
@nurito_burrito,0.0001631779497935231,0.00017699115044247788,0.0,1,0,negative,job_displacement,-0.3736,0
@周游星,0.0001631779497935231,0.00017699115044247788,0.0,1,0,neutral,job_displacement,0.0,2
@ys-hq9kf,0.0001631779497935231,0.00017699115044247788,0.0,1,0,positive,productivity,0.3612,0
@BirdManPhil,0.0001631779497935231,0.00017699115044247788,0.0,1,0,negative,productivity,-0.21075,0
@Chatsworth1979,0.0001631779497935231,0.00017699115044247788,0.0,1,0,positive,job_displacement,0.4019,0
@RaysOfPivot,0.0001631779497935231,0.00017699115044247788,0.0,1,0,positive,reliability,0.1531,4
@Prometheus_8706,0.0001631779497935231,0.00017699115044247788,0.0,1,0,positive,job_displacement,0.3314,0
@KrzysztofKrawczyk-p3g,0.0001631779497935231,0.00017699115044247788,0.0,1,0,negative,job_displacement,-0.7964,0
@shawnchaudry2126,0.0001631779497935231,0.00017699115044247788,0.0,1,0,neutral,productivity,0.0,4
@TiberiusGracchi,0.0001631779497935231,0.00017699115044247788,0.0,1,0,neutral,job_displacement,0.0,4
@damarh,0.0001631779497935231,0.00017699115044247788,0.0,1,0,positive,job_displacement,0.128,0
@rahulgawale,0.0001631779497935231,0.00017699115044247788,0.0,1,0,neutral,productivity,0.0,0
@growbgl,0.0001631779497935231,0.00017699115044247788,6.625974349528098e-07,1,1,negative,productivity,-0.05135,26
@pranshujaiswal4760,0.0001631779497935231,0.00017699115044247788,0.0,1,0,positive,productivity,0.67025,0
@randumb42069,0.0001631779497935231,0.00017699115044247788,0.0,1,0,negative,productivity,-0.1027,4
@HeyDan1983,0.0001631779497935231,0.00017699115044247788,0.0,1,0,neutral,productivity,0.0,0
@neolithicnewbie,0.0001631779497935231,0.00017699115044247788,0.0,1,0,positive,productivity,0.35478,2
@Xylina.,0.0001631779497935231,0.00017699115044247788,0.0,1,0,negative,job_displacement,-0.1531,0
@woocashtech,0.0001631779497935231,0.00017699115044247788,0.0,1,0,neutral,productivity,0.0,4
@rubberuk,0.0001631779497935231,0.00017699115044247788,0.0,1,0,negative,reliability,-0.2411,1
@greeksinmars,0.0001631779497935231,0.00017699115044247788,0.0,1,0,positive,cost,0.6705,4
@cristihp,0.0001631779497935231,0.00017699115044247788,0.0,1,0,positive,reliability,0.8516,2
@satyam4cs,0.0001631779497935231,0.00017699115044247788,0.0,1,0,neutral,job_displacement,0.0,2
@harrisjohnson9109,0.0001631779497935231,0.00017699115044247788,0.0,1,0,positive,job_displacement,0.7845,1
@latenite3931,0.0001631779497935231,0.00017699115044247788,0.0,1,0,negative,productivity,-0.0772,0
@alisherzak,0.0001631779497935231,0.00017699115044247788,0.0,1,0,positive,productivity,0.6106499999999999,12
@reiserbount,0.0001631779497935231,0.00017699115044247788,0.0,1,0,neutral,productivity,0.0,0
@joaoguilhermepacheco9314,0.0001631779497935231,0.00017699115044247788,0.0,1,0,positive,job_displacement,0.4588,0
@Effinoutlaw,0.0001631779497935231,0.00017699115044247788,0.0,1,0,neutral,job_displacement,0.0,0
@QuyTheLuck,0.0001631779497935231,0.00017699115044247788,0.0,1,0,positive,productivity,0.5406,8
janice1999,0.0001631779497935231,0.00017699115044247788,0.0,1,0,positive,job_displacement,0.4404,0
mrosoff,0.0001631779497935231,0.00017699115044247788,0.0,1,0,positive,productivity,0.7351,0
@zischer666,0.0001631779497935231,0.00017699115044247788,0.0,1,0,positive,productivity,0.8172,12
@Max_Jean,0.00016297346106782456,0.00017699115044247788,0.0,1,0,positive,job_displacement,0.27115,0
@silentc1015,0.00016159142805720995,0.00017699115044247788,0.0,1,0,positive,productivity,0.8689,1
@rahelaantone128,0.00016159142805720995,0.00017699115044247788,0.0,1,0,positive,cost,0.3612,1
@eLLokoSauron,0.00016159142805720995,0.00017699115044247788,0.0,1,0,positive,reliability,0.8625,1
@chrishansen1719,0.00016159142805720995,0.00017699115044247788,0.0,1,0,positive,productivity,0.9558,0
@damithelight,0.00016159142805720995,0.00017699115044247788,0.0,1,0,positive,unknown,0.4199,1
@danhnguyen-mm2ue,0.00016159142805720995,0.00017699115044247788,0.0,1,0,positive,job_displacement,0.8717,0
@davidjachetta,0.00016159142805720995,0.00017699115044247788,0.0,1,0,positive,productivity,0.4738,1
@dichebach,0.00016159142805720995,0.00017699115044247788,0.0,1,0,negative,cost,-0.5574,0
@doesoffaxxxx,0.00016159142805720995,0.00017699115044247788,0.0,1,0,positive,job_displacement,0.5574,0
@drjones762,0.00016159142805720995,0.00017699115044247788,0.0,1,0,positive,productivity,0.8679,1
@eagelefly,0.00016159142805720995,0.00017699115044247788,0.0,1,0,positive,reliability,0.5859,1
@UmarRashid-l9f,0.00016159142805720995,0.00017699115044247788,0.0,1,0,neutral,job_displacement,0.0,1
@elmouad01,0.00016159142805720995,0.00017699115044247788,0.0,1,0,neutral,cost,0.0,1
@emekejike,0.00016159142805720995,0.00017699115044247788,0.0,1,0,positive,productivity,0.8597,1
@folksongpreacher2255,0.00016159142805720995,0.00017699115044247788,0.0,1,0,positive,job_displacement,0.8745,0
@gmansi,0.00016159142805720995,0.00017699115044247788,0.0,1,1,positive,job_displacement,0.7195,1
@hessulipoika13,0.00016159142805720995,0.00017699115044247788,0.0,1,0,neutral,productivity,0.0,0
@homesageaiYT,0.00016159142805720995,0.00017699115044247788,0.0,1,0,positive,job_displacement,0.6369,0
@itsmejustemail3143,0.00016159142805720995,0.00017699115044247788,0.0,1,0,neutral,job_displacement,0.0,0
@chienn77,0.00016159142805720995,0.00017699115044247788,0.0,1,0,positive,productivity,0.7644,0
@chefboyali-1,0.00016159142805720995,0.00017699115044247788,0.0,1,0,positive,productivity,0.7959,1
@carlossilva2891,0.00016159142805720995,0.00017699115044247788,0.0,1,0,positive,cost,0.5562,1
@brandrange2288,0.00016159142805720995,0.00017699115044247788,0.0,1,0,positive,productivity,0.6565,0
@Vorg-n5z,0.00016159142805720995,0.00017699115044247788,0.0,1,0,positive,cost,0.5563,0
@WażneRzeczy,0.00016159142805720995,0.00017699115044247788,0.0,1,0,neutral,productivity,0.0,0
@YOURBoiAlex123,0.00016159142805720995,0.00017699115044247788,0.0,1,0,positive,unknown,0.6249,1
@a2zin125,0.00016159142805720995,0.00017699115044247788,0.0,1,0,positive,job_displacement,0.7249,0
@abh-sc,0.00016159142805720995,0.00017699115044247788,0.0,1,0,positive,productivity,0.6588,1
@activex7327,0.00016159142805720995,0.00017699115044247788,0.0,1,0,positive,job_displacement,0.7964,0
@aimade8,0.00016159142805720995,0.00017699115044247788,0.0,1,0,neutral,productivity,0.0,1
@aishwaryarao7462,0.00016159142805720995,0.00017699115044247788,0.0,1,0,positive,productivity,0.8674,1
@akashgillella,0.00016159142805720995,0.00017699115044247788,0.0,1,0,positive,job_displacement,0.8316,0
@aliensamongus9092,0.00016159142805720995,0.00017699115044247788,0.0,1,0,negative,job_displacement,-0.3129,0
@anadaliachadel6992,0.00016159142805720995,0.00017699115044247788,0.0,1,0,neutral,productivity,0.0,1
@aninditasaha3113,0.00016159142805720995,0.00017699115044247788,0.0,1,0,positive,productivity,0.9415,0
@ankit025jain,0.00016159142805720995,0.00017699115044247788,0.0,1,0,positive,productivity,0.9684,1
@appsolutehub,0.00016159142805720995,0.00017699115044247788,0.0,1,0,negative,productivity,-0.0772,2
@bradborrows8784,0.00016159142805720995,0.00017699115044247788,0.0,1,0,negative,job_displacement,-0.4033,0
@jamesguy6473,0.00016159142805720995,0.00017699115044247788,0.0,1,0,positive,productivity,0.8442,1
@jeangoff5413,0.00016159142805720995,0.00017699115044247788,0.0,1,0,positive,productivity,0.8065,1
@jelletimmerman3970,0.00016159142805720995,0.00017699115044247788,0.0,1,0,positive,unknown,0.4199,0
@q1g7tain-q1g7t,0.00016159142805720995,0.00017699115044247788,0.0,1,0,positive,reliability,0.7059,1
@raoul-thomascampian1726,0.00016159142805720995,0.00017699115044247788,0.0,1,0,positive,productivity,0.8217,1
@rezaraki4112,0.00016159142805720995,0.00017699115044247788,0.0,1,0,neutral,job_displacement,0.0,1
@rifatnfts,0.00016159142805720995,0.00017699115044247788,0.0,1,0,positive,productivity,0.7906,0
@robdawson6014,0.00016159142805720995,0.00017699115044247788,0.0,1,0,neutral,productivity,0.0,1
@rosyalarcon5064,0.00016159142805720995,0.00017699115044247788,0.0,1,0,positive,productivity,0.7003,0
@shafiulazam5953,0.00016159142805720995,0.00017699115044247788,0.0,1,0,positive,productivity,0.8402,0
@shubham_srt,0.00016159142805720995,0.00017699115044247788,0.0,1,0,positive,unknown,0.5859,1
@snex07z,0.00016159142805720995,0.00017699115044247788,0.0,1,0,positive,productivity,0.8885,1
@tonysokaleoralvich2640,0.00016159142805720995,0.00017699115044247788,0.0,1,0,positive,productivity,0.6808,0
@trangphan7381,0.00016159142805720995,0.00017699115044247788,0.0,1,0,positive,reliability,0.8553,4
@tuannguyenanh175,0.00016159142805720995,0.00017699115044247788,0.0,1,0,positive,productivity,0.8687,0
@twenty3_cheng,0.00016159142805720995,0.00017699115044247788,0.0,1,0,positive,productivity,0.6249,0
@walidbouchibaa,0.00016159142805720995,0.00017699115044247788,0.0,1,0,positive,job_displacement,0.8519,1
@warum10,0.00016159142805720995,0.00017699115044247788,0.0,1,0,positive,job_displacement,0.9412,0
@yarnbear19,0.00016159142805720995,0.00017699115044247788,0.0,1,0,positive,job_displacement,0.9928,2
@ralphhardie7492,0.00016159142805720995,0.00017699115044247788,0.0,1,0,positive,job_displacement,0.5965,1
@oliverbo3,0.00016159142805720995,0.00017699115044247788,0.0,1,0,positive,reliability,0.765,1
@jeremy6384,0.00016159142805720995,0.00017699115044247788,0.0,1,0,positive,reliability,0.31245,1
@norbertt.t6444,0.00016159142805720995,0.00017699115044247788,0.0,1,0,positive,job_displacement,0.8519,0
@jimijank,0.00016159142805720995,0.00017699115044247788,0.0,1,0,neutral,unknown,0.0,0
@juliofernandez8179,0.00016159142805720995,0.00017699115044247788,0.0,1,0,positive,productivity,0.8927,0
@junkname9983,0.00016159142805720995,0.00017699115044247788,0.0,1,0,negative,productivity,-0.1421,0
@keithgriffiths4643,0.00016159142805720995,0.00017699115044247788,0.0,1,0,positive,productivity,0.4549,0
@kenkenson,0.00016159142805720995,0.00017699115044247788,0.0,1,0,positive,job_displacement,0.9466,1
@kmwrites7456,0.00016159142805720995,0.00017699115044247788,0.0,1,0,positive,productivity,0.77315,0
@koollightbro,0.00016159142805720995,0.00017699115044247788,0.0,1,0,positive,productivity,0.4753,1
@larsmeekel6168,0.00016159142805720995,0.00017699115044247788,0.0,1,0,positive,job_displacement,0.452,0
@mai-v9t1e,0.00016159142805720995,0.00017699115044247788,0.0,1,0,positive,cost,0.5859,0
@makarand1985,0.00016159142805720995,0.00017699115044247788,0.0,1,0,positive,productivity,0.165,0
@manuellssnsalzk5673,0.00016159142805720995,0.00017699115044247788,0.0,1,0,neutral,unknown,0.0,0
@mohameds8982,0.00016159142805720995,0.00017699115044247788,0.0,1,0,positive,job_displacement,0.8999,4
@mohdumer951,0.00016159142805720995,0.00017699115044247788,0.0,1,0,neutral,job_displacement,0.0,1
@mohitporwal1298,0.00016159142805720995,0.00017699115044247788,0.0,1,0,positive,productivity,0.8268,0
@nikkilong-y6d,0.00016159142805720995,0.00017699115044247788,0.0,1,0,positive,productivity,0.631,0
@VerseEz,0.00016159142805720995,0.00017699115044247788,0.0,1,0,positive,productivity,0.7964,0
@aigoldminerush,0.00016159142805720995,0.00017699115044247788,0.0,1,0,positive,productivity,0.9245,1
@TristanAnderson-g1g,0.00016159142805720995,0.00017699115044247788,0.0,1,0,positive,job_displacement,0.4207,1
@NhatNguyen-js7nq,0.00016159142805720995,0.00017699115044247788,0.0,1,0,positive,job_displacement,0.0772,0
@MrHaridev,0.00016159142805720995,0.00017699115044247788,0.0,1,0,positive,unknown,0.6249,0
@JonathanGreen-t5x,0.00016159142805720995,0.00017699115044247788,0.0,1,0,neutral,job_displacement,0.0,1
@JerilNadar-ey3sj,0.00016159142805720995,0.00017699115044247788,0.0,1,0,neutral,cost,0.0,1
@Itanshi-e5s,0.00016159142805720995,0.00017699115044247788,0.0,1,0,positive,reliability,0.29646923076923076,1
@Hasan-po6ud,0.00016159142805720995,0.00017699115044247788,0.0,1,0,neutral,reliability,0.0,1
@Halosniper9895,0.00016159142805720995,0.00017699115044247788,0.0,1,0,neutral,reliability,0.04074999999999998,0
@Gundamandwa3hammercrazyfan,0.00016159142805720995,0.00017699115044247788,0.0,1,0,positive,productivity,0.9098,1
@FaithFinanceMath2,0.00016159142805720995,0.00017699115044247788,0.0,1,0,positive,unknown,0.4926,0
@EntreConvrsas,0.00016159142805720995,0.00017699115044247788,0.0,1,0,neutral,productivity,0.0,0
@DuyênPhan-r9k,0.00016159142805720995,0.00017699115044247788,0.0,1,0,positive,job_displacement,0.4926,1
@Deepanshuventures,0.00016159142805720995,0.00017699115044247788,0.0,1,0,positive,job_displacement,0.5574,2
@DavidChester-u6q,0.00016159142805720995,0.00017699115044247788,0.0,1,0,positive,cost,0.8555,0
@DavidC-adviceontheway,0.00016159142805720995,0.00017699115044247788,0.0,1,0,positive,productivity,0.1692,0
@David-f6p6d,0.00016159142805720995,0.00017699115044247788,0.0,1,0,positive,unknown,0.7964,1
@DaVyAiDev,0.00016159142805720995,0.00017699115044247788,0.0,1,0,positive,cost,0.8622,14
@CyberPulse-d5d,0.00016159142805720995,0.00017699115044247788,0.0,1,0,positive,job_displacement,0.4215,0
@Coachfaithtransforms,0.00016159142805720995,0.00017699115044247788,0.0,1,0,positive,productivity,0.7624,1
@BogoshJeni,0.00016159142805720995,0.00017699115044247788,0.0,1,0,positive,reliability,0.3612,1
@BexposGsqueak,0.00016159142805720995,0.00017699115044247788,0.0,1,0,positive,productivity,0.784,0
@Befruitfully,0.00016159142805720995,0.00017699115044247788,0.0,1,0,positive,unknown,0.3612,1
@Back9Golfer,0.00016159142805720995,0.00017699115044247788,0.0,1,0,positive,productivity,0.4404,0
@AtomDotMe,0.00016159142805720995,0.00017699115044247788,0.0,1,0,neutral,job_displacement,0.0,0
@Agentic-Movers,0.00016159142805720995,0.00017699115044247788,0.0,1,0,neutral,productivity,0.0,1
@Aadhya_feats,0.00016159142805720995,0.00017699115044247788,0.0,1,0,positive,productivity,0.7845,1
@AINutsAndBerries,0.00016159142805720995,0.00017699115044247788,0.0,1,0,positive,unknown,0.5826,0
@AI-Cyrax,0.00016159142805720995,0.00017699115044247788,0.0,1,0,neutral,job_displacement,0.0,0
@1mindclips,0.00016159142805720995,0.00017699115044247788,0.0,1,0,positive,job_displacement,0.4404,0
@NawazKhan-ve2vb,0.00016159142805720995,0.00017699115044247788,0.0,1,0,positive,job_displacement,0.9169,0
@DianaRM-i1w5f,0.00016159142805720995,0.00017699115044247788,0.0,1,0,positive,productivity,0.9467,1
@NiceSaRose,0.00016159142805720995,0.00017699115044247788,0.0,1,0,positive,productivity,0.743,0
@SPMedia3,0.00016159142805720995,0.00017699115044247788,0.0,1,0,neutral,cost,0.0,3
@TheUnknownLegend00,0.00016159142805720995,0.00017699115044247788,0.0,1,0,neutral,job_displacement,0.0,1
@The4thofDiamonds,0.00016159142805720995,0.00017699115044247788,0.0,1,0,positive,job_displacement,0.4728,1
@TET2005,0.00016159142805720995,0.00017699115044247788,0.0,1,0,positive,job_displacement,0.4927,0
@SikinaWalia,0.00016159142805720995,0.00017699115044247788,0.0,1,0,positive,job_displacement,0.4926,1
@ShalomSho,0.00016159142805720995,0.00017699115044247788,0.0,1,0,positive,productivity,0.8893,0
@Scoop-Analytics,0.00016159142805720995,0.00017699115044247788,0.0,1,0,positive,reliability,0.5719,0
@STripps,0.00016159142805720995,0.00017699115044247788,0.0,1,0,positive,job_displacement,0.4019,0
@Sheidraam,0.00016159142805720995,0.00017699115044247788,0.0,1,0,positive,job_displacement,0.7239,1
@RealOperatorLab,0.00016159142805720995,0.00017699115044247788,0.0,1,0,positive,productivity,0.8748,2
@PauliinaSvanholm,0.00016159142805720995,0.00017699115044247788,0.0,1,0,positive,productivity,0.9132,1
@PlaylistNumero1,0.00016159142805720995,0.00017699115044247788,0.0,1,0,positive,productivity,0.2228,1
@emkata4929,0.00015874904985492324,0.00035398230088495576,0.0,2,0,positive,unknown,0.4404,2
@ring05,0.00015622813408761423,0.00017699115044247788,0.0,1,0,neutral,unknown,0.0,5
@BCSPrequelPrequelWhen,0.00015622813408761423,0.00017699115044247788,1.8552728178678676e-05,1,3,neutral,job_displacement,0.033725000000000005,11
@Pillum94,0.00015622813408761423,0.00017699115044247788,0.0,1,0,negative,productivity,-0.6115,0
@darz_k.,0.00015622813408761423,0.00017699115044247788,0.0,1,0,neutral,job_displacement,0.0045499999999999985,1
@unclefonsotube,0.00015622813408761423,0.00017699115044247788,0.0,1,0,positive,productivity,0.2534,4
@eminm6383,0.00015622813408761423,0.00017699115044247788,0.0,1,0,negative,cost,-0.4905,0
@OlegShulyakov,0.00015622813408761423,0.00017699115044247788,0.0,1,0,negative,job_displacement,-0.17635,1
@turbulantarchitect5286,0.00015622813408761423,0.00017699115044247788,0.0,1,0,neutral,job_displacement,0.0,3
@sepi4,0.00015622813408761423,0.00017699115044247788,0.0,1,0,negative,job_displacement,-0.2755,2
@i_l_y_a,0.00015622813408761423,0.00017699115044247788,0.0,1,0,neutral,productivity,0.0,6
@KhushalV-c8u,0.00015505829990609003,0.00035398230088495576,0.0,2,0,positive,productivity,0.37345,3
@NoHandle690,0.0001534343699286034,0.00017699115044247788,0.0,1,0,positive,job_displacement,0.3999,0
@reecedoyleguitar,0.0001534343699286034,0.00017699115044247788,0.0,1,0,positive,productivity,0.8176,2
@NadaHasni,0.00015044015870647925,0.00017699115044247788,0.0,1,0,positive,unknown,0.7579,1
@AngeCesarMadick,0.00015044015870647925,0.00017699115044247788,0.0,1,0,positive,unknown,0.1901,3
@kaustavhalder,0.00015044015870647925,0.00017699115044247788,1.3251948699056196e-06,1,1,positive,reliability,0.5758,3
@pencarirupiah2858,0.00014957204998214873,0.00035398230088495576,0.0,2,0,positive,reliability,0.4404,1
@SteveBClark,0.0001469962974579408,0.00035398230088495576,0.0,2,0,neutral,job_displacement,0.0,2
@sri3730,0.00014693865001865692,0.00017699115044247788,0.0,1,0,negative,job_displacement,-0.6351,57
@sowhjfnalknfalknflnfln,0.00014693865001865692,0.00017699115044247788,0.0,1,0,neutral,productivity,0.0,3
@ChaampiansLeague,0.00014693865001865692,0.00017699115044247788,0.0,1,0,neutral,productivity,0.0,10
@andeeznuts284,0.00014693865001865692,0.00017699115044247788,0.0,1,0,positive,productivity,0.3939,0
@nikita_poyr,0.00014693865001865692,0.00017699115044247788,0.0,1,0,positive,job_displacement,0.9192,2
@frosky9497,0.00014693865001865692,0.00017699115044247788,0.0,1,0,positive,cost,0.5803,0
@fyrstormer,0.00014693865001865692,0.00017699115044247788,0.0,1,0,positive,job_displacement,0.802,2
@dragonballmysteries7580,0.00014693865001865692,0.00017699115044247788,0.0,1,0,positive,productivity,0.6988,1
@matteoborghi3942,0.00014693865001865692,0.00017699115044247788,0.0,1,0,positive,productivity,0.8625,0
@thinkwave7801,0.00014693865001865692,0.00017699115044247788,0.0,1,0,negative,job_displacement,-0.4404,1
@gilcd85,0.00014693865001865692,0.00017699115044247788,0.0,1,0,negative,reliability,-0.4313,0
@snoozetown,0.00014693865001865692,0.00017699115044247788,0.0,1,0,negative,job_displacement,-0.1027,0
@JaimeBIDtravel,0.00014693865001865692,0.00017699115044247788,0.0,1,0,positive,job_displacement,0.5481,0
@caneker5496,0.00014693865001865692,0.00017699115044247788,0.0,1,0,positive,productivity,0.1655,0
@humanieryt,0.00014693865001865692,0.00017699115044247788,0.0,1,0,positive,productivity,0.8803,3
@agzs7q5e,0.00014693865001865692,0.00017699115044247788,0.0,1,0,positive,job_displacement,0.872,0
@Theo-dj7vs,0.00014693865001865692,0.00017699115044247788,0.0,1,0,neutral,productivity,0.0,0
@Phantastischphil,0.00014693865001865692,0.00017699115044247788,0.0,1,0,neutral,job_displacement,0.0,0
@davidzhong4312,0.00014693865001865692,0.00017699115044247788,0.0,1,0,neutral,productivity,0.0,0
@zvukidedov,0.00014693865001865692,0.00017699115044247788,0.0,1,0,neutral,job_displacement,0.0,5
@H4KnSL4K,0.00014693865001865692,0.00017699115044247788,0.0,1,0,positive,productivity,0.10137500000000002,0
@mrk1ng741,0.00014693865001865692,0.00017699115044247788,0.0,1,0,neutral,reliability,0.0,2
@rosscads,0.00014693865001865692,0.00017699115044247788,0.0,1,0,neutral,cost,0.0,1
@theheatpipe,0.00014693865001865692,0.00017699115044247788,0.0,1,0,positive,job_displacement,0.8834,8
@sudheerai,0.00014693865001865692,0.00017699115044247788,0.0,1,0,neutral,productivity,0.0,1
@ORIGINALUSRNM,0.00014693865001865692,0.00017699115044247788,0.0,1,0,positive,job_displacement,0.8908,0
@BillyBob123xyz,0.00014693865001865692,0.00017699115044247788,0.0,1,0,positive,productivity,0.6808,3
@psintroverted6416,0.00014693865001865692,0.00017699115044247788,0.0,1,0,positive,productivity,0.5719,1
@Cameron-e5y,0.00014693865001865692,0.00017699115044247788,0.0,1,0,positive,productivity,0.1779,0
@PatrickYeo-i1g,0.00014693865001865692,0.00017699115044247788,0.0,1,0,neutral,productivity,0.0,1
@news1232e,0.00014693865001865692,0.00017699115044247788,0.0,1,0,positive,productivity,0.28595,0
@Ibbu1,0.00014693865001865692,0.00017699115044247788,0.0,1,0,negative,productivity,-0.1759,0
@gt777p,0.00014693865001865692,0.00017699115044247788,0.0,1,0,positive,productivity,0.4404,7
@mind6861,0.00014693865001865692,0.00017699115044247788,0.0,1,0,neutral,unknown,0.0,0
@rfowkes1185,0.00014693865001865692,0.00017699115044247788,0.0,1,0,positive,job_displacement,0.541,1
@GOLEMIC_FF,0.00014693865001865692,0.00017699115044247788,0.0,1,0,positive,job_displacement,0.6369,192
@MrErick1160,0.00014693865001865692,0.00017699115044247788,0.0,1,0,positive,reliability,0.7895000000000001,11
@unusuario5173,0.00014693865001865692,0.00017699115044247788,0.0,1,1,neutral,job_displacement,0.0,7
@Meshalleez,0.00014693865001865692,0.00017699115044247788,0.0,1,0,positive,cost,0.1264,0
@andreip.8321,0.00014693865001865692,0.00017699115044247788,0.0,1,0,negative,reliability,-0.2944,1
@Ali.AlMamory,0.00014693865001865692,0.00017699115044247788,0.0,1,0,positive,productivity,0.8834,4
@Future_Networks,0.00014693865001865692,0.00017699115044247788,0.0,1,0,positive,productivity,0.9258,0
@webmaster2600,0.00014693865001865692,0.00017699115044247788,0.0,1,0,negative,productivity,-0.2705,0
@jasonjoseph5713,0.00014693865001865692,0.00017699115044247788,0.0,1,0,positive,job_displacement,0.631,4
@MichaelThomasOFlaherty,0.00014693865001865692,0.00017699115044247788,0.0,1,1,negative,productivity,-0.296775,8
@TusharAgarwal8415,0.00014693865001865692,0.00017699115044247788,0.0,1,0,positive,productivity,0.4869,0
@xianrigsby,0.00014693865001865692,0.00017699115044247788,0.0,1,0,neutral,reliability,0.0,0
@everluck35,0.00014693865001865692,0.00017699115044247788,0.0,1,0,positive,job_displacement,0.6072,0
@scooperleash_usa,0.00014693865001865692,0.00017699115044247788,0.0,1,0,negative,job_displacement,-0.9288,1
@loveUbleach4ever,0.00014693865001865692,0.00017699115044247788,0.0,1,0,positive,productivity,0.6304,0
@marcoantoniosandoval6128,0.00014693865001865692,0.00017699115044247788,0.0,1,0,negative,cost,-0.7003,0
@Lapupoop,0.00014693865001865692,0.00017699115044247788,0.0,1,0,neutral,cost,0.0,0
@OSCAR1777,0.00014693865001865692,0.00017699115044247788,0.0,1,0,positive,job_displacement,0.2732,1
@globus000,0.00014693865001865692,0.00017699115044247788,0.0,1,0,negative,productivity,-0.7536,1
@orson6897,0.00014693865001865692,0.00017699115044247788,0.0,1,0,negative,cost,-0.852,0
@BobBurgah,0.00014693865001865692,0.00017699115044247788,0.0,1,0,positive,reliability,0.6369,5
@SanteeRocks,0.00014693865001865692,0.00017699115044247788,0.0,1,0,neutral,unknown,0.0,1
@WyattFantana,0.00014693865001865692,0.00017699115044247788,0.0,1,0,positive,productivity,0.5267,13
@thesnhigdho,0.00014693865001865692,0.00017699115044247788,0.0,1,0,neutral,cost,0.0,6
@TheMtBaldy,0.00014693865001865692,0.00017699115044247788,0.0,1,0,neutral,job_displacement,0.0,0
@QueenElizabeth1sth,0.00014693865001865692,0.00017699115044247788,0.0,1,0,negative,reliability,-0.34655,0
@Lennox_hayes,0.00014693865001865692,0.00017699115044247788,0.0,1,0,positive,productivity,0.1753,0
@GetGigFin,0.00014693865001865692,0.00017699115044247788,0.0,1,0,positive,job_displacement,0.504,1
@__Abu_Ali__,0.00014693865001865692,0.00017699115044247788,0.0,1,0,positive,job_displacement,0.54365,2
@jim_hewes,0.00014693865001865692,0.00017699115044247788,0.0,1,0,positive,productivity,0.17770000000000002,0
@aomo5293,0.00014693865001865692,0.00017699115044247788,0.0,1,0,positive,productivity,0.4201,1
@techtricks7594,0.00014693865001865692,0.00017699115044247788,0.0,1,0,neutral,job_displacement,0.0,10
@seblapinski1064,0.00014693865001865692,0.00017699115044247788,0.0,1,0,positive,productivity,0.9563,0
@mikoschde,0.00014693865001865692,0.00017699115044247788,0.0,1,0,neutral,reliability,0.0,0
@GOAT_RONNIE,0.00014693865001865692,0.00017699115044247788,1.3251948699056196e-06,1,1,positive,productivity,0.36345,2
@UP76UnknownGamer,0.00014693865001865692,0.00017699115044247788,0.0,1,0,positive,job_displacement,0.6369,20
@ahmedbarka-o4s,0.00014693865001865692,0.00017699115044247788,0.0,1,0,neutral,reliability,0.0,206
@RPrice_OG,0.00014693865001865692,0.00017699115044247788,0.0,1,0,negative,productivity,-0.5423,1
@bobmartin9742,0.0001457787000347379,0.00035398230088495576,0.0,2,0,neutral,productivity,0.0,0
@WidyawanWidarto,0.0001457787000347379,0.00035398230088495576,0.0,2,0,neutral,productivity,0.0,0
@Andy_B.,0.0001434588000668999,0.00035398230088495576,0.0,2,0,positive,reliability,0.4101,0
@elephantgrass631,0.00014229885008298088,0.00017699115044247788,0.0,1,0,positive,job_displacement,0.847275,0
@corygrewohl8180,0.00014129422727664396,0.00017699115044247788,0.0,1,0,neutral,job_displacement,0.0,102
@allabay,0.00014016012778146362,0.00017699115044247788,0.0,1,0,positive,reliability,0.4728,3
@openroomxyz,0.00014016012778146362,0.00017699115044247788,0.0,1,0,positive,productivity,0.5341,0
@sifat21-n7r,0.00014016012778146362,0.00017699115044247788,0.0,1,0,positive,job_displacement,0.5106,0
@theeagle7054,0.00014016012778146362,0.00017699115044247788,0.0,1,0,neutral,productivity,0.0,1
@sirakinb,0.00014016012778146362,0.00017699115044247788,0.0,1,0,neutral,productivity,0.03359999999999999,2
@anyeos,0.00013881900013122385,0.00017699115044247788,0.0,1,0,negative,reliability,-0.128,7
@abhisheksingh-rd2ur,0.00013881900013122385,0.00017699115044247788,0.0,1,0,positive,job_displacement,0.296,1
@RanjeethDevaiah,0.00013881900013122385,0.00017699115044247788,0.0,1,0,positive,unknown,0.1191,1
@prakhar.bhardwaj,0.00013881900013122385,0.00017699115044247788,0.0,1,0,positive,job_displacement,0.5096499999999999,19
@AllisonBernard_RI,0.00013881900013122385,0.00017699115044247788,0.0,1,0,positive,productivity,0.5106,0
@altruism123,0.00013881900013122385,0.00017699115044247788,0.0,1,0,negative,productivity,-0.3363,0
@Consultant3152,0.00013881900013122385,0.00017699115044247788,0.0,1,0,negative,job_displacement,-0.2405,0
@sirkato7751,0.00013881900013122385,0.00017699115044247788,0.0,1,0,negative,job_displacement,-0.5849,1
@atleta_hu,0.00013881900013122385,0.00017699115044247788,0.0,1,0,positive,job_displacement,0.4215,1
@gangstamoocrew,0.00013881900013122385,0.00017699115044247788,0.0,1,0,neutral,cost,0.0,0
@polarfamily6222,0.00013881900013122385,0.00017699115044247788,0.0,1,0,positive,productivity,0.14303333333333332,9
@ranjitsingh9791,0.00013881900013122385,0.00017699115044247788,0.0,1,0,positive,productivity,0.2382,2
@some_one_on_YouTube,0.00013881900013122385,0.00017699115044247788,0.0,1,0,positive,reliability,0.3612,1
@TipVoyage,0.00013881900013122385,0.00017699115044247788,0.0,1,0,positive,job_displacement,0.6958,0
@mycavalli3092,0.00013881900013122385,0.00017699115044247788,0.0,1,0,negative,reliability,-0.4871,4
@Himmiefan,0.00013881900013122385,0.00017699115044247788,0.0,1,0,negative,cost,-0.2971,1
@noadsensehere9195,0.00013881900013122385,0.00017699115044247788,0.0,1,0,positive,cost,0.4404,1
@stephenlflf3871,0.00013881900013122385,0.00017699115044247788,0.0,1,0,positive,productivity,0.7717,0
@rajeshkumarjyotish7129,0.00013881900013122385,0.00017699115044247788,0.0,1,0,neutral,cost,0.0,0
@latro666,0.00013881900013122385,0.00017699115044247788,0.0,1,0,positive,productivity,0.8776,1
@yaroslavmakarov2218,0.00013881900013122385,0.00017699115044247788,0.0,1,0,neutral,unknown,0.0,1
@DD-db2ki,0.00013881900013122385,0.00017699115044247788,0.0,1,0,neutral,cost,0.0,1
@AnandPanigrahi-r2t,0.00013881900013122385,0.00017699115044247788,0.0,1,0,positive,productivity,0.1591,1
@KennTechie-z1s,0.00013881900013122385,0.00017699115044247788,0.0,1,0,positive,cost,0.4199,2
@diegomagdaleno4464,0.00013881900013122385,0.00017699115044247788,0.0,1,0,positive,reliability,0.50045,2
@rishikeshkmr,0.00013881900013122385,0.00017699115044247788,0.0,1,0,positive,unknown,0.6588,0
@Twotechyguys,0.00013881900013122385,0.00017699115044247788,0.0,1,0,negative,job_displacement,-0.22306666666666666,0
@smealson1919,0.00013881900013122385,0.00017699115044247788,0.0,1,0,negative,productivity,-0.23835,3
@Kaiyang389,0.00013881900013122385,0.00017699115044247788,0.0,1,0,neutral,reliability,0.0,2
@FRANK-u2u5s,0.00013881900013122385,0.00017699115044247788,0.0,1,0,neutral,reliability,0.0,0
@AIMDtracks,0.00013881900013122385,0.00017699115044247788,0.0,1,0,neutral,job_displacement,0.0,0
@chetan7600,0.00013881900013122385,0.00017699115044247788,0.0,1,0,positive,productivity,0.5719,3
@abhinavzar,0.00013881900013122385,0.00017699115044247788,0.0,1,0,neutral,productivity,0.0,1
@Dik131WZD,0.00013881900013122385,0.00017699115044247788,0.0,1,0,neutral,productivity,0.0,2
@joshikaran-zm2ju,0.00013881900013122385,0.00017699115044247788,0.0,1,0,positive,productivity,0.7845,2
@FlavioGraf,0.00013881900013122385,0.00017699115044247788,0.0,1,0,neutral,reliability,0.0,3
@elielsonanjos7440,0.00013881900013122385,0.00017699115044247788,0.0,1,0,positive,productivity,0.27235,1
@dheerajkumarsoni24,0.00013881900013122385,0.00017699115044247788,0.0,1,0,positive,reliability,0.2023,9
@ronniedreamz107,0.00013881900013122385,0.00017699115044247788,0.0,1,0,neutral,job_displacement,0.0,1
@maxaquilino7264,0.00013881900013122385,0.00017699115044247788,0.0,1,0,neutral,reliability,0.0,1
@marcs4091,0.00013881900013122385,0.00017699115044247788,0.0,1,0,positive,productivity,0.25115,0
@agb2557,0.00013694761811739624,0.00017699115044247788,0.0,1,0,positive,productivity,0.2202,0
@Silver007xx,0.00013694761811739624,0.00017699115044247788,0.0,1,0,neutral,productivity,0.006849999999999995,0
@justsample9185,0.00013694761811739624,0.00017699115044247788,0.0,1,0,positive,job_displacement,0.7494000000000001,4
@FlyingDukkk,0.00013694761811739624,0.00017699115044247788,0.0,1,0,positive,job_displacement,0.3612,0
@anonanon7368,0.00013694761811739624,0.00017699115044247788,0.0,1,0,negative,cost,-0.3412,3
@RobertF245,0.00013582478890909971,0.00017699115044247788,0.0,1,0,negative,productivity,-0.2263,0
@Williamlinda-x2n,0.00013582478890909971,0.00017699115044247788,0.0,1,0,negative,productivity,-0.4588,0
@believeinyourdream2023,0.00013582478890909971,0.00017699115044247788,0.0,1,0,neutral,job_displacement,0.0,0
@clayjack-1iw,0.00013582478890909971,0.00017699115044247788,0.0,1,0,neutral,productivity,0.0,0
@donbrow-26k,0.00013582478890909971,0.00017699115044247788,0.0,1,0,neutral,reliability,0.0,0
@trevornezzil840,0.00013582478890909971,0.00017699115044247788,0.0,1,0,positive,productivity,0.4404,0
@kevin-w7f6c,0.00013582478890909971,0.00017699115044247788,0.0,1,0,neutral,cost,0.0,0
@Richard-x7o4e,0.00013582478890909971,0.00017699115044247788,0.0,1,0,positive,reliability,0.3612,0
@mike6799-y7o,0.00013582478890909971,0.00017699115044247788,0.0,1,0,neutral,productivity,0.0,5
@mykhan1645,0.00013582478890909971,0.00017699115044247788,0.0,1,0,negative,productivity,-0.1491,0
@yoren6,0.00013582478890909971,0.00017699115044247788,0.0,1,0,neutral,reliability,0.0,1
@yaya0701,0.00013582478890909971,0.00017699115044247788,0.0,1,0,positive,job_displacement,0.6249,1
@migueltomasmedina7205,0.00013582478890909971,0.00017699115044247788,0.0,1,0,positive,productivity,0.3182,0
@AlexMuthomi-d2z,0.00013582478890909971,0.00017699115044247788,0.0,1,0,negative,productivity,-0.296,0
@PasinduPriyanath-w7u,0.00013582478890909971,0.00017699115044247788,0.0,1,0,positive,productivity,0.2023,1
@JamesCarterjr-t3d,0.00013582478890909971,0.00017699115044247788,0.0,1,0,neutral,reliability,0.0,1
@HasaamMalik-h6n,0.00013582478890909971,0.00017699115044247788,0.0,1,0,negative,productivity,-0.4215,1
@Feritclorida,0.00013582478890909971,0.00017699115044247788,0.0,1,0,positive,productivity,0.5423,0
@Evelyn_Lisa,0.00013582478890909971,0.00017699115044247788,0.0,1,0,neutral,productivity,0.0,1
@DaryRocha-t7h,0.00013582478890909971,0.00017699115044247788,0.0,1,0,positive,job_displacement,0.4576,3
@jfausset,0.000133947210198764,0.00017699115044247788,0.0,1,0,neutral,job_displacement,0.0,1
@dgrossman3,0.000133947210198764,0.00017699115044247788,0.0,1,0,negative,productivity,-0.1027,1
kanyethegreat,0.000133947210198764,0.00017699115044247788,0.0,1,0,positive,job_displacement,0.2023,0
@beingmyself3706,0.000133947210198764,0.00017699115044247788,0.0,1,0,positive,productivity,0.8945,2
@DitaRani-s8l,0.000133947210198764,0.00017699115044247788,0.0,1,0,neutral,productivity,0.0,1
8note,0.000133947210198764,0.00017699115044247788,0.0,1,0,positive,job_displacement,0.5256,0
@metspa,0.000133947210198764,0.00017699115044247788,0.0,1,0,neutral,productivity,0.0,1
@philoleson1780,0.000133947210198764,0.00017699115044247788,0.0,1,0,positive,cost,0.1243,2
@Suresh-k9l1q,0.000133947210198764,0.00017699115044247788,0.0,1,0,positive,reliability,0.2732,0
@myronww,0.000133947210198764,0.00017699115044247788,0.0,1,0,positive,productivity,0.0943,1
@Sahastra223,0.000133947210198764,0.00017699115044247788,0.0,1,0,neutral,job_displacement,0.0,1
@JuliusGiron-k5r,0.000133947210198764,0.00017699115044247788,0.0,1,0,positive,productivity,0.6249,1
@binaryswinery5862,0.000133947210198764,0.00017699115044247788,0.0,1,0,neutral,reliability,0.0,0
@WealthAIWebApp,0.000133947210198764,0.00017699115044247788,0.0,1,0,positive,job_displacement,0.1779,1
@innocent_devil22,0.000133947210198764,0.00017699115044247788,0.0,1,0,neutral,job_displacement,0.0,0
@ZubedaYasmeen,0.000133947210198764,0.00017699115044247788,0.0,1,0,neutral,job_displacement,0.0,1
@ChrisBolcar,0.000133947210198764,0.00017699115044247788,0.0,1,0,positive,productivity,0.9077,1
@redonebig88,0.000133947210198764,0.00017699115044247788,0.0,1,0,negative,reliability,-0.5171,0
@aakashSharma-is9bk,0.000133947210198764,0.00017699115044247788,6.625974349528098e-07,1,1,positive,cost,0.2202,2
@Mythhammer,0.000133947210198764,0.00017699115044247788,0.0,1,0,negative,job_displacement,-0.2732,0
saurabh20n,0.000133947210198764,0.00017699115044247788,0.0,1,0,positive,productivity,0.9607,0
@AtmFatt,0.000133947210198764,0.00017699115044247788,0.0,1,0,neutral,reliability,0.0,1
@miguelsa2111,0.000133947210198764,0.00017699115044247788,0.0,1,0,neutral,unknown,0.0,1
@vinyroli,0.000133947210198764,0.00017699115044247788,0.0,1,0,negative,productivity,-0.5423,0
@nommindymple6241,0.000133947210198764,0.00017699115044247788,0.0,1,0,negative,job_displacement,-0.4215,2
@Tim_Tracy,0.000133947210198764,0.00017699115044247788,0.0,1,0,positive,job_displacement,0.9485,4
@neetu1052,0.000133947210198764,0.00017699115044247788,0.0,1,0,positive,unknown,0.5859,1
@jeremyccc,0.000133947210198764,0.00017699115044247788,0.0,1,0,positive,productivity,0.8883,2
@yogeshgaonkar4955,0.000133947210198764,0.00017699115044247788,0.0,1,0,positive,productivity,0.8176,3
@rahulshetty9335,0.000133947210198764,0.00017699115044247788,0.0,1,0,neutral,reliability,0.0,2
@Nitrowing1500,0.000133947210198764,0.00017699115044247788,0.0,1,0,positive,job_displacement,0.2635,1
@patriciarodriguez977,0.000133947210198764,0.00017699115044247788,0.0,1,0,positive,productivity,0.33525,0
@somestay07,0.000133947210198764,0.00017699115044247788,0.0,1,0,positive,job_displacement,0.9166,1
@ginocarosela6463,0.000133947210198764,0.00017699115044247788,0.0,1,0,neutral,cost,0.0,0
@lehaduong2532,0.000133947210198764,0.00017699115044247788,0.0,1,0,positive,productivity,0.4199,0
@HeinzFichtenbauer,0.000133947210198764,0.00017699115044247788,0.0,1,0,negative,job_displacement,-0.9649,0
@bouamarelouahhabi9525,0.000133947210198764,0.00017699115044247788,0.0,1,0,positive,unknown,0.4926,1
@KST8512,0.000133947210198764,0.00017699115044247788,0.0,1,0,negative,productivity,-0.1531,1
@videshpa,0.0001335115871782889,0.00017699115044247788,0.0,1,0,positive,productivity,0.9418,0
@matthewlean9367,0.0001335115871782889,0.00017699115044247788,0.0,1,0,neutral,job_displacement,0.0,1
@userbunny,0.0001335115871782889,0.00017699115044247788,0.0,1,0,negative,productivity,-0.2263,1
@stooge3126,0.0001335115871782889,0.00017699115044247788,0.0,1,0,positive,productivity,0.3612,0
@al_wombat,0.00013217565022332405,0.00017699115044247788,0.0,1,0,positive,productivity,0.6164333333333333,0
@koshvorlondk,0.00013217565022332405,0.00017699115044247788,0.0,1,0,positive,job_displacement,0.29375,1
@steincoco,0.0001312863128862558,0.00035398230088495576,0.0,2,0,positive,productivity,0.8702,0
@joomla-expert,0.00013069935024379077,0.00017699115044247788,0.0,1,0,positive,job_displacement,0.4404,0
@cristianhernandezresendiz6733,0.00013069935024379077,0.00017699115044247788,0.0,1,0,positive,productivity,0.7003,6
@palmettomediacompany,0.00013069935024379077,0.00017699115044247788,0.0,1,0,positive,productivity,0.973,1
@AmmarRana-f8e,0.00013069935024379077,0.00017699115044247788,0.0,1,0,neutral,job_displacement,0.0,0
@derilas,0.00013069935024379077,0.00017699115044247788,0.0,1,0,positive,productivity,0.2202,0
@joostdenboer5689,0.00013069935024379077,0.00017699115044247788,0.0,1,0,neutral,cost,0.0,0
@tchikkenlittle,0.00013069935024379077,0.00017699115044247788,0.0,1,0,positive,unknown,0.4215,0
@henrique-work,0.00013069935024379077,0.00017699115044247788,0.0,1,0,negative,job_displacement,-0.8658,0
@senai-g,0.00013069935024379077,0.00017699115044247788,0.0,1,0,positive,job_displacement,0.743,0
@keiichicom7891,0.00013069935024379077,0.00017699115044247788,0.0,1,0,negative,productivity,-0.3277,2
@sam-d-dev,0.00013069935024379077,0.00017699115044247788,0.0,1,0,positive,productivity,0.0772,1
@penvzila,0.00013069935024379077,0.00017699115044247788,0.0,1,0,positive,productivity,0.4404,1
@sykal,0.00013069935024379077,0.00017699115044247788,0.0,1,0,positive,job_displacement,0.7081,2
@razoraz,0.00013069935024379077,0.00017699115044247788,0.0,1,0,positive,productivity,0.959,2
@dudebrotheo,0.00013069935024379077,0.00017699115044247788,0.0,1,0,positive,job_displacement,0.8316,2
@ashrithrsingamsetty,0.00013069935024379077,0.00017699115044247788,0.0,1,0,positive,reliability,0.8225,0
@tpaine666,0.00013069935024379077,0.00017699115044247788,0.0,1,0,positive,job_displacement,0.4696,0
@FrankSchwarzfree,0.00013069935024379077,0.00035398230088495576,0.0,2,1,positive,job_displacement,0.50968,6
@bzert281,0.00013069935024379077,0.00017699115044247788,0.0,1,0,positive,job_displacement,0.557,0
@apporvaarya,0.00013069935024379077,0.00017699115044247788,0.0,1,0,positive,unknown,0.4404,0
@GREZA-DEV,0.00013069935024379077,0.00017699115044247788,0.0,1,0,positive,productivity,0.5106,1
@bnoyan-v7h,0.00013069935024379077,0.00017699115044247788,0.0,1,0,positive,job_displacement,0.7676000000000001,2
@graphicsguy5500,0.00013069935024379077,0.00017699115044247788,0.0,1,0,positive,productivity,0.9044,2
@merlinrabens,0.00013069935024379077,0.00017699115044247788,0.0,1,1,negative,reliability,-0.07773333333333332,5
@pgallovich,0.00013069935024379077,0.00017699115044247788,0.0,1,0,positive,job_displacement,0.6352,1
@AkDavid,0.00013069935024379077,0.00017699115044247788,0.0,1,1,positive,productivity,0.41045,6
@TheElephantChin,0.00013069935024379077,0.00017699115044247788,0.0,1,0,negative,productivity,-0.3291,0
@st-white-z,0.00013069935024379077,0.00017699115044247788,0.0,1,0,positive,job_displacement,0.7799,1
@nicobar44,0.00013069935024379077,0.00017699115044247788,0.0,1,0,neutral,productivity,0.0,1
@macartm,0.00013069935024379077,0.00017699115044247788,0.0,1,0,positive,job_displacement,0.6249,0
@erobbyd,0.00013069935024379077,0.00017699115044247788,0.0,1,0,positive,job_displacement,0.3542,0
@SuperRoll2,0.00013069935024379077,0.00017699115044247788,0.0,1,0,positive,unknown,0.9404,2
@ComatoseMN,0.00013069935024379077,0.00017699115044247788,0.0,1,0,positive,job_displacement,0.94475,0
@sveik_,0.00013069935024379077,0.00017699115044247788,0.0,1,0,negative,job_displacement,-0.5106,0
@AndrewRoberts11,0.00013069935024379077,0.00017699115044247788,0.0,1,1,positive,cost,0.73075,1
@Dylan-mo9fq,0.00012945017333803184,0.00017699115044247788,0.0,1,0,negative,job_displacement,-0.25,1
@corax1556,0.00012837945027595273,0.00017699115044247788,1.3251948699056196e-06,1,2,positive,job_displacement,0.28035,3
@mrpocock,0.00012837945027595273,0.00017699115044247788,0.0,1,0,positive,productivity,0.6807,4
@Nonam3e3,0.00012837945027595273,0.00017699115044247788,0.0,1,0,positive,job_displacement,0.7876,5
@tashpots123,0.00012837945027595273,0.00017699115044247788,0.0,1,0,positive,job_displacement,0.5859,0
@pivonroll,0.00012837945027595273,0.00017699115044247788,0.0,1,0,positive,job_displacement,0.0516,2
@ascendingone,0.00012837945027595273,0.00017699115044247788,0.0,1,0,positive,job_displacement,0.7034,1
@muhammadzmalik,0.00012837945027595273,0.00017699115044247788,0.0,1,0,negative,cost,-0.296,0
@Quillmaze,0.00012837945027595273,0.00017699115044247788,0.0,1,0,positive,job_displacement,0.9274,1
@parlarsson5724,0.00012837945027595273,0.00017699115044247788,0.0,1,0,positive,productivity,0.9843,0
@jtm-25,0.00012837945027595273,0.00017699115044247788,0.0,1,0,positive,productivity,0.0762,1
@GulamMustafa-b3s,0.00012837945027595273,0.00017699115044247788,0.0,1,1,neutral,productivity,0.0,2
@wavewalnut9869,0.00012837945027595273,0.00017699115044247788,0.0,1,0,negative,job_displacement,-0.3597,0
@thesapper,0.00012837945027595273,0.00017699115044247788,0.0,1,0,negative,job_displacement,-0.1994,1
@sobakete,0.00012837945027595273,0.00017699115044247788,0.0,1,0,positive,job_displacement,0.18595,1
@dantequartermain3595,0.00012837945027595273,0.00017699115044247788,0.0,1,0,positive,productivity,0.9593,2
@AB-wf8ek,0.00012837945027595273,0.00017699115044247788,0.0,1,0,positive,job_displacement,0.3612,1
@BuisnessSpace,0.00012837945027595273,0.00017699115044247788,0.0,1,0,neutral,job_displacement,0.0,0
@SulmanUashtar,0.00012837945027595273,0.00017699115044247788,0.0,1,0,positive,cost,0.1909,0
@bhuvan6926,0.00012745149028881752,0.00017699115044247788,0.0,1,0,positive,cost,0.3091,7
@MDFIROZ-te8wz,0.00012663952530007422,0.00017699115044247788,0.0,1,0,neutral,reliability,0.0,1
@PareshgadhaviJava-t4l7g,0.00012663952530007422,0.00017699115044247788,0.0,1,0,positive,job_displacement,0.6249,2
@anushkaghosh313,0.00012663952530007422,0.00017699115044247788,0.0,1,0,negative,job_displacement,-0.9382,1
@rameshragolu330,0.00012663952530007422,0.00017699115044247788,0.0,1,0,positive,cost,0.5994,1
@IchsanPratama-k8x,0.00012663952530007422,0.00017699115044247788,0.0,1,0,neutral,unknown,0.0,1
@chn1971-1,0.00012663952530007422,0.00017699115044247788,0.0,1,0,negative,job_displacement,-0.7259,1
@Taiki-nx9fd,0.00012663952530007422,0.00017699115044247788,0.0,1,0,positive,job_displacement,0.2706,0
@aaaa-f8g6s,0.00012663952530007422,0.00017699115044247788,0.0,1,0,positive,productivity,0.26720000000000005,16
@pritiranjanbarad4804,0.00012663952530007422,0.00017699115044247788,0.0,1,0,positive,cost,0.6808,1
@rishiraj2548,0.00012663952530007422,0.00017699115044247788,0.0,1,0,neutral,unknown,0.0,1
@CayoBuay,0.00012663952530007422,0.00017699115044247788,0.0,1,0,positive,job_displacement,0.2763,0
@siddharthsanas,0.00012663952530007422,0.00017699115044247788,0.0,1,0,positive,cost,0.5146499999999999,1
@vikaskamble7044,0.00012663952530007422,0.00017699115044247788,0.0,1,0,positive,cost,0.4404,1
@Luckyrider8899,0.00012663952530007422,0.00017699115044247788,0.0,1,0,positive,reliability,0.68,0
@TheReviewRoom05,0.00012663952530007422,0.00017699115044247788,0.0,1,0,positive,job_displacement,0.9348,0
@aleczero,0.00012663952530007422,0.00017699115044247788,0.0,1,0,positive,reliability,0.8885,1
@matheus_mko,0.00012663952530007422,0.00017699115044247788,0.0,1,0,positive,job_displacement,0.6588,0
@thepalerider5121,0.00012663952530007422,0.00017699115044247788,0.0,1,0,neutral,productivity,0.0,0
@daudimwenyewe7372,0.00012663952530007422,0.00017699115044247788,0.0,1,0,positive,productivity,0.4404,1
@Jaron-Wilson,0.0001260085577338841,0.00017699115044247788,0.0,1,0,positive,productivity,0.6273,1
@zfold4702,0.0001260085577338841,0.00017699115044247788,6.625974349528098e-06,1,2,positive,reliability,0.37366666666666665,5
@pablomanuelarjonillacobrer1351,0.0001260085577338841,0.00017699115044247788,0.0,1,0,neutral,reliability,0.0,0
@MaheshJoshi_wellington,0.0001260085577338841,0.00017699115044247788,0.0,1,0,positive,job_displacement,0.8932,0
@YTBot47,0.0001260085577338841,0.00017699115044247788,0.0,1,0,positive,reliability,0.5806,0
@GeobotPY,0.0001260085577338841,0.00017699115044247788,0.0,1,0,neutral,reliability,0.0,0
@DerekRhoads,0.0001260085577338841,0.00017699115044247788,0.0,1,0,negative,job_displacement,-0.08279999999999998,0
@Blocked-g1v,0.0001260085577338841,0.00017699115044247788,0.0,1,0,positive,reliability,0.893,0
@PascualCora,0.0001260085577338841,0.00017699115044247788,0.0,1,0,positive,productivity,0.824,3
@MarkFromSomeplace,0.0001260085577338841,0.00017699115044247788,0.0,1,0,positive,job_displacement,0.31245,0
@aaronberson8086,0.0001260085577338841,0.00017699115044247788,0.0,1,0,positive,cost,0.7717,0
@leondbleondb,0.0001260085577338841,0.00017699115044247788,0.0,1,0,negative,productivity,-0.6908,0
@moliii8809,0.0001260085577338841,0.00017699115044247788,0.0,1,0,positive,job_displacement,0.9643,0
@mudasirnazar,0.0001260085577338841,0.00017699115044247788,0.0,1,0,positive,reliability,0.4333,0
@ricardoasueiras,0.0001260085577338841,0.00017699115044247788,0.0,1,0,neutral,job_displacement,0.0,0
@nerios.v,0.0001260085577338841,0.00017699115044247788,0.0,1,0,neutral,job_displacement,0.0,0
@nicholasverastegui8632,0.0001260085577338841,0.00017699115044247788,0.0,1,0,positive,job_displacement,0.6319,0
@larsandersson8723,0.0001260085577338841,0.00017699115044247788,0.0,1,0,neutral,reliability,0.0,0
@rebelScience,0.0001260085577338841,0.00017699115044247788,0.0,1,0,neutral,reliability,0.0,0
@razorree,0.0001260085577338841,0.00017699115044247788,0.0,1,0,positive,productivity,0.4525,0
@kiwishizzle,0.0001260085577338841,0.00017699115044247788,0.0,1,0,positive,reliability,0.70625,0
@kencaid1,0.0001260085577338841,0.00017699115044247788,0.0,1,0,positive,job_displacement,0.34,0
@no_fb,0.0001260085577338841,0.00017699115044247788,0.0,1,0,negative,productivity,-0.1989,0
@johnduggins,0.0001260085577338841,0.00017699115044247788,0.0,1,0,positive,productivity,0.6588,0
@hx4791,0.0001260085577338841,0.00017699115044247788,0.0,1,0,positive,reliability,0.2553,0
@quentinlambert9169,0.0001260085577338841,0.00017699115044247788,0.0,1,0,positive,job_displacement,0.7777,0
@haroldjstinkmeaner,0.0001260085577338841,0.00017699115044247788,0.0,1,0,positive,job_displacement,0.9649,0
@rickgeyer9685,0.0001260085577338841,0.00017699115044247788,0.0,1,0,neutral,reliability,0.0,0
@exlr8in,0.0001260085577338841,0.00017699115044247788,0.0,1,0,positive,reliability,0.5906,0
@oatlegOnYt,0.0001260085577338841,0.00017699115044247788,0.0,1,0,negative,reliability,-0.7227,0
@oleksii.lopasov,0.0001260085577338841,0.00017699115044247788,0.0,1,0,positive,cost,0.30335,0
@elyakimlev,0.0001260085577338841,0.00017699115044247788,0.0,1,0,positive,reliability,0.13040000000000002,0
@pk-mh2cx,0.0001260085577338841,0.00017699115044247788,0.0,1,0,negative,reliability,-0.128,0
@aliakseilasevich3553,0.0001260085577338841,0.00017699115044247788,0.0,1,0,negative,reliability,-0.3809,0
@luisdanielmesa,0.0001260085577338841,0.00017699115044247788,0.0,1,0,positive,job_displacement,0.3363,0
@Cristian-ek7xy,0.00012528625031883535,0.00017699115044247788,6.625974349528098e-07,1,1,neutral,job_displacement,0.013350000000000029,3
@tobindrake2767,0.00012528625031883535,0.00017699115044247788,0.0,1,0,negative,productivity,-0.1531,2
@scott32874,0.00012528625031883535,0.00017699115044247788,0.0,1,0,negative,job_displacement,-0.628,0
@dmitryzhomir,0.00012528625031883535,0.00017699115044247788,0.0,1,0,positive,job_displacement,0.4215,0
@danielbennett5726,0.00012528625031883535,0.00017699115044247788,6.625974349528098e-07,1,1,positive,job_displacement,0.37025,0
@hypercho,0.00012528625031883535,0.00017699115044247788,0.0,1,0,positive,productivity,0.5357,3
@derekonleads,0.00012528625031883535,0.00017699115044247788,0.0,1,0,positive,job_displacement,0.8519,1
@sakarpoudel3952,0.00012528625031883535,0.00017699115044247788,0.0,1,0,positive,productivity,0.6369,0
@ProstoTak92052,0.00012455102291993804,0.00017699115044247788,0.0,1,0,positive,productivity,0.6577,3
@oskarex,0.00012455102291993804,0.00017699115044247788,0.0,1,0,negative,reliability,-0.11315,1
@patrickqueensen2523,0.00012455102291993804,0.00017699115044247788,0.0,1,0,positive,job_displacement,0.66825,2
@IvanRizzante,0.00012455102291993804,0.00017699115044247788,0.0,1,0,positive,job_displacement,0.4136,0
@skittlzism,0.0001242036303338443,0.00017699115044247788,0.0,1,0,positive,job_displacement,0.4926,30
@Rockyzach88,0.0001242036303338443,0.00017699115044247788,0.0,1,0,neutral,productivity,0.0,3
@daveweatherall7523,0.0001242036303338443,0.00017699115044247788,0.0,1,0,positive,productivity,0.4199,2
@foobarbecue,0.0001242036303338443,0.00017699115044247788,0.0,1,0,positive,productivity,0.3089,1
@setop123,0.0001242036303338443,0.00017699115044247788,0.0,1,0,positive,job_displacement,0.5106,2
@MikeBurnsDev,0.0001242036303338443,0.00017699115044247788,0.0,1,0,positive,job_displacement,0.6249,4
@amdenis,0.0001233178503461243,0.00017699115044247788,6.625974349528098e-07,1,1,positive,productivity,0.16759999999999997,1
@padhyswostik,0.0001233178503461243,0.00017699115044247788,0.0,1,0,negative,job_displacement,-0.5118,0
@unskeptable,0.0001233178503461243,0.00017699115044247788,0.0,1,0,positive,job_displacement,0.21206666666666665,7
@joi1351,0.0001233178503461243,0.00017699115044247788,0.0,1,0,positive,job_displacement,0.4939,1
@Scoopski_Putatoes,0.0001233178503461243,0.00017699115044247788,0.0,1,0,negative,productivity,-0.7778,1
@hoobsgroove,0.00012293272861233303,0.00017699115044247788,0.0,1,0,positive,productivity,0.05895,0
@PrithiviMagar-vv7vz,0.00012263734779564156,0.00017699115044247788,0.0,1,0,positive,cost,0.969,2
@mohitmouryaa143,0.00012263734779564156,0.00017699115044247788,0.0,1,0,neutral,reliability,0.0,1
@ivanamilinkovich,0.00012263734779564156,0.00017699115044247788,0.0,1,0,positive,unknown,0.4215,1
@sjwreal,0.00012263734779564156,0.00017699115044247788,0.0,1,0,neutral,job_displacement,0.0,1
@val7dev,0.00012263734779564156,0.00017699115044247788,0.0,1,0,positive,job_displacement,0.09505,2
@imsurafeldotdev,0.00012263734779564156,0.00017699115044247788,0.0,1,0,positive,job_displacement,0.6705,1
@DevZoneCodes,0.00012263734779564156,0.00017699115044247788,0.0,1,0,positive,cost,0.18745,2
@awakenwithoutcoffee,0.00012263734779564156,0.00017699115044247788,1.3251948699056196e-06,1,1,positive,cost,0.85155,2
@grenishrai611,0.00012263734779564156,0.00017699115044247788,0.0,1,0,positive,job_displacement,0.5148,3
@danieldavidoff7485,0.00012263734779564156,0.00017699115044247788,0.0,1,0,positive,productivity,0.34,1
@aminbusiness3139,0.00012263734779564156,0.00017699115044247788,0.0,1,0,neutral,unknown,0.0,0
@alexxarasho1138,0.00012263734779564156,0.00017699115044247788,0.0,1,0,positive,productivity,0.4404,3
@manastechhub,0.00012263734779564156,0.00017699115044247788,0.0,1,0,positive,reliability,0.7579,0
@ZentrixEditor,0.00012263734779564156,0.00017699115044247788,0.0,1,0,positive,job_displacement,0.7988999999999999,1
@ADHDOCD,0.00012263734779564156,0.00017699115044247788,0.0,1,0,neutral,job_displacement,0.0,3
@Varna-m7r,0.00012263734779564156,0.00017699115044247788,0.0,1,0,neutral,cost,0.0,2
@Ateszika,0.00012263734779564156,0.00017699115044247788,0.0,1,0,negative,cost,-0.3182,1
@Biglu193,0.00012263734779564156,0.00017699115044247788,0.0,1,0,positive,reliability,0.7942,1
@DeepakSankhyan,0.00012263734779564156,0.00017699115044247788,0.0,1,0,positive,productivity,0.8553,1
@Andy_Pandy_44,0.00012257970035635767,0.00017699115044247788,0.0,1,0,positive,productivity,0.882,2
@HeavenWarner,0.00012257970035635767,0.00017699115044247788,0.0,1,0,positive,productivity,0.8225,1
@MikeBrownRehobothBeach,0.00012257970035635767,0.00017699115044247788,0.0,1,0,neutral,job_displacement,0.0,0
@sixsigsystems,0.00012257970035635767,0.00017699115044247788,0.0,1,0,positive,productivity,0.35115,0
@vishwarupdev4055,0.00012257970035635767,0.00017699115044247788,0.0,1,0,positive,cost,0.6369,0
@Thunder001-o6x,0.00012257970035635767,0.00017699115044247788,0.0,1,0,positive,productivity,0.7783,2
@adammahdoul-AI,0.00012257970035635767,0.00017699115044247788,0.0,1,0,neutral,reliability,0.0,0
@muhammadraihannasywaan5591,0.00012257970035635767,0.00017699115044247788,0.0,1,0,positive,unknown,0.6249,0
@roberthaugenno,0.00012257970035635767,0.00017699115044247788,0.0,1,0,positive,productivity,0.4019,2
@ionutdenes,0.00012257970035635767,0.00017699115044247788,0.0,1,0,positive,cost,0.4574,0
@themastergrone,0.00012257970035635767,0.00017699115044247788,0.0,1,0,positive,job_displacement,0.4404,0
@AnythingGodamnit,0.00012195511190347822,0.00017699115044247788,0.0,1,1,neutral,productivity,0.026800000000000018,0
@shujaatali8414,0.00012195511190347822,0.00017699115044247788,0.0,1,0,positive,job_displacement,0.1704,0
@saifsaif8580,0.00012195511190347822,0.00017699115044247788,0.0,1,0,positive,job_displacement,0.8807,2
@vivekerra7948,0.00012195511190347822,0.00017699115044247788,0.0,1,0,neutral,reliability,0.0,1
@2dorrr-t4t,0.00012195511190347822,0.00017699115044247788,0.0,1,0,neutral,unknown,0.0,0
@ginger-viking,0.00012195511190347822,0.00017699115044247788,0.0,1,0,positive,productivity,0.9186,0
@shekujabbie7506,0.00012195511190347822,0.00017699115044247788,0.0,1,0,positive,job_displacement,0.4404,1
@philippecourtemanche7667,0.00012195511190347822,0.00017699115044247788,0.0,1,0,positive,cost,0.9041,0
@sangatdhanda48,0.00012195511190347822,0.00017699115044247788,0.0,1,0,positive,productivity,0.8979,7
@luisarguello9690,0.00012195511190347822,0.00017699115044247788,0.0,1,0,positive,productivity,0.5083,0
@nijatrzayev9962,0.00012195511190347822,0.00017699115044247788,0.0,1,0,positive,job_displacement,0.8568,16
@IshanJoshi-n9v,0.00012195511190347822,0.00017699115044247788,0.0,1,0,positive,job_displacement,0.8682,1
@Cat-m8m9y,0.00012195511190347822,0.00017699115044247788,0.0,1,0,positive,job_displacement,0.8011,1
@BG0178,0.00012195511190347822,0.00017699115044247788,0.0,1,0,positive,unknown,0.7906,1
@AviOz-i2h,0.00012195511190347822,0.00017699115044247788,0.0,1,0,positive,productivity,0.937,1
@AndrewTSq,0.00012195511190347822,0.00017699115044247788,0.0,1,0,positive,productivity,0.5104500000000001,0
@rogerswetnam1416,0.00012195511190347822,0.00017699115044247788,0.0,1,0,positive,cost,0.943,3
@john.the.baptist_yt,0.00012195511190347822,0.00017699115044247788,0.0,1,0,neutral,productivity,0.0,0
@DanielDogeanu,0.00012195511190347822,0.00017699115044247788,0.0,1,0,negative,reliability,-0.5255,0
@jasminbecirevic3273,0.00012195511190347822,0.00017699115044247788,0.0,1,0,positive,productivity,0.9604,0
@JeBongusBingus,0.00012195511190347822,0.00017699115044247788,0.0,1,0,neutral,reliability,0.0,2
@Mindgamer2702,0.00012195511190347822,0.00017699115044247788,0.0,1,0,neutral,productivity,0.0,0
@techchanx,0.00012195511190347822,0.00017699115044247788,0.0,1,0,positive,productivity,0.8516,3
@summer.breeze22,0.00012195511190347822,0.00017699115044247788,0.0,1,0,positive,job_displacement,0.5807,1
@stanleyyao2461,0.00012195511190347822,0.00017699115044247788,0.0,1,0,positive,reliability,0.857,1
@SteelHeart5813,0.00012195511190347822,0.00017699115044247788,0.0,1,0,positive,productivity,0.09770000000000001,0
@snigdhachourasia8403,0.00012195511190347822,0.00017699115044247788,0.0,1,0,positive,job_displacement,0.7113,2
@adrianlazar3120,0.00012195511190347822,0.00017699115044247788,0.0,1,0,negative,job_displacement,-0.0897,2
@BirhanNega,0.00012195511190347822,0.00017699115044247788,0.0,1,0,negative,job_displacement,-0.47,0
@InfiniteCuriousity,0.00012195511190347822,0.00017699115044247788,0.0,1,0,positive,reliability,0.7574,4
@RasulAbuMuhammadAmin,0.00012195511190347822,0.00017699115044247788,0.0,1,0,positive,job_displacement,0.7345,0
@blueSpirit137,0.00012195511190347822,0.00017699115044247788,0.0,1,0,positive,productivity,0.3595,0
@TheProfessionalGamerSS4444,0.00012195511190347822,0.00017699115044247788,0.0,1,0,positive,productivity,0.3266,0
@annieorben,0.00012195511190347822,0.00017699115044247788,0.0,1,0,positive,productivity,0.7644,5
@funditaucher7020,0.00012195511190347822,0.00017699115044247788,0.0,1,0,positive,reliability,0.212,2
@zeeshanasghar3751,0.00012195511190347822,0.00017699115044247788,0.0,1,0,neutral,productivity,0.0,0
@NoLimitSquad,0.00012141975037243867,0.00017699115044247788,0.0,1,1,negative,reliability,-0.0934,5
@shauryakansal1081,0.00012141975037243867,0.00017699115044247788,0.0,1,0,positive,reliability,0.19865,0
@Tn3r,0.00012141975037243867,0.00017699115044247788,0.0,1,0,negative,productivity,-0.3252,1
@SocratesTitan,0.00012141975037243867,0.00017699115044247788,0.0,1,0,positive,productivity,0.7964,0
@penotebitterw,0.00012141975037243867,0.00017699115044247788,0.0,1,0,positive,productivity,0.8221,0
@HakobNIk,0.00012141975037243867,0.00017699115044247788,0.0,1,0,positive,productivity,0.7964,0
@arunsector,0.00012095577037887107,0.00017699115044247788,0.0,1,0,positive,productivity,0.6249,0
@AhmedIbrahimKhallaf,0.00012095577037887107,0.00017699115044247788,0.0,1,0,negative,reliability,-0.34,0
@DevineMuhoza,0.00012095577037887107,0.00017699115044247788,0.0,1,0,negative,productivity,-0.1027,2
@GyanDarshan108,0.00012095577037887107,0.00017699115044247788,0.0,1,0,negative,job_displacement,-0.8591,0
@Narendra-r2e1y,0.00012095577037887107,0.00017699115044247788,0.0,1,0,positive,unknown,0.4404,0
@adityamandhare5117,0.00012095577037887107,0.00017699115044247788,0.0,1,0,positive,job_displacement,0.7251,1
@joecok,0.00012095577037887107,0.00017699115044247788,0.0,1,0,neutral,job_displacement,0.0,1
@ihsanpro9406,0.00012095577037887107,0.00017699115044247788,0.0,1,0,neutral,reliability,0.0,0
@life_in_their_shoes_1,0.00012095577037887107,0.00017699115044247788,0.0,1,0,positive,reliability,0.6908,3
@mriduljaiman3063,0.00012095577037887107,0.00017699115044247788,0.0,1,0,positive,job_displacement,0.5106,0
@souvikkar7402,0.00012095577037887107,0.00017699115044247788,0.0,1,0,positive,reliability,0.6908,2
@FactChecked24,0.00012081455907648092,0.00017699115044247788,0.0,1,0,positive,job_displacement,0.17584999999999998,6
@driserq199,0.00012054978788449941,0.00017699115044247788,0.0,1,1,negative,reliability,-0.31245,0
@705tv,0.00012054978788449941,0.00017699115044247788,0.0,1,0,neutral,cost,0.0,1
@DB-MH11,0.00012054978788449941,0.00017699115044247788,0.0,1,0,neutral,job_displacement,0.0,0
@sadiqqqqqq,0.00012054978788449941,0.00017699115044247788,0.0,1,0,positive,reliability,0.8381,5
@Rea458,0.00012054978788449941,0.00017699115044247788,0.0,1,0,neutral,unknown,0.0,0
@arlanrakh,0.00012054978788449941,0.00017699115044247788,0.0,1,0,positive,job_displacement,0.6239,0
@Gabeyre,0.00012054978788449941,0.00017699115044247788,0.0,1,1,negative,productivity,-0.09449999999999999,1
@chenrvn,0.00012054978788449941,0.00017699115044247788,0.0,1,0,positive,reliability,0.2851666666666667,0
@sureshDahikar-v2m,0.00011987315039387999,0.00017699115044247788,0.0,1,0,positive,job_displacement,0.6908,1
@japhtgnice1794,0.00011987315039387999,0.00017699115044247788,0.0,1,0,positive,reliability,0.4215,1
@sherjust_spams,0.00011987315039387999,0.00017699115044247788,0.0,1,0,positive,unknown,0.6884,0
@AIWithoutFluff,0.00011987315039387999,0.00017699115044247788,0.0,1,0,positive,cost,0.8625,1
@VisionStackHQ,0.00011987315039387999,0.00017699115044247788,0.0,1,0,positive,productivity,0.4019,0
@sarah.manifests,0.00011987315039387999,0.00017699115044247788,0.0,1,0,positive,cost,0.8881,1
@The.BlackJackal,0.00011987315039387999,0.00017699115044247788,0.0,1,0,neutral,job_displacement,0.0258,1
@AnnaQuinn-t1w,0.00011987315039387999,0.00017699115044247788,0.0,1,0,negative,job_displacement,-0.10419999999999999,3
@Tanaykothari.wisprflow.shorts,0.00011987315039387999,0.00017699115044247788,0.0,1,0,positive,reliability,0.4404,1
@ShadiHamzawi,0.00011987315039387999,0.00017699115044247788,0.0,1,0,positive,job_displacement,0.4404,1
@officialkishanrao,0.00011987315039387999,0.00017699115044247788,0.0,1,0,positive,job_displacement,0.4215,1
@BrittneyJoLOVABLE,0.00011987315039387999,0.00017699115044247788,0.0,1,0,positive,job_displacement,0.8988,0
@احمدالحلو-م9ك,0.00011987315039387999,0.00017699115044247788,0.0,1,0,neutral,reliability,0.0,0
@Chloec.reates,0.00011987315039387999,0.00017699115044247788,0.0,1,0,positive,job_displacement,0.5983,1
@MightyPrefix,0.00011950553669443133,0.00017699115044247788,0.0,1,0,positive,productivity,0.6989,1
@FabLoki,0.00011950553669443133,0.00017699115044247788,9.938961524292148e-07,1,1,positive,reliability,0.6504,0
@IanRagless,0.00011950553669443133,0.00017699115044247788,0.0,1,0,positive,productivity,0.9558,3
@JonRodmanUSA,0.00011950553669443133,0.00017699115044247788,0.0,1,0,positive,job_displacement,0.923,4
@KVKAutomates,0.00011950553669443133,0.00017699115044247788,0.0,1,0,negative,productivity,-0.15077500000000002,1
@MatthewPomar,0.00011950553669443133,0.00017699115044247788,0.0,1,0,positive,productivity,0.8423,1
@AlexandreBarbosaIT,0.00011950553669443133,0.00017699115044247788,0.0,1,0,positive,productivity,0.1448,1
@AbdulrhmanAlhalabi,0.00011950553669443133,0.00017699115044247788,0.0,1,0,neutral,reliability,0.0,3
@ThrowbackGaming1,0.00011950553669443133,0.00017699115044247788,1.9877923048584297e-06,1,1,negative,productivity,-0.6297,1
@Nikkes-b2v,0.00011950553669443133,0.00017699115044247788,0.0,1,0,negative,productivity,-0.4019,0
@NikosIliakis,0.00011950553669443133,0.00017699115044247788,0.0,1,0,positive,productivity,0.47975,2
@Pm__98768,0.00011950553669443133,0.00017699115044247788,0.0,1,0,negative,job_displacement,-0.7131,0
@PureRelativity-42,0.00011950553669443133,0.00017699115044247788,0.0,1,0,positive,job_displacement,0.9622,7
@SlowMody,0.00011950553669443133,0.00017699115044247788,0.0,1,0,positive,productivity,0.6322,0
@TheAleBecker,0.00011950553669443133,0.00017699115044247788,0.0,1,0,positive,reliability,0.906,2
@Aloukat,0.00011950553669443133,0.00017699115044247788,0.0,1,0,positive,job_displacement,0.8731,1
@singlesourceai,0.00011950553669443133,0.00017699115044247788,0.0,1,0,positive,productivity,0.8481,4
@EliteRemmy,0.00011950553669443133,0.00017699115044247788,0.0,1,0,positive,job_displacement,0.5256,5
@madhudson1,0.00011950553669443133,0.00017699115044247788,0.0,1,0,negative,reliability,-0.0772,0
@samdeployvr975,0.00011950553669443133,0.00017699115044247788,0.0,1,0,negative,cost,-0.1298,3
@Caleb_Spotz,0.00011950553669443133,0.00017699115044247788,0.0,1,0,positive,job_displacement,0.8080499999999999,2
@thespencerowen,0.00011950553669443133,0.00017699115044247788,0.0,1,0,positive,productivity,0.5267,0
@xeviltimxy,0.00011950553669443133,0.00017699115044247788,0.0,1,0,positive,productivity,0.0508,7
@ryan-zx4is,0.00011950553669443133,0.00017699115044247788,0.0,1,0,positive,productivity,0.7845,1
@reynubix,0.00011950553669443133,0.00017699115044247788,0.0,1,0,positive,job_displacement,0.6597,1
@raveuk7656,0.00011950553669443133,0.00017699115044247788,0.0,1,0,positive,job_displacement,0.5932,0
@radekberan7674,0.00011950553669443133,0.00017699115044247788,0.0,1,0,positive,job_displacement,0.946,2
@ocBuilderDisorder,0.00011950553669443133,0.00017699115044247788,0.0,1,0,positive,productivity,0.7691,1
@moamenai-u9e,0.00011950553669443133,0.00017699115044247788,0.0,1,0,neutral,cost,0.0,2
@mmlufer,0.00011950553669443133,0.00017699115044247788,0.0,1,0,positive,cost,0.6083,0
@mosherchtman,0.00011950553669443133,0.00017699115044247788,0.0,1,0,positive,job_displacement,0.9183,1
@lazi_izal,0.00011950553669443133,0.00017699115044247788,0.0,1,0,positive,job_displacement,0.3802,1
@BigFarm_ah365,0.00011950553669443133,0.00017699115044247788,0.0,1,1,positive,job_displacement,0.7368,3
@biba_500,0.00011950553669443133,0.00017699115044247788,0.0,1,0,neutral,reliability,0.0,0
@erikriedel91,0.00011950553669443133,0.00017699115044247788,0.0,1,0,positive,productivity,0.5351,2
@share_the_love,0.00011950553669443133,0.00017699115044247788,0.0,1,0,positive,reliability,0.923,3
@jasonpickens9839,0.00011950553669443133,0.00017699115044247788,0.0,1,1,positive,productivity,0.37546666666666667,5
@jd5787,0.00011950553669443133,0.00017699115044247788,0.0,1,0,positive,job_displacement,0.49595,1
@petecapecod,0.00011909985040460065,0.00017699115044247788,0.0,1,1,positive,productivity,0.44320000000000004,3
@rebelkeir,0.00011909985040460065,0.00017699115044247788,0.0,1,0,positive,reliability,0.7906,3
@serdar_1978,0.00011909985040460065,0.00017699115044247788,0.0,1,0,positive,productivity,0.4956,0
@allengozo,0.00011909985040460065,0.00017699115044247788,0.0,1,0,positive,job_displacement,0.4019,0
@creativehacksolutions,0.00011909985040460065,0.00017699115044247788,0.0,1,0,positive,reliability,0.20095,1
@MathiasElle-i1q,0.00011909985040460065,0.00017699115044247788,0.0,1,0,positive,cost,0.6166,1
@Hobnockers,0.00011909985040460065,0.00017699115044247788,0.0,1,0,positive,productivity,0.721,0
@DanFrederiksen,0.00011909985040460065,0.00017699115044247788,0.0,1,0,negative,productivity,-0.2746,0
@Beloved_Digital,0.00011909985040460065,0.00017699115044247788,0.0,1,0,positive,reliability,0.29295,0
@zmagicsolutions,0.00011909985040460065,0.00017699115044247788,0.0,1,0,neutral,cost,0.03443333333333334,1
@adityacholkar1421,0.00011909985040460065,0.00017699115044247788,0.0,1,0,negative,job_displacement,-0.0772,1
@yacahumax1431,0.00011869638954062881,0.00017699115044247788,0.0,1,0,neutral,reliability,0.0,0
@714acedeck,0.00011869638954062881,0.00017699115044247788,0.0,1,0,negative,job_displacement,-0.8494,0
@tiagotiagot,0.00011869638954062881,0.00017699115044247788,0.0,1,0,positive,job_displacement,0.5925,0
@TechnoEveryday,0.00011869638954062881,0.00017699115044247788,0.0,1,0,positive,cost,0.743,0
@BarrieBrown,0.00011869638954062881,0.00017699115044247788,0.0,1,0,positive,unknown,0.4926,1
@DeGoogled0,0.00011869638954062881,0.00017699115044247788,0.0,1,0,neutral,reliability,0.0,1
@Dragonluna69,0.00011869638954062881,0.00017699115044247788,0.0,1,0,positive,job_displacement,0.5661,0
@Grott1C7ZAyelh,0.00011869638954062881,0.00017699115044247788,0.0,1,0,neutral,reliability,0.0,2
@Je.Suis.Flaneur,0.00011869638954062881,0.00017699115044247788,0.0,1,0,positive,job_displacement,0.6369,1
@MotSter,0.00011869638954062881,0.00017699115044247788,0.0,1,0,positive,reliability,0.5389,0
@UNcommonSenseAUS,0.00011869638954062881,0.00017699115044247788,0.0,1,0,positive,productivity,0.5719,0
@ivans.935,0.00011869638954062881,0.00017699115044247788,0.0,1,1,positive,productivity,0.6697,2
@WickedMuis,0.00011869638954062881,0.00017699115044247788,0.0,1,0,positive,productivity,0.6334,0
@2rx_bni,0.00011869638954062881,0.00017699115044247788,0.0,1,0,positive,job_displacement,0.8439,1
@dArtagnan712,0.00011869638954062881,0.00017699115044247788,0.0,1,0,positive,reliability,0.7323999999999999,2
@dadlord689,0.00011869638954062881,0.00017699115044247788,0.0,1,0,negative,cost,-0.2553,0
@electricalbatross5797,0.00011869638954062881,0.00017699115044247788,0.0,1,0,negative,reliability,-0.128,3
@goodnightmr5892,0.00011869638954062881,0.00017699115044247788,0.0,1,0,neutral,reliability,0.0,18
@carlpietrzak967,0.00011869638954062881,0.00017699115044247788,0.0,1,0,positive,productivity,0.6696,2
@Eiret-cp7xr,0.00011869638954062881,0.00017699115044247788,0.0,1,0,neutral,unknown,0.0,2
@Kuvool,0.00011854869913228309,0.00017699115044247788,0.0,1,0,positive,productivity,0.3527,0
@Yesar1,0.00011854869913228309,0.00017699115044247788,0.0,1,0,positive,job_displacement,0.5828333333333333,1
@joseantoniogomes6407,0.00011854869913228309,0.00017699115044247788,0.0,1,0,positive,reliability,0.14200000000000002,1
@iamanantgupta,0.00011854869913228309,0.00017699115044247788,0.0,1,0,neutral,productivity,0.0,0
@JanVandenEeckhout,0.00011854869913228309,0.00017699115044247788,0.0,1,0,positive,job_displacement,0.83005,1
@henryg4195,0.00011854869913228309,0.00017699115044247788,0.0,1,0,positive,job_displacement,0.31525000000000003,0
@nelsonlam96,0.00011854869913228309,0.00017699115044247788,0.0,1,0,negative,job_displacement,-0.1027,0
@fabianrenz943,0.00011854869913228309,0.00017699115044247788,0.0,1,0,neutral,job_displacement,0.0,1
@emal8323,0.00011854869913228309,0.00017699115044247788,0.0,1,0,positive,job_displacement,0.6892,0
@ocean645,0.00011854869913228309,0.00017699115044247788,0.0,1,0,positive,job_displacement,0.31845,0
@rajiv7,0.00011854869913228309,0.00017699115044247788,0.0,1,0,positive,reliability,0.38795,0
@amirmirza582,0.00011854869913228309,0.00017699115044247788,0.0,1,0,negative,job_displacement,-0.6249,0
@eddieurbano1328,0.00011854869913228309,0.00017699115044247788,0.0,1,0,positive,job_displacement,0.64975,0
@dancingspider7246,0.00011854869913228309,0.00017699115044247788,0.0,1,0,neutral,productivity,0.0,0
@robingeelen,0.00011854869913228309,0.00017699115044247788,0.0,1,0,positive,unknown,0.4404,0
@michaelwildman3848,0.00011854869913228309,0.00017699115044247788,0.0,1,0,positive,productivity,0.836,0
@mxteo-psd,0.00011854869913228309,0.00017699115044247788,0.0,1,0,positive,job_displacement,0.9399500000000001,0
@Weareteamsuccess,0.00011854869913228309,0.00017699115044247788,0.0,1,0,positive,job_displacement,0.4926,0
@ยิมจึง-ข1ฎ,0.00011854869913228309,0.00017699115044247788,0.0,1,0,positive,unknown,0.4404,1
@InterstellarML,0.00011854869913228309,0.00017699115044247788,0.0,1,0,positive,job_displacement,0.6580333333333334,1
@UnusualAttitudes,0.00011854869913228309,0.00017699115044247788,0.0,1,0,positive,job_displacement,0.9748,0
@muhamadfarhankhairolanuar8005,0.00011854869913228309,0.00017699115044247788,0.0,1,1,neutral,productivity,0.0,0
@Eddylive,0.00011854869913228309,0.00017699115044247788,0.0,1,0,neutral,unknown,0.0,0
@XunnnD-hz4pi,0.00011854869913228309,0.00017699115044247788,0.0,1,0,positive,job_displacement,0.8126,0
@ChrisBoulas,0.00011854869913228309,0.00017699115044247788,0.0,1,0,neutral,reliability,0.0,1
@Viadeicolli,0.00011854869913228309,0.00017699115044247788,0.0,1,0,positive,reliability,0.7135,0
@ДмитрийКостюк-г1ф,0.00011854869913228309,0.00017699115044247788,0.0,1,0,positive,productivity,0.3612,0
@Basiliold,0.00011854869913228309,0.00017699115044247788,0.0,1,0,positive,job_displacement,0.31245,1
@stevemelkerson4706,0.00011854869913228309,0.00017699115044247788,0.0,1,0,positive,job_displacement,0.8845,0
@AIEdge-p4n,0.00011854869913228309,0.00017699115044247788,0.0,1,0,positive,productivity,0.9066,0
@vovantiensy4940,0.00011851987541264113,0.00017699115044247788,0.0,1,0,positive,job_displacement,0.5777,1
@whoimi6886,0.00011851987541264113,0.00017699115044247788,0.0,1,0,positive,job_displacement,0.9259,5
@0xSpiff,0.00011851987541264113,0.00017699115044247788,0.0,1,0,positive,productivity,0.9107,2
@thenameisnik,0.00011851987541264113,0.00017699115044247788,0.0,1,0,positive,reliability,0.6229,2
@BintangFathurrizki,0.00011851987541264113,0.00017699115044247788,0.0,1,0,positive,job_displacement,0.3119,2
@JesseJaxx,0.00011851987541264113,0.00017699115044247788,0.0,1,0,positive,cost,0.6981,0
@RyanJustinJackson,0.00011851987541264113,0.00017699115044247788,0.0,1,0,positive,job_displacement,0.9115,2
@StolenPw,0.00011851987541264113,0.00017699115044247788,0.0,1,0,positive,productivity,0.4005,0
@StrikeMarketingInstitute,0.00011851987541264113,0.00017699115044247788,0.0,1,0,positive,job_displacement,0.42195,2
@amandacoldwell7295,0.00011851987541264113,0.00017699115044247788,0.0,1,0,positive,productivity,0.949,1
@brianjaralearns,0.00011851987541264113,0.00017699115044247788,0.0,1,0,positive,job_displacement,0.9129,2
@digitalpayd,0.00011851987541264113,0.00017699115044247788,0.0,1,0,positive,reliability,0.965,2
@mysacredwild,0.00011851987541264113,0.00017699115044247788,0.0,1,0,positive,productivity,0.1986,0
@radityawaliulu,0.00011851987541264113,0.00017699115044247788,0.0,1,0,positive,productivity,0.52142,3
@candi0503,0.00011851987541264113,0.00017699115044247788,0.0,1,0,positive,reliability,0.3091,1
@An-r5x1q,0.00011851987541264113,0.00017699115044247788,0.0,1,0,neutral,productivity,0.0,3
@meichi308,0.00011828106218065781,0.00017699115044247788,0.0,1,0,positive,unknown,0.72275,2
@supernsansa,0.00011813687305946033,0.00017699115044247788,0.0,1,0,negative,productivity,-0.24225,0
@SolidAir54321,0.00011813687305946033,0.00017699115044247788,0.0,1,0,positive,productivity,0.44815000000000005,0
@MuhammadShehroz-ty4bq,0.00011709345043241641,0.00017699115044247788,0.0,1,0,positive,job_displacement,0.3094,0
@cmd-space,0.00011709345043241641,0.00017699115044247788,0.0,1,0,positive,cost,0.4199,2
@ComexVisigoths,0.00011709345043241641,0.00017699115044247788,0.0,1,0,positive,productivity,0.6529,1
@joshtasoff1175,0.00011709345043241641,0.00017699115044247788,0.0,1,0,positive,job_displacement,0.7304,1
@jdepew,0.00011709345043241641,0.00017699115044247788,0.0,1,0,positive,cost,0.4215,1
@Hard-Won-Ignorance,0.00011709345043241641,0.00017699115044247788,0.0,1,0,negative,reliability,-0.4767,1
@hugodessomme8188,0.00011709345043241641,0.00017699115044247788,0.0,1,0,positive,job_displacement,0.1511,1
@erkanduman-f4q,0.00011709345043241641,0.00017699115044247788,0.0,1,0,positive,job_displacement,0.8399,4
@AminaBasiru-r2s,0.00011709345043241641,0.00017699115044247788,0.0,1,0,positive,productivity,0.75,1
@adityabhattacharyya6811,0.00011709345043241641,0.00017699115044247788,0.0,1,0,positive,job_displacement,0.9001,1
@avian6051,0.00011709345043241641,0.00017699115044247788,0.0,1,0,positive,job_displacement,0.8646,2
@maca8888,0.00011709345043241641,0.00017699115044247788,0.0,1,0,positive,job_displacement,0.3592,0
@AashiKaria,0.00011709345043241641,0.00017699115044247788,0.0,1,0,positive,job_displacement,0.7835,1
@PaulSolt,0.00011709345043241641,0.00017699115044247788,0.0,1,0,positive,reliability,0.5586666666666668,1
@Onkeldoc1234,0.00011709345043241641,0.00017699115044247788,0.0,1,0,positive,job_displacement,0.9402,1
@aar021,0.00011709345043241641,0.00017699115044247788,0.0,1,1,positive,job_displacement,0.3876,3
@Michael_Valen,0.00011709345043241641,0.00017699115044247788,0.0,1,0,positive,productivity,0.3612,1
@LeakingShip,0.00011709345043241641,0.00017699115044247788,0.0,1,0,positive,reliability,0.7245,1
@lucyn.7501,0.00011709345043241641,0.00017699115044247788,0.0,1,0,positive,productivity,0.921,3
@AlifKhan-g9z,0.00011709345043241641,0.00017699115044247788,0.0,1,0,positive,job_displacement,0.4926,1
@tomasgil2533,0.00011709345043241641,0.00017699115044247788,0.0,1,0,positive,cost,0.3331,3
@samplesd3656,0.00011709345043241641,0.00017699115044247788,0.0,1,0,positive,job_displacement,0.9668,1
@Eddy_Matrix,0.00011709345043241641,0.00017699115044247788,0.0,1,0,neutral,job_displacement,0.0,2
@yosivin1,0.00011709345043241641,0.00017699115044247788,0.0,1,0,positive,productivity,0.3563,1
@viacheslavivakin8298,0.00011709345043241641,0.00017699115044247788,0.0,1,0,positive,productivity,0.9612,1
@tomimartins9208,0.00011709345043241641,0.00017699115044247788,0.0,1,1,positive,unknown,0.44425,1
@theresaelliott1784,0.00011709345043241641,0.00017699115044247788,0.0,1,0,positive,job_displacement,0.8589,1
@mettaxaman,0.00011709345043241641,0.00017699115044247788,0.0,1,0,positive,productivity,0.8045,5
@quickbeam1,0.00011709345043241641,0.00017699115044247788,0.0,1,0,positive,productivity,0.9168,1
@omer8418,0.00011709345043241641,0.00017699115044247788,0.0,1,0,positive,reliability,0.7569,1
@pavelfilippov8116,0.00011709345043241641,0.00017699115044247788,0.0,1,0,positive,job_displacement,0.7963,1
@torontoyes,0.00011689594543515452,0.00017699115044247788,0.0,1,0,neutral,productivity,0.0,0
@Code-With-Robby,0.00011689594543515452,0.00017699115044247788,0.0,1,1,positive,unknown,0.363625,1
@liewweijun6728,0.00011689594543515452,0.00017699115044247788,0.0,1,0,positive,reliability,0.6369,1
@andyqhpeng1,0.00011689594543515452,0.00017699115044247788,0.0,1,0,neutral,reliability,0.0,0
@spacecamplofi,0.00011689594543515452,0.00017699115044247788,0.0,1,0,negative,productivity,-0.1306,2
@Ayofashakaa,0.00011689594543515452,0.00017699115044247788,0.0,1,0,positive,productivity,0.1591,0
@tbone_ka_right_tatta,0.00011689594543515452,0.00017699115044247788,0.0,1,0,positive,job_displacement,0.6808,0
@BobertDTV,0.00011689594543515452,0.00017699115044247788,0.0,1,0,positive,job_displacement,0.938,3
@DevBolat,0.00011689594543515452,0.00017699115044247788,0.0,1,0,positive,productivity,0.7412,0
@FitzSturgill,0.00011689594543515452,0.00017699115044247788,0.0,1,0,positive,reliability,0.8594,0
@mapioca,0.00011689594543515452,0.00017699115044247788,0.0,1,0,positive,reliability,0.5994,0
@FlowKy_ai,0.00011689594543515452,0.00017699115044247788,0.0,1,0,positive,job_displacement,0.5081,0
@KashyapBhai-r5e,0.00011689594543515452,0.00017699115044247788,0.0,1,0,positive,job_displacement,0.8979,2
@marcusfriese31,0.00011689594543515452,0.00017699115044247788,0.0,1,0,positive,cost,0.4927,0
@ManyouRisms,0.00011689594543515452,0.00017699115044247788,0.0,1,0,positive,reliability,0.8977,5
@hydrogxn,0.00011689594543515452,0.00017699115044247788,0.0,1,0,neutral,job_displacement,0.0,1
@MohammedUzairnewsfortheland,0.00011689594543515452,0.00017699115044247788,0.0,1,0,positive,reliability,0.8807,1
@RedDevilNL,0.00011689594543515452,0.00017699115044247788,0.0,1,0,positive,job_displacement,0.6484,0
@Turing-Complete,0.00011689594543515452,0.00017699115044247788,0.0,1,0,positive,unknown,0.4926,1
@teddward418,0.00011689594543515452,0.00017699115044247788,0.0,1,0,positive,job_displacement,0.64135,1
@TheThinkingBenchTheory,0.00011689594543515452,0.00017699115044247788,0.0,1,0,positive,job_displacement,0.8832,1
@TinyCinemuh,0.00011689594543515452,0.00017699115044247788,0.0,1,0,positive,job_displacement,0.8268,0
@maxthomarino,0.00011689594543515452,0.00017699115044247788,0.0,1,0,positive,cost,0.7783,1
@mimo89891,0.00011689594543515452,0.00017699115044247788,0.0,1,0,positive,productivity,0.4199,0
@kauanmocelin,0.00011689594543515452,0.00017699115044247788,0.0,1,0,positive,job_displacement,0.8883,1
@sameeranand6439,0.00011689594543515452,0.00017699115044247788,0.0,1,0,positive,reliability,0.2975,0
@hg5418-u8d,0.00011689594543515452,0.00017699115044247788,0.0,1,0,neutral,unknown,0.0,1
@pusan09,0.00011689594543515452,0.00017699115044247788,0.0,1,0,positive,job_displacement,0.4199,1
@clearVue101,0.00011689594543515452,0.00017699115044247788,0.0,1,0,neutral,job_displacement,0.0,9
@codingkaksha70,0.00011689594543515452,0.00017699115044247788,0.0,1,0,positive,productivity,0.659,0
@cpflamesYT,0.00011689594543515452,0.00017699115044247788,0.0,1,0,positive,job_displacement,0.7692,0
@chloeshih,0.00011689594543515452,0.00017699115044247788,0.0,1,0,positive,cost,0.8213,2
@bolke8056,0.00011689594543515452,0.00017699115044247788,0.0,1,0,positive,job_displacement,0.7712,1
@diazwatson,0.00011689594543515452,0.00017699115044247788,0.0,1,0,neutral,cost,0.0,1
@TuncTurel,0.00011689594543515452,0.00017699115044247788,0.0,1,0,positive,productivity,0.8479,0
@hacmahoalong,0.00011689594543515452,0.00017699115044247788,0.0,1,0,positive,productivity,0.2732,0
@eystolov,0.00011689594543515452,0.00017699115044247788,0.0,1,0,positive,productivity,0.5713,2
@bobert6644,0.00011689594543515452,0.00017699115044247788,0.0,1,0,positive,job_displacement,0.3182,0
@dwnerx,0.00011677995043676262,0.00017699115044247788,0.0,1,0,positive,productivity,0.7248,0
@vextorfx6243,0.00011677995043676262,0.00017699115044247788,0.0,1,0,negative,productivity,-0.594,0
@GuptaShivam-v1s,0.00011677995043676262,0.00017699115044247788,0.0,1,0,neutral,cost,0.0,1
@2012jhon,0.00011677995043676262,0.00017699115044247788,0.0,1,0,neutral,job_displacement,0.0,1
@stevecummings3591,0.00011677995043676262,0.00017699115044247788,0.0,1,0,positive,cost,0.3612,2
@Fardin396,0.00011677995043676262,0.00017699115044247788,0.0,1,0,positive,reliability,0.12485000000000002,4
@thesaxwarrior,0.0001165782200047767,0.00017699115044247788,0.0,1,0,positive,job_displacement,0.3404,2
@andrewabogado,0.0001165782200047767,0.00017699115044247788,0.0,1,0,positive,productivity,0.61225,2
@arontvs,0.0001165782200047767,0.00017699115044247788,0.0,1,0,positive,reliability,0.5106,1
@HollowReacts1,0.0001165782200047767,0.00017699115044247788,0.0,1,0,positive,reliability,0.29635,5
@anandbens6358,0.0001165782200047767,0.00017699115044247788,0.0,1,0,positive,productivity,0.49905,2
@d-omrani,0.0001165782200047767,0.00017699115044247788,0.0,1,0,positive,productivity,0.3934,5
@Jdinrbfidndifofkdndjoflfndjdk,0.0001165782200047767,0.00017699115044247788,0.0,1,0,positive,reliability,0.5922333333333333,2
@NaveedAli-n5g,0.0001165782200047767,0.00017699115044247788,0.0,1,0,positive,job_displacement,0.387125,6
@ututanimations3322,0.00011637055632479122,0.00017699115044247788,0.0,1,0,positive,reliability,0.5106,2
@splashshift1,0.00011637055632479122,0.00017699115044247788,0.0,1,0,positive,job_displacement,0.6249,0
@stevenwall760,0.00011637055632479122,0.00017699115044247788,0.0,1,0,positive,productivity,0.9406,1
@tobiaskohlschlag5115,0.00011637055632479122,0.00017699115044247788,0.0,1,0,positive,productivity,0.7939,0
@tec_techs,0.00011637055632479122,0.00017699115044247788,0.0,1,0,positive,job_displacement,0.4939,0
@smoothgazi,0.00011637055632479122,0.00017699115044247788,0.0,1,0,positive,job_displacement,0.7717,14
@surajgiri1649,0.00011637055632479122,0.00017699115044247788,0.0,1,0,neutral,unknown,0.0,0
@vanquoc81,0.00011637055632479122,0.00017699115044247788,0.0,1,0,positive,job_displacement,0.5635,0
@ynwicks7142,0.00011637055632479122,0.00017699115044247788,0.0,1,0,positive,job_displacement,0.5983,2
@soundformovement,0.00011637055632479122,0.00017699115044247788,0.0,1,0,positive,job_displacement,0.9468,1
@wrightt360,0.00011637055632479122,0.00017699115044247788,0.0,1,0,positive,job_displacement,0.7769,6
@yzhang2008,0.00011637055632479122,0.00017699115044247788,0.0,1,0,positive,productivity,0.9215,2
@ZukeClips,0.00011637055632479122,0.00017699115044247788,0.0,1,0,neutral,cost,0.0,0
@sinTheUnadulterated,0.00011637055632479122,0.00017699115044247788,6.625974349528098e-07,1,1,positive,job_displacement,0.45493333333333336,2
@satyapras7667,0.00011637055632479122,0.00017699115044247788,0.0,1,0,positive,unknown,0.3612,0
@SouthbayJay_ai,0.00011637055632479122,0.00017699115044247788,0.0,1,0,positive,cost,0.9257,4
@aijokker,0.00011637055632479122,0.00017699115044247788,6.625974349528098e-07,1,1,positive,productivity,0.29455,0
@ajiw_,0.00011637055632479122,0.00017699115044247788,0.0,1,0,positive,productivity,0.8988,0
@alexanderkomanov4151,0.00011637055632479122,0.00017699115044247788,0.0,1,0,positive,unknown,0.66375,1
@anthonymorlett146,0.00011637055632479122,0.00017699115044247788,0.0,1,0,positive,unknown,0.4215,0
@captain365,0.00011637055632479122,0.00017699115044247788,0.0,1,0,positive,job_displacement,0.9099,0
@chezanagrofarm153,0.00011637055632479122,0.00017699115044247788,0.0,1,0,positive,job_displacement,0.872,1
@davidlopez8421,0.00011637055632479122,0.00017699115044247788,0.0,1,0,positive,productivity,0.8469,0
@dwiii1635,0.00011637055632479122,0.00017699115044247788,0.0,1,0,neutral,reliability,0.0,2
@dylaro0,0.00011637055632479122,0.00017699115044247788,0.0,1,0,positive,job_displacement,0.8856,1
@edoron777,0.00011637055632479122,0.00017699115044247788,0.0,1,0,positive,productivity,0.9283,3
@guesshu123,0.00011637055632479122,0.00017699115044247788,0.0,1,0,positive,job_displacement,0.851,0
@lazargubezkis4329,0.00011637055632479122,0.00017699115044247788,0.0,1,0,positive,productivity,0.9195,0
@SoftwareDev1431-e8u,0.00011637055632479122,0.00017699115044247788,0.0,1,0,positive,cost,0.67755,0
@ROKIBULHASANTANZIM,0.00011637055632479122,0.00017699115044247788,0.0,1,0,positive,unknown,0.3612,1
@MrCalletennis,0.00011637055632479122,0.00017699115044247788,0.0,1,0,neutral,job_displacement,0.0,45
@John316Ministries,0.00011637055632479122,0.00017699115044247788,0.0,1,0,positive,job_displacement,0.8928,4
@DrLumosLongevity,0.00011637055632479122,0.00017699115044247788,0.0,1,0,positive,job_displacement,0.7088,1
@ClemensLaengle,0.00011637055632479122,0.00017699115044247788,0.0,1,0,positive,productivity,0.4019,0
@likewolf,0.00011637055632479122,0.00017699115044247788,0.0,1,0,positive,reliability,0.765,3
@Afaqplanetscale,0.00011637055632479122,0.00017699115044247788,0.0,1,0,positive,productivity,0.499,1
@AIUser1431,0.00011637055632479122,0.00017699115044247788,0.0,1,0,positive,productivity,0.8883,1
@AILabLive,0.00011637055632479122,0.00017699115044247788,0.0,1,0,positive,productivity,0.3818,0
@VuHungNguyen,0.00011637055632479122,0.00017699115044247788,0.0,1,0,positive,cost,0.8824,0
@modulezp,0.00011637055632479122,0.00017699115044247788,0.0,1,0,positive,productivity,0.6588,0
@mrbaluba100,0.00011637055632479122,0.00017699115044247788,0.0,1,0,positive,reliability,0.6114,0
@patgomez5243,0.00011637055632479122,0.00017699115044247788,0.0,1,0,positive,cost,0.4215,0
@rupnikj,0.00011637055632479122,0.00017699115044247788,0.0,1,0,positive,reliability,0.9347,6
@russssety,0.00011637055632479122,0.00017699115044247788,0.0,1,0,positive,productivity,0.3787,0
@sinan6895,0.00011637055632479122,0.00017699115044247788,0.0,1,0,negative,cost,-0.1759,4
@TPDazzle,0.00011629846176419247,0.00017699115044247788,0.0,1,0,negative,productivity,-0.15445,0
@CodeCrafterStef,0.00011629846176419247,0.00017699115044247788,0.0,1,0,positive,productivity,0.9793,0
@smokeythecat8967,0.00011629846176419247,0.00017699115044247788,0.0,1,0,positive,productivity,0.86,0
@scott_itall8638,0.00011629846176419247,0.00017699115044247788,0.0,1,0,positive,job_displacement,0.34,0
@janemckay6979,0.00011629846176419247,0.00017699115044247788,0.0,1,0,neutral,productivity,0.0,0
@JpShadowGames,0.00011629846176419247,0.00017699115044247788,0.0,1,0,positive,job_displacement,0.9209,0
@rubiteve,0.00011629846176419247,0.00017699115044247788,0.0,1,0,positive,productivity,0.4404,0
@rshaffer4444,0.00011629846176419247,0.00017699115044247788,0.0,1,0,positive,reliability,0.5719,0
@raphaelreitzig5984,0.00011629846176419247,0.00017699115044247788,0.0,1,0,positive,productivity,0.5079,0
@ralfulrich6254,0.00011629846176419247,0.00017699115044247788,0.0,1,0,neutral,job_displacement,-0.03510000000000002,1
@oneszeross,0.00011629846176419247,0.00017699115044247788,0.0,1,0,positive,productivity,0.4404,0
@jaydenrareproto,0.00011629846176419247,0.00017699115044247788,0.0,1,0,positive,reliability,0.34,0
@nkbdl,0.00011629846176419247,0.00017699115044247788,0.0,1,0,positive,productivity,0.1406,0
@mikerodent3164,0.00011629846176419247,0.00017699115044247788,0.0,1,0,negative,productivity,-0.1552,0
@jchampanzee8561,0.00011629846176419247,0.00017699115044247788,0.0,1,0,neutral,productivity,0.0,0
@micahneveu4633,0.00011629846176419247,0.00017699115044247788,0.0,1,0,positive,job_displacement,0.40125,0
@johncarlocaraan9331,0.00011629846176419247,0.00017699115044247788,0.0,1,0,neutral,job_displacement,0.0,0
@mariaelenarjlbarbieri,0.00011629846176419247,0.00017699115044247788,0.0,1,0,positive,job_displacement,0.7402,0
@JesseAimonMusic,0.00011629846176419247,0.00017699115044247788,0.0,1,0,positive,productivity,0.48975,0
@CrepuljaVideo,0.00011629846176419247,0.00017699115044247788,0.0,1,0,positive,job_displacement,0.8987499999999999,0
@EugeneMkrtumyan,0.00011629846176419247,0.00017699115044247788,0.0,1,0,neutral,productivity,0.0,0
@DCxDemo,0.00011629846176419247,0.00017699115044247788,0.0,1,0,negative,job_displacement,-0.3612,0
@DanaTokerNadler,0.00011629846176419247,0.00017699115044247788,0.0,1,0,positive,productivity,0.8862,0
@DigiArchLab,0.00011629846176419247,0.00017699115044247788,0.0,1,0,negative,productivity,-0.8176,0
@slacker_DIY,0.00011629846176419247,0.00017699115044247788,0.0,1,0,positive,productivity,0.0772,0
@MarblesOnRobert,0.00011629846176419247,0.00017699115044247788,0.0,1,0,negative,cost,-0.8316,0
@sonjoysengupto,0.00011629846176419247,0.00017699115044247788,0.0,1,0,negative,job_displacement,-0.8047,0
@SakVaan,0.00011629846176419247,0.00017699115044247788,0.0,1,0,negative,productivity,-0.7684,0
@VictorKinzer,0.00011629846176419247,0.00017699115044247788,0.0,1,0,positive,reliability,0.2144,0
@UltraKillpc,0.00011629846176419247,0.00017699115044247788,0.0,1,0,positive,job_displacement,0.2023,0
@StefanSchmidt-c2o,0.00011629846176419247,0.00017699115044247788,0.0,1,0,positive,job_displacement,0.8737,1
@a.modestproposal2038,0.00011629846176419247,0.00017699115044247788,0.0,1,0,positive,job_displacement,0.9767,0
@ambydupuis,0.00011629846176419247,0.00017699115044247788,0.0,1,0,positive,productivity,0.1531,0
@blaawk,0.00011629846176419247,0.00017699115044247788,0.0,1,0,neutral,job_displacement,0.0,0
@bringingbacktheboogie,0.00011629846176419247,0.00017699115044247788,0.0,1,0,negative,job_displacement,-0.128,0
@chrisminnoy3637,0.00011629846176419247,0.00017699115044247788,0.0,1,0,positive,productivity,0.1531,0
@jamiefenner9443,0.00011629846176419247,0.00017699115044247788,0.0,1,0,positive,reliability,0.926,0
@SkateCode,0.00011629846176419247,0.00017699115044247788,0.0,1,0,negative,productivity,-0.1154,0
@colleenforrest7936,0.00011629846176419247,0.00017699115044247788,0.0,1,0,positive,productivity,0.6369,0
@Derloopkat,0.00011629846176419247,0.00017699115044247788,0.0,1,0,positive,productivity,0.8968,0
@daigriffiths399,0.00011629846176419247,0.00017699115044247788,0.0,1,0,negative,job_displacement,-0.4113,0
@Meowbay,0.00011629846176419247,0.00017699115044247788,0.0,1,0,negative,productivity,-0.3291,0
@typedef04,0.00011629846176419247,0.00017699115044247788,0.0,1,0,positive,job_displacement,0.4822,0
@itsverygreen532,0.00011629846176419247,0.00017699115044247788,0.0,1,0,neutral,productivity,0.0441,0
@PolgarMiklós,0.00011629846176419247,0.00017699115044247788,0.0,1,0,positive,job_displacement,0.3384,0
@galapiat,0.00011629846176419247,0.00017699115044247788,0.0,1,0,positive,productivity,0.4404,1
@MegaBaellchen,0.00011629846176419247,0.00017699115044247788,0.0,1,0,neutral,productivity,0.01605000000000001,0
@fs4972,0.00011629846176419247,0.00017699115044247788,0.0,1,0,negative,productivity,-0.849,1
@dtkedtyjrtyj,0.00011629846176419247,0.00017699115044247788,0.0,1,0,positive,job_displacement,0.6736,0
@GeorgeO-84,0.00011563397575385469,0.00017699115044247788,0.0,1,0,positive,job_displacement,0.6367499999999999,0
@MarkedbyVisuals,0.00011563397575385469,0.00017699115044247788,0.0,1,0,positive,productivity,0.47553333333333336,0
@sdrweb,0.00011563397575385469,0.00017699115044247788,0.0,1,0,positive,job_displacement,0.31845,0
@cristinarotaru,0.00011563397575385469,0.00017699115044247788,0.0,1,0,positive,productivity,0.33045,0
@Belizianboi13,0.00011551913523685065,0.00017699115044247788,0.0,1,0,neutral,productivity,0.0,1
@AI_MI_guy,0.00011551913523685065,0.00017699115044247788,0.0,1,0,neutral,unknown,0.0,14
@AUGMENtyzer-Industries,0.00011551913523685065,0.00017699115044247788,0.0,1,0,positive,cost,0.4168,1
@AdventMoxy,0.00011551913523685065,0.00017699115044247788,0.0,1,0,positive,productivity,0.4019,1
@Apex-shares,0.00011551913523685065,0.00017699115044247788,0.0,1,0,neutral,unknown,0.0,1
@Tips-r-us,0.00011551913523685065,0.00017699115044247788,0.0,1,0,neutral,cost,0.0258,1
@CodeToDoSubscribe,0.00011551913523685065,0.00017699115044247788,0.0,1,0,unknown,unknown,0.0,0
@davidc3268,0.00011551913523685065,0.00017699115044247788,0.0,1,0,neutral,reliability,0.0,1
@mjcodesdaily,0.00011551913523685065,0.00017699115044247788,0.0,1,0,positive,job_displacement,0.47475,4
@marcosferreira8463,0.00011551913523685065,0.00017699115044247788,0.0,1,0,neutral,job_displacement,0.0,1
@lassiecoder,0.00011551913523685065,0.00017699115044247788,0.0,1,0,positive,productivity,0.5325333333333334,3
@guyeshel9316,0.00011551913523685065,0.00017699115044247788,0.0,1,1,positive,cost,0.13396666666666665,2
@greg7371,0.00011551913523685065,0.00017699115044247788,0.0,1,0,positive,productivity,0.7579,1
@ernestomendoza4225,0.00011551913523685065,0.00017699115044247788,0.0,1,0,positive,job_displacement,0.296,1
@colbyryan6884,0.00011551913523685065,0.00017699115044247788,0.0,1,0,positive,productivity,0.6808,5
@Deltamegrez,0.00011551913523685065,0.00017699115044247788,0.0,1,0,positive,productivity,0.8271,1
@brianmaingi3190,0.00011551913523685065,0.00017699115044247788,0.0,1,0,positive,job_displacement,0.5106,0
@booksdulce1383,0.00011551913523685065,0.00017699115044247788,0.0,1,0,negative,productivity,-0.2283,1
@bonamin,0.00011551913523685065,0.00017699115044247788,0.0,1,0,positive,productivity,0.7607,12
@batuhanartan,0.00011551913523685065,0.00017699115044247788,0.0,1,0,positive,reliability,0.25,2
@avedenmadriaga6234,0.00011551913523685065,0.00017699115044247788,0.0,1,0,neutral,cost,0.0,1
@WaldirArruda,0.00011551913523685065,0.00017699115044247788,0.0,1,0,positive,job_displacement,0.5399,1
@outsidethebox262,0.00011551913523685065,0.00017699115044247788,0.0,1,0,positive,productivity,0.26685000000000003,3
@rutger_ai,0.00011551913523685065,0.00017699115044247788,0.0,1,0,neutral,reliability,0.0,1
@sboshnello9767,0.00011551913523685065,0.00017699115044247788,0.0,1,0,positive,cost,0.2732,1
@TheOnecrazyrunner,0.00011551913523685065,0.00017699115044247788,0.0,1,0,positive,reliability,0.4215,1
@SPCPerez19Delta,0.00011551913523685065,0.00017699115044247788,0.0,1,0,neutral,job_displacement,-0.0008000000000000229,1
@魔巨,0.00011551913523685065,0.00017699115044247788,0.0,1,0,neutral,unknown,0.0,1
@OurGao,0.00011551913523685065,0.00017699115044247788,0.0,1,0,positive,reliability,0.2263,1
@OshadaAdithya-bs3up,0.00011551913523685065,0.00017699115044247788,0.0,1,0,positive,reliability,0.7483500000000001,1
@NoahSpurrier,0.00011551913523685065,0.00017699115044247788,0.0,1,0,negative,productivity,-0.2411,1
@MrFaiqueShakil,0.00011551913523685065,0.00017699115044247788,0.0,1,0,neutral,reliability,0.0,2
@Mang334,0.00011551913523685065,0.00017699115044247788,0.0,1,0,positive,job_displacement,0.4215,1
@KaffeeJankie,0.00011551913523685065,0.00017699115044247788,0.0,1,0,neutral,reliability,0.0,1
@Visual_Economics,0.00011551913523685065,0.00017699115044247788,0.0,1,0,positive,job_displacement,0.5423,1
@Hrbatanu,0.00011551913523685065,0.00017699115044247788,0.0,1,0,neutral,unknown,0.0,1
@GlobalCompare9095AI,0.00011551913523685065,0.00017699115044247788,0.0,1,0,unknown,unknown,0.0,0
@FAISALMADLAWI,0.00011551913523685065,0.00017699115044247788,0.0,1,0,negative,productivity,-0.2263,1
@Dififigneisiaixjv,0.00011551913523685065,0.00017699115044247788,0.0,1,0,positive,reliability,0.3818,1
@akashgill870,0.00011551913523685065,0.00017699115044247788,0.0,1,0,neutral,reliability,0.0,1
@tuur01,0.00011504701311138964,0.00017699115044247788,0.0,1,0,positive,reliability,0.7461,1
@amazingqualitycontrolltd9352,0.00011504701311138964,0.00017699115044247788,0.0,1,0,positive,cost,0.7777,0
@manfredzechmeister3381,0.00011504701311138964,0.00017699115044247788,0.0,1,0,positive,job_displacement,0.9721,0
@iks8622,0.00011504701311138964,0.00017699115044247788,0.0,1,0,positive,productivity,0.77715,0
@indepth25,0.00011504701311138964,0.00017699115044247788,0.0,1,0,positive,job_displacement,0.8548,0
@javierpiza6669,0.00011504701311138964,0.00017699115044247788,0.0,1,0,negative,productivity,-0.6486,0
@jayg199zero,0.00011504701311138964,0.00017699115044247788,0.0,1,0,positive,productivity,0.8687,1
@jaysondavies1340,0.00011504701311138964,0.00017699115044247788,0.0,1,0,negative,productivity,-0.1801,0
@jedcomics,0.00011504701311138964,0.00017699115044247788,0.0,1,0,positive,job_displacement,0.41085,0
@johndiaz1077,0.00011504701311138964,0.00017699115044247788,0.0,1,0,neutral,productivity,0.0,0
@johnedmond9361,0.00011504701311138964,0.00017699115044247788,0.0,1,0,positive,productivity,0.7339,0
@joseyadi,0.00011504701311138964,0.00017699115044247788,0.0,1,0,positive,reliability,0.4201,0
@jsa-z1722,0.00011504701311138964,0.00017699115044247788,0.0,1,0,positive,job_displacement,0.8393,0
@juliahartley-barnes975,0.00011504701311138964,0.00017699115044247788,0.0,1,0,positive,reliability,0.2732,0
@justinfinocchiaro,0.00011504701311138964,0.00017699115044247788,0.0,1,0,neutral,productivity,0.0,0
@kembahi_moghati,0.00011504701311138964,0.00017699115044247788,0.0,1,0,positive,productivity,0.49305,0
@keningilbert,0.00011504701311138964,0.00017699115044247788,0.0,1,0,positive,productivity,0.6369,3
@kylisation,0.00011504701311138964,0.00017699115044247788,0.0,1,0,neutral,reliability,0.0,0
@iChefShotty,0.00011504701311138964,0.00017699115044247788,0.0,1,0,positive,job_displacement,0.8122,2
@hugo7375,0.00011504701311138964,0.00017699115044247788,0.0,1,0,positive,productivity,0.6908,0
@hartmjo1,0.00011504701311138964,0.00017699115044247788,0.0,1,0,neutral,cost,0.0,0
@eqdt_mattias_nilsson,0.00011504701311138964,0.00017699115044247788,0.0,1,0,positive,productivity,0.9129,0
@datbronze9846,0.00011504701311138964,0.00017699115044247788,0.0,1,0,positive,reliability,0.4404,0
@deonbuhrs8525,0.00011504701311138964,0.00017699115044247788,0.0,1,0,positive,job_displacement,0.7713,0
@dinnerrecipe3529,0.00011504701311138964,0.00017699115044247788,0.0,1,0,positive,job_displacement,0.2202,0
@doctornebula,0.00011504701311138964,0.00017699115044247788,0.0,1,0,negative,job_displacement,-0.0772,0
@edgger1,0.00011504701311138964,0.00017699115044247788,0.0,1,0,positive,job_displacement,0.6124,0
@eleewilsonjrcosmosart,0.00011504701311138964,0.00017699115044247788,0.0,1,0,positive,job_displacement,0.7424,0
@erikawinter-stefferud,0.00011504701311138964,0.00017699115044247788,0.0,1,0,positive,job_displacement,0.8932,0
@hanyelmohamad7783,0.00011504701311138964,0.00017699115044247788,0.0,1,0,negative,job_displacement,-0.2225,2
@esanariam,0.00011504701311138964,0.00017699115044247788,0.0,1,0,neutral,unknown,0.0,0
@fernandolanderos4600,0.00011504701311138964,0.00017699115044247788,0.0,1,0,positive,job_displacement,0.7184,0
@gamingallday9225,0.00011504701311138964,0.00017699115044247788,0.0,1,0,negative,reliability,-0.6124,0
@gregd6022,0.00011504701311138964,0.00017699115044247788,0.0,1,0,negative,reliability,-0.3182,0
@guieswenderouamba7074,0.00011504701311138964,0.00017699115044247788,0.0,1,0,positive,productivity,0.8481,0
@guntergrenner9127,0.00011504701311138964,0.00017699115044247788,0.0,1,0,positive,job_displacement,0.6369,0
@lucianaldritch3409,0.00011504701311138964,0.00017699115044247788,0.0,1,0,negative,productivity,-0.7717,1
@manmeetsingh1857,0.00011504701311138964,0.00017699115044247788,0.0,1,0,positive,productivity,0.8576,0
@Hellopetitevie,0.00011504701311138964,0.00017699115044247788,0.0,1,0,positive,productivity,0.75,0
@matthewbesant453,0.00011504701311138964,0.00017699115044247788,0.0,1,0,positive,job_displacement,0.9013,0
@seankpersonal5346,0.00011504701311138964,0.00017699115044247788,0.0,1,0,positive,job_displacement,0.9099,0
@shai_bachar,0.00011504701311138964,0.00017699115044247788,0.0,1,0,positive,productivity,0.9432,4
@shaunralston,0.00011504701311138964,0.00017699115044247788,0.0,1,0,positive,productivity,0.6588,1
@shayakghosal7456,0.00011504701311138964,0.00017699115044247788,0.0,1,0,neutral,reliability,0.0,0
@sneomal,0.00011504701311138964,0.00017699115044247788,0.0,1,0,positive,job_displacement,0.9413,0
@tazzmania4ever,0.00011504701311138964,0.00017699115044247788,0.0,1,0,negative,productivity,-0.5096,0
@techdudesweekly,0.00011504701311138964,0.00017699115044247788,0.0,1,0,positive,job_displacement,0.9468,0
@timteller1400,0.00011504701311138964,0.00017699115044247788,0.0,1,0,positive,productivity,0.2382,0
@tohder666,0.00011504701311138964,0.00017699115044247788,0.0,1,0,neutral,productivity,0.0,0
@vasiazlati8515,0.00011504701311138964,0.00017699115044247788,0.0,1,0,neutral,cost,0.0,0
@virtualjourneysnz,0.00011504701311138964,0.00017699115044247788,0.0,1,0,positive,productivity,0.6249,0
@voltairepabustan,0.00011504701311138964,0.00017699115044247788,0.0,1,0,neutral,productivity,0.0,0
@xevilman1,0.00011504701311138964,0.00017699115044247788,0.0,1,0,positive,productivity,0.504,0
@yohannesadane6386,0.00011504701311138964,0.00017699115044247788,0.0,1,0,neutral,productivity,0.0,0
@zckom,0.00011504701311138964,0.00017699115044247788,0.0,1,0,positive,job_displacement,0.863,0
@scicco,0.00011504701311138964,0.00017699115044247788,0.0,1,0,positive,productivity,0.4321,0
@ronmac7226,0.00011504701311138964,0.00017699115044247788,0.0,1,0,positive,reliability,0.3612,0
@roderickdanzing1414,0.00011504701311138964,0.00017699115044247788,0.0,1,0,positive,productivity,0.0772,0
@nichjoht,0.00011504701311138964,0.00017699115044247788,0.0,1,0,positive,job_displacement,0.3975,1
@melodytomlinson9329,0.00011504701311138964,0.00017699115044247788,0.0,1,0,positive,productivity,0.9253,0
@michaelhoney1973,0.00011504701311138964,0.00017699115044247788,0.0,1,0,positive,job_displacement,0.4767,0
@miraworldus,0.00011504701311138964,0.00017699115044247788,0.0,1,1,positive,job_displacement,0.232075,22
@moudabouacha,0.00011504701311138964,0.00017699115044247788,0.0,1,0,positive,productivity,0.2612666666666667,1
@nandinisarkar26,0.00011504701311138964,0.00017699115044247788,0.0,1,0,positive,cost,0.955,0
@ngassthy,0.00011504701311138964,0.00017699115044247788,0.0,1,0,positive,cost,0.7184,0
@omriabadi5237,0.00011504701311138964,0.00017699115044247788,0.0,1,0,neutral,cost,0.0,0
@ritzcarlson,0.00011504701311138964,0.00017699115044247788,0.0,1,0,positive,productivity,0.8834,0
@onlyfanspw5223,0.00011504701311138964,0.00017699115044247788,0.0,1,0,positive,job_displacement,0.891,0
@pauleasther,0.00011504701311138964,0.00017699115044247788,0.0,1,0,positive,job_displacement,0.2671,0
@ppurisima99,0.00011504701311138964,0.00017699115044247788,0.0,1,0,positive,cost,0.5538,1
@pulkitjangra,0.00011504701311138964,0.00017699115044247788,0.0,1,0,positive,reliability,0.3182,0
@realBlue2024,0.00011504701311138964,0.00017699115044247788,0.0,1,0,positive,cost,0.4404,0
@rfoliveira1975,0.00011504701311138964,0.00017699115044247788,0.0,1,0,positive,productivity,0.7906,0
@danmate28,0.00011504701311138964,0.00017699115044247788,0.0,1,0,positive,job_displacement,0.7827,2
@damelos4039,0.00011504701311138964,0.00017699115044247788,0.0,1,0,negative,productivity,-0.13154999999999997,0
@cmonspike,0.00011504701311138964,0.00017699115044247788,0.0,1,0,positive,reliability,0.4007,0
@ccreightonify,0.00011504701311138964,0.00017699115044247788,0.0,1,0,positive,productivity,0.8392,2
@MsMelanie117,0.00011504701311138964,0.00017699115044247788,0.0,1,0,positive,productivity,0.8074,0
@Mustash-Tony,0.00011504701311138964,0.00017699115044247788,0.0,1,0,neutral,productivity,0.0,1
@Namlosen,0.00011504701311138964,0.00017699115044247788,0.0,1,0,positive,productivity,0.3802,0
@Nitty-b1x,0.00011504701311138964,0.00017699115044247788,0.0,1,0,positive,unknown,0.7003,0
@PiusOkwuego,0.00011504701311138964,0.00017699115044247788,0.0,1,0,positive,reliability,0.4019,0
@Rayhan-e1c,0.00011504701311138964,0.00017699115044247788,0.0,1,0,positive,productivity,0.3182,2
@Richard1234-l9k,0.00011504701311138964,0.00017699115044247788,0.0,1,0,positive,unknown,0.7579,2
@Rickndanger84,0.00011504701311138964,0.00017699115044247788,0.0,1,0,positive,reliability,0.5859,0
@Robert-o9y7u,0.00011504701311138964,0.00017699115044247788,0.0,1,0,positive,unknown,0.3612,0
@StacyBrookman-cl6nb,0.00011504701311138964,0.00017699115044247788,0.0,1,0,positive,productivity,0.658,2
@StratoformAI,0.00011504701311138964,0.00017699115044247788,0.0,1,0,positive,job_displacement,0.3294,2
@TaskSwitcherify,0.00011504701311138964,0.00017699115044247788,0.0,1,0,positive,job_displacement,0.1806,0
@TheHistoryCode125,0.00011504701311138964,0.00017699115044247788,0.0,1,0,neutral,job_displacement,0.0,0
@TommyTwista,0.00011504701311138964,0.00017699115044247788,0.0,1,0,positive,productivity,0.6128,0
@Vichitragupta823-xm9iq,0.00011504701311138964,0.00017699115044247788,0.0,1,0,positive,reliability,0.6808,0
@MrPathorock,0.00011504701311138964,0.00017699115044247788,0.0,1,0,neutral,job_displacement,0.0,0
@Michaela-xi1zf,0.00011504701311138964,0.00017699115044247788,0.0,1,0,positive,productivity,0.3802,0
@ManojBisen-yb6gn,0.00011504701311138964,0.00017699115044247788,0.0,1,0,positive,productivity,0.7996,0
@JohannaViskari,0.00011504701311138964,0.00017699115044247788,0.0,1,0,positive,job_displacement,0.6476,0
@JBT-k4e,0.00011504701311138964,0.00017699115044247788,0.0,1,0,positive,reliability,0.8807,0
@HayesyDay,0.00011504701311138964,0.00017699115044247788,0.0,1,0,positive,job_displacement,0.9042,0
@Jam-sz1sy,0.00011504701311138964,0.00017699115044247788,0.0,1,0,positive,job_displacement,0.4404,0
@Gus.JSegovia,0.00011504701311138964,0.00017699115044247788,0.0,1,0,positive,job_displacement,0.41495,0
@Jarman74,0.00011504701311138964,0.00017699115044247788,0.0,1,0,positive,productivity,0.9476,0
@Jen_Martin,0.00011504701311138964,0.00017699115044247788,0.0,1,0,positive,job_displacement,0.7783,0
@JoraGamer,0.00011504701311138964,0.00017699115044247788,0.0,1,0,neutral,reliability,0.0,0
@Mahdi-pn4kv,0.00011504701311138964,0.00017699115044247788,0.0,1,0,positive,job_displacement,0.6989,1
@JuanPabloAlarcónM,0.00011504701311138964,0.00017699115044247788,0.0,1,0,positive,productivity,0.3182,0
@KWAMEABROKWAH,0.00011504701311138964,0.00017699115044247788,0.0,1,0,positive,job_displacement,0.6934,0
@Kikidearman,0.00011504701311138964,0.00017699115044247788,0.0,1,0,neutral,unknown,0.0,0
@LewisM613,0.00011504701311138964,0.00017699115044247788,0.0,1,0,positive,productivity,0.9022,1
@MadalynSklar,0.00011504701311138964,0.00017699115044247788,0.0,1,0,positive,productivity,0.8344,0
@Maestro-anon,0.00011504701311138964,0.00017699115044247788,0.0,1,0,positive,productivity,0.891,0
@FluteChanduRamayanam,0.00011504701311138964,0.00017699115044247788,0.0,1,0,positive,productivity,0.4404,0
@ViewOfMO,0.00011504701311138964,0.00017699115044247788,0.0,1,0,positive,job_displacement,0.89625,0
@FelipeMarkondes,0.00011504701311138964,0.00017699115044247788,0.0,1,0,positive,job_displacement,0.7506,0
@autotrafficavalanFYI,0.00011504701311138964,0.00017699115044247788,0.0,1,0,positive,job_displacement,0.7823,0
@AngeloWakstein-b7e,0.00011504701311138964,0.00017699115044247788,0.0,1,0,positive,productivity,0.8011,0
@alexandru_miklosmiklos5479,0.00011504701311138964,0.00017699115044247788,0.0,1,0,positive,job_displacement,0.8173,0
@Algernon_Sour_Gravy,0.00011504701311138964,0.00017699115044247788,0.0,1,0,negative,productivity,-0.0959,0
@alijahholder,0.00011504701311138964,0.00017699115044247788,0.0,1,0,positive,productivity,0.9134,1
@AIRewired,0.00011504701311138964,0.00017699115044247788,0.0,1,0,positive,productivity,0.1531,0
@asterabiology459,0.00011504701311138964,0.00017699115044247788,0.0,1,0,positive,productivity,0.4404,0
@bitcoin7862,0.00011504701311138964,0.00017699115044247788,0.0,1,0,positive,productivity,0.0941,0
@Anime_boy_6729,0.00011504701311138964,0.00017699115044247788,0.0,1,0,neutral,productivity,0.0,0
@burcusumer6643,0.00011504701311138964,0.00017699115044247788,0.0,1,0,negative,productivity,-0.18575,0
@butonphillie5114,0.00011504701311138964,0.00017699115044247788,0.0,1,0,positive,productivity,0.9524,6
@1984Lams,0.00011504701311138964,0.00017699115044247788,0.0,1,0,neutral,productivity,0.0,0
@bwclownfish,0.00011504701311138964,0.00017699115044247788,0.0,1,0,positive,reliability,0.7712,0
@cathychoi6959,0.00011504701311138964,0.00017699115044247788,0.0,1,0,positive,productivity,0.9537,1
@ccmmkk,0.00011504701311138964,0.00017699115044247788,0.0,1,0,positive,reliability,0.3182,0
@aldorodriguezai,0.00011504701311138964,0.00017699115044247788,0.0,1,1,positive,productivity,0.20095,0
@akhildraksharapu,0.00011504701311138964,0.00017699115044247788,0.0,1,0,negative,productivity,-0.2263,1
@Vox-Veritatis,0.00011504701311138964,0.00017699115044247788,0.0,1,0,positive,job_displacement,0.9244,8
@ChantalGuillouBrennan,0.00011504701311138964,0.00017699115044247788,0.0,1,0,positive,productivity,0.7717,0
@FaizanulIslam-ww6ib,0.00011504701311138964,0.00017699115044247788,0.0,1,0,positive,job_displacement,0.7003,0
@Desilokk001,0.00011504701311138964,0.00017699115044247788,0.0,1,0,positive,job_displacement,0.5283,0
@XBMotivates,0.00011504701311138964,0.00017699115044247788,0.0,1,0,positive,productivity,0.5859,0
@CristianoSilveiro,0.00011504701311138964,0.00017699115044247788,0.0,1,0,positive,productivity,0.8002,0
@CraftQueeny,0.00011504701311138964,0.00017699115044247788,0.0,1,0,positive,productivity,0.7906,0
@ClaudiuRasteanu-s5h,0.00011504701311138964,0.00017699115044247788,0.0,1,0,positive,productivity,0.3903,0
@YudronWangmo,0.00011504701311138964,0.00017699115044247788,0.0,1,0,negative,productivity,-0.539,0
@Apocalipsis_zzz,0.00011504701311138964,0.00017699115044247788,0.0,1,0,positive,productivity,0.971,3
@BrotherReynard,0.00011504701311138964,0.00017699115044247788,0.0,1,0,positive,reliability,0.8519,0
@BrianKasenLFP,0.00011504701311138964,0.00017699115044247788,0.0,1,0,neutral,productivity,0.0,0
@abdulahmed7456m,0.00011504701311138964,0.00017699115044247788,0.0,1,0,neutral,job_displacement,0.0,1
@adibzak,0.00011504701311138964,0.00017699115044247788,0.0,1,0,positive,reliability,0.3182,2
@BlessedMessNotStressed,0.00011504701311138964,0.00017699115044247788,0.0,1,0,positive,job_displacement,0.4154,0
@BabarReviews,0.00011504701311138964,0.00017699115044247788,0.0,1,0,positive,productivity,0.4785,0
@Сергей-ы1м6п,0.00011504701311138964,0.00017699115044247788,0.0,1,0,unknown,unknown,0.0,0
@HilltopPrincess,0.00011504701311138964,0.00017699115044247788,0.0,1,0,neutral,productivity,0.0,0
@thisbevibhor,0.0001144600504689246,0.0,0.0,0,1,neutral,productivity,0.0,0
@theanswer1993,0.0001144600504689246,0.0,0.0,0,1,negative,cost,-0.6331,25
@le0nz,0.0001144600504689246,0.0,0.0,0,1,positive,productivity,0.5859,2
@thearcticmonkey,0.0001144600504689246,0.0,0.0,0,1,neutral,cost,0.0,1
@layitluke7139,0.0001144600504689246,0.0,0.0,0,1,negative,job_displacement,-0.4019,0
@lathanturner8608,0.0001144600504689246,0.0,0.0,0,1,neutral,job_displacement,0.0,1
@lateefmaleek9190,0.0001144600504689246,0.0,0.0,0,1,neutral,job_displacement,0.0,0
@lastmanstand1ng,0.0001144600504689246,0.0,0.0,0,1,negative,job_displacement,-0.128,3
@theasianjames5053,0.0001144600504689246,0.0,0.0,0,1,neutral,productivity,0.0,1
@laser-sj,0.0001144600504689246,0.0,0.0,0,1,positive,productivity,0.06885,3
@landstalkerreda5507,0.0001144600504689246,0.0,0.0,0,1,neutral,productivity,0.0,1
@lancodex,0.0001144600504689246,0.0,0.0,0,2,positive,job_displacement,0.3454,1
@lamjeri,0.0001144600504689246,0.0,0.0,0,1,negative,productivity,-0.8442,3
@lakhanpalsinghchouhan5639,0.0001144600504689246,0.0,0.0,0,1,neutral,reliability,0.0,3
@lagringa7518,0.0001144600504689246,0.0,0.0,0,1,neutral,productivity,0.0,1
@thebatchicle3429,0.0001144600504689246,0.0,0.0,0,1,positive,job_displacement,0.4754,4
@thebicycleman8062,0.0001144600504689246,0.0,0.0,0,1,positive,job_displacement,0.07979999999999998,0
@leaoaugusto,0.0001144600504689246,0.0,0.0,0,1,neutral,productivity,0.0,0
@theandroidtech01,0.0001144600504689246,0.0,0.0,0,1,negative,reliability,-0.1786,1
@thebowerbirdcollective-au,0.0001144600504689246,0.0,0.0,0,1,negative,productivity,-0.4574,0
@learningwithaaron,0.0001144600504689246,0.0,0.0,0,1,positive,job_displacement,0.296,11
@thanetitan4246,0.0001144600504689246,0.0,0.0,0,1,negative,productivity,-0.19935,2
@k1qcr,0.0001144600504689246,0.0,0.0,0,1,negative,productivity,-0.296,0
@thanostsokas8715,0.0001144600504689246,0.0,0.0,0,1,neutral,reliability,-0.0381,4
@thatchangedthings,0.0001144600504689246,0.0,0.0,0,1,positive,reliability,0.6369,0
@thatisabsolutelykooooge2211,0.0001144600504689246,0.0,0.0,0,1,positive,job_displacement,0.891,0
@lemonlemonkiwimango,0.0001144600504689246,0.0,0.0,0,1,positive,job_displacement,0.6486,1
@thatismrhenry,0.0001144600504689246,0.0,0.0,0,1,negative,unknown,-0.296,0
@lemi3d364,0.0001144600504689246,0.0,0.0,0,1,positive,job_displacement,0.5519000000000001,0
@thatsbaddie,0.0001144600504689246,0.0,0.0,0,1,negative,job_displacement,-0.12614999999999998,0
@leiwang-gl8ds,0.0001144600504689246,0.0,0.0,0,1,positive,cost,0.3182,0
@the-real-i9,0.0001144600504689246,0.0,0.0,0,1,positive,productivity,0.26865,0
@leisiyox,0.0001144600504689246,0.0,0.0,0,1,negative,productivity,-0.1531,6
@leifkaius,0.0001144600504689246,0.0,0.0,0,1,negative,reliability,-0.2716,0
@leereddy6295,0.0001144600504689246,0.0,0.0,0,1,neutral,productivity,0.0,9
@learnwithfunquiz,0.0001144600504689246,0.0,0.0,0,1,positive,job_displacement,0.2382,6
@thebleaknarratives,0.0001144600504689246,0.0,0.0,0,1,neutral,reliability,0.0,0
@ladykerrgithub,0.0001144600504689246,0.0,0.0,0,3,negative,job_displacement,-0.06843333333333335,0
@thiscommentsdeleted,0.0001144600504689246,0.0,0.0,0,1,neutral,job_displacement,0.0,1
@kaidouz7756,0.0001144600504689246,0.0,0.0,0,1,positive,job_displacement,0.8183,2
@theeguy9022,0.0001144600504689246,0.0,0.0,0,1,neutral,productivity,0.0,0
@kaikiefer8303,0.0001144600504689246,0.0,0.0,0,1,neutral,job_displacement,0.0,0
@kymtoobe,0.0001144600504689246,0.0,0.0,0,1,positive,reliability,0.8126,0
@kaleb.00000,0.0001144600504689246,0.0,0.0,0,1,neutral,productivity,0.0,0
@unionofsoulwithgod,0.0001144600504689246,0.0,0.0,0,1,positive,job_displacement,0.27175,26
@undead2146,0.0001144600504689246,0.0,0.0,0,1,negative,job_displacement,-0.2263,0
@thehen101,0.0001144600504689246,0.0,0.0,0,1,neutral,cost,0.0,2
@kankadev,0.0001144600504689246,0.0,0.0,0,1,positive,cost,0.7755,0
@kuchbhi-to2ru,0.0001144600504689246,0.0,0.0,0,1,positive,productivity,0.4019,1
@kaotictube,0.0001144600504689246,0.0,0.0,0,1,neutral,productivity,0.0,0
@karan-n3g2e,0.0001144600504689246,0.0,0.0,0,1,positive,job_displacement,0.7269,0
@kshitijpanday6,0.0001144600504689246,0.0,0.0,0,1,positive,job_displacement,0.6369,14
@thelaughingmanofficial,0.0001144600504689246,0.0,0.0,0,2,negative,productivity,-0.13445999999999997,3
@unboundace786,0.0001144600504689246,0.0,0.0,0,2,positive,productivity,0.7761,1
@themindsparkquiz,0.0001144600504689246,0.0,0.0,0,1,negative,productivity,-0.4215,8
@universal4334,0.0001144600504689246,0.0,0.0,0,1,neutral,productivity,0.0,0
@kyosaintLaurent1,0.0001144600504689246,0.0,0.0,0,1,neutral,job_displacement,0.0,0
@k303k,0.0001144600504689246,0.0,0.0,0,3,neutral,cost,0.0,0
@thedefault2322,0.0001144600504689246,0.0,0.0,0,1,neutral,reliability,0.0,0
@usamakabir5193,0.0001144600504689246,0.0,0.0,0,1,positive,productivity,0.42445,4
@ladyjeynd8166,0.0001144600504689246,0.0,0.0,0,1,positive,reliability,0.8555,0
@usaidkhan5,0.0001144600504689246,0.0,0.0,0,1,neutral,cost,0.0,0
@thecoolperson2967,0.0001144600504689246,0.0,0.0,0,1,negative,productivity,-0.3612,6
@lIIIIIHIIIIIl,0.0001144600504689246,0.0,0.0,0,1,neutral,job_displacement,0.0,0
@us4bn,0.0001144600504689246,0.0,0.0,0,1,neutral,job_displacement,0.0,2
@urlocalcoder,0.0001144600504689246,0.0,0.0,0,1,neutral,productivity,0.0,0
@thecrazycreeper7959,0.0001144600504689246,0.0,0.0,0,1,negative,productivity,-0.4782,1
@thedanrogul9196,0.0001144600504689246,0.0,0.0,0,1,neutral,productivity,0.0,4
@uploadJ,0.0001144600504689246,0.0,0.0,0,1,neutral,reliability,0.0,0
@kyuhyunpark2239,0.0001144600504689246,0.0,0.0,0,1,neutral,unknown,0.0,0
@k_2187,0.0001144600504689246,0.0,0.0,0,1,positive,job_displacement,0.5267,0
@unofficialraiyenji,0.0001144600504689246,0.0,0.0,0,1,positive,job_displacement,0.14165,2
@kyriosity-at-github,0.0001144600504689246,0.0,0.0,0,2,positive,productivity,0.45545,1
@kahahabahaha,0.0001144600504689246,0.0,0.0,0,1,neutral,job_displacement,0.0,0
@user-bw7vz9ts7u,0.0001144600504689246,0.0,0.0,0,1,neutral,reliability,0.0,2
@user-il9qo4qc4n,0.0001144600504689246,0.0,0.0,0,1,neutral,job_displacement,0.0,0
@jwcurry83,0.0001144600504689246,0.0,0.0,0,1,positive,reliability,0.259375,3
@stormblessed76,0.0001144600504689246,0.0,0.0,0,1,negative,productivity,-0.296,5
@sudhakarprabhu,0.0001144600504689246,0.0,0.0,0,1,positive,reliability,0.5719,0
@suleimanarshraaf1044,0.0001144600504689246,0.0,0.0,0,1,neutral,unknown,0.0,0
@sunilkumarkomari7906,0.0001144600504689246,0.0,0.0,0,1,positive,job_displacement,0.5994,0
@sunit_sarkar,0.0001144600504689246,0.0,0.0,0,1,neutral,reliability,0.0,0
@sunitjoshi3573,0.0001144600504689246,0.0,0.0,0,1,positive,cost,0.8957,8
@sunnymitra6372,0.0001144600504689246,0.0,0.0,0,1,negative,job_displacement,-0.5803,0
@superjke718,0.0001144600504689246,0.0,0.0,0,1,positive,reliability,0.4019,0
@superresistant0,0.0001144600504689246,0.0,0.0,0,1,positive,reliability,0.4368,1
@susovanghosh3535,0.0001144600504689246,0.0,0.0,0,1,positive,job_displacement,0.2263,0
@swarnimkoteshwar,0.0001144600504689246,0.0,0.0,0,1,positive,job_displacement,0.4576,0
@swoopsavvy7560,0.0001144600504689246,0.0,0.0,0,1,positive,cost,0.3612,0
@sxijki,0.0001144600504689246,0.0,0.0,0,1,positive,unknown,0.8271,0
@syedajwad6979,0.0001144600504689246,0.0,0.0,0,1,positive,job_displacement,0.9757,1
@syjbrsantos,0.0001144600504689246,0.0,0.0,0,1,positive,cost,0.57955,20
@symphony86,0.0001144600504689246,0.0,0.0,0,1,positive,job_displacement,0.4215,0
@stupidfrog,0.0001144600504689246,0.0,0.0,0,1,negative,productivity,-0.6703,2
@stopthecap2644,0.0001144600504689246,0.0,0.0,0,1,negative,productivity,-0.9597,0
@thanazio,0.0001144600504689246,0.0,0.0,0,1,positive,job_displacement,0.124,1
@stoaio,0.0001144600504689246,0.0,0.0,0,1,negative,cost,-0.4588,1
@user-nj1zu2nf1x,0.0001144600504689246,0.0,0.0,0,1,positive,productivity,0.6597,0
@limonicello,0.0001144600504689246,0.0,0.0,0,1,negative,productivity,-0.49075,3
@stephenmesquire,0.0001144600504689246,0.0,0.0,0,1,positive,productivity,0.2411,1
@stevebrown8824,0.0001144600504689246,0.0,0.0,0,1,positive,productivity,0.4404,2
@stevegarland4307,0.0001144600504689246,0.0,0.0,0,1,positive,job_displacement,0.2732,0
@stevenatanoto,0.0001144600504689246,0.0,0.0,0,1,positive,reliability,0.55975,0
@lifeliked,0.0001144600504689246,0.0,0.0,0,1,positive,job_displacement,0.6808,1
@stevewithsix4429,0.0001144600504689246,0.0,0.0,0,1,neutral,job_displacement,0.0,0
@lifebyvikk6751,0.0001144600504689246,0.0,0.0,0,1,positive,job_displacement,0.1999,0
@stewartdahamman,0.0001144600504689246,0.0,0.0,0,1,positive,productivity,0.5602,6
@life_score,0.0001144600504689246,0.0,0.0,0,2,neutral,job_displacement,0.0,0
@lewists9475,0.0001144600504689246,0.0,0.0,0,1,positive,unknown,0.5927,2
@levimelo6599,0.0001144600504689246,0.0,0.0,0,2,neutral,job_displacement,0.002224999999999991,1
@levibelliveau3812,0.0001144600504689246,0.0,0.0,0,1,negative,productivity,-0.7184,3
@stickpilled,0.0001144600504689246,0.0,0.0,0,4,positive,reliability,0.607375,2
@szachgr43,0.0001144600504689246,0.0,0.0,0,1,positive,reliability,0.6597,1
@user-nbfkxngjmyb,0.0001144600504689246,0.0,0.0,0,2,positive,productivity,0.1909,4
@leticiatech,0.0001144600504689246,0.0,0.0,0,1,positive,reliability,0.6322,0
@t.b.3511,0.0001144600504689246,0.0,0.0,0,1,positive,productivity,0.2732,0
@techpriest4787,0.0001144600504689246,0.0,0.0,0,1,negative,productivity,-0.5719,0
@techrehen,0.0001144600504689246,0.0,0.0,0,1,positive,job_displacement,0.8516,1
@techscratch35898,0.0001144600504689246,0.0,0.0,0,1,neutral,productivity,0.0,0
@tehphjeer,0.0001144600504689246,0.0,0.0,0,1,positive,productivity,0.62835,1
@tejas8196,0.0001144600504689246,0.0,0.0,0,1,positive,job_displacement,0.18455,14
@teodor-valentinmaxim8204,0.0001144600504689246,0.0,0.0,0,1,neutral,productivity,0.0,1
@lepidoptera9337,0.0001144600504689246,0.0,0.0,0,4,positive,productivity,0.1552,1
@terencehernandez9646,0.0001144600504689246,0.0,0.0,0,1,neutral,reliability,0.0,4
@justendeavor,0.0001144600504689246,0.0,0.0,0,1,negative,job_displacement,-0.7003,1
@leonelvega7239,0.0001144600504689246,0.0,0.0,0,2,negative,productivity,-0.12219999999999999,2
@terranezey,0.0001144600504689246,0.0,0.0,0,1,negative,job_displacement,-0.25,1
@testexamchannel5542,0.0001144600504689246,0.0,0.0,0,1,neutral,unknown,0.0,1
@th3pr01234,0.0001144600504689246,0.0,0.0,0,1,positive,productivity,0.4019,0
@leocfox,0.0001144600504689246,0.0,0.0,0,3,negative,cost,-0.2568333333333333,5
@thanasisathanasi4965,0.0001144600504689246,0.0,0.0,0,1,positive,job_displacement,0.6114,1
@technicalrao6060,0.0001144600504689246,0.0,0.0,0,1,positive,job_displacement,0.5574,0
@tech22880,0.0001144600504689246,0.0,0.0,0,1,negative,reliability,-0.21656666666666666,22
@tdd9332,0.0001144600504689246,0.0,0.0,0,1,positive,reliability,0.6088,1
@tanujkhandelwal5487,0.0001144600504689246,0.0,0.0,0,1,neutral,cost,0.0,0
@taiwofakayejo9684,0.0001144600504689246,0.0,0.0,0,1,positive,job_displacement,0.43345,0
@taksumaq,0.0001144600504689246,0.0,0.0,0,1,positive,productivity,0.4906,0
@tale.mp4,0.0001144600504689246,0.0,0.0,0,1,positive,productivity,0.4005,0
@talkartech,0.0001144600504689246,0.0,0.0,0,1,neutral,cost,0.0,0
@tanawat_jm,0.0001144600504689246,0.0,0.0,0,1,negative,productivity,-0.13419999999999999,2
@tanbirpradhan,0.0001144600504689246,0.0,0.0,0,1,neutral,productivity,0.012500000000000011,3
@tapary,0.0001144600504689246,0.0,0.0,0,1,positive,job_displacement,0.9861,0
@tbz7992,0.0001144600504689246,0.0,0.0,0,1,positive,productivity,0.1531,2
@tarabrooks9416,0.0001144600504689246,0.0,0.0,0,1,neutral,job_displacement,0.0,0
@taragnor,0.0001144600504689246,0.0,0.0,0,1,positive,productivity,0.17,0
@tarquin161234,0.0001144600504689246,0.0,0.0,0,1,positive,productivity,0.7645,0
@tatiarengas,0.0001144600504689246,0.0,0.0,0,1,neutral,productivity,0.0,0
@tbangbangsa,0.0001144600504689246,0.0,0.0,0,1,neutral,productivity,0.0,0
@tbswdnhfr,0.0001144600504689246,0.0,0.0,0,1,neutral,reliability,0.0,0
@karanpatil0095,0.0001144600504689246,0.0,0.0,0,1,positive,productivity,0.9201,1
@kartheekchinthada1733,0.0001144600504689246,0.0,0.0,0,1,positive,unknown,0.8402,0
@umangdas8584,0.0001144600504689246,0.0,0.0,0,1,positive,productivity,0.6369,0
@khabibownsmysoul7836,0.0001144600504689246,0.0,0.0,0,1,positive,job_displacement,0.07396666666666667,0
@toneron,0.0001144600504689246,0.0,0.0,0,1,negative,productivity,-0.112,2
@khaledsanny4817,0.0001144600504689246,0.0,0.0,0,1,positive,productivity,0.128,1
@tomypreach,0.0001144600504689246,0.0,0.0,0,1,neutral,productivity,0.0,2
@khamaniconklin1117,0.0001144600504689246,0.0,0.0,0,1,positive,job_displacement,0.1901,0
@tompompom,0.0001144600504689246,0.0,0.0,0,1,positive,job_displacement,0.4019,1
@tomekgnu,0.0001144600504689246,0.0,0.0,0,1,positive,job_displacement,0.2339,0
@tomasslavik1119,0.0001144600504689246,0.0,0.0,0,1,negative,job_displacement,-0.8386,1
@khealer,0.0001144600504689246,0.0,0.0,0,1,neutral,job_displacement,0.0,0
@khumbulanimavuma4173,0.0001144600504689246,0.0,0.0,0,1,positive,unknown,0.2997,2
@tom.developer,0.0001144600504689246,0.0,0.0,0,4,positive,productivity,0.6875249999999999,10
@toddwarner1892,0.0001144600504689246,0.0,0.0,0,1,neutral,job_displacement,0.0,0
@kiSABREWULF007,0.0001144600504689246,0.0,0.0,0,1,positive,reliability,0.3818,0
@tobymoby8524,0.0001144600504689246,0.0,0.0,0,3,positive,job_displacement,0.11755000000000002,2
@toby9999,0.0001144600504689246,0.0,0.0,0,3,positive,reliability,0.1671,0
@kiattim2100,0.0001144600504689246,0.0,0.0,0,3,neutral,job_displacement,-0.035333333333333335,26
@tongobong1,0.0001144600504689246,0.0,0.0,0,1,positive,productivity,0.4518,2
@tonyaexplains,0.0001144600504689246,0.0,0.0,0,1,neutral,reliability,0.0,0
@treasurehunt7812,0.0001144600504689246,0.0,0.0,0,1,neutral,unknown,0.0,2
@kgCode658,0.0001144600504689246,0.0,0.0,0,1,negative,productivity,-0.3818,1
@travistrue2008,0.0001144600504689246,0.0,0.0,0,1,positive,job_displacement,0.7676,0
@travelwithaltons,0.0001144600504689246,0.0,0.0,0,1,positive,productivity,0.7351,0
@kevinadams968,0.0001144600504689246,0.0,0.0,0,1,neutral,productivity,0.0,0
@tradinglearning6766,0.0001144600504689246,0.0,0.0,0,1,neutral,productivity,0.0,1
@tr1ckster726,0.0001144600504689246,0.0,0.0,0,1,positive,job_displacement,0.8043,2
@townnine,0.0001144600504689246,0.0,0.0,0,1,neutral,job_displacement,0.0,2
@kevinakl1092,0.0001144600504689246,0.0,0.0,0,1,neutral,unknown,0.0,0
@totitaa-li5uo,0.0001144600504689246,0.0,0.0,0,1,positive,job_displacement,0.25905,1
@torpedo-p2m,0.0001144600504689246,0.0,0.0,0,1,positive,job_displacement,0.07150000000000001,11
@kevinpluton,0.0001144600504689246,0.0,0.0,0,1,neutral,job_displacement,-0.00955,0
@top5noblefacts,0.0001144600504689246,0.0,0.0,0,1,positive,productivity,0.9224,2
@keyd33,0.0001144600504689246,0.0,0.0,0,2,positive,reliability,0.1802,2
@tonytino139,0.0001144600504689246,0.0,0.0,0,1,neutral,unknown,0.0,1
@tonyporj,0.0001144600504689246,0.0,0.0,0,1,positive,cost,0.54035,0
@tonyedgal,0.0001144600504689246,0.0,0.0,0,1,positive,reliability,0.608,0
@kickenzer1057,0.0001144600504689246,0.0,0.0,0,1,neutral,productivity,0.0,0
@tobiasdontmatter1868,0.0001144600504689246,0.0,0.0,0,1,positive,productivity,0.8674,2
@tkidd250,0.0001144600504689246,0.0,0.0,0,1,neutral,reliability,0.0,0
@tivtag,0.0001144600504689246,0.0,0.0,0,1,positive,reliability,0.0772,1
@thousandmile9477,0.0001144600504689246,0.0,0.0,0,1,negative,reliability,-0.3802,1
@thomastrips,0.0001144600504689246,0.0,0.0,0,1,positive,reliability,0.7193499999999999,4
@kleczkovsky2r588,0.0001144600504689246,0.0,0.0,0,1,neutral,job_displacement,0.0,1
@kloakovalimonada,0.0001144600504689246,0.0,0.0,0,1,neutral,job_displacement,0.0,0
@thomasschulzz,0.0001144600504689246,0.0,0.0,0,1,positive,productivity,0.20095,1
@kmbtonkinese,0.0001144600504689246,0.0,0.0,0,1,positive,job_displacement,0.4588,0
@thomasgerlach5972,0.0001144600504689246,0.0,0.0,0,2,positive,job_displacement,0.6155333333333334,0
@kneehsus,0.0001144600504689246,0.0,0.0,0,1,positive,cost,0.4449,0
@thomasf.9869,0.0001144600504689246,0.0,0.0,0,1,negative,productivity,-0.8948,3
@knimofi,0.0001144600504689246,0.0,0.0,0,1,neutral,reliability,0.0,0
@knowwhatyoudonot,0.0001144600504689246,0.0,0.0,0,1,neutral,job_displacement,0.0,0
@kobidbhardwaj8964,0.0001144600504689246,0.0,0.0,0,1,positive,productivity,0.8316,0
@thisiswill,0.0001144600504689246,0.0,0.0,0,3,positive,job_displacement,0.42829999999999996,4
@kolavithonduraski5031,0.0001144600504689246,0.0,0.0,0,1,positive,productivity,0.8117,1
@koredepaul125,0.0001144600504689246,0.0,0.0,0,1,positive,job_displacement,0.6908,6
@threepe0,0.0001144600504689246,0.0,0.0,0,4,positive,productivity,0.2238,0
@kimlongtran3296,0.0001144600504689246,0.0,0.0,0,1,neutral,cost,0.0,0
@threesixlima,0.0001144600504689246,0.0,0.0,0,1,positive,reliability,0.74865,1
@kiesun,0.0001144600504689246,0.0,0.0,0,1,positive,job_displacement,0.5106,3
@kieransanders2133,0.0001144600504689246,0.0,0.0,0,1,positive,job_displacement,0.2263,0
@timmy-ru9ow,0.0001144600504689246,0.0,0.0,0,1,negative,reliability,-0.2263,0
@timefreedomtv,0.0001144600504689246,0.0,0.0,0,1,positive,job_displacement,0.6597,1
@timbenton450,0.0001144600504689246,0.0,0.0,0,1,negative,job_displacement,-0.81,4
@kieranwhittemore1010,0.0001144600504689246,0.0,0.0,0,1,positive,productivity,0.296,11
@tilleyfine,0.0001144600504689246,0.0,0.0,0,1,positive,productivity,0.5434,0
@tikshuv-ccna,0.0001144600504689246,0.0,0.0,0,1,positive,cost,0.3935,0
@thrivinganarchy5267,0.0001144600504689246,0.0,0.0,0,1,negative,job_displacement,-0.0772,2
@kiki_the_creator,0.0001144600504689246,0.0,0.0,0,1,positive,productivity,0.7269,1
@tigrezno2626,0.0001144600504689246,0.0,0.0,0,1,positive,productivity,0.8519,3
@kikky7,0.0001144600504689246,0.0,0.0,0,1,neutral,reliability,0.0,0
@thymos6575,0.0001144600504689246,0.0,0.0,0,1,negative,job_displacement,-0.14875,6
@kim-me-so,0.0001144600504689246,0.0,0.0,0,2,positive,job_displacement,0.4224333333333334,4
@thualfiqar87,0.0001144600504689246,0.0,0.0,0,1,neutral,productivity,0.0,0
@tray0ne,0.0001144600504689246,0.0,0.0,0,1,positive,unknown,0.9382,0
@trendhouse6799,0.0001144600504689246,0.0,0.0,0,1,positive,productivity,0.6721,3
@kartikbureleshorts,0.0001144600504689246,0.0,0.0,0,1,neutral,unknown,0.0,0
@thethor32,0.0001144600504689246,0.0,0.0,0,1,neutral,cost,0.0,0
@ulhaqanwaar1,0.0001144600504689246,0.0,0.0,0,2,neutral,job_displacement,0.022199999999999998,1
@thewingedringer,0.0001144600504689246,0.0,0.0,0,4,negative,job_displacement,-0.08732,8
@kayodefadoju5424,0.0001144600504689246,0.0,0.0,0,1,positive,job_displacement,0.4019,0
@uhhDotpy,0.0001144600504689246,0.0,0.0,0,1,negative,reliability,-0.2755,9
@thewiseowl8804,0.0001144600504689246,0.0,0.0,0,1,neutral,cost,0.0,1
@krumjahn,0.0001144600504689246,0.0,0.0,0,5,positive,reliability,0.4073399999999999,0
@theycallmemrglass,0.0001144600504689246,0.0,0.0,0,1,positive,productivity,0.6344,0
@uglypie182,0.0001144600504689246,0.0,0.0,0,1,neutral,job_displacement,0.0,0
@krstosmusic,0.0001144600504689246,0.0,0.0,0,1,neutral,job_displacement,0.0,0
@krrxsh,0.0001144600504689246,0.0,0.0,0,1,positive,productivity,0.4404,0
@kbcash35,0.0001144600504689246,0.0,0.0,0,1,positive,job_displacement,0.4019,14
@ucoder8905,0.0001144600504689246,0.0,0.0,0,1,negative,productivity,-0.20015,2
@kbm-iy9tj,0.0001144600504689246,0.0,0.0,0,1,negative,cost,-0.594,0
@ubermanushyan,0.0001144600504689246,0.0,0.0,0,1,positive,productivity,0.4404,2
@ubaidtareen8289,0.0001144600504689246,0.0,0.0,0,1,positive,job_displacement,0.4588,0
@thevaultdoor,0.0001144600504689246,0.0,0.0,0,1,positive,productivity,0.4404,0
@ultimatesin3544,0.0001144600504689246,0.0,0.0,0,1,positive,job_displacement,0.796,38
@kosmos5420,0.0001144600504689246,0.0,0.0,0,1,neutral,reliability,0.0,3
@theteob689,0.0001144600504689246,0.0,0.0,0,1,neutral,productivity,-0.012833333333333344,1
@kashif2309,0.0001144600504689246,0.0,0.0,0,1,neutral,productivity,0.0,5
@um_jotas,0.0001144600504689246,0.0,0.0,0,1,negative,reliability,-0.296,0
@kasozar3800,0.0001144600504689246,0.0,0.0,0,1,negative,job_displacement,-0.1531,8
@ksg7882,0.0001144600504689246,0.0,0.0,0,2,positive,job_displacement,0.4816666666666667,0
@thenayancat8802,0.0001144600504689246,0.0,0.0,0,1,negative,reliability,-0.0516,0
@theneuronai,0.0001144600504689246,0.0,0.0,0,1,positive,unknown,0.4939,9
@katieburney2098,0.0001144600504689246,0.0,0.0,0,1,neutral,productivity,0.0,0
@ultralooter,0.0001144600504689246,0.0,0.0,0,1,positive,productivity,0.743,0
@krushkrushemz1718,0.0001144600504689246,0.0,0.0,0,1,negative,job_displacement,-0.296,0
@kavya1027,0.0001144600504689246,0.0,0.0,0,1,positive,job_displacement,0.1298,2
@kaymeister634,0.0001144600504689246,0.0,0.0,0,1,negative,productivity,-0.0516,1
@theoddtacoo,0.0001144600504689246,0.0,0.0,0,1,positive,cost,0.4871,0
@theprogressivemichigander6588,0.0001144600504689246,0.0,0.0,0,1,positive,productivity,0.8641,6
@ultimatums1,0.0001144600504689246,0.0,0.0,0,1,negative,productivity,-0.148,0
@therealkratos7453,0.0001144600504689246,0.0,0.0,0,1,negative,job_displacement,-0.5259,2
@tynyshtyqov,0.0001144600504689246,0.0,0.0,0,1,neutral,reliability,0.0,2
@kc12394,0.0001144600504689246,0.0,0.0,0,1,negative,productivity,-0.6956,0
@krishnaarigela-on8gc,0.0001144600504689246,0.0,0.0,0,1,positive,productivity,0.6124,0
@krishheals2386,0.0001144600504689246,0.0,0.0,0,1,neutral,unknown,0.0,0
@kellysouter4381,0.0001144600504689246,0.0,0.0,0,2,negative,productivity,-0.4478,1
@kelsey_roy,0.0001144600504689246,0.0,0.0,0,2,positive,cost,0.23585,2
@tstager1978,0.0001144600504689246,0.0,0.0,0,1,positive,productivity,0.321975,6
@trymoremurakwani3914,0.0001144600504689246,0.0,0.0,0,1,positive,job_displacement,0.2023,1
@truthserene,0.0001144600504689246,0.0,0.0,0,1,neutral,productivity,0.0,1
@kendrick_ukc,0.0001144600504689246,0.0,0.0,0,1,positive,productivity,0.6908,0
@trongv,0.0001144600504689246,0.0,0.0,0,1,neutral,job_displacement,0.0,0
@troid8880,0.0001144600504689246,0.0,0.0,0,1,negative,job_displacement,-0.7254,1
@kennymendez3187,0.0001144600504689246,0.0,0.0,0,1,positive,job_displacement,0.0772,9
@keraakii,0.0001144600504689246,0.0,0.0,0,1,negative,reliability,-0.296,0
@trock536,0.0001144600504689246,0.0,0.0,0,1,positive,productivity,0.3412,0
@kevikiru,0.0001144600504689246,0.0,0.0,0,3,positive,cost,0.2592666666666667,0
@trinavoell8013,0.0001144600504689246,0.0,0.0,0,1,positive,unknown,0.9719,0
@trimagos,0.0001144600504689246,0.0,0.0,0,1,positive,reliability,0.2202,0
@trexon-k8k,0.0001144600504689246,0.0,0.0,0,1,positive,productivity,0.5423,1
@kellerweskier7214,0.0001144600504689246,0.0,0.0,0,1,positive,productivity,0.6349,0
@keithmuzondo4577,0.0001144600504689246,0.0,0.0,0,1,negative,job_displacement,-0.5574,0
@tubeam,0.0001144600504689246,0.0,0.0,0,1,negative,job_displacement,-0.4019,2
@tylerkemp5467,0.0001144600504689246,0.0,0.0,0,1,neutral,productivity,-0.0258,2
@thijssmits9608,0.0001144600504689246,0.0,0.0,0,1,positive,productivity,0.19036666666666668,0
@krishancj,0.0001144600504689246,0.0,0.0,0,1,neutral,unknown,0.0,1
@krish5586,0.0001144600504689246,0.0,0.0,0,1,neutral,productivity,0.0,0
@krdheeraj_yadav,0.0001144600504689246,0.0,0.0,0,1,negative,cost,-0.2755,0
@kd_107-f4s,0.0001144600504689246,0.0,0.0,0,1,negative,cost,-0.51945,0
@this_katharsis2227,0.0001144600504689246,0.0,0.0,0,4,neutral,reliability,0.00687500000000002,2
@kdietz65,0.0001144600504689246,0.0,0.0,0,1,positive,job_displacement,0.6657,4
@tutorailking696,0.0001144600504689246,0.0,0.0,0,1,positive,reliability,0.6908,2
@kdss7535,0.0001144600504689246,0.0,0.0,0,1,negative,job_displacement,-0.3252,0
@kdta91,0.0001144600504689246,0.0,0.0,0,1,positive,reliability,0.7239,1
@keanu_lowe,0.0001144600504689246,0.0,0.0,0,1,positive,productivity,0.4939,0
@tyagrajbhatt603,0.0001144600504689246,0.0,0.0,0,1,neutral,productivity,0.0,9
@tutormeafter3253,0.0001144600504689246,0.0,0.0,0,1,positive,productivity,0.9538,1
@kednelly,0.0001144600504689246,0.0,0.0,0,1,positive,reliability,0.6369,0
@treowoof5127,0.0001144600504689246,0.0,0.0,0,1,neutral,unknown,0.0,3
@notasandworm,0.0001144600504689246,0.0,0.0,0,1,positive,job_displacement,0.8827,0
@juniordev4190,0.0001144600504689246,0.0,0.0,0,1,positive,reliability,0.2732,0
@janisir4529,0.0001144600504689246,0.0,0.0,0,1,positive,productivity,0.6249,0
@youssefyoussef3652,0.0001144600504689246,0.0,0.0,0,1,neutral,productivity,0.0,0
@yourwatchingmawaka,0.0001144600504689246,0.0,0.0,0,1,negative,unknown,-0.3252,0
@yourmanstan,0.0001144600504689246,0.0,0.0,0,1,positive,job_displacement,0.3612,2
@jackblack1801,0.0001144600504689246,0.0,0.0,0,2,negative,job_displacement,-0.5758,1
@youngjojo3052,0.0001144600504689246,0.0,0.0,0,1,positive,job_displacement,0.4974,6
@youngcitybandit,0.0001144600504689246,0.0,0.0,0,1,positive,job_displacement,0.6788,0
@jackcolt6875,0.0001144600504689246,0.0,0.0,0,1,positive,reliability,0.4588,1
@jackofthecoke,0.0001144600504689246,0.0,0.0,0,1,positive,productivity,0.6167,0
@youcefbou8078,0.0001144600504689246,0.0,0.0,0,1,negative,productivity,-0.5093,20
@youarethecssformyhtml,0.0001144600504689246,0.0,0.0,0,2,positive,job_displacement,0.51045,5
@yosemite7651,0.0001144600504689246,0.0,0.0,0,1,positive,productivity,0.3472,0
@yonaspaulos,0.0001144600504689246,0.0,0.0,0,1,positive,job_displacement,0.4019,0
@yoga-denitsa,0.0001144600504689246,0.0,0.0,0,1,positive,job_displacement,0.9371,0
@jackrobert-h4z,0.0001144600504689246,0.0,0.0,0,1,positive,productivity,0.17,1
@jacksonsingleton,0.0001144600504689246,0.0,0.0,0,1,positive,productivity,0.5423,4
@jacob9340,0.0001144600504689246,0.0,0.0,0,1,positive,job_displacement,0.3612,1
@yoda_zen,0.0001144600504689246,0.0,0.0,0,1,positive,productivity,0.5859,0
@jackassicorn,0.0001144600504689246,0.0,0.0,0,1,neutral,unknown,0.0,1
@jacerchetoui709,0.0001144600504689246,0.0,0.0,0,1,neutral,reliability,0.0,0
@jac.2523,0.0001144600504689246,0.0,0.0,0,1,positive,reliability,0.4902,1
@yuriboyka_w,0.0001144600504689246,0.0,0.0,0,1,neutral,unknown,0.0,0
@itsthatladydev,0.0001144600504689246,0.0,0.0,0,1,positive,productivity,0.8908,0
@zLuMBaX,0.0001144600504689246,0.0,0.0,0,1,positive,job_displacement,0.12255000000000002,0
@z27-br8wb,0.0001144600504689246,0.0,0.0,0,1,positive,job_displacement,0.5106,2
@ivankukanov4699,0.0001144600504689246,0.0,0.0,0,1,positive,productivity,0.9761,1
@yuvraj.agarwal,0.0001144600504689246,0.0,0.0,0,1,positive,job_displacement,0.5574,1
@ivomuze,0.0001144600504689246,0.0,0.0,0,1,negative,job_displacement,-0.0644,0
@yuuuuuu-02,0.0001144600504689246,0.0,0.0,0,4,positive,productivity,0.246,36
@yunusgokcen174,0.0001144600504689246,0.0,0.0,0,2,positive,job_displacement,0.1198,2
@youtube-user-abc123,0.0001144600504689246,0.0,0.0,0,1,negative,productivity,-0.30665000000000003,0
@ivyWeb,0.0001144600504689246,0.0,0.0,0,1,positive,productivity,0.9891,0
@j.r.r.tolkien8724,0.0001144600504689246,0.0,0.0,0,1,neutral,productivity,0.0139,0
@j0hnk120,0.0001144600504689246,0.0,0.0,0,1,negative,productivity,-0.4939,0
@j0v0,0.0001144600504689246,0.0,0.0,0,1,negative,job_displacement,-0.07105,1
@j936-n6n,0.0001144600504689246,0.0,0.0,0,1,positive,job_displacement,0.34,2
@yt_hendle,0.0001144600504689246,0.0,0.0,0,1,positive,productivity,0.4491666666666667,7
@yozh2377,0.0001144600504689246,0.0,0.0,0,1,neutral,job_displacement,0.0,4
@jacobharris2373,0.0001144600504689246,0.0,0.0,0,1,negative,job_displacement,-0.5859,3
@jacobpearce4237,0.0001144600504689246,0.0,0.0,0,1,positive,job_displacement,0.6249,1
@jadeL1351,0.0001144600504689246,0.0,0.0,0,1,positive,job_displacement,0.5574,0
@xaxetherion,0.0001144600504689246,0.0,0.0,0,1,positive,job_displacement,0.4019,0
@xshivan,0.0001144600504689246,0.0,0.0,0,1,neutral,productivity,-0.0026,0
@xshigjuku,0.0001144600504689246,0.0,0.0,0,1,negative,productivity,-0.4767,0
@xpointer483,0.0001144600504689246,0.0,0.0,0,1,negative,job_displacement,-0.8158,1
@jamesf3801,0.0001144600504689246,0.0,0.0,0,3,positive,reliability,0.40829999999999994,1
@xjaguar92,0.0001144600504689246,0.0,0.0,0,2,neutral,job_displacement,0.0,12
@xerxes_06,0.0001144600504689246,0.0,0.0,0,1,negative,job_displacement,-0.296,2
@xdmich6018,0.0001144600504689246,0.0,0.0,0,1,negative,productivity,-0.7184,0
@jamesmcdaid84,0.0001144600504689246,0.0,0.0,0,1,neutral,productivity,0.0,0
@xxxEdfghdrt,0.0001144600504689246,0.0,0.0,0,1,positive,productivity,0.5719,0
@jamesmor5305,0.0001144600504689246,0.0,0.0,0,1,positive,job_displacement,0.5106,1
@jamess.2491,0.0001144600504689246,0.0,0.0,0,1,neutral,job_displacement,0.0,0
@jamesseraph8813,0.0001144600504689246,0.0,0.0,0,1,positive,job_displacement,0.7003,2
@jamestillman5247,0.0001144600504689246,0.0,0.0,0,1,negative,productivity,-0.4767,0
@xX_dash_Xx,0.0001144600504689246,0.0,0.0,0,1,negative,reliability,-0.0516,0
@jamoncitovideos,0.0001144600504689246,0.0,0.0,0,1,positive,reliability,0.6249,0
@jamtart22,0.0001144600504689246,0.0,0.0,0,1,negative,productivity,-0.5574,6
@xuanle384,0.0001144600504689246,0.0,0.0,0,1,positive,job_displacement,0.3612,0
@jambott5520,0.0001144600504689246,0.0,0.0,0,1,negative,job_displacement,-0.2658,0
@jafardahodwala6477,0.0001144600504689246,0.0,0.0,0,2,positive,productivity,0.6434,0
@jake_bareng,0.0001144600504689246,0.0,0.0,0,2,neutral,job_displacement,0.03965000000000002,1
@ykhatat,0.0001144600504689246,0.0,0.0,0,1,positive,job_displacement,0.6908,1
@jairolivares3015,0.0001144600504689246,0.0,0.0,0,1,positive,reliability,0.6951,0
@yiyoascen,0.0001144600504689246,0.0,0.0,0,1,negative,productivity,-0.3395,3
@yesyes-om1po,0.0001144600504689246,0.0,0.0,0,1,positive,job_displacement,0.9595,6
@yesindeed5751,0.0001144600504689246,0.0,0.0,0,1,neutral,reliability,0.0,0
@jajam-g7m,0.0001144600504689246,0.0,0.0,0,1,neutral,reliability,0.0,1
@yeshnow,0.0001144600504689246,0.0,0.0,0,1,positive,reliability,0.1526,2
@yerzhanserikbay,0.0001144600504689246,0.0,0.0,0,1,positive,job_displacement,0.474,2
@xyzing99,0.0001144600504689246,0.0,0.0,0,1,positive,unknown,0.8271,0
@yazi27,0.0001144600504689246,0.0,0.0,0,1,positive,productivity,0.4404,0
@yasin5603,0.0001144600504689246,0.0,0.0,0,1,positive,productivity,0.3911,55
@yasachandra,0.0001144600504689246,0.0,0.0,0,1,neutral,productivity,0.0,0
@yaroslavkovbas1317,0.0001144600504689246,0.0,0.0,0,1,negative,productivity,-0.8622,0
@jakejensen1166,0.0001144600504689246,0.0,0.0,0,1,neutral,job_displacement,0.0,13
@jal051,0.0001144600504689246,0.0,0.0,0,1,negative,productivity,-0.29936666666666667,2
@yannesswong7256,0.0001144600504689246,0.0,0.0,0,1,positive,reliability,0.4019,0
@zaNNy1604,0.0001144600504689246,0.0,0.0,0,1,positive,productivity,0.6655,8
@itsmeben604,0.0001144600504689246,0.0,0.0,0,1,positive,job_displacement,0.9493,8
@zachbarna9525,0.0001144600504689246,0.0,0.0,0,1,neutral,reliability,0.0,0
@베시어스,0.0001144600504689246,0.0,0.0,0,1,positive,productivity,0.12515,2
dboreham,0.0001144600504689246,0.0,0.0,0,1,neutral,productivity,0.02319999999999998,0
@inanitas,0.0001144600504689246,0.0,0.0,0,1,positive,productivity,0.6495000000000001,1
dang,0.0001144600504689246,0.0,0.0,0,1,positive,reliability,0.31676,0
PhysicalNomad,0.0001144600504689246,0.0,0.0,0,1,positive,productivity,0.7818,0
@incandescentwithrage,0.0001144600504689246,0.0,0.0,0,2,positive,job_displacement,0.6600999999999999,1
Double_a_92,0.0001144600504689246,0.0,0.0,0,1,positive,productivity,0.52995,0
@조선닌자핫토리,0.0001144600504689246,0.0,0.0,0,1,neutral,job_displacement,0.0,0
@independentcreatoracademy,0.0001144600504689246,0.0,0.0,0,7,positive,productivity,0.368675,3
@imnotmattdamon,0.0001144600504689246,0.0,0.0,0,1,positive,job_displacement,0.296,0
@덤최몇-c6u,0.0001144600504689246,0.0,0.0,0,1,neutral,productivity,0.0,0
@다루루,0.0001144600504689246,0.0,0.0,0,1,neutral,cost,0.0,1
@釋義,0.0001144600504689246,0.0,0.0,0,1,positive,job_displacement,0.5994,1
@莫妮卡安娜,0.0001144600504689246,0.0,0.0,0,1,neutral,unknown,0.0,1
@東佛鱷口,0.0001144600504689246,0.0,0.0,0,1,negative,reliability,-0.3818,0
@infernovictores2483,0.0001144600504689246,0.0,0.0,0,1,positive,job_displacement,0.4404,0
@方四公子,0.0001144600504689246,0.0,0.0,0,1,positive,productivity,0.2732,0
dingliqing53,0.0001144600504689246,0.0,0.0,0,2,positive,job_displacement,0.12240000000000001,0
gangster_dave,0.0001144600504689246,0.0,0.0,0,2,positive,job_displacement,0.39925,0
@印小布,0.0001144600504689246,0.0,0.0,0,1,neutral,productivity,0.0,2
primax,0.0001144600504689246,0.0,0.0,0,1,positive,job_displacement,0.128,0
@igoromelchenko3482,0.0001144600504689246,0.0,0.0,0,1,positive,job_displacement,0.6769,5
sebzim4500,0.0001144600504689246,0.0,0.0,0,2,positive,job_displacement,0.47255,0
@igorthelight,0.0001144600504689246,0.0,0.0,0,1,positive,productivity,0.8271,0
@ij9375,0.0001144600504689246,0.0,0.0,0,1,positive,unknown,0.4215,0
@ilikeydonuts1,0.0001144600504689246,0.0,0.0,0,1,neutral,productivity,0.0,3
@illia_37,0.0001144600504689246,0.0,0.0,0,1,positive,productivity,0.8974,0
rileyphone,0.0001144600504689246,0.0,0.0,0,1,positive,job_displacement,0.1027,0
@illusionslayer6173,0.0001144600504689246,0.0,0.0,0,1,positive,productivity,0.6862,0
@imkazimahmed,0.0001144600504689246,0.0,0.0,0,1,neutral,cost,0.0,4
nprateem,0.0001144600504689246,0.0,0.0,0,1,positive,productivity,0.1154,0
@ilove2learn783,0.0001144600504689246,0.0,0.0,0,1,positive,job_displacement,0.78,1
nkko,0.0001144600504689246,0.0,0.0,0,1,positive,job_displacement,0.1655,0
lumax15,0.0001144600504689246,0.0,0.0,0,5,positive,job_displacement,0.34592,0
@imevvv,0.0001144600504689246,0.0,0.0,0,1,positive,job_displacement,0.4617,0
@imgravitasrants,0.0001144600504689246,0.0,0.0,0,1,neutral,reliability,0.0,0
jacobsenscott,0.0001144600504689246,0.0,0.0,0,1,positive,job_displacement,0.31845,0
@infj5196,0.0001144600504689246,0.0,0.0,0,1,negative,productivity,-0.3612,0
@ジャネズ,0.0001144600504689246,0.0,0.0,0,9,neutral,reliability,-0.046900000000000004,2
@itscharlieschannel,0.0001144600504689246,0.0,0.0,0,1,negative,productivity,-0.714,1
@isbafatima-g6g,0.0001144600504689246,0.0,0.0,0,1,positive,reliability,0.69555,0
@zigtech5799,0.0001144600504689246,0.0,0.0,0,1,negative,reliability,-0.3233,6
@zenaku666,0.0001144600504689246,0.0,0.0,0,2,positive,productivity,0.7999499999999999,1
@ironmonkey1512,0.0001144600504689246,0.0,0.0,0,1,positive,reliability,0.3384,0
@zedmouse,0.0001144600504689246,0.0,0.0,0,1,positive,productivity,0.4019,1
@isaachail,0.0001144600504689246,0.0,0.0,0,1,neutral,productivity,0.0,1
@zecasalmedia,0.0001144600504689246,0.0,0.0,0,1,positive,job_displacement,0.4019,0
@isasantovena,0.0001144600504689246,0.0,0.0,0,1,positive,productivity,0.526,0
@ismaildebbarh,0.0001144600504689246,0.0,0.0,0,1,neutral,productivity,0.0,0
@zimpoooooo,0.0001144600504689246,0.0,0.0,0,1,neutral,unknown,0.0,0
@zaviermayo272,0.0001144600504689246,0.0,0.0,0,1,negative,productivity,-0.128,0
@zapy422,0.0001144600504689246,0.0,0.0,0,1,positive,unknown,0.12925,2
@zacodhis219,0.0001144600504689246,0.0,0.0,0,1,neutral,productivity,0.0,0
@ismailteleph1971,0.0001144600504689246,0.0,0.0,0,1,negative,cost,-0.5423,0
@italo91206,0.0001144600504689246,0.0,0.0,0,1,neutral,unknown,0.0,1
@itorres008,0.0001144600504689246,0.0,0.0,0,1,positive,job_displacement,0.8504,0
@its_oz,0.0001144600504689246,0.0,0.0,0,1,neutral,productivity,0.0,0
@ironlegacymedia,0.0001144600504689246,0.0,0.0,0,1,positive,job_displacement,0.8999,0
@zmorphy,0.0001144600504689246,0.0,0.0,0,1,positive,cost,0.0516,1
@кнк-ю3ш,0.0001144600504689246,0.0,0.0,0,1,positive,job_displacement,0.3286,0
@inoccentgirl-x7d,0.0001144600504689246,0.0,0.0,0,1,neutral,job_displacement,0.0,1
@ЕвгенийЛапшинов,0.0001144600504689246,0.0,0.0,0,1,neutral,productivity,0.0,0
@inkasaraswati7625,0.0001144600504689246,0.0,0.0,0,1,negative,productivity,-0.1553,4
@ДенисЛалал,0.0001144600504689246,0.0,0.0,0,1,negative,productivity,-0.15285,11
@АндрійПурський-х4й,0.0001144600504689246,0.0,0.0,0,1,neutral,job_displacement,0.0,2
@innermost_v,0.0001144600504689246,0.0,0.0,0,1,negative,job_displacement,-0.296,0
@zvxcvxcz,0.0001144600504689246,0.0,0.0,0,3,negative,productivity,-0.08085555555555557,2
@zviriko6850,0.0001144600504689246,0.0,0.0,0,1,negative,cost,-0.8934,1
@invest_kaki,0.0001144600504689246,0.0,0.0,0,1,positive,productivity,0.6369,1
@irishbruse,0.0001144600504689246,0.0,0.0,0,1,neutral,job_displacement,0.0,1
@ionizePlaying,0.0001144600504689246,0.0,0.0,0,1,positive,productivity,0.06705000000000005,0
@zohaib0335,0.0001144600504689246,0.0,0.0,0,2,negative,productivity,-0.2616,1
@ionutc-donighian6678,0.0001144600504689246,0.0,0.0,0,1,positive,reliability,0.4215,0
@iqbalk5731,0.0001144600504689246,0.0,0.0,0,1,negative,reliability,-0.787,5
@znubionek,0.0001144600504689246,0.0,0.0,0,2,positive,productivity,0.2202,0
@irfanhabib5043,0.0001144600504689246,0.0,0.0,0,1,positive,job_displacement,0.5093,1
@znmliteral,0.0001144600504689246,0.0,0.0,0,1,neutral,productivity,0.0,0
@wrightbrainedsecurity,0.0001144600504689246,0.0,0.0,0,1,positive,productivity,0.8997,0
@japanesesamurai4945,0.0001144600504689246,0.0,0.0,0,1,neutral,job_displacement,-0.0258,0
@junaidkhankhan4260,0.0001144600504689246,0.0,0.0,0,1,positive,reliability,0.6173,2
@woodyclimbing4040,0.0001144600504689246,0.0,0.0,0,1,positive,productivity,0.98,0
@vicevestra,0.0001144600504689246,0.0,0.0,0,3,positive,cost,0.4483333333333333,0
@vibhanshusharma3150,0.0001144600504689246,0.0,0.0,0,1,negative,unknown,-0.296,0
@jonathandelapaz6436,0.0001144600504689246,0.0,0.0,0,1,positive,job_displacement,0.15705,3
@jonathanoyervides7647,0.0001144600504689246,0.0,0.0,0,1,positive,job_displacement,0.6786,0
@jonboy648,0.0001144600504689246,0.0,0.0,0,1,negative,productivity,-0.296,5
@viber1430,0.0001144600504689246,0.0,0.0,0,1,negative,cost,-0.3167,0
@jonesjl99,0.0001144600504689246,0.0,0.0,0,1,positive,reliability,0.3182,0
@vffffffff9998,0.0001144600504689246,0.0,0.0,0,3,positive,productivity,0.25405,12
@vetriselvan9807,0.0001144600504689246,0.0,0.0,0,1,neutral,reliability,0.0,0
@josazee,0.0001144600504689246,0.0,0.0,0,1,positive,reliability,0.3612,1
@joseoncrack,0.0001144600504689246,0.0,0.0,0,2,neutral,job_displacement,-0.0012666666666666382,1
@vens-love-diary-updates,0.0001144600504689246,0.0,0.0,0,1,positive,productivity,0.7717,0
@venkadeshm6894,0.0001144600504689246,0.0,0.0,0,1,neutral,job_displacement,0.0,0
@velofficialAI,0.0001144600504689246,0.0,0.0,0,1,positive,productivity,0.4404,0
@josephsutton8817,0.0001144600504689246,0.0,0.0,0,1,neutral,job_displacement,0.0,4
@josephtsui2564,0.0001144600504689246,0.0,0.0,0,1,positive,productivity,0.31129999999999997,10
@vedsimprovin,0.0001144600504689246,0.0,0.0,0,1,positive,productivity,0.6363,3
@johnwicked882,0.0001144600504689246,0.0,0.0,0,1,positive,job_displacement,0.6597,0
@johnsonkhoo1346,0.0001144600504689246,0.0,0.0,0,1,positive,reliability,0.7063,0
@johnsarosos4776,0.0001144600504689246,0.0,0.0,0,1,negative,job_displacement,-0.0772,1
@johndoe_1984,0.0001144600504689246,0.0,0.0,0,1,neutral,productivity,-0.006399999999999996,1
@joekingjester,0.0001144600504689246,0.0,0.0,0,1,negative,reliability,-0.5106,5
@johannes579,0.0001144600504689246,0.0,0.0,0,1,positive,job_displacement,0.3294,0
@viktor1496,0.0001144600504689246,0.0,0.0,0,2,positive,job_displacement,0.29778000000000004,0
@vikaspoddar001,0.0001144600504689246,0.0,0.0,0,1,positive,job_displacement,0.7351,3
@john_dingleballs,0.0001144600504689246,0.0,0.0,0,2,positive,productivity,0.6597,0
@vieura,0.0001144600504689246,0.0,0.0,0,1,positive,unknown,0.13085,19
@victorsandoval6501,0.0001144600504689246,0.0,0.0,0,1,neutral,unknown,0.0,0
@victorramirez1879,0.0001144600504689246,0.0,0.0,0,1,positive,reliability,0.1027,4
@johnrambo7147,0.0001144600504689246,0.0,0.0,0,1,negative,job_displacement,-0.2023,1
@johndurrett3573,0.0001144600504689246,0.0,0.0,0,1,negative,reliability,-0.0772,5
@johnflorence2672,0.0001144600504689246,0.0,0.0,0,1,neutral,productivity,0.0,5
@johnnyrambone,0.0001144600504689246,0.0,0.0,0,1,positive,job_displacement,0.8271,0
@victordam3921,0.0001144600504689246,0.0,0.0,0,1,positive,reliability,0.2382,0
@vickyvirat5166,0.0001144600504689246,0.0,0.0,0,1,positive,cost,0.6249,0
@johnp7158,0.0001144600504689246,0.0,0.0,0,1,positive,productivity,0.128,3
@johnphantom,0.0001144600504689246,0.0,0.0,0,1,positive,job_displacement,0.9209,0
@vausmusic,0.0001144600504689246,0.0,0.0,0,1,positive,job_displacement,0.8192333333333334,3
@vatsal-b5l,0.0001144600504689246,0.0,0.0,0,1,positive,productivity,0.4404,0
@joshadams8761,0.0001144600504689246,0.0,0.0,0,2,positive,productivity,0.5823,1
@jr-yn4lk,0.0001144600504689246,0.0,0.0,0,1,neutral,productivity,0.0,5
@jp801snow,0.0001144600504689246,0.0,0.0,0,1,neutral,cost,0.0,0
@usr-4b7x9v,0.0001144600504689246,0.0,0.0,0,1,neutral,productivity,0.0,3
@userrom6629,0.0001144600504689246,0.0,0.0,0,1,neutral,reliability,0.0,3
@useronetwothree-z6f,0.0001144600504689246,0.0,0.0,0,1,positive,job_displacement,0.4019,1
@username-oz6gz,0.0001144600504689246,0.0,0.0,0,1,neutral,cost,0.0,0
@jpkuta,0.0001144600504689246,0.0,0.0,0,1,positive,reliability,0.3612,0
@user-vk9ff9gr4x,0.0001144600504689246,0.0,0.0,0,1,positive,job_displacement,0.4484,0
@jr0d2008,0.0001144600504689246,0.0,0.0,0,2,negative,productivity,-0.20095,26
@joydutta4928,0.0001144600504689246,0.0,0.0,0,1,positive,job_displacement,0.3094,0
@user-vb6lq9il5v,0.0001144600504689246,0.0,0.0,0,1,neutral,job_displacement,0.0073999999999999995,0
@jsbgmc6613,0.0001144600504689246,0.0,0.0,0,1,positive,productivity,0.9001,1
@jsebastianmunch,0.0001144600504689246,0.0,0.0,0,1,neutral,reliability,0.0,2
@juancaceres3836,0.0001144600504689246,0.0,0.0,0,1,positive,job_displacement,0.6249,2
@juandixonformvp,0.0001144600504689246,0.0,0.0,0,1,negative,job_displacement,-0.30795,0
@juanlugofitness,0.0001144600504689246,0.0,0.0,0,1,neutral,unknown,0.0,0
@user-ok2xb1lw5y,0.0001144600504689246,0.0,0.0,0,1,positive,productivity,0.9042,0
@usuariocelular8065,0.0001144600504689246,0.0,0.0,0,1,positive,reliability,0.4215,0
@stephenbeckett2067,0.0001144600504689246,0.0,0.0,0,1,negative,productivity,-0.9738,2
@vasvalstan,0.0001144600504689246,0.0,0.0,0,1,positive,job_displacement,0.2294,1
@josiahlachance,0.0001144600504689246,0.0,0.0,0,5,positive,reliability,0.36307999999999996,0
@vasugarg4368,0.0001144600504689246,0.0,0.0,0,1,positive,unknown,0.7184,0
@joshraguilar,0.0001144600504689246,0.0,0.0,0,1,positive,reliability,0.7149,0
@vaolin1703,0.0001144600504689246,0.0,0.0,0,1,negative,job_displacement,-0.4404,0
@joshua511,0.0001144600504689246,0.0,0.0,0,1,positive,job_displacement,0.3612,0
@vancekang,0.0001144600504689246,0.0,0.0,0,1,neutral,unknown,0.0,1
@joshuagoh6324,0.0001144600504689246,0.0,0.0,0,1,negative,reliability,-0.7951,1
@joshyoung1440,0.0001144600504689246,0.0,0.0,0,1,neutral,job_displacement,0.0,0
@vamsiramineedi6296,0.0001144600504689246,0.0,0.0,0,1,positive,job_displacement,0.3412,0
@joyashiedu,0.0001144600504689246,0.0,0.0,0,1,positive,productivity,0.4019,0
@vampyrkiller,0.0001144600504689246,0.0,0.0,0,1,positive,job_displacement,0.34,0
@vampiro4236,0.0001144600504689246,0.0,0.0,0,1,positive,productivity,0.5051,12
@valiblaj,0.0001144600504689246,0.0,0.0,0,1,positive,cost,0.2023,2
@valeriek8077,0.0001144600504689246,0.0,0.0,0,1,positive,job_displacement,0.5822499999999999,0
@vagabond734,0.0001144600504689246,0.0,0.0,0,1,positive,productivity,0.4404,0
@v1k37,0.0001144600504689246,0.0,0.0,0,1,positive,job_displacement,0.5886,0
@jourdanbetsch5073,0.0001144600504689246,0.0,0.0,0,1,positive,job_displacement,0.1779,0
@villianfadhilahareksa5553,0.0001144600504689246,0.0,0.0,0,1,positive,productivity,0.1027,0
@joedougs,0.0001144600504689246,0.0,0.0,0,1,positive,productivity,0.296,8
@joeb3548,0.0001144600504689246,0.0,0.0,0,1,positive,productivity,0.296,0
@whyumadtho355,0.0001144600504689246,0.0,0.0,0,2,negative,job_displacement,-0.27040000000000003,6
@jcham979,0.0001144600504689246,0.0,0.0,0,1,neutral,job_displacement,0.0,0
@william7950,0.0001144600504689246,0.0,0.0,0,1,positive,job_displacement,0.4404,0
@jcrm5762,0.0001144600504689246,0.0,0.0,0,1,neutral,unknown,0.0,0
@will2461-j2n,0.0001144600504689246,0.0,0.0,0,1,positive,job_displacement,0.6249,0
@jdilksjr,0.0001144600504689246,0.0,0.0,0,1,positive,cost,0.4019,0
@jdotoz,0.0001144600504689246,0.0,0.0,0,1,negative,productivity,-0.2323,2
@jeffclark5268,0.0001144600504689246,0.0,0.0,0,1,negative,reliability,-0.08696666666666668,0
@whizzyy_gtag,0.0001144600504689246,0.0,0.0,0,1,positive,job_displacement,0.4019,2
@jayesh117,0.0001144600504689246,0.0,0.0,0,1,neutral,unknown,0.0,0
@jeffcrume,0.0001144600504689246,0.0,0.0,0,12,positive,job_displacement,0.5127545454545455,1
@whitemouse94,0.0001144600504689246,0.0,0.0,0,1,neutral,job_displacement,0.0,0
@wenterinfaer1656,0.0001144600504689246,0.0,0.0,0,1,neutral,job_displacement,0.0,4
@wenjunzhang3699,0.0001144600504689246,0.0,0.0,0,1,neutral,job_displacement,0.0,0
@weblogic7723,0.0001144600504689246,0.0,0.0,0,1,positive,job_displacement,0.28569999999999995,0
@webacademy5701,0.0001144600504689246,0.0,0.0,0,1,neutral,job_displacement,0.0,0
@wcdcio,0.0001144600504689246,0.0,0.0,0,1,positive,job_displacement,0.3612,6
@williamarias815,0.0001144600504689246,0.0,0.0,0,1,positive,job_displacement,0.8271,0
@williamforsyth6667,0.0001144600504689246,0.0,0.0,0,1,positive,productivity,0.534,1
@wayfa13,0.0001144600504689246,0.0,0.0,0,1,neutral,job_displacement,0.0,2
@jason55189,0.0001144600504689246,0.0,0.0,0,1,neutral,job_displacement,0.0,0
@wolffwolfie3166,0.0001144600504689246,0.0,0.0,0,2,positive,productivity,0.1985625,1
@wojciechduranowski5515,0.0001144600504689246,0.0,0.0,0,1,neutral,productivity,0.0,2
@wlc-welovecars,0.0001144600504689246,0.0,0.0,0,1,negative,reliability,-0.4767,14
@jaredpaul6877,0.0001144600504689246,0.0,0.0,0,1,positive,productivity,0.3802,0
@jashawn1979,0.0001144600504689246,0.0,0.0,0,1,positive,productivity,0.4404,0
@jason2224jb,0.0001144600504689246,0.0,0.0,0,1,neutral,productivity,0.0,3
@wklowe00,0.0001144600504689246,0.0,0.0,0,1,positive,productivity,0.9109,1
@jasonrhtx,0.0001144600504689246,0.0,0.0,0,1,neutral,reliability,0.0,0
@williamk6605,0.0001144600504689246,0.0,0.0,0,1,negative,cost,-0.4767,0
@witshock,0.0001144600504689246,0.0,0.0,0,1,neutral,reliability,0.0,24
@wisecat324,0.0001144600504689246,0.0,0.0,0,1,positive,productivity,0.8796,10
@winniethepooh4891,0.0001144600504689246,0.0,0.0,0,1,positive,unknown,0.4404,0
@jawyor-k3t,0.0001144600504689246,0.0,0.0,0,1,positive,productivity,0.5434,1
@willy4170,0.0001144600504689246,0.0,0.0,0,1,positive,job_displacement,0.4585,15
@jayajaythrive,0.0001144600504689246,0.0,0.0,0,2,positive,job_displacement,0.6028333333333333,0
@willscorner8423,0.0001144600504689246,0.0,0.0,0,1,neutral,job_displacement,0.0,1
@wb7779,0.0001144600504689246,0.0,0.0,0,1,positive,reliability,0.3802,0
@watynecc3309,0.0001144600504689246,0.0,0.0,0,1,neutral,productivity,0.0,1
@villsphere18,0.0001144600504689246,0.0,0.0,0,1,neutral,unknown,0.0,0
@vinodkumar_1807,0.0001144600504689246,0.0,0.0,0,1,neutral,reliability,0.0,1
@violet_world9385,0.0001144600504689246,0.0,0.0,0,1,neutral,cost,0.0,0
@jgojiz,0.0001144600504689246,0.0,0.0,0,1,negative,reliability,-0.10115,0
@vinovici3204,0.0001144600504689246,0.0,0.0,0,1,positive,job_displacement,0.3318,0
@jhax,0.0001144600504689246,0.0,0.0,0,1,negative,job_displacement,-0.5994,1
@jhodapp,0.0001144600504689246,0.0,0.0,0,1,positive,productivity,0.3975,1
@jianmarcoyt,0.0001144600504689246,0.0,0.0,0,1,positive,job_displacement,0.8718,19
@jibbs051,0.0001144600504689246,0.0,0.0,0,1,positive,productivity,0.2235,0
@jidooo6501,0.0001144600504689246,0.0,0.0,0,1,neutral,unknown,0.0,0
@viralmehta2542,0.0001144600504689246,0.0,0.0,0,1,positive,reliability,0.8934,0
@viniciusprocopio,0.0001144600504689246,0.0,0.0,0,1,positive,job_displacement,0.9781,3
@jigsaw2253,0.0001144600504689246,0.0,0.0,0,1,negative,productivity,-0.5859,0
@vincentgenna3375,0.0001144600504689246,0.0,0.0,0,1,neutral,reliability,0.0,0
@jiminkim3690,0.0001144600504689246,0.0,0.0,0,1,positive,job_displacement,0.4019,0
@jjmarcos,0.0001144600504689246,0.0,0.0,0,1,positive,cost,0.6705,0
@vin3104,0.0001144600504689246,0.0,0.0,0,1,neutral,job_displacement,0.0,0
@jmg9509,0.0001144600504689246,0.0,0.0,0,2,positive,job_displacement,0.4155333333333333,164
@jewlouds,0.0001144600504689246,0.0,0.0,0,1,negative,reliability,-0.296,0
@jesuslongqua,0.0001144600504689246,0.0,0.0,0,1,neutral,productivity,0.0,6
@warrenarnoldmusic,0.0001144600504689246,0.0,0.0,0,2,positive,job_displacement,0.2727333333333333,0
@jeno.javori_music,0.0001144600504689246,0.0,0.0,0,2,positive,unknown,0.1953,0
@warmandle,0.0001144600504689246,0.0,0.0,0,1,negative,job_displacement,-0.296,0
@walsharoo,0.0001144600504689246,0.0,0.0,0,1,positive,job_displacement,0.4019,0
@wallybeats9648,0.0001144600504689246,0.0,0.0,0,1,neutral,reliability,0.0,2
@vrjanice2,0.0001144600504689246,0.0,0.0,0,1,positive,job_displacement,0.7579,2
@volsere,0.0001144600504689246,0.0,0.0,0,1,neutral,reliability,0.0,1
@volodymyrdatsiuk1191,0.0001144600504689246,0.0,0.0,0,1,positive,productivity,0.6705,4
@vohbovohborian28,0.0001144600504689246,0.0,0.0,0,1,positive,job_displacement,0.3988,6
@jermunitz3020,0.0001144600504689246,0.0,0.0,0,1,neutral,cost,0.0,1
@jessr1698,0.0001144600504689246,0.0,0.0,0,1,neutral,cost,0.0,0
@vlastastojkovaurbanova3676,0.0001144600504689246,0.0,0.0,0,1,neutral,unknown,0.0,1
@jerryassan4638,0.0001144600504689246,0.0,0.0,0,1,neutral,job_displacement,0.0,0
@vitalyl1327,0.0001144600504689246,0.0,0.0,0,1,negative,job_displacement,-0.5719,0
@viswakanth9002,0.0001144600504689246,0.0,0.0,0,1,neutral,productivity,0.0,0
@jesper5259,0.0001144600504689246,0.0,0.0,0,2,neutral,unknown,0.0,0
@virisia5448,0.0001144600504689246,0.0,0.0,0,2,positive,job_displacement,0.12106666666666666,6
@jessecunningham4283,0.0001144600504689246,0.0,0.0,0,1,positive,job_displacement,0.2732,4
@linkeshwar,0.0001144600504689246,0.0,0.0,0,1,positive,job_displacement,0.1012,0
@sokolawp,0.0001144600504689246,0.0,0.0,0,1,negative,job_displacement,-0.3412,0
@listigt,0.0001144600504689246,0.0,0.0,0,1,neutral,productivity,0.0,0
@raphaelkieling6896,0.0001144600504689246,0.0,0.0,0,1,neutral,productivity,0.0,1
@razorbackroar,0.0001144600504689246,0.0,0.0,0,3,positive,cost,0.198375,1
@raynovicio7332,0.0001144600504689246,0.0,0.0,0,2,positive,job_displacement,0.3826,0
@rawfromnowhere,0.0001144600504689246,0.0,0.0,0,1,neutral,productivity,0.0,4
@rawebtech,0.0001144600504689246,0.0,0.0,0,1,positive,productivity,0.4539,1
@ravitejaknts,0.0001144600504689246,0.0,0.0,0,2,positive,productivity,0.9522,1
@ravioliravioli6175,0.0001144600504689246,0.0,0.0,0,1,neutral,job_displacement,0.0,1
@rapid1010,0.0001144600504689246,0.0,0.0,0,1,neutral,job_displacement,0.0,0
@randykatesATL,0.0001144600504689246,0.0,0.0,0,1,positive,productivity,0.8807,3
@rafaelamendoim,0.0001144600504689246,0.0,0.0,0,1,positive,productivity,0.3612,2
@randomguyontheinternet-q3s,0.0001144600504689246,0.0,0.0,0,1,positive,reliability,0.6808,0
@ranakaleem9012,0.0001144600504689246,0.0,0.0,0,1,positive,productivity,0.4404,0
@ramyadam6280,0.0001144600504689246,0.0,0.0,0,1,positive,reliability,0.36755,0
@rakibs-mind,0.0001144600504689246,0.0,0.0,0,1,neutral,productivity,0.0,0
@rajqoder,0.0001144600504689246,0.0,0.0,0,2,positive,cost,0.2553,1
@rajadon2071,0.0001144600504689246,0.0,0.0,0,1,positive,unknown,0.6369,1
@rahimansabnadaf-b1b,0.0001144600504689246,0.0,0.0,0,1,unknown,unknown,0.0,0
@razrgu3838,0.0001144600504689246,0.0,0.0,0,1,positive,job_displacement,0.4215,0
@rbarreira2,0.0001144600504689246,0.0,0.0,0,1,neutral,reliability,0.0,1
@realT3NN4,0.0001144600504689246,0.0,0.0,0,9,positive,job_displacement,0.22164166666666665,0
@realfuxx,0.0001144600504689246,0.0,0.0,0,1,negative,unknown,-0.296,0
@remy8587,0.0001144600504689246,0.0,0.0,0,1,neutral,job_displacement,0.0,0
@n0rmalchasee,0.0001144600504689246,0.0,0.0,0,1,positive,job_displacement,0.4019,0
@relebohilemotsau7112,0.0001144600504689246,0.0,0.0,0,1,neutral,productivity,0.0,4
@nadgerz,0.0001144600504689246,0.0,0.0,0,1,neutral,productivity,0.0,3
@nagulan77fr,0.0001144600504689246,0.0,0.0,0,1,negative,reliability,-0.1901,1
@rehan-6377,0.0001144600504689246,0.0,0.0,0,1,positive,unknown,0.4404,0
@regneratillo9115,0.0001144600504689246,0.0,0.0,0,1,negative,productivity,-0.802,1
@nahomtewelde7400,0.0001144600504689246,0.0,0.0,0,1,neutral,reliability,0.0,0
@reg20222,0.0001144600504689246,0.0,0.0,0,1,neutral,job_displacement,0.0,0
@redone823,0.0001144600504689246,0.0,0.0,0,1,neutral,productivity,0.0,0
@reddeadcobra8295,0.0001144600504689246,0.0,0.0,0,1,positive,cost,0.4404,0
@namenl2205,0.0001144600504689246,0.0,0.0,0,1,positive,productivity,0.293,0
@redacted1946,0.0001144600504689246,0.0,0.0,0,1,positive,unknown,0.1257,1
@nanadei111,0.0001144600504689246,0.0,0.0,0,1,positive,reliability,0.3182,0
@narkotikov,0.0001144600504689246,0.0,0.0,0,1,neutral,job_displacement,0.0,0
@rafageist,0.0001144600504689246,0.0,0.0,0,1,negative,job_displacement,-0.516,0
@radityadito922,0.0001144600504689246,0.0,0.0,0,1,positive,job_displacement,0.4404,0
@n00bruler67,0.0001144600504689246,0.0,0.0,0,1,positive,job_displacement,0.7261,0
@premagray,0.0001144600504689246,0.0,0.0,0,1,positive,productivity,0.8176,0
@prodbyblvnk,0.0001144600504689246,0.0,0.0,0,1,positive,productivity,0.34,1
@prndlprndlprndl,0.0001144600504689246,0.0,0.0,0,1,positive,productivity,0.25095,1
@pritam9873,0.0001144600504689246,0.0,0.0,0,1,neutral,job_displacement,0.0,0
@pritam1754,0.0001144600504689246,0.0,0.0,0,1,neutral,reliability,0.0,0
@princehearted3994,0.0001144600504689246,0.0,0.0,0,1,neutral,productivity,-0.019850000000000007,2
@prime1965,0.0001144600504689246,0.0,0.0,0,1,positive,job_displacement,0.6249,1
@prima_z6210,0.0001144600504689246,0.0,0.0,0,1,neutral,cost,0.0,0
@praveshjha5563,0.0001144600504689246,0.0,0.0,0,1,positive,job_displacement,0.6461,0
@radiradinot,0.0001144600504689246,0.0,0.0,0,1,neutral,job_displacement,0.0,0
@praveeny4307,0.0001144600504689246,0.0,0.0,0,1,positive,cost,0.8271,0
@praveenkumarsingh1436,0.0001144600504689246,0.0,0.0,0,2,negative,productivity,-0.0516,0
@prashant2026-e3u,0.0001144600504689246,0.0,0.0,0,1,neutral,productivity,0.0,0
@pranjalmandavkar9179,0.0001144600504689246,0.0,0.0,0,1,neutral,reliability,0.0,2
@prakash-niroula,0.0001144600504689246,0.0,0.0,0,1,positive,productivity,0.802,2
@pragneshbamanya5079,0.0001144600504689246,0.0,0.0,0,7,positive,job_displacement,0.1187,1
@nateo7045,0.0001144600504689246,0.0,0.0,0,1,positive,job_displacement,0.3982,0
@prodifAI-2.0,0.0001144600504689246,0.0,0.0,0,1,positive,productivity,0.3612,0
@programmeryk5659,0.0001144600504689246,0.0,0.0,0,1,neutral,reliability,0.0,0
@propermusiiwa702,0.0001144600504689246,0.0,0.0,0,1,neutral,unknown,0.0,1
@prosongbox8332,0.0001144600504689246,0.0,0.0,0,1,positive,productivity,0.6369,1
@racapadexxa_,0.0001144600504689246,0.0,0.0,0,1,neutral,productivity,0.0,2
@r4jivaim,0.0001144600504689246,0.0,0.0,0,1,negative,unknown,-0.3252,0
@qwzy-654,0.0001144600504689246,0.0,0.0,0,1,positive,productivity,0.8225,1
@qurashiakeel,0.0001144600504689246,0.0,0.0,0,2,positive,job_displacement,0.3243,1
@quranwahadeeskiraoshnimein3315,0.0001144600504689246,0.0,0.0,0,2,positive,job_displacement,0.11385,1
@quelaan,0.0001144600504689246,0.0,0.0,0,1,negative,job_displacement,-0.4754,28
@quantumduskecho,0.0001144600504689246,0.0,0.0,0,1,positive,job_displacement,0.6222,13
@qtrax100,0.0001144600504689246,0.0,0.0,0,1,positive,cost,0.1591,1
@qkktech,0.0001144600504689246,0.0,0.0,0,1,positive,reliability,0.7707,0
@pynade,0.0001144600504689246,0.0,0.0,0,16,positive,productivity,0.5283277777777777,0
@purrbox7514,0.0001144600504689246,0.0,0.0,0,2,positive,job_displacement,0.30010000000000003,0
@puretech.x,0.0001144600504689246,0.0,0.0,0,1,positive,unknown,0.9153,0
@puck_in_the_sink,0.0001144600504689246,0.0,0.0,0,1,positive,reliability,0.4404,0
@pt8292,0.0001144600504689246,0.0,0.0,0,2,negative,reliability,-0.1942,3
@prostekalorie,0.0001144600504689246,0.0,0.0,0,1,neutral,productivity,0.0,0
@retest6658,0.0001144600504689246,0.0,0.0,0,1,positive,job_displacement,0.7783,1
@reyanrahman,0.0001144600504689246,0.0,0.0,0,1,negative,cost,-0.2411,1
@minetime6881,0.0001144600504689246,0.0,0.0,0,1,neutral,job_displacement,0.0,0
@molvor1996,0.0001144600504689246,0.0,0.0,0,1,neutral,job_displacement,0.0,6
@mohamedsarr1795,0.0001144600504689246,0.0,0.0,0,1,negative,productivity,-0.5423,0
@mohammadilyas540,0.0001144600504689246,0.0,0.0,0,1,neutral,productivity,0.0,0
@mohammadmalik9075,0.0001144600504689246,0.0,0.0,0,1,positive,productivity,0.7184,2
@mohammedcherkaoui9292,0.0001144600504689246,0.0,0.0,0,1,positive,productivity,0.6908,0
@mohammedm2362,0.0001144600504689246,0.0,0.0,0,1,neutral,productivity,0.0,0
@mohammmedarkiaq,0.0001144600504689246,0.0,0.0,0,1,neutral,cost,0.0,0
@mohanr9899,0.0001144600504689246,0.0,0.0,0,1,positive,productivity,0.4215,8
@moonlightsupernova,0.0001144600504689246,0.0,0.0,0,1,positive,unknown,0.2732,2
@mr.mike678,0.0001144600504689246,0.0,0.0,0,1,negative,job_displacement,-0.1027,69
@morespinach9832,0.0001144600504689246,0.0,0.0,0,2,negative,productivity,-0.05435000000000004,7
@morrisalanisette9067,0.0001144600504689246,0.0,0.0,0,1,negative,job_displacement,-0.4226,0
@morron734,0.0001144600504689246,0.0,0.0,0,1,positive,productivity,0.8074,0
@mothjo,0.0001144600504689246,0.0,0.0,0,1,neutral,productivity,0.0,0
@mouaadjaaidi5011,0.0001144600504689246,0.0,0.0,0,1,positive,job_displacement,0.7485,15
@moysush,0.0001144600504689246,0.0,0.0,0,1,neutral,unknown,0.0,0
@mr-la-mi,0.0001144600504689246,0.0,0.0,0,1,neutral,productivity,0.0,1
@mohamedmuslim1400,0.0001144600504689246,0.0,0.0,0,1,neutral,reliability,0.0,0
@mohamadmosally8440,0.0001144600504689246,0.0,0.0,0,1,positive,job_displacement,0.765,1
@mohaglade4892,0.0001144600504689246,0.0,0.0,0,1,positive,productivity,0.7579,0
@modfornia,0.0001144600504689246,0.0,0.0,0,1,neutral,productivity,0.0,1
@minimee2908,0.0001144600504689246,0.0,0.0,0,1,positive,job_displacement,0.3858,4
@minkminks,0.0001144600504689246,0.0,0.0,0,1,positive,unknown,0.4404,0
@minnedanhieux883,0.0001144600504689246,0.0,0.0,0,1,neutral,unknown,0.0,0
@minoakkyaw,0.0001144600504689246,0.0,0.0,0,1,positive,productivity,0.3182,16
@mirek2845,0.0001144600504689246,0.0,0.0,0,1,positive,reliability,0.29635,4
@mizan9232,0.0001144600504689246,0.0,0.0,0,2,negative,productivity,-0.2616,1
@mjahid98,0.0001144600504689246,0.0,0.0,0,1,neutral,job_displacement,0.0,0
@mjolninja9358,0.0001144600504689246,0.0,0.0,0,3,positive,productivity,0.0866,0
@mjpthetrucker9485,0.0001144600504689246,0.0,0.0,0,1,neutral,job_displacement,0.0,0
@mmanukumar6194,0.0001144600504689246,0.0,0.0,0,1,neutral,cost,0.0,0
@mminto,0.0001144600504689246,0.0,0.0,0,1,positive,productivity,0.5859,1
@mmm-ie5ws,0.0001144600504689246,0.0,0.0,0,2,positive,job_displacement,0.16703333333333334,2
@mmmirzaeidev7737,0.0001144600504689246,0.0,0.0,0,1,neutral,reliability,0.0,1
@mndevitmndevit,0.0001144600504689246,0.0,0.0,0,3,negative,unknown,-0.1589,0
@mockinghyena960,0.0001144600504689246,0.0,0.0,0,1,neutral,job_displacement,0.0,1
@mr..tell.the.trust1,0.0001144600504689246,0.0,0.0,0,1,positive,reliability,0.296,0
@mr_kaipulla_28,0.0001144600504689246,0.0,0.0,0,1,neutral,cost,0.0,0
@n.i.g.e.l,0.0001144600504689246,0.0,0.0,0,1,negative,unknown,-0.33995,9
@mymorningjacket_,0.0001144600504689246,0.0,0.0,0,2,negative,cost,-0.179,1
@mvonballmo,0.0001144600504689246,0.0,0.0,0,1,positive,job_displacement,0.4939,3
@mxmx2842,0.0001144600504689246,0.0,0.0,0,1,positive,job_displacement,0.2023,7
@ricardofilipegomes4396,0.0001144600504689246,0.0,0.0,0,1,positive,productivity,0.3668,0
@my3m,0.0001144600504689246,0.0,0.0,0,1,positive,job_displacement,0.296,0
@myhendry,0.0001144600504689246,0.0,0.0,0,1,neutral,productivity,0.0,0
@myiesha2940,0.0001144600504689246,0.0,0.0,0,1,neutral,reliability,0.0,0
@myliferocks6098,0.0001144600504689246,0.0,0.0,0,1,positive,unknown,0.38465,2
@riandas8723,0.0001144600504689246,0.0,0.0,0,1,positive,job_displacement,0.4019,0
@mrapsouthern,0.0001144600504689246,0.0,0.0,0,1,positive,reliability,0.3612,0
@riaanmaree1132,0.0001144600504689246,0.0,0.0,0,1,positive,productivity,0.6249,0
@rhymetime-y2o,0.0001144600504689246,0.0,0.0,0,1,positive,reliability,0.4215,0
@myselfyuvi,0.0001144600504689246,0.0,0.0,0,1,neutral,job_displacement,0.0,0
@mystical_videos,0.0001144600504689246,0.0,0.0,0,1,neutral,unknown,0.0,0
@rhiangregorio,0.0001144600504689246,0.0,0.0,0,1,positive,job_displacement,0.8047,1
@mzak6820,0.0001144600504689246,0.0,0.0,0,1,positive,job_displacement,0.9918,2
@rezomegrelidze7748,0.0001144600504689246,0.0,0.0,0,1,negative,productivity,-0.6055,3
@muzamilabdallah6768,0.0001144600504689246,0.0,0.0,0,1,neutral,job_displacement,0.0,0
@mustafatorun8143,0.0001144600504689246,0.0,0.0,0,1,positive,productivity,0.3182,4
@musasanilamu2,0.0001144600504689246,0.0,0.0,0,1,neutral,unknown,0.0,4
@murmur9152,0.0001144600504689246,0.0,0.0,0,1,neutral,job_displacement,0.0,3
@mrbartuss1,0.0001144600504689246,0.0,0.0,0,1,positive,productivity,0.42926666666666663,0
@mrc7418,0.0001144600504689246,0.0,0.0,0,1,positive,productivity,0.7419,3
@mrcooper1654,0.0001144600504689246,0.0,0.0,0,1,positive,productivity,0.94055,0
@mrtongthl,0.0001144600504689246,0.0,0.0,0,1,neutral,job_displacement,0.0,0
@mrwebman2.0,0.0001144600504689246,0.0,0.0,0,1,positive,productivity,0.4939,0
@mryup6100,0.0001144600504689246,0.0,0.0,0,2,positive,job_displacement,0.3625333333333334,0
@ms-abbas,0.0001144600504689246,0.0,0.0,0,1,negative,job_displacement,-0.296,0
@mtvmousetelevision,0.0001144600504689246,0.0,0.0,0,2,negative,job_displacement,-0.31805,5
@mualchuan,0.0001144600504689246,0.0,0.0,0,1,positive,productivity,0.7732,1
@mudassirmoin8368,0.0001144600504689246,0.0,0.0,0,1,negative,job_displacement,-0.6908,47
@muizuvais,0.0001144600504689246,0.0,0.0,0,1,neutral,reliability,0.0,0
@mullerhi7895,0.0001144600504689246,0.0,0.0,0,1,neutral,reliability,0.0,1
@mumbakayoba3082,0.0001144600504689246,0.0,0.0,0,1,positive,productivity,0.4325333333333334,5
@ielz8657,0.0001144600504689246,0.0,0.0,0,1,neutral,productivity,0.0,1
@mundochad8671,0.0001144600504689246,0.0,0.0,0,1,positive,job_displacement,0.6369,4
@powervidsful,0.0001144600504689246,0.0,0.0,0,1,positive,cost,0.2023,1
@nathanharris7500,0.0001144600504689246,0.0,0.0,0,1,positive,reliability,0.48535,0
@navdissenyo,0.0001144600504689246,0.0,0.0,0,1,positive,productivity,0.5106,0
@onjsdev,0.0001144600504689246,0.0,0.0,0,5,positive,job_displacement,0.11717999999999999,3
@orsova9054,0.0001144600504689246,0.0,0.0,0,2,positive,reliability,0.77585,0
@orlandoortiz8739,0.0001144600504689246,0.0,0.0,0,1,positive,job_displacement,0.5853,5
@orionmusicnetwork1677,0.0001144600504689246,0.0,0.0,0,1,negative,job_displacement,-0.3804,0
@oregonxyz,0.0001144600504689246,0.0,0.0,0,1,neutral,productivity,0.04049999999999998,0
@oregongreen969,0.0001144600504689246,0.0,0.0,0,2,negative,job_displacement,-0.1468,2
@oranahh,0.0001144600504689246,0.0,0.0,0,1,positive,job_displacement,0.5994,1
@oooowl10,0.0001144600504689246,0.0,0.0,0,1,positive,job_displacement,0.28595,0
@onemorethompson,0.0001144600504689246,0.0,0.0,0,2,neutral,reliability,0.0,0
@okarin_00,0.0001144600504689246,0.0,0.0,0,1,positive,productivity,0.3612,0
@onemanorchestra7492,0.0001144600504689246,0.0,0.0,0,1,positive,productivity,0.2144,0
@oneasterisk4703,0.0001144600504689246,0.0,0.0,0,1,neutral,productivity,0.0,1
@one_step_sideways,0.0001144600504689246,0.0,0.0,0,1,negative,productivity,-0.581,0
@one4runner435,0.0001144600504689246,0.0,0.0,0,1,positive,job_displacement,0.9042,1
@omomer3506,0.0001144600504689246,0.0,0.0,0,1,neutral,job_displacement,0.0,5
@omaidkhan6398,0.0001144600504689246,0.0,0.0,0,1,neutral,job_displacement,0.0,3
@olschoolrider,0.0001144600504689246,0.0,0.0,0,1,neutral,job_displacement,0.0,1
@osamammursleen,0.0001144600504689246,0.0,0.0,0,1,positive,job_displacement,0.4404,0
@oszi7058,0.0001144600504689246,0.0,0.0,0,1,neutral,productivity,0.0,1
@overlordl2dev,0.0001144600504689246,0.0,0.0,0,3,positive,job_displacement,0.41859999999999997,5
@owenrossikeen,0.0001144600504689246,0.0,0.0,0,1,positive,productivity,0.5859,1
@passaroquetemasanaovoa,0.0001144600504689246,0.0,0.0,0,1,positive,job_displacement,0.6908,0
@parthsgamingarena,0.0001144600504689246,0.0,0.0,0,1,negative,cost,-0.5574,0
@parleybae4321,0.0001144600504689246,0.0,0.0,0,1,positive,productivity,0.3182,0
@nitishchauhan8113,0.0001144600504689246,0.0,0.0,0,1,positive,productivity,0.4404,5
@parasight,0.0001144600504689246,0.0,0.0,0,1,positive,cost,0.3291,0
@paralleluniverse99,0.0001144600504689246,0.0,0.0,0,1,positive,job_displacement,0.4404,0
@paradoxical5,0.0001144600504689246,0.0,0.0,0,1,negative,job_displacement,-0.1027,1
@paolosavino22,0.0001144600504689246,0.0,0.0,0,1,negative,productivity,-0.1477,0
@panutatpreechawuttidet4522,0.0001144600504689246,0.0,0.0,0,1,positive,productivity,0.4404,3
@panan7777,0.0001144600504689246,0.0,0.0,0,1,positive,job_displacement,0.6369,0
@paegun,0.0001144600504689246,0.0,0.0,0,1,neutral,job_displacement,0.0,1
@padmad3k63,0.0001144600504689246,0.0,0.0,0,1,negative,productivity,-0.6369,0
@pablo-1139,0.0001144600504689246,0.0,0.0,0,1,neutral,job_displacement,0.0,0
@pFlouw66,0.0001144600504689246,0.0,0.0,0,1,positive,productivity,0.2732,2
@owusukenneth1392,0.0001144600504689246,0.0,0.0,0,1,positive,productivity,0.624,0
@olcay.seygan,0.0001144600504689246,0.0,0.0,0,1,neutral,job_displacement,0.0,0
@oioi-yb9dw,0.0001144600504689246,0.0,0.0,0,1,positive,job_displacement,0.6369,4
@pooonni,0.0001144600504689246,0.0,0.0,0,1,negative,productivity,-0.5267,4
@novra-x,0.0001144600504689246,0.0,0.0,0,1,negative,cost,-0.296,1
@nobod_Yy,0.0001144600504689246,0.0,0.0,0,1,neutral,productivity,0.0,0
@nowhere_yt-l6g,0.0001144600504689246,0.0,0.0,0,1,positive,productivity,0.6369,0
@noedits5543,0.0001144600504689246,0.0,0.0,0,1,neutral,job_displacement,0.0,20
@nomadautodidact,0.0001144600504689246,0.0,0.0,0,1,positive,job_displacement,0.0516,0
@now_or_never_07,0.0001144600504689246,0.0,0.0,0,1,negative,cost,-0.26465,0
@noname-h6d,0.0001144600504689246,0.0,0.0,0,1,neutral,job_displacement,0.0,0
@nonethelessBuff,0.0001144600504689246,0.0,0.0,0,1,neutral,reliability,0.0,0
@norwegianzound,0.0001144600504689246,0.0,0.0,0,1,neutral,productivity,0.0,0
@ohwhatworld5851,0.0001144600504689246,0.0,0.0,0,1,neutral,job_displacement,0.0,0
@nova31337,0.0001144600504689246,0.0,0.0,0,1,positive,reliability,0.3612,0
@notactuallyarealperson2267,0.0001144600504689246,0.0,0.0,0,3,positive,job_displacement,0.17627142857142858,13
@notterboutuyer2781,0.0001144600504689246,0.0,0.0,0,1,negative,job_displacement,-0.34,2
@notafaan,0.0001144600504689246,0.0,0.0,0,1,neutral,productivity,-0.0258,1
@notan3144,0.0001144600504689246,0.0,0.0,0,1,positive,job_displacement,0.743,0
@notnotandrew,0.0001144600504689246,0.0,0.0,0,1,neutral,reliability,0.0,1
@notaregard,0.0001144600504689246,0.0,0.0,0,1,negative,job_displacement,-0.17,0
@noaxtl,0.0001144600504689246,0.0,0.0,0,1,positive,productivity,0.5267,0
@ns2304,0.0001144600504689246,0.0,0.0,0,1,negative,job_displacement,-0.1027,21
@noahz,0.0001144600504689246,0.0,0.0,0,1,neutral,productivity,0.0,0
@ntf81,0.0001144600504689246,0.0,0.0,0,1,neutral,productivity,0.0,0
@ogLogLogLogL,0.0001144600504689246,0.0,0.0,0,1,positive,job_displacement,0.41925,0
@offrocksdev,0.0001144600504689246,0.0,0.0,0,1,negative,productivity,-0.4767,142
@odumahojorma,0.0001144600504689246,0.0,0.0,0,2,positive,productivity,0.2892333333333333,8
@oblivionsmoke,0.0001144600504689246,0.0,0.0,0,1,negative,job_displacement,-0.7785,0
@oblivionnnn-y3v,0.0001144600504689246,0.0,0.0,0,1,neutral,unknown,0.0,0
@obikonik,0.0001144600504689246,0.0,0.0,0,1,positive,job_displacement,0.7856000000000001,6
@nyezinahsolomon,0.0001144600504689246,0.0,0.0,0,1,positive,unknown,0.7964,1
@nxkyt,0.0001144600504689246,0.0,0.0,0,1,positive,reliability,0.4019,0
@nuss5148,0.0001144600504689246,0.0,0.0,0,1,positive,job_displacement,0.4588,0
@nunyabisniz8047,0.0001144600504689246,0.0,0.0,0,1,positive,job_displacement,0.743,2
@nullstyle,0.0001144600504689246,0.0,0.0,0,1,positive,productivity,0.2273,0
@nuks84,0.0001144600504689246,0.0,0.0,0,1,negative,productivity,-0.20015,0
@ntseinfo3082,0.0001144600504689246,0.0,0.0,0,1,positive,reliability,0.2811,0
@nmead33,0.0001144600504689246,0.0,0.0,0,1,positive,reliability,0.3802,0
@nneisler,0.0001144600504689246,0.0,0.0,0,1,positive,productivity,0.1779,0
@paulbrumbair,0.0001144600504689246,0.0,0.0,0,1,positive,cost,0.431,3
@pauldandurandboots,0.0001144600504689246,0.0,0.0,0,1,neutral,reliability,0.0,0
@paulofernando78,0.0001144600504689246,0.0,0.0,0,1,neutral,job_displacement,0.0,0
@pinoyrunningpenguin,0.0001144600504689246,0.0,0.0,0,4,positive,job_displacement,0.14495,2
@neveriamcaesar,0.0001144600504689246,0.0,0.0,0,6,positive,job_displacement,0.16980000000000003,0
@plexus1942,0.0001144600504689246,0.0,0.0,0,1,positive,job_displacement,0.8704,2
@pleaseiwantmyphone,0.0001144600504689246,0.0,0.0,0,1,neutral,job_displacement,0.0258,0
@plaidchuck,0.0001144600504689246,0.0,0.0,0,1,neutral,productivity,0.0,0
@pizmO_O,0.0001144600504689246,0.0,0.0,0,1,positive,cost,0.6808,0
@piyushprajapati1870,0.0001144600504689246,0.0,0.0,0,1,negative,productivity,-0.7065,0
@piotrowicki,0.0001144600504689246,0.0,0.0,0,1,neutral,unknown,0.0,0
@newtmyutals,0.0001144600504689246,0.0,0.0,0,1,neutral,job_displacement,-0.0346,0
@nitinfps,0.0001144600504689246,0.0,0.0,0,1,positive,unknown,0.4033,0
@niaz-ulhaque6575,0.0001144600504689246,0.0,0.0,0,1,neutral,job_displacement,0.0,0
@pinkman4946,0.0001144600504689246,0.0,0.0,0,1,negative,productivity,-0.4822,0
@pillmuncher67,0.0001144600504689246,0.0,0.0,0,1,positive,job_displacement,0.659,0
@piie1996,0.0001144600504689246,0.0,0.0,0,1,positive,unknown,0.3982,0
@pieroiglesias946,0.0001144600504689246,0.0,0.0,0,1,positive,productivity,0.8562,0
@phylosophymusic4865,0.0001144600504689246,0.0,0.0,0,1,positive,productivity,0.5994,0
@phoenixtackle6586,0.0001144600504689246,0.0,0.0,0,1,neutral,reliability,0.0,0
@nethrakanike535,0.0001144600504689246,0.0,0.0,0,1,positive,job_displacement,0.8079,2
@nero1375,0.0001144600504689246,0.0,0.0,0,2,neutral,job_displacement,-0.0375,7
@plutopulp,0.0001144600504689246,0.0,0.0,0,1,positive,productivity,0.63,0
@pneumonoultramicroscopicsi4065,0.0001144600504689246,0.0,0.0,0,1,neutral,reliability,0.0,0
@nayebareinnocent3928,0.0001144600504689246,0.0,0.0,0,1,positive,productivity,0.296,0
@ndovukubwa,0.0001144600504689246,0.0,0.0,0,2,neutral,productivity,0.0,1
@pookiepats,0.0001144600504689246,0.0,0.0,0,1,negative,cost,-0.5103,0
@polybius9089,0.0001144600504689246,0.0,0.0,0,1,positive,productivity,0.7184,0
@nedames3328,0.0001144600504689246,0.0,0.0,0,1,positive,reliability,0.29635,7
@neenus,0.0001144600504689246,0.0,0.0,0,3,positive,reliability,0.21644000000000002,1
@polaris1985,0.0001144600504689246,0.0,0.0,0,1,positive,job_displacement,0.44989999999999997,0
@neil_from_future,0.0001144600504689246,0.0,0.0,0,1,neutral,cost,0.0,8
@neilfpv,0.0001144600504689246,0.0,0.0,0,1,positive,job_displacement,0.65245,0
@nein9420,0.0001144600504689246,0.0,0.0,0,1,positive,job_displacement,0.4404,2
@poisonza,0.0001144600504689246,0.0,0.0,0,1,negative,cost,-0.1027,2
@nelsonndahiro6115,0.0001144600504689246,0.0,0.0,0,1,negative,job_displacement,-0.2023,3
@nenemalo1941,0.0001144600504689246,0.0,0.0,0,1,negative,productivity,-0.43955,1
@neoenergy2929,0.0001144600504689246,0.0,0.0,0,1,positive,productivity,0.2545,0
@poisonvolkswagon9431,0.0001144600504689246,0.0,0.0,0,1,positive,productivity,0.4404,0
@phmelomorais,0.0001144600504689246,0.0,0.0,0,1,positive,unknown,0.4939,0
@pheonix4709,0.0001144600504689246,0.0,0.0,0,1,neutral,job_displacement,0.0139,0
@pgaaaagp,0.0001144600504689246,0.0,0.0,0,1,neutral,job_displacement,0.0,0
@niclas.lindstrom,0.0001144600504689246,0.0,0.0,0,1,positive,job_displacement,0.6249,0
@permiek,0.0001144600504689246,0.0,0.0,0,1,positive,job_displacement,0.3182,0
@perfectsplit5515,0.0001144600504689246,0.0,0.0,0,1,neutral,productivity,0.0,2
@nielagi5029,0.0001144600504689246,0.0,0.0,0,1,negative,job_displacement,-0.4215,1
@penguin-dev-bread,0.0001144600504689246,0.0,0.0,0,1,positive,productivity,0.296,0
@peeweeadventure,0.0001144600504689246,0.0,0.0,0,2,neutral,reliability,0.0,0
@nighteyes360,0.0001144600504689246,0.0,0.0,0,1,negative,job_displacement,-0.1513,0
@peacem8574,0.0001144600504689246,0.0,0.0,0,1,negative,job_displacement,-0.5334,1
@nikunj10201,0.0001144600504689246,0.0,0.0,0,1,neutral,job_displacement,0.0,2
@pc3t,0.0001144600504689246,0.0,0.0,0,1,positive,productivity,0.8176,2
@nin_mnb,0.0001144600504689246,0.0,0.0,0,1,neutral,job_displacement,0.0,1
@ninja11120,0.0001144600504689246,0.0,0.0,0,1,positive,job_displacement,0.4019,1
@nischenrob8139,0.0001144600504689246,0.0,0.0,0,1,neutral,reliability,0.0,0
@pavlovalor,0.0001144600504689246,0.0,0.0,0,1,positive,productivity,0.1032,0
@nitinbhatt3635,0.0001144600504689246,0.0,0.0,0,1,neutral,unknown,0.0,0
@paulrevere18,0.0001144600504689246,0.0,0.0,0,1,positive,productivity,0.46645,6
@nidal19,0.0001144600504689246,0.0,0.0,0,1,neutral,job_displacement,0.0,0
@nickwoodward819,0.0001144600504689246,0.0,0.0,0,1,neutral,productivity,0.002600000000000005,11
@pfabiszewski,0.0001144600504689246,0.0,0.0,0,1,positive,productivity,0.33146666666666663,0
@pete-ex7qt,0.0001144600504689246,0.0,0.0,0,1,negative,reliability,-0.4588,0
@pezcue937,0.0001144600504689246,0.0,0.0,0,1,positive,productivity,0.7239,0
@nibtreak5308,0.0001144600504689246,0.0,0.0,0,1,negative,job_displacement,-0.4337,2
@nick-esqueda,0.0001144600504689246,0.0,0.0,0,1,neutral,unknown,0.0,0
@nickallister,0.0001144600504689246,0.0,0.0,0,1,positive,productivity,0.1695,0
@nickbarton3191,0.0001144600504689246,0.0,0.0,0,1,positive,job_displacement,0.05900000000000002,9
@nickchapsas,0.0001144600504689246,0.0,0.0,0,8,positive,productivity,0.2291,5
@petterjonasson655,0.0001144600504689246,0.0,0.0,0,1,positive,reliability,0.3382,0
@petrsamec6856,0.0001144600504689246,0.0,0.0,0,1,negative,job_displacement,-0.08475,1
@petipois28,0.0001144600504689246,0.0,0.0,0,1,neutral,cost,0.0,4
@petewarner1077,0.0001144600504689246,0.0,0.0,0,1,negative,productivity,-0.4771,0
@petervan7372,0.0001144600504689246,0.0,0.0,0,1,neutral,job_displacement,0.0,0
@peteroswalt4240,0.0001144600504689246,0.0,0.0,0,1,negative,productivity,-0.2023,2
@peterlondon9453,0.0001144600504689246,0.0,0.0,0,1,positive,productivity,0.5256,1
@peterchudinov7227,0.0001144600504689246,0.0,0.0,0,1,positive,productivity,0.5023,0
@nickjaninja,0.0001144600504689246,0.0,0.0,0,1,neutral,unknown,0.0,1
@minhazhalim2097,0.0001144600504689246,0.0,0.0,0,1,neutral,unknown,0.0,0
@minecraftfan23446,0.0001144600504689246,0.0,0.0,0,1,neutral,unknown,0.0,2
@litjellyfish,0.0001144600504689246,0.0,0.0,0,4,positive,job_displacement,0.18342499999999998,0
@sirbraulcosmin7433,0.0001144600504689246,0.0,0.0,0,1,positive,job_displacement,0.5411,0
@marcelspatz,0.0001144600504689246,0.0,0.0,0,1,negative,productivity,-0.2873,0
@marcm3000,0.0001144600504689246,0.0,0.0,0,1,positive,job_displacement,0.8519,0
@sjaedn,0.0001144600504689246,0.0,0.0,0,1,negative,job_displacement,-0.3202,1
@marcogalo3631,0.0001144600504689246,0.0,0.0,0,1,negative,reliability,-0.4023,5
@sitefabservices,0.0001144600504689246,0.0,0.0,0,1,neutral,job_displacement,0.0,0
@marcusrosales3344,0.0001144600504689246,0.0,0.0,0,1,negative,job_displacement,-0.3895,0
@markm7411,0.0001144600504689246,0.0,0.0,0,1,positive,job_displacement,0.14265,3
@markonikolic4028,0.0001144600504689246,0.0,0.0,0,2,negative,productivity,-0.08895,2
@markwilliamsbrown9889,0.0001144600504689246,0.0,0.0,0,1,positive,cost,0.6297,0
@sirajulislam33621,0.0001144600504689246,0.0,0.0,0,1,positive,job_displacement,0.4404,0
@siomokof3425,0.0001144600504689246,0.0,0.0,0,1,negative,job_displacement,-0.34,2
@markp.8329,0.0001144600504689246,0.0,0.0,0,4,positive,productivity,0.782525,0
@silvacarl,0.0001144600504689246,0.0,0.0,0,1,negative,productivity,-0.08800000000000001,1
@siegergeeklabs,0.0001144600504689246,0.0,0.0,0,1,positive,job_displacement,0.6482,0
@side-room-21,0.0001144600504689246,0.0,0.0,0,1,positive,productivity,0.2023,0
@markpatrickmullen7905,0.0001144600504689246,0.0,0.0,0,1,negative,reliability,-0.1779,2
@marcellushan,0.0001144600504689246,0.0,0.0,0,1,neutral,productivity,0.0,0
@marcel_hoffman,0.0001144600504689246,0.0,0.0,0,1,positive,cost,0.6369,2
@maosamoelaabraham5012,0.0001144600504689246,0.0,0.0,0,1,positive,productivity,0.5106,2
@manuelrealmadrid,0.0001144600504689246,0.0,0.0,0,1,positive,unknown,0.4404,1
@smsalvador,0.0001144600504689246,0.0,0.0,0,1,positive,job_displacement,0.9403,0
@makingstuffinhere,0.0001144600504689246,0.0,0.0,0,1,positive,productivity,0.4019,0
@malenkrot,0.0001144600504689246,0.0,0.0,0,1,neutral,job_displacement,0.0,0
@malomalovids,0.0001144600504689246,0.0,0.0,0,1,positive,productivity,0.1531,0
@maloxi1472,0.0001144600504689246,0.0,0.0,0,3,neutral,job_displacement,0.0,1
@smrmnt,0.0001144600504689246,0.0,0.0,0,1,neutral,job_displacement,0.0,2
@slowtyper95,0.0001144600504689246,0.0,0.0,0,1,negative,productivity,-0.23835,0
@slothman7731,0.0001144600504689246,0.0,0.0,0,1,negative,productivity,-0.128,3
@skynet0811,0.0001144600504689246,0.0,0.0,0,1,positive,reliability,0.41355,6
@skylinecreations.1634,0.0001144600504689246,0.0,0.0,0,2,negative,productivity,-0.09225,1
@skrat1001,0.0001144600504689246,0.0,0.0,0,1,neutral,job_displacement,0.0,5
@manioommen871,0.0001144600504689246,0.0,0.0,0,1,positive,job_displacement,0.2508,0
@manorui100,0.0001144600504689246,0.0,0.0,0,1,negative,job_displacement,-0.57675,7
@manpar6103,0.0001144600504689246,0.0,0.0,0,1,positive,productivity,0.3612,1
@sjgghosh7677,0.0001144600504689246,0.0,0.0,0,1,positive,productivity,0.0516,1
@markpowell8325,0.0001144600504689246,0.0,0.0,0,1,positive,job_displacement,0.4019,3
@marq2729,0.0001144600504689246,0.0,0.0,0,1,neutral,reliability,0.0,0
@snaphaan5049,0.0001144600504689246,0.0,0.0,0,1,neutral,productivity,0.0,7
@sharkz-m,0.0001144600504689246,0.0,0.0,0,1,negative,job_displacement,-0.6705,0
@matthew3722,0.0001144600504689246,0.0,0.0,0,1,neutral,job_displacement,0.0,0
@shaswaths2802,0.0001144600504689246,0.0,0.0,0,2,positive,job_displacement,0.14365,2
@sharpieman2035,0.0001144600504689246,0.0,0.0,0,1,positive,job_displacement,0.7556,8
@matthewhatch9871,0.0001144600504689246,0.0,0.0,0,1,positive,unknown,0.1531,0
@matthiasbendewald1803,0.0001144600504689246,0.0,0.0,0,1,positive,reliability,0.7458499999999999,0
@sharmeenrizvi8145,0.0001144600504689246,0.0,0.0,0,1,positive,job_displacement,0.4648,0
@mattizzle81,0.0001144600504689246,0.0,0.0,0,1,positive,reliability,0.7096,4
@mattpalmer,0.0001144600504689246,0.0,0.0,0,5,positive,productivity,0.47058,2
@siddiquedeshmukh4554,0.0001144600504689246,0.0,0.0,0,1,positive,cost,0.5106,0
@sharificles,0.0001144600504689246,0.0,0.0,0,2,negative,job_displacement,-0.07715,1
@shard-workstation,0.0001144600504689246,0.0,0.0,0,1,neutral,reliability,0.0,2
@shanxutube,0.0001144600504689246,0.0,0.0,0,1,positive,productivity,0.8363,20
@shankarbirajdar7447,0.0001144600504689246,0.0,0.0,0,1,neutral,productivity,0.0,4
@shamseerahammed4094,0.0001144600504689246,0.0,0.0,0,2,positive,job_displacement,0.2757,0
@shamanthkumar5017,0.0001144600504689246,0.0,0.0,0,1,negative,reliability,-0.3818,0
@shadyworld1,0.0001144600504689246,0.0,0.0,0,2,positive,job_displacement,0.39115,5
@matteoceola7953,0.0001144600504689246,0.0,0.0,0,1,positive,job_displacement,0.5452,3
@shauncarr8093,0.0001144600504689246,0.0,0.0,0,1,positive,job_displacement,0.1806,5
@matoplayz2431,0.0001144600504689246,0.0,0.0,0,1,positive,productivity,0.9555,0
@shaunclarkson7131,0.0001144600504689246,0.0,0.0,0,1,positive,productivity,0.5768,0
@marshallgraphic,0.0001144600504689246,0.0,0.0,0,2,positive,productivity,0.443,1
@siddharthppawar,0.0001144600504689246,0.0,0.0,0,1,positive,cost,0.2543666666666667,1
@siddhantsrivastava5697,0.0001144600504689246,0.0,0.0,0,1,neutral,unknown,0.0,0
@martinikdavid,0.0001144600504689246,0.0,0.0,0,1,neutral,unknown,0.0,0
@sid98geek,0.0001144600504689246,0.0,0.0,0,1,neutral,productivity,0.0,0
@marwataha8943,0.0001144600504689246,0.0,0.0,0,1,positive,unknown,0.3612,0
@sid.h,0.0001144600504689246,0.0,0.0,0,1,positive,reliability,0.4404,5
@masterofalltrades_,0.0001144600504689246,0.0,0.0,0,1,positive,productivity,0.6124,0
@masteroogvvay,0.0001144600504689246,0.0,0.0,0,1,positive,job_displacement,0.128,0
@shopcia,0.0001144600504689246,0.0,0.0,0,1,neutral,job_displacement,0.0,1
@matfat55,0.0001144600504689246,0.0,0.0,0,1,positive,job_displacement,0.6808,0
@shivahaze9014,0.0001144600504689246,0.0,0.0,0,1,neutral,productivity,0.0,4
@shinpansen,0.0001144600504689246,0.0,0.0,0,1,positive,job_displacement,0.29415,6
@shawndeprey,0.0001144600504689246,0.0,0.0,0,1,positive,reliability,0.1655,0
@mathewmcfool,0.0001144600504689246,0.0,0.0,0,1,positive,cost,0.09663333333333333,0
@majorgear1021,0.0001144600504689246,0.0,0.0,0,1,positive,productivity,0.3176,0
@maji500,0.0001144600504689246,0.0,0.0,0,1,neutral,job_displacement,0.0,1
@mindspott,0.0001144600504689246,0.0,0.0,0,1,positive,productivity,0.8442,0
@squiggleturtle,0.0001144600504689246,0.0,0.0,0,1,negative,job_displacement,-0.7501,0
@lorenzolietti8864,0.0001144600504689246,0.0,0.0,0,1,positive,productivity,0.6369,0
@ssjcrafter8842,0.0001144600504689246,0.0,0.0,0,1,neutral,job_displacement,0.0,4
@luca1243,0.0001144600504689246,0.0,0.0,0,1,negative,job_displacement,-0.34,0
@lucasalley9008,0.0001144600504689246,0.0,0.0,0,2,positive,job_displacement,0.3063,1
@sriramannadurai9287,0.0001144600504689246,0.0,0.0,0,1,positive,job_displacement,0.4404,0
@srinathpadmanabhan,0.0001144600504689246,0.0,0.0,0,2,neutral,productivity,0.0,0
@sreekartammana,0.0001144600504689246,0.0,0.0,0,1,neutral,reliability,0.0,0
@spudholder,0.0001144600504689246,0.0,0.0,0,1,positive,job_displacement,0.9663,2
@soylentpink7845,0.0001144600504689246,0.0,0.0,0,1,positive,productivity,0.4215,0
@lucasew,0.0001144600504689246,0.0,0.0,0,2,positive,productivity,0.1636,0
@spin4team4096,0.0001144600504689246,0.0,0.0,0,1,positive,productivity,0.6901,6
@spider853,0.0001144600504689246,0.0,0.0,0,1,neutral,productivity,0.0,0
@spidaweb-u8f,0.0001144600504689246,0.0,0.0,0,1,negative,job_displacement,-0.3818,6
@lucasmarchiori2102,0.0001144600504689246,0.0,0.0,0,2,positive,cost,0.3238,0
@spazneria,0.0001144600504689246,0.0,0.0,0,1,positive,job_displacement,0.05879999999999999,24
@lucid-dreamz-z-z,0.0001144600504689246,0.0,0.0,0,1,negative,job_displacement,-0.8098,0
@lorentzdev123,0.0001144600504689246,0.0,0.0,0,1,negative,job_displacement,-0.5096,5
@lordememphis,0.0001144600504689246,0.0,0.0,0,1,positive,productivity,0.9446,1
@lonotalonota5779,0.0001144600504689246,0.0,0.0,0,1,negative,cost,-0.4927,0
@sskmusic4971,0.0001144600504689246,0.0,0.0,0,1,positive,job_displacement,0.5574,0
@stephen-ng,0.0001144600504689246,0.0,0.0,0,1,neutral,productivity,0.0,0
@stelarfox,0.0001144600504689246,0.0,0.0,0,1,negative,job_displacement,-0.3126333333333333,0
@steelydanfan321,0.0001144600504689246,0.0,0.0,0,1,negative,productivity,-0.4215,7
@steckmajster,0.0001144600504689246,0.0,0.0,0,1,positive,reliability,0.0516,0
@staticwhisperss,0.0001144600504689246,0.0,0.0,0,1,positive,job_displacement,0.4588,0
@lixiasong3459,0.0001144600504689246,0.0,0.0,0,1,positive,job_displacement,0.87615,1
@stat11,0.0001144600504689246,0.0,0.0,0,3,positive,productivity,0.3721666666666667,0
@stackit_5417,0.0001144600504689246,0.0,0.0,0,1,positive,productivity,0.7783,1
@llothar68,0.0001144600504689246,0.0,0.0,0,1,positive,job_displacement,0.2023,0
@lmn-npl,0.0001144600504689246,0.0,0.0,0,1,positive,productivity,0.6249,2
@loc5706,0.0001144600504689246,0.0,0.0,0,1,positive,productivity,0.3818,0
@ssuperant6537,0.0001144600504689246,0.0,0.0,0,1,positive,job_displacement,0.4215,0
@lokeshr9794,0.0001144600504689246,0.0,0.0,0,1,neutral,job_displacement,0.0,0
@longthien3754,0.0001144600504689246,0.0,0.0,0,1,negative,job_displacement,-0.38715,0
@ssspranto,0.0001144600504689246,0.0,0.0,0,1,positive,productivity,0.0772,0
@luffy-z4c,0.0001144600504689246,0.0,0.0,0,1,positive,unknown,0.7003,8
@luiggymacias5735,0.0001144600504689246,0.0,0.0,0,1,negative,cost,-0.6597,8
@sofianerealm,0.0001144600504689246,0.0,0.0,0,1,positive,job_displacement,0.57375,2
@magnetsec,0.0001144600504689246,0.0,0.0,0,1,positive,job_displacement,0.8218,2
@sonic55193,0.0001144600504689246,0.0,0.0,0,1,neutral,job_displacement,0.0,1
@sonabg,0.0001144600504689246,0.0,0.0,0,1,positive,productivity,0.3612,0
@madraven37,0.0001144600504689246,0.0,0.0,0,1,neutral,job_displacement,0.0,0
@magen6233,0.0001144600504689246,0.0,0.0,0,1,positive,productivity,0.6705,0
@magg1e,0.0001144600504689246,0.0,0.0,0,1,neutral,productivity,0.0,0
@magicsmoke0,0.0001144600504689246,0.0,0.0,0,2,positive,job_displacement,0.18430000000000002,4
@somewherefar6130,0.0001144600504689246,0.0,0.0,0,2,negative,reliability,-0.296,7
@someopinionateddude2039,0.0001144600504689246,0.0,0.0,0,1,positive,job_displacement,0.5267,0
@soupcup4069,0.0001144600504689246,0.0,0.0,0,2,positive,job_displacement,0.33785,1
@maintaininganonymity221,0.0001144600504689246,0.0,0.0,0,5,negative,job_displacement,-0.1977,5
@somenmaji7078,0.0001144600504689246,0.0,0.0,0,1,positive,job_displacement,0.17,1
@some84884,0.0001144600504689246,0.0,0.0,0,1,positive,productivity,0.9441,3
@solutionsquad,0.0001144600504689246,0.0,0.0,0,1,neutral,productivity,0.0,0
@notforbiddensteve,0.0001144600504689246,0.0,0.0,0,1,neutral,cost,0.0,1
@sohendo2211,0.0001144600504689246,0.0,0.0,0,1,negative,productivity,-0.7346,4
@softwarephil1709,0.0001144600504689246,0.0,0.0,0,1,neutral,productivity,0.0,1
@madhawapriyashantha3722,0.0001144600504689246,0.0,0.0,0,2,neutral,productivity,0.0,2
@mac_mcleod,0.0001144600504689246,0.0,0.0,0,1,positive,productivity,0.482375,0
@m4rcika,0.0001144600504689246,0.0,0.0,0,1,positive,productivity,0.2732,3
@sonuchiha1834,0.0001144600504689246,0.0,0.0,0,1,neutral,reliability,0.0,1
@luisa.m.mld.3857,0.0001144600504689246,0.0,0.0,0,1,negative,job_displacement,-0.4767,0
@soundscape26,0.0001144600504689246,0.0,0.0,0,2,neutral,productivity,0.0,2
@luisklepa,0.0001144600504689246,0.0,0.0,0,1,negative,reliability,-0.7906,0
@soultyson,0.0001144600504689246,0.0,0.0,0,1,neutral,job_displacement,0.0,0
@lukehebert6207,0.0001144600504689246,0.0,0.0,0,1,positive,reliability,0.4003,2
@lukenysilva7425,0.0001144600504689246,0.0,0.0,0,1,positive,job_displacement,0.2263,4
@lukestrat93,0.0001144600504689246,0.0,0.0,0,1,neutral,job_displacement,0.0,0
@lurkingmedal140uk7,0.0001144600504689246,0.0,0.0,0,1,positive,reliability,0.0772,0
@luxraider5384,0.0001144600504689246,0.0,0.0,0,1,neutral,productivity,0.0,3
@lypanov,0.0001144600504689246,0.0,0.0,0,1,negative,reliability,-0.4215,0
@soulsphere9242,0.0001144600504689246,0.0,0.0,0,1,positive,productivity,0.3397,0
@sortingbadge4123,0.0001144600504689246,0.0,0.0,0,1,negative,job_displacement,-0.4767,3
@lyrics_status_04,0.0001144600504689246,0.0,0.0,0,1,positive,unknown,0.732,0
@lzcats7431,0.0001144600504689246,0.0,0.0,0,1,positive,cost,0.64,1
@m4Nu2oo7,0.0001144600504689246,0.0,0.0,0,1,positive,reliability,0.5023,2
@shadowbits-x64,0.0001144600504689246,0.0,0.0,0,1,neutral,job_displacement,0.0,4
@maxfrischdev,0.0001144600504689246,0.0,0.0,0,1,positive,job_displacement,0.9118,0
@maximilian8864,0.0001144600504689246,0.0,0.0,0,2,positive,productivity,0.3394333333333333,0
@rudra7615,0.0001144600504689246,0.0,0.0,0,1,negative,reliability,-0.296,2
@ryder4553,0.0001144600504689246,0.0,0.0,0,1,positive,productivity,0.7841,0
@ryanjdev87,0.0001144600504689246,0.0,0.0,0,1,positive,productivity,0.2263,3
@ruu-iw5wuk9x,0.0001144600504689246,0.0,0.0,0,1,positive,job_displacement,0.4019,0
@rutvaydhami367,0.0001144600504689246,0.0,0.0,0,1,neutral,job_displacement,0.0,0
@rutambhagat4556,0.0001144600504689246,0.0,0.0,0,1,neutral,job_displacement,0.0,2
@russellmartinez9462,0.0001144600504689246,0.0,0.0,0,1,positive,productivity,0.4215,1
@ruigomes8,0.0001144600504689246,0.0,0.0,0,1,neutral,reliability,0.0,0
@rude_people_die_young,0.0001144600504689246,0.0,0.0,0,1,positive,productivity,0.3959,1
@rooney4231,0.0001144600504689246,0.0,0.0,0,1,positive,cost,0.5023,1
@ru2979,0.0001144600504689246,0.0,0.0,0,1,positive,productivity,0.43125,1
@rstell589,0.0001144600504689246,0.0,0.0,0,1,positive,job_displacement,0.5719,0
@rspy24,0.0001144600504689246,0.0,0.0,0,1,neutral,job_displacement,0.0,0
@royalewthcheez376,0.0001144600504689246,0.0,0.0,0,1,neutral,productivity,0.0,1
@rouleau36,0.0001144600504689246,0.0,0.0,0,1,positive,productivity,0.8411,0
@rothbardfreedom,0.0001144600504689246,0.0,0.0,0,1,positive,productivity,0.5994,3
@roshanv274,0.0001144600504689246,0.0,0.0,0,1,positive,productivity,0.9052,0
@rywmark,0.0001144600504689246,0.0,0.0,0,1,neutral,reliability,0.0,0
@s.p.n741,0.0001144600504689246,0.0,0.0,0,1,positive,job_displacement,0.7902,0
@s3renity1984,0.0001144600504689246,0.0,0.0,0,1,positive,cost,0.6597,2
@sLavoncheg,0.0001144600504689246,0.0,0.0,0,1,negative,productivity,-0.8834,5
@saltytango1337,0.0001144600504689246,0.0,0.0,0,1,positive,job_displacement,0.9212,0
@salmanzafar42,0.0001144600504689246,0.0,0.0,0,1,neutral,unknown,0.0,0
@salimren169,0.0001144600504689246,0.0,0.0,0,1,positive,productivity,0.4215,1
@saladien9987,0.0001144600504689246,0.0,0.0,0,1,neutral,productivity,0.0222,0
@sakthivel-tl6wb,0.0001144600504689246,0.0,0.0,0,1,positive,unknown,0.7184,0
@saitaro,0.0001144600504689246,0.0,0.0,0,1,positive,reliability,0.2732,0
@michaldivismusic,0.0001144600504689246,0.0,0.0,0,1,positive,reliability,0.5983,1
@sairam_kagitha,0.0001144600504689246,0.0,0.0,0,1,positive,job_displacement,0.7184,8
@sahoopradipta,0.0001144600504689246,0.0,0.0,0,1,positive,cost,0.0772,0
@sagarnarote9353,0.0001144600504689246,0.0,0.0,0,1,neutral,job_displacement,0.0,0
@mids5854,0.0001144600504689246,0.0,0.0,0,3,positive,productivity,0.2881,1
@sagaraiwale,0.0001144600504689246,0.0,0.0,0,1,neutral,job_displacement,0.0,10
@sachithjayalath9127,0.0001144600504689246,0.0,0.0,0,1,neutral,unknown,0.0,0
@sabrina_ramonov,0.0001144600504689246,0.0,0.0,0,22,positive,job_displacement,0.273436,69
@sabisho1,0.0001144600504689246,0.0,0.0,0,1,negative,productivity,-0.296,2
@rorzag,0.0001144600504689246,0.0,0.0,0,1,positive,reliability,0.7469,2
@ronyortizop,0.0001144600504689246,0.0,0.0,0,1,positive,job_displacement,0.8295,0
@shableep,0.0001144600504689246,0.0,0.0,0,2,positive,job_displacement,0.12195,3
@mik3lang3lo,0.0001144600504689246,0.0,0.0,0,2,neutral,productivity,0.0364,2
@rihamission487,0.0001144600504689246,0.0,0.0,0,1,neutral,productivity,0.0,1
@ricorodriguez2733,0.0001144600504689246,0.0,0.0,0,1,neutral,productivity,0.0,0
@rickymort135,0.0001144600504689246,0.0,0.0,0,1,neutral,productivity,0.0,0
@richrollin4867,0.0001144600504689246,0.0,0.0,0,1,positive,job_displacement,0.05658333333333334,3
@richardsimpson7766,0.0001144600504689246,0.0,0.0,0,1,neutral,productivity,0.0,3
@miezeken,0.0001144600504689246,0.0,0.0,0,1,negative,job_displacement,-0.25,1
@mightymovse,0.0001144600504689246,0.0,0.0,0,1,neutral,unknown,0.0,0
@mikeayersrealtor,0.0001144600504689246,0.0,0.0,0,1,positive,productivity,0.6705,0
@rojinnnnnnnnn,0.0001144600504689246,0.0,0.0,0,2,negative,productivity,-0.5704333333333333,1
@mikecoppa1,0.0001144600504689246,0.0,0.0,0,1,neutral,job_displacement,0.0,0
@mikewazowski3009,0.0001144600504689246,0.0,0.0,0,1,neutral,reliability,0.0,0
@mikiawm,0.0001144600504689246,0.0,0.0,0,1,positive,productivity,0.8196,2
@milomadeagame,0.0001144600504689246,0.0,0.0,0,1,positive,unknown,0.4404,0
@miloshayk1724,0.0001144600504689246,0.0,0.0,0,1,positive,job_displacement,0.8402,0
@miloskovacevic2245,0.0001144600504689246,0.0,0.0,0,2,positive,job_displacement,0.84105,2
@mindfulawesomeness6477,0.0001144600504689246,0.0,0.0,0,1,neutral,reliability,0.0,0
@riri91100,0.0001144600504689246,0.0,0.0,0,1,positive,job_displacement,0.7124,0
@riz_atx,0.0001144600504689246,0.0,0.0,0,1,positive,reliability,0.44593333333333335,1
@rjun152,0.0001144600504689246,0.0,0.0,0,1,negative,job_displacement,-0.4023,0
@rmbl349,0.0001144600504689246,0.0,0.0,0,1,neutral,productivity,0.0,1
@rohitmehra5008,0.0001144600504689246,0.0,0.0,0,1,negative,cost,-0.3612,2
@rohitgawande7596,0.0001144600504689246,0.0,0.0,0,1,positive,job_displacement,0.4019,0
@rohansengupta667,0.0001144600504689246,0.0,0.0,0,2,neutral,productivity,0.0,0
@rohanp8354,0.0001144600504689246,0.0,0.0,0,1,positive,productivity,0.7691,1
@roguel1ke,0.0001144600504689246,0.0,0.0,0,1,positive,productivity,0.7935,0
@rogerroan7583,0.0001144600504689246,0.0,0.0,0,1,neutral,unknown,0.0,0
@roger-bro-pi,0.0001144600504689246,0.0,0.0,0,1,positive,reliability,0.6801,4
@roeljonk9685,0.0001144600504689246,0.0,0.0,0,1,positive,unknown,0.9463333333333334,0
@robt6127,0.0001144600504689246,0.0,0.0,0,1,positive,job_displacement,0.8176,0
@roboticqa,0.0001144600504689246,0.0,0.0,0,4,positive,job_displacement,0.546725,0
@robosergTV,0.0001144600504689246,0.0,0.0,0,1,negative,productivity,-0.24695,6
@robmarshall9026,0.0001144600504689246,0.0,0.0,0,1,positive,job_displacement,0.3612,5
@roberthealey7238,0.0001144600504689246,0.0,0.0,0,1,positive,job_displacement,0.3307,0
@robertfernandez9135,0.0001144600504689246,0.0,0.0,0,1,neutral,job_displacement,0.0,0
@roamrcm,0.0001144600504689246,0.0,0.0,0,1,neutral,job_displacement,0.0,3
@samael2187,0.0001144600504689246,0.0,0.0,0,1,positive,productivity,0.2263,0
@samanmparsi,0.0001144600504689246,0.0,0.0,0,1,positive,job_displacement,0.8021499999999999,0
@samanthjain590,0.0001144600504689246,0.0,0.0,0,1,neutral,unknown,0.0,2
@seamusmoran4776,0.0001144600504689246,0.0,0.0,0,1,negative,productivity,-0.6486,0
@searchwikipediafallacy5567,0.0001144600504689246,0.0,0.0,0,1,positive,job_displacement,0.5118,2
@mcbeeeg,0.0001144600504689246,0.0,0.0,0,1,positive,job_displacement,0.3612,7
@seanromocki4110,0.0001144600504689246,0.0,0.0,0,1,positive,job_displacement,0.25985,10
@mcfnord,0.0001144600504689246,0.0,0.0,0,1,neutral,productivity,0.0,0
@seanolivas9148,0.0001144600504689246,0.0,0.0,0,1,neutral,cost,0.0,1
@mcgrey_,0.0001144600504689246,0.0,0.0,0,1,positive,job_displacement,0.49265,3
@seanknight9808,0.0001144600504689246,0.0,0.0,0,1,positive,productivity,0.6318,0
@scronx,0.0001144600504689246,0.0,0.0,0,1,neutral,reliability,0.02150000000000002,1
@sameera1995,0.0001144600504689246,0.0,0.0,0,1,positive,productivity,0.6908,0
@mdsaifulislam3671,0.0001144600504689246,0.0,0.0,0,1,neutral,cost,0.0,0
@scripted44,0.0001144600504689246,0.0,0.0,0,1,neutral,unknown,0.0,0
@mdumiseni_mnguni,0.0001144600504689246,0.0,0.0,0,1,positive,job_displacement,0.7269,0
@schrodingerscat1863,0.0001144600504689246,0.0,0.0,0,1,negative,productivity,-0.3612,1
@medical-informatics,0.0001144600504689246,0.0,0.0,0,1,positive,productivity,0.4404,4
@schechtere,0.0001144600504689246,0.0,0.0,0,1,neutral,productivity,0.0,0
@saxi384,0.0001144600504689246,0.0,0.0,0,2,neutral,reliability,0.0,0
@mbontoi,0.0001144600504689246,0.0,0.0,0,1,neutral,productivity,0.0,0
@sebastiancasal8589,0.0001144600504689246,0.0,0.0,0,4,positive,job_displacement,0.0947,10
@sedawk,0.0001144600504689246,0.0,0.0,0,1,negative,reliability,-0.7027,7
@mazzalnx,0.0001144600504689246,0.0,0.0,0,1,positive,reliability,0.5719,0
@maxron6514,0.0001144600504689246,0.0,0.0,0,1,neutral,job_displacement,0.0,2
@sgt.snowiee9195,0.0001144600504689246,0.0,0.0,0,1,negative,job_displacement,-0.31905,1
@maxusers,0.0001144600504689246,0.0,0.0,0,1,negative,cost,-0.17295,0
@maxxwellwalt,0.0001144600504689246,0.0,0.0,0,1,neutral,cost,0.0,0
@sevuszeld,0.0001144600504689246,0.0,0.0,0,1,neutral,productivity,0.013600000000000001,2
@seventyfive7597,0.0001144600504689246,0.0,0.0,0,1,positive,productivity,0.4588,0
@sethomotosho6393,0.0001144600504689246,0.0,0.0,0,1,positive,job_displacement,0.4215,0
@seriahbrahim337,0.0001144600504689246,0.0,0.0,0,1,positive,job_displacement,0.6412,6
@mayank-k6x2b,0.0001144600504689246,0.0,0.0,0,1,negative,job_displacement,-0.296,0
@sergenalishiwa9097,0.0001144600504689246,0.0,0.0,0,1,positive,productivity,0.5859,0
@mayurpipaliya1460,0.0001144600504689246,0.0,0.0,0,1,positive,unknown,0.6369,1
@seraphim-official-sh,0.0001144600504689246,0.0,0.0,0,1,neutral,job_displacement,0.0,0
@seppdaniel_,0.0001144600504689246,0.0,0.0,0,1,positive,cost,0.4404,0
@sentelmays1826,0.0001144600504689246,0.0,0.0,0,1,positive,unknown,0.4404,0
@selvaKumaresra,0.0001144600504689246,0.0,0.0,0,1,positive,job_displacement,0.5834,0
@satyaprakashpandey4040,0.0001144600504689246,0.0,0.0,0,1,positive,reliability,0.5106,0
@satthiru8133,0.0001144600504689246,0.0,0.0,0,1,positive,productivity,0.6771,0
@saroman_valar,0.0001144600504689246,0.0,0.0,0,1,negative,job_displacement,-0.10115,1
@samuelgeorge3823,0.0001144600504689246,0.0,0.0,0,1,positive,productivity,0.4019,1
@samueldavid495,0.0001144600504689246,0.0,0.0,0,1,neutral,reliability,0.0,0
@michael_azzer,0.0001144600504689246,0.0,0.0,0,1,positive,job_displacement,0.5106,1
@samuelasiedu9556,0.0001144600504689246,0.0,0.0,0,1,positive,productivity,0.9565,0
@michaelcooper1860,0.0001144600504689246,0.0,0.0,0,1,positive,productivity,0.4215,0
@michaelfinlan1538,0.0001144600504689246,0.0,0.0,0,2,neutral,productivity,0.0,0
@samuel_ahmed,0.0001144600504689246,0.0,0.0,0,1,positive,unknown,0.7637,0
@sams7619,0.0001144600504689246,0.0,0.0,0,1,negative,productivity,-0.4927,1
@michaeljones8942,0.0001144600504689246,0.0,0.0,0,1,positive,reliability,0.2732,1
@michaellamb134,0.0001144600504689246,0.0,0.0,0,1,negative,reliability,-0.2997,1
@michaelm3404,0.0001144600504689246,0.0,0.0,0,1,positive,productivity,0.4404,0
@michaelmackrell3283,0.0001144600504689246,0.0,0.0,0,1,positive,productivity,0.2732,0
@samruddhiMisale-o7o,0.0001144600504689246,0.0,0.0,0,1,positive,job_displacement,0.5106,0
@sammysamuelsammies,0.0001144600504689246,0.0,0.0,0,1,positive,reliability,0.5661,0
@samimm17,0.0001144600504689246,0.0,0.0,0,1,neutral,unknown,0.0,1
@samikheda,0.0001144600504689246,0.0,0.0,0,1,positive,productivity,0.0762,0
@mianaliasjad,0.0001144600504689246,0.0,0.0,0,1,neutral,unknown,0.0,2
@mhnoni,0.0001144600504689246,0.0,0.0,0,1,neutral,unknown,0.0,0
@megakilllll,0.0001144600504689246,0.0,0.0,0,1,positive,productivity,0.1935,1
@samuelpistis,0.0001144600504689246,0.0,0.0,0,1,positive,cost,0.4404,0
@meherabhossainraiyan,0.0001144600504689246,0.0,0.0,0,1,neutral,job_displacement,0.0,0
@sarojkumarpanda9617,0.0001144600504689246,0.0,0.0,0,1,positive,job_displacement,0.631,5
@melenalopez0531,0.0001144600504689246,0.0,0.0,0,1,neutral,job_displacement,0.0,0
@sardarsaqibkhan4911,0.0001144600504689246,0.0,0.0,0,1,neutral,job_displacement,0.0,0
@memebro3181,0.0001144600504689246,0.0,0.0,0,1,negative,productivity,-0.10565,1
@mercynik2019,0.0001144600504689246,0.0,0.0,0,1,positive,job_displacement,0.25,1
@saralkhetitech,0.0001144600504689246,0.0,0.0,0,1,neutral,unknown,0.0,1
@sankeerth1266,0.0001144600504689246,0.0,0.0,0,1,negative,cost,-0.2057,0
@mesambiancessonores,0.0001144600504689246,0.0,0.0,0,1,neutral,unknown,0.0,0
@sanjeevsethi6330,0.0001144600504689246,0.0,0.0,0,1,negative,productivity,-0.3182,0
@messengerministries2253,0.0001144600504689246,0.0,0.0,0,1,positive,job_displacement,0.6879,0
@method341,0.0001144600504689246,0.0,0.0,0,1,negative,cost,-0.4215,0
@sanjay_deoram,0.0001144600504689246,0.0,0.0,0,1,positive,reliability,0.4926,0
@sangeetguha51,0.0001144600504689246,0.0,0.0,0,1,positive,job_displacement,0.5994,0
@samvan7787,0.0001144600504689246,0.0,0.0,0,1,positive,reliability,0.8271,0
@ifeanyiom,0.0001144600504689246,0.0,0.0,0,1,positive,productivity,0.8955,14
,0.0001144600504689246,0.0,0.0,0,1,unknown,unknown,0.0,0
@ibrahimaltunnn3431,0.0001144600504689246,0.0,0.0,0,1,positive,unknown,0.7184,0
@LouaiAmrouche-iu9bc,0.0001144600504689246,0.0,0.0,0,1,positive,job_displacement,0.6251,2
@Luggruff,0.0001144600504689246,0.0,0.0,0,1,positive,productivity,0.3506,2
@LuisMontes,0.0001144600504689246,0.0,0.0,0,1,positive,job_displacement,0.6124,0
@LuisSierra42,0.0001144600504689246,0.0,0.0,0,1,positive,job_displacement,0.24305000000000002,0
@Lukas_H-z1x,0.0001144600504689246,0.0,0.0,0,1,positive,productivity,0.47755000000000003,1
@Luzivog,0.0001144600504689246,0.0,0.0,0,1,negative,cost,-0.11315,0
@Lwizzle90,0.0001144600504689246,0.0,0.0,0,1,positive,job_displacement,0.5106,0
@Lydelith,0.0001144600504689246,0.0,0.0,0,1,positive,productivity,0.37345,0
@M23Trades,0.0001144600504689246,0.0,0.0,0,1,positive,productivity,0.1251,38
@MARKOTHEDEV,0.0001144600504689246,0.0,0.0,0,1,negative,job_displacement,-0.1027,2
@MC_Alaba,0.0001144600504689246,0.0,0.0,0,3,positive,productivity,0.3717,2
@MENISH489,0.0001144600504689246,0.0,0.0,0,1,neutral,productivity,0.0,1
@MFG2738,0.0001144600504689246,0.0,0.0,0,1,neutral,job_displacement,0.0,10
@MGILL02,0.0001144600504689246,0.0,0.0,0,1,positive,reliability,0.7717,0
@MHBlackAce,0.0001144600504689246,0.0,0.0,0,1,positive,job_displacement,0.7506,0
@MHaugum,0.0001144600504689246,0.0,0.0,0,1,positive,productivity,0.5588,0
@MITSMR,0.0001144600504689246,0.0,0.0,0,1,positive,productivity,0.6834,0
@MJLeeee,0.0001144600504689246,0.0,0.0,0,1,neutral,reliability,0.0,13
@MKELIVE,0.0001144600504689246,0.0,0.0,0,1,positive,job_displacement,0.05206666666666667,1
@MMB3245,0.0001144600504689246,0.0,0.0,0,1,positive,job_displacement,0.0516,90
@MOTIVATIONWORLDWIDE28,0.0001144600504689246,0.0,0.0,0,1,positive,reliability,0.6369,6
@MOVIMIENTOFUNCIONAL,0.0001144600504689246,0.0,0.0,0,1,neutral,reliability,0.0,0
@MRJBPU,0.0001144600504689246,0.0,0.0,0,1,negative,productivity,-0.2732,0
@Ma1ne2,0.0001144600504689246,0.0,0.0,0,1,positive,productivity,0.6808,0
@MachinedInWood,0.0001144600504689246,0.0,0.0,0,1,positive,job_displacement,0.25,10
@Mackcolak-xf5bk,0.0001144600504689246,0.0,0.0,0,1,neutral,job_displacement,0.0,18
@LoveYaJSR,0.0001144600504689246,0.0,0.0,0,1,negative,cost,-0.3182,5
@Lottodds,0.0001144600504689246,0.0,0.0,0,1,positive,job_displacement,0.31066,3
@Laowater,0.0001144600504689246,0.0,0.0,0,1,neutral,reliability,0.0,1
@LopezAlberto-t3b,0.0001144600504689246,0.0,0.0,0,1,positive,productivity,0.3182,0
@LathamFell,0.0001144600504689246,0.0,0.0,0,1,neutral,cost,0.0,0
@LaurelS-33,0.0001144600504689246,0.0,0.0,0,1,negative,job_displacement,-0.3544,0
@LazeX7,0.0001144600504689246,0.0,0.0,0,1,positive,job_displacement,0.4574,0
@LearnWithSaiEnglish,0.0001144600504689246,0.0,0.0,0,1,neutral,job_displacement,0.0,0
@LeatheryTendons,0.0001144600504689246,0.0,0.0,0,1,neutral,productivity,0.0,0
@LebJamal23,0.0001144600504689246,0.0,0.0,0,1,neutral,job_displacement,0.0,1
@LeoCardinale,0.0001144600504689246,0.0,0.0,0,1,positive,productivity,0.8074,0
@LeoVS44,0.0001144600504689246,0.0,0.0,0,1,neutral,reliability,-0.0258,2
@LeonardTyson,0.0001144600504689246,0.0,0.0,0,1,neutral,job_displacement,0.0,0
@LexGonSep,0.0001144600504689246,0.0,0.0,0,1,positive,productivity,0.1909,3
@LexiumHub,0.0001144600504689246,0.0,0.0,0,1,positive,job_displacement,0.5106,0
@LifeInspirations197,0.0001144600504689246,0.0,0.0,0,1,positive,reliability,0.6239,0
@Life_withAnkit,0.0001144600504689246,0.0,0.0,0,1,positive,job_displacement,0.8777,0
@LifeofTariq,0.0001144600504689246,0.0,0.0,0,1,neutral,reliability,0.0,0
@LightAndShadow90,0.0001144600504689246,0.0,0.0,0,1,positive,unknown,0.3612,0
@LinkS-d4i,0.0001144600504689246,0.0,0.0,0,1,neutral,productivity,0.0,0
@Linxflasher,0.0001144600504689246,0.0,0.0,0,1,positive,productivity,0.9263,0
@LittleManBigWorld-r1x,0.0001144600504689246,0.0,0.0,0,1,positive,reliability,0.2732,0
@LittleSimp1967,0.0001144600504689246,0.0,0.0,0,2,positive,productivity,0.4593,1
@LivingChad,0.0001144600504689246,0.0,0.0,0,1,neutral,productivity,0.0,0
@LivingLinux,0.0001144600504689246,0.0,0.0,0,1,negative,job_displacement,-0.5027,0
@LoCoMoTioNXs,0.0001144600504689246,0.0,0.0,0,1,neutral,cost,0.0,0
@LoLEsportsCenter,0.0001144600504689246,0.0,0.0,0,1,negative,cost,-0.1531,0
@LocutionJulia,0.0001144600504689246,0.0,0.0,0,1,neutral,unknown,0.0,1
@LogysSpace,0.0001144600504689246,0.0,0.0,0,1,positive,productivity,0.296,10
@MaiHuSantra,0.0001144600504689246,0.0,0.0,0,1,positive,productivity,0.0772,1
@MajiDreamer-pe6tg,0.0001144600504689246,0.0,0.0,0,1,positive,productivity,0.3182,0
@MakunaHatata-d3m,0.0001144600504689246,0.0,0.0,0,1,neutral,reliability,0.0,1
@Mandragara,0.0001144600504689246,0.0,0.0,0,1,positive,job_displacement,0.0744,0
@MickaelCoulibalyter,0.0001144600504689246,0.0,0.0,0,1,neutral,unknown,0.0,0
@MikeSachs-t3b,0.0001144600504689246,0.0,0.0,0,1,positive,productivity,0.56915,0
@MillieMeijers,0.0001144600504689246,0.0,0.0,0,1,positive,productivity,0.7264,0
@MindGlitches404,0.0001144600504689246,0.0,0.0,0,1,neutral,job_displacement,-0.0441,1
@MindWarriorDaily,0.0001144600504689246,0.0,0.0,0,1,neutral,job_displacement,0.0,0
@Mindtrash_,0.0001144600504689246,0.0,0.0,0,1,positive,job_displacement,0.7603,0
@Mister_Morise,0.0001144600504689246,0.0,0.0,0,1,negative,productivity,-0.1887,1
@Mkvkuv,0.0001144600504689246,0.0,0.0,0,2,positive,reliability,0.34885,0
@ModernSoftwareEngineeringYT,0.0001144600504689246,0.0,0.0,0,1,positive,productivity,0.82545,6
@MohitChawla-br8rs,0.0001144600504689246,0.0,0.0,0,1,neutral,unknown,0.0,0
@MohsanAli-bq5ld,0.0001144600504689246,0.0,0.0,0,1,positive,productivity,0.60505,1
@Momo-nosuga,0.0001144600504689246,0.0,0.0,0,1,positive,unknown,0.4404,0
@MomoTrader809,0.0001144600504689246,0.0,0.0,0,1,negative,productivity,-0.08895,5
@Monkeyrides123,0.0001144600504689246,0.0,0.0,0,1,neutral,productivity,0.0,0
@Mono_small_soul,0.0001144600504689246,0.0,0.0,0,1,neutral,job_displacement,0.0,0
@Mooses09-q3f,0.0001144600504689246,0.0,0.0,0,1,neutral,job_displacement,0.0,0
@Mosethyoth,0.0001144600504689246,0.0,0.0,0,1,positive,job_displacement,0.2023,0
@MotoMatsalleh,0.0001144600504689246,0.0,0.0,0,1,positive,job_displacement,0.05505000000000004,0
@Mr.Mister96,0.0001144600504689246,0.0,0.0,0,1,positive,reliability,0.5106,4
@Mr.Samodien,0.0001144600504689246,0.0,0.0,0,1,positive,productivity,0.9585,0
@MrAsteba,0.0001144600504689246,0.0,0.0,0,1,neutral,reliability,0.0,0
@MrCatFromOuterSpace,0.0001144600504689246,0.0,0.0,0,1,positive,productivity,0.5423,0
@MrColeHawk,0.0001144600504689246,0.0,0.0,0,1,positive,productivity,0.4939,2
@MrCyberGuy,0.0001144600504689246,0.0,0.0,0,3,negative,job_displacement,-0.1316,1
@MrHeavyRunner,0.0001144600504689246,0.0,0.0,0,1,neutral,reliability,0.0,0
@MetaMorphosis3D,0.0001144600504689246,0.0,0.0,0,1,positive,productivity,0.92435,7
@MenosProblemos,0.0001144600504689246,0.0,0.0,0,1,positive,productivity,0.1902,1
@MeetTiwoeeM,0.0001144600504689246,0.0,0.0,0,1,negative,productivity,-0.7351,5
@MarriedWithBackpacks,0.0001144600504689246,0.0,0.0,0,1,positive,reliability,0.4215,5
@Mangosii,0.0001144600504689246,0.0,0.0,0,1,positive,reliability,0.3612,1
@Manh7861,0.0001144600504689246,0.0,0.0,0,1,positive,reliability,0.4215,0
@ManishKumarSingh-d9g,0.0001144600504689246,0.0,0.0,0,1,positive,productivity,0.5859,1
@MannieLyticsDSA,0.0001144600504689246,0.0,0.0,0,1,positive,job_displacement,0.64615,2
@ManojKumarmamtha,0.0001144600504689246,0.0,0.0,0,1,positive,reliability,0.4215,0
@MarcoGähler,0.0001144600504689246,0.0,0.0,0,1,positive,reliability,0.61015,0
@MarinaWyssAI,0.0001144600504689246,0.0,0.0,0,1,neutral,reliability,0.0,0
@MariuszAdach,0.0001144600504689246,0.0,0.0,0,1,positive,job_displacement,0.6808,0
@MarkJSzymanski,0.0001144600504689246,0.0,0.0,0,1,neutral,unknown,0.0,0
@MarkTrombonee,0.0001144600504689246,0.0,0.0,0,1,positive,job_displacement,0.7501,0
@Markus-iq4sm,0.0001144600504689246,0.0,0.0,0,2,positive,productivity,0.262775,0
@MartinPuedes,0.0001144600504689246,0.0,0.0,0,1,neutral,productivity,0.0,0
@MeesvanPuijenbroek,0.0001144600504689246,0.0,0.0,0,1,negative,productivity,-0.1779,0
@MartyJNW3.14,0.0001144600504689246,0.0,0.0,0,1,positive,unknown,0.6239,8
@MaryimAlfaro,0.0001144600504689246,0.0,0.0,0,1,positive,job_displacement,0.2401,0
@Mathew-Maged,0.0001144600504689246,0.0,0.0,0,1,neutral,reliability,0.0,0
@MathyasB,0.0001144600504689246,0.0,0.0,0,1,negative,reliability,-0.5343,0
@Matthewcostello69,0.0001144600504689246,0.0,0.0,0,1,positive,job_displacement,0.296,0
@MaurkezBeats,0.0001144600504689246,0.0,0.0,0,1,positive,job_displacement,0.296,1
@MaxWeir,0.0001144600504689246,0.0,0.0,0,1,neutral,reliability,0.0,2
@McSlobo,0.0001144600504689246,0.0,0.0,0,1,negative,productivity,-0.1727,1
@McxgamecasterYT,0.0001144600504689246,0.0,0.0,0,1,positive,productivity,0.3182,4
@MedicoVisual,0.0001144600504689246,0.0,0.0,0,1,negative,cost,-0.3035666666666667,5
@Meeps42069,0.0001144600504689246,0.0,0.0,0,1,positive,productivity,0.9774,1
@LateNightRewrites,0.0001144600504689246,0.0,0.0,0,1,neutral,cost,0.0,0
@Laminar-Flow,0.0001144600504689246,0.0,0.0,0,1,neutral,reliability,0.0,0
@MrHuntervad,0.0001144600504689246,0.0,0.0,0,1,negative,productivity,-0.1732,0
@JasmeetNarula-x2l,0.0001144600504689246,0.0,0.0,0,1,positive,job_displacement,0.6249,0
@JaspreetGrover108,0.0001144600504689246,0.0,0.0,0,1,positive,productivity,0.4404,0
@JassSk,0.0001144600504689246,0.0,0.0,0,2,positive,job_displacement,0.48324999999999996,0
@Jav202x,0.0001144600504689246,0.0,0.0,0,1,neutral,unknown,0.0,0
@Javier-qk7ms,0.0001144600504689246,0.0,0.0,0,1,positive,job_displacement,0.5499,0
@JayKennedy-vr5ej,0.0001144600504689246,0.0,0.0,0,2,positive,productivity,0.4477,8
@JaysNotebook,0.0001144600504689246,0.0,0.0,0,2,negative,productivity,-0.3005,10
@Jeff-h6m,0.0001144600504689246,0.0,0.0,0,1,neutral,productivity,0.0,1
@Jenkkimie,0.0001144600504689246,0.0,0.0,0,1,positive,job_displacement,0.7003,0
@JeremiahHector,0.0001144600504689246,0.0,0.0,0,1,neutral,unknown,0.0,0
@JesusPlsSaveMe,0.0001144600504689246,0.0,0.0,0,1,negative,job_displacement,-0.7572,0
@JetFire9,0.0001144600504689246,0.0,0.0,0,1,negative,job_displacement,-0.8687,1
@Joaquin-mp8ub,0.0001144600504689246,0.0,0.0,0,1,negative,job_displacement,-0.1655,3
@JohnGodwin777,0.0001144600504689246,0.0,0.0,0,1,positive,job_displacement,0.5095,0
@JohnGooch-e3t,0.0001144600504689246,0.0,0.0,0,1,negative,productivity,-0.26275,0
@JohnKimLife,0.0001144600504689246,0.0,0.0,0,40,positive,job_displacement,0.332674358974359,12
@JohnSmith-he5xg,0.0001144600504689246,0.0,0.0,0,1,positive,productivity,0.5719,1
@JohnSmith-zl8rz,0.0001144600504689246,0.0,0.0,0,1,neutral,job_displacement,0.0,0
@JohnSmith762A11B,0.0001144600504689246,0.0,0.0,0,4,positive,productivity,0.059779999999999986,6
@JohnVanSickle-v3c,0.0001144600504689246,0.0,0.0,0,1,positive,job_displacement,0.36874999999999997,1
@JohnVanderbeck,0.0001144600504689246,0.0,0.0,0,3,positive,job_displacement,0.166275,10
@JohnyJediJr,0.0001144600504689246,0.0,0.0,0,1,neutral,reliability,0.0,0
@JonLam.Builds,0.0001144600504689246,0.0,0.0,0,1,positive,productivity,0.8591,2
@JonasDemply,0.0001144600504689246,0.0,0.0,0,1,neutral,job_displacement,0.0,0
@JonathanArcher100,0.0001144600504689246,0.0,0.0,0,1,positive,productivity,0.06353333333333333,3
@JonathanBylos,0.0001144600504689246,0.0,0.0,0,1,positive,productivity,0.8157,0
@JasonLayton,0.0001144600504689246,0.0,0.0,0,1,positive,reliability,0.63925,1
@Jashnaldo155,0.0001144600504689246,0.0,0.0,0,1,positive,job_displacement,0.29295,1
@LakeJet-i3s,0.0001144600504689246,0.0,0.0,0,2,positive,productivity,0.1366,3
@JarveeProVPS,0.0001144600504689246,0.0,0.0,0,1,positive,job_displacement,0.4767,0
@Ironman-96,0.0001144600504689246,0.0,0.0,0,1,positive,job_displacement,0.4939,0
@Irradia2.0,0.0001144600504689246,0.0,0.0,0,2,positive,reliability,0.36819999999999997,1
@IsmailOlaiwon,0.0001144600504689246,0.0,0.0,0,1,neutral,productivity,0.0,0
@ItSamiraclelol,0.0001144600504689246,0.0,0.0,0,1,negative,reliability,-0.3405,5
@Its_Ari02,0.0001144600504689246,0.0,0.0,0,1,negative,productivity,-0.296,0
@Itsuu.,0.0001144600504689246,0.0,0.0,0,1,negative,job_displacement,-0.3182,0
@IvoPavlik,0.0001144600504689246,0.0,0.0,0,2,positive,reliability,0.2294,2
@J1Jordy,0.0001144600504689246,0.0,0.0,0,1,positive,job_displacement,0.7417666666666666,0
@JA-gz6cj,0.0001144600504689246,0.0,0.0,0,1,neutral,job_displacement,0.0,8
@JG-vn7ys,0.0001144600504689246,0.0,0.0,0,1,positive,productivity,0.1531,4
@JJGlyph,0.0001144600504689246,0.0,0.0,0,2,positive,job_displacement,0.3548,1
@JKCOfficial08,0.0001144600504689246,0.0,0.0,0,1,positive,reliability,0.2732,0
@J_Machine,0.0001144600504689246,0.0,0.0,0,1,positive,job_displacement,0.52785,0
@JackSimpsonJBS,0.0001144600504689246,0.0,0.0,0,1,positive,productivity,0.7178,0
@JacksonATrade,0.0001144600504689246,0.0,0.0,0,1,positive,productivity,0.8176,2
@JackyPup,0.0001144600504689246,0.0,0.0,0,1,negative,productivity,-0.1157,0
@JacobIsNotaToad,0.0001144600504689246,0.0,0.0,0,1,positive,productivity,0.4215,17
@Jacqueline_Schklar,0.0001144600504689246,0.0,0.0,0,1,positive,job_displacement,0.6992,0
@Jadestonk,0.0001144600504689246,0.0,0.0,0,2,neutral,job_displacement,0.0,0
@Jall0-l7z,0.0001144600504689246,0.0,0.0,0,1,neutral,cost,0.0,2
@JamesJohnson-q9m,0.0001144600504689246,0.0,0.0,0,1,positive,job_displacement,0.5106,10
@JamesMontemagno,0.0001144600504689246,0.0,0.0,0,13,positive,reliability,0.38679230769230766,13
@Jamesrdc,0.0001144600504689246,0.0,0.0,0,1,negative,productivity,-0.2263,7
@Janumanito,0.0001144600504689246,0.0,0.0,0,1,neutral,reliability,0.0,0
@JarredJeffBandongTaedo,0.0001144600504689246,0.0,0.0,0,1,positive,unknown,0.504,1
@JonitoFischer,0.0001144600504689246,0.0,0.0,0,1,negative,productivity,-0.2553,0
@Jorge.Moreira,0.0001144600504689246,0.0,0.0,0,1,positive,job_displacement,0.4019,1
@JoshuaCherwinski,0.0001144600504689246,0.0,0.0,0,1,positive,job_displacement,0.7717,6
@JoshuaCollins,0.0001144600504689246,0.0,0.0,0,1,positive,reliability,0.4019,0
@KeaKou,0.0001144600504689246,0.0,0.0,0,1,negative,reliability,-0.1027,5
@KeelanJon,0.0001144600504689246,0.0,0.0,0,1,negative,productivity,-0.296,0
@KelvinA.Cuellar,0.0001144600504689246,0.0,0.0,0,1,positive,productivity,0.6808,1
@KelvinMadeIt,0.0001144600504689246,0.0,0.0,0,1,negative,productivity,-0.0516,3
@KenW418,0.0001144600504689246,0.0,0.0,0,1,neutral,unknown,0.0,0
@KennyTheKonnect,0.0001144600504689246,0.0,0.0,0,1,positive,unknown,0.8856,0
@Kerpeles,0.0001144600504689246,0.0,0.0,0,1,positive,unknown,0.3612,0
@Kestrel1971,0.0001144600504689246,0.0,0.0,0,1,negative,job_displacement,-0.8594,0
@KevinStratvert,0.0001144600504689246,0.0,0.0,0,1,positive,reliability,0.76505,25
@KiRiTO72987,0.0001144600504689246,0.0,0.0,0,1,positive,cost,0.6369,0
@Kimdimasan,0.0001144600504689246,0.0,0.0,0,1,negative,productivity,-0.064,5
@KkUNIVERSE-f6y,0.0001144600504689246,0.0,0.0,0,1,neutral,reliability,0.0,3
@KodeDawg,0.0001144600504689246,0.0,0.0,0,1,neutral,job_displacement,0.0,6
@Kodexzy,0.0001144600504689246,0.0,0.0,0,1,neutral,productivity,0.0,0
@KonradTamas,0.0001144600504689246,0.0,0.0,0,1,positive,productivity,0.934,2
@Krasig4605,0.0001144600504689246,0.0,0.0,0,1,positive,job_displacement,0.4019,0
@KrishanDissanayake,0.0001144600504689246,0.0,0.0,0,1,positive,productivity,0.3612,0
@Krucezam,0.0001144600504689246,0.0,0.0,0,1,neutral,productivity,0.0,0
@Kumar_honey,0.0001144600504689246,0.0,0.0,0,1,neutral,job_displacement,0.0,0
@Kundromrd,0.0001144600504689246,0.0,0.0,0,1,negative,productivity,-0.1027,2
@Kurious_George,0.0001144600504689246,0.0,0.0,0,1,negative,job_displacement,-0.5719,0
@KyleCookWDS,0.0001144600504689246,0.0,0.0,0,1,positive,job_displacement,0.5859,1
@LM-xz1rc,0.0001144600504689246,0.0,0.0,0,1,neutral,unknown,0.0,0
@LOLLOF90,0.0001144600504689246,0.0,0.0,0,1,positive,productivity,0.902,1
@LahceneBelbachir,0.0001144600504689246,0.0,0.0,0,1,positive,reliability,0.34,2
@Kaņepe-c9w,0.0001144600504689246,0.0,0.0,0,1,neutral,productivity,0.0,0
@Kayzewolf,0.0001144600504689246,0.0,0.0,0,1,positive,job_displacement,0.4215,1
@KaushalkishoreMishra-n3x,0.0001144600504689246,0.0,0.0,0,1,positive,productivity,0.1531,0
@Jzcmnbk,0.0001144600504689246,0.0,0.0,0,1,negative,job_displacement,-0.16513333333333335,0
@JoshuaSofoluwe,0.0001144600504689246,0.0,0.0,0,1,positive,job_displacement,0.9523,4
@JuanCoto-l8y,0.0001144600504689246,0.0,0.0,0,1,neutral,unknown,0.0,0
@JulianCurrie,0.0001144600504689246,0.0,0.0,0,3,positive,productivity,0.5093666666666666,1
@JumpstarOfficial,0.0001144600504689246,0.0,0.0,0,2,negative,job_displacement,-0.15573333333333333,4
@Junkyard_Cybertruck,0.0001144600504689246,0.0,0.0,0,1,negative,productivity,-0.3432,0
@JustFeral,0.0001144600504689246,0.0,0.0,0,1,positive,productivity,0.296,1
@JustJasnov,0.0001144600504689246,0.0,0.0,0,10,positive,productivity,0.1970214285714286,0
@Justashortcomment,0.0001144600504689246,0.0,0.0,0,1,positive,productivity,0.4404,2
@JusticePeaceLoveHarmony,0.0001144600504689246,0.0,0.0,0,2,negative,job_displacement,-0.5499,0
@JustsittingHR,0.0001144600504689246,0.0,0.0,0,1,neutral,productivity,0.0,0
@Jxst-Mhdx,0.0001144600504689246,0.0,0.0,0,1,positive,productivity,0.2263,0
@K-S1AR_F1N,0.0001144600504689246,0.0,0.0,0,1,neutral,job_displacement,0.0,1
@Katze-41,0.0001144600504689246,0.0,0.0,0,1,negative,productivity,-0.2732,0
@K3dev,0.0001144600504689246,0.0,0.0,0,1,positive,productivity,0.4019,2
@K3rbalSpace,0.0001144600504689246,0.0,0.0,0,1,negative,job_displacement,-0.4798,0
@KBTheCoder,0.0001144600504689246,0.0,0.0,0,1,neutral,cost,0.0,3
@KIVEEBrands,0.0001144600504689246,0.0,0.0,0,1,positive,job_displacement,0.7721,0
@KN38277,0.0001144600504689246,0.0,0.0,0,1,neutral,productivity,0.0,0
@KR-nh4qw,0.0001144600504689246,0.0,0.0,0,1,negative,job_displacement,-0.296,3
@Kabodanki,0.0001144600504689246,0.0,0.0,0,1,negative,productivity,-0.6124,0
@KalleWurst,0.0001144600504689246,0.0,0.0,0,1,positive,job_displacement,0.4019,1
@Kamala-q2g,0.0001144600504689246,0.0,0.0,0,1,positive,job_displacement,0.6597,2
@KapitalCityBlog,0.0001144600504689246,0.0,0.0,0,1,positive,productivity,0.2732,0
@KartavyaSingh-o2d,0.0001144600504689246,0.0,0.0,0,1,negative,productivity,-0.296,1
@MrHerbalite,0.0001144600504689246,0.0,0.0,0,1,positive,unknown,0.6124,0
@MrISHANJOSHI,0.0001144600504689246,0.0,0.0,0,1,neutral,reliability,0.0,1
@InternetMadeCoder,0.0001144600504689246,0.0,0.0,0,6,positive,productivity,0.29538333333333333,141
@RickardApps,0.0001144600504689246,0.0,0.0,0,1,positive,productivity,0.1366,3
@RihamAhamed950,0.0001144600504689246,0.0,0.0,0,2,positive,reliability,0.3454,1
@RikayuWilzam,0.0001144600504689246,0.0,0.0,0,1,positive,reliability,0.27649999999999997,5
@Ringoshiiro,0.0001144600504689246,0.0,0.0,0,1,positive,productivity,0.69,0
@RipFussxl,0.0001144600504689246,0.0,0.0,0,1,positive,reliability,0.2908,5
@RishabhChonkar97,0.0001144600504689246,0.0,0.0,0,1,neutral,productivity,0.0,0
@RishabhMishra-x7o,0.0001144600504689246,0.0,0.0,0,1,positive,job_displacement,0.3182,0
@Rivenix,0.0001144600504689246,0.0,0.0,0,1,neutral,cost,0.0,0
@RiwenX,0.0001144600504689246,0.0,0.0,0,2,positive,job_displacement,0.12219999999999999,1
@Rob_Redmond,0.0001144600504689246,0.0,0.0,0,1,neutral,productivity,0.0,0
@RobbyJohnson-gm8wx,0.0001144600504689246,0.0,0.0,0,1,positive,job_displacement,0.3612,1
@RobertoMartinez-c7s,0.0001144600504689246,0.0,0.0,0,1,positive,reliability,0.3818,5
@RodrigoCinelli,0.0001144600504689246,0.0,0.0,0,1,neutral,productivity,0.0,0
@Rohit-tp7qx,0.0001144600504689246,0.0,0.0,0,1,neutral,job_displacement,0.0,17
@RollinOn22s,0.0001144600504689246,0.0,0.0,0,1,positive,reliability,0.4404,0
@RoryS-p5c,0.0001144600504689246,0.0,0.0,0,1,positive,job_displacement,0.4019,0
@RubenKelevra,0.0001144600504689246,0.0,0.0,0,3,negative,cost,-0.1819666666666667,5
@RudySarmiento750,0.0001144600504689246,0.0,0.0,0,1,positive,job_displacement,0.6597,1
@Rushikesh_Kadepurkar,0.0001144600504689246,0.0,0.0,0,1,positive,job_displacement,0.34,2
@S1ul2,0.0001144600504689246,0.0,0.0,0,1,neutral,job_displacement,0.0,1
@SAUL_GOODMAN_lawyer,0.0001144600504689246,0.0,0.0,0,1,neutral,job_displacement,0.0,11
@SO-fb4ef,0.0001144600504689246,0.0,0.0,0,1,neutral,reliability,0.0,4
@SOLLUNA-b9y,0.0001144600504689246,0.0,0.0,0,1,positive,job_displacement,0.6857333333333333,1
@SOPHDAYS-gl1rr,0.0001144600504689246,0.0,0.0,0,1,positive,reliability,0.296,0
@SP-js4gf,0.0001144600504689246,0.0,0.0,0,1,positive,productivity,0.6797,1
@SPB157,0.0001144600504689246,0.0,0.0,0,1,positive,job_displacement,0.4215,1
@RickyLipe,0.0001144600504689246,0.0,0.0,0,1,positive,job_displacement,0.47700000000000004,0
@RickShangle,0.0001144600504689246,0.0,0.0,0,1,neutral,cost,0.0,0
@RM-xr8lq,0.0001144600504689246,0.0,0.0,0,1,positive,productivity,0.27035,0
@RichKuo7,0.0001144600504689246,0.0,0.0,0,59,positive,productivity,0.376278021978022,70
@RV_Choudhary16,0.0001144600504689246,0.0,0.0,0,1,neutral,unknown,0.0,0
@RafalAndHisThoughts,0.0001144600504689246,0.0,0.0,0,1,positive,productivity,0.5632,1
@Raghav_Kapoor_,0.0001144600504689246,0.0,0.0,0,2,neutral,cost,0.0,2
@Raj_phonic,0.0001144600504689246,0.0,0.0,0,1,neutral,job_displacement,0.0,0
@RajdeepSingh-yl6dk,0.0001144600504689246,0.0,0.0,0,2,neutral,productivity,0.0,17
@Rajnish-pu8mj,0.0001144600504689246,0.0,0.0,0,1,neutral,job_displacement,0.0,0
@RalucaMMihai,0.0001144600504689246,0.0,0.0,0,1,neutral,reliability,0.0,0
@RamaniSingh-l6p,0.0001144600504689246,0.0,0.0,0,1,positive,productivity,0.20095,0
@Ramses-j6w,0.0001144600504689246,0.0,0.0,0,1,positive,job_displacement,0.4588,0
@Ranoth,0.0001144600504689246,0.0,0.0,0,1,positive,job_displacement,0.24240000000000003,1
@RareTechniques,0.0001144600504689246,0.0,0.0,0,1,neutral,unknown,0.0,1
@Rashed_8i,0.0001144600504689246,0.0,0.0,0,1,positive,job_displacement,0.5267,0
@Ravenhoodie,0.0001144600504689246,0.0,0.0,0,1,positive,job_displacement,0.09106666666666667,0
@ReadFitzgerald,0.0001144600504689246,0.0,0.0,0,1,positive,job_displacement,0.4939,1
@RedLion88,0.0001144600504689246,0.0,0.0,0,1,positive,job_displacement,0.4019,0
@RedMambaYard,0.0001144600504689246,0.0,0.0,0,5,neutral,unknown,-0.0438,2
@RedOctRedux,0.0001144600504689246,0.0,0.0,0,1,neutral,cost,0.0,0
@RehanRaza-n4b1o,0.0001144600504689246,0.0,0.0,0,1,positive,job_displacement,0.8362,0
@RemindMe12,0.0001144600504689246,0.0,0.0,0,1,neutral,productivity,0.0,0
@RentedLipz,0.0001144600504689246,0.0,0.0,0,1,neutral,reliability,0.0,0
@RequiosWoW,0.0001144600504689246,0.0,0.0,0,1,neutral,reliability,0.0,0
@Rex_erat_magnus,0.0001144600504689246,0.0,0.0,0,1,neutral,productivity,0.0,0
@Rey-i6u,0.0001144600504689246,0.0,0.0,0,1,positive,cost,0.168,0
@Rhidayah,0.0001144600504689246,0.0,0.0,0,1,positive,reliability,0.4404,1
@RiccardoVisione,0.0001144600504689246,0.0,0.0,0,1,negative,job_displacement,-0.6768,1
@SaciidKhaliif-i1c,0.0001144600504689246,0.0,0.0,0,1,positive,productivity,0.2585,3
@Sacred_Geometrist,0.0001144600504689246,0.0,0.0,0,1,positive,job_displacement,0.0736,0
@SagulalNetam-595,0.0001144600504689246,0.0,0.0,0,1,positive,job_displacement,0.3612,2
@SaloRB,0.0001144600504689246,0.0,0.0,0,1,neutral,job_displacement,0.0,2
@ShreyPatel,0.0001144600504689246,0.0,0.0,0,3,positive,job_displacement,0.13396666666666665,10
@ShreyashGuptas,0.0001144600504689246,0.0,0.0,0,1,negative,job_displacement,-0.0772,3
@Shrucraft7,0.0001144600504689246,0.0,0.0,0,1,neutral,job_displacement,0.0,0
@Shubham-et8qk,0.0001144600504689246,0.0,0.0,0,1,positive,job_displacement,0.2881,0
@Shubham1220.pandey,0.0001144600504689246,0.0,0.0,0,1,neutral,productivity,0.0,4
@Siaccghdxzcvhgzzz,0.0001144600504689246,0.0,0.0,0,1,neutral,job_displacement,0.0,2
@SibTiger33,0.0001144600504689246,0.0,0.0,0,1,neutral,cost,0.0,4
@SidMalipatil,0.0001144600504689246,0.0,0.0,0,1,positive,productivity,0.3612,0
@SimonSaysEz,0.0001144600504689246,0.0,0.0,0,1,positive,unknown,0.3612,1
@Sinoeth,0.0001144600504689246,0.0,0.0,0,1,neutral,reliability,0.0,0
@SirusStarTV,0.0001144600504689246,0.0,0.0,0,1,neutral,unknown,0.0,0
@SjarMenace,0.0001144600504689246,0.0,0.0,0,1,neutral,productivity,0.0,2
@Skadongle,0.0001144600504689246,0.0,0.0,0,1,neutral,productivity,0.0,0
@Skaxarrat,0.0001144600504689246,0.0,0.0,0,2,neutral,productivity,0.0222,0
@SkunkWorksEmpire,0.0001144600504689246,0.0,0.0,0,1,negative,job_displacement,-0.3818,1
@Skynet008-u2k,0.0001144600504689246,0.0,0.0,0,2,negative,job_displacement,-0.4739,0
@SleepDeprived_Gamer,0.0001144600504689246,0.0,0.0,0,1,positive,job_displacement,0.1027,0
@Slime-g6d,0.0001144600504689246,0.0,0.0,0,1,neutral,job_displacement,0.0,1
@SnakeEngine,0.0001144600504689246,0.0,0.0,0,3,positive,productivity,0.40295000000000003,2
@Softianix,0.0001144600504689246,0.0,0.0,0,1,positive,job_displacement,0.4404,1
@SoftwareDeveloperDiaries,0.0001144600504689246,0.0,0.0,0,5,positive,productivity,0.65378,0
@Solidofzuljin,0.0001144600504689246,0.0,0.0,0,2,negative,job_displacement,-0.057749999999999996,10
@Solo2121,0.0001144600504689246,0.0,0.0,0,1,positive,job_displacement,0.6486,1
@SomeRandom-x4k,0.0001144600504689246,0.0,0.0,0,1,neutral,job_displacement,0.0,0
@Someone-ly7um,0.0001144600504689246,0.0,0.0,0,1,positive,reliability,0.7351,0
@Shrey-hc1wn,0.0001144600504689246,0.0,0.0,0,1,neutral,cost,0.0,0
@ShoupDogg225,0.0001144600504689246,0.0,0.0,0,1,positive,job_displacement,0.3612,1
@ShouGanaiShouGanai,0.0001144600504689246,0.0,0.0,0,1,neutral,reliability,0.0,0
@ShaharHarshuv,0.0001144600504689246,0.0,0.0,0,1,negative,productivity,-0.16643333333333335,6
@Sam-gu6ub,0.0001144600504689246,0.0,0.0,0,1,neutral,job_displacement,0.0,1
@Samwise_genji,0.0001144600504689246,0.0,0.0,0,1,positive,job_displacement,0.5719,0
@SavageReviewsOfficial,0.0001144600504689246,0.0,0.0,0,6,positive,productivity,0.6019875,7
@Sci-Fill-l-l,0.0001144600504689246,0.0,0.0,0,1,positive,productivity,0.34525,0
@SecondFinale,0.0001144600504689246,0.0,0.0,0,1,positive,job_displacement,0.1909,2
@Second_Law,0.0001144600504689246,0.0,0.0,0,1,positive,job_displacement,0.12075000000000002,2
@SecretOfMonkeyIsland784,0.0001144600504689246,0.0,0.0,0,1,neutral,job_displacement,0.0,0
@SenseiReza,0.0001144600504689246,0.0,0.0,0,1,positive,job_displacement,0.2732,0
@Sergeant_Camacho,0.0001144600504689246,0.0,0.0,0,1,positive,cost,0.6369,2
@ShadowElCDJ,0.0001144600504689246,0.0,0.0,0,1,neutral,reliability,0.0,3
@ShadowR4ze,0.0001144600504689246,0.0,0.0,0,1,negative,job_displacement,-0.6908,0
@Shahbazalii_,0.0001144600504689246,0.0,0.0,0,3,positive,productivity,0.34346,3
@ShortBoy-n1n,0.0001144600504689246,0.0,0.0,0,1,positive,unknown,0.4404,0
@ShahzadAshrafi,0.0001144600504689246,0.0,0.0,0,1,positive,job_displacement,0.873,0
@Sharkcool10000,0.0001144600504689246,0.0,0.0,0,1,positive,productivity,0.34,0
@ShaunVillafana,0.0001144600504689246,0.0,0.0,0,1,negative,job_displacement,-0.4871,1
@Shavix,0.0001144600504689246,0.0,0.0,0,1,positive,reliability,0.4019,1
@Shawbslol,0.0001144600504689246,0.0,0.0,0,1,positive,productivity,0.18946666666666667,0
@Sherlock-e7f,0.0001144600504689246,0.0,0.0,0,1,neutral,job_displacement,0.0,0
@ShiroAisan,0.0001144600504689246,0.0,0.0,0,1,positive,job_displacement,0.7838,0
@ShivamVermaokdone,0.0001144600504689246,0.0,0.0,0,1,positive,reliability,0.4215,0
@ShivaniRaje-t3x,0.0001144600504689246,0.0,0.0,0,1,positive,unknown,0.6369,0
@ShizzleSD,0.0001144600504689246,0.0,0.0,0,1,positive,productivity,0.5574,6
@ShooterMcgavin119,0.0001144600504689246,0.0,0.0,0,1,positive,productivity,0.4215,0
@RS-303,0.0001144600504689246,0.0,0.0,0,1,neutral,unknown,0.0,0
@RACAPE,0.0001144600504689246,0.0,0.0,0,1,negative,job_displacement,-0.9413,0
@MrPastich3,0.0001144600504689246,0.0,0.0,0,3,positive,reliability,0.457,0
@NarrativeController,0.0001144600504689246,0.0,0.0,0,1,positive,productivity,0.296,0
@NawwaraNouri,0.0001144600504689246,0.0,0.0,0,1,positive,productivity,0.6124,0
@NchMatrix,0.0001144600504689246,0.0,0.0,0,1,neutral,productivity,0.0,2
@Nested23,0.0001144600504689246,0.0,0.0,0,1,positive,reliability,0.6369,0
@NetworkChuck,0.0001144600504689246,0.0,0.0,0,1,neutral,cost,0.0,1
@NeverCodeAlone,0.0001144600504689246,0.0,0.0,0,4,positive,job_displacement,0.449075,0
@NewSciFye,0.0001144600504689246,0.0,0.0,0,1,positive,job_displacement,0.3612,2
@NiaPD,0.0001144600504689246,0.0,0.0,0,1,neutral,reliability,0.0,0
@Nick-sz7fs,0.0001144600504689246,0.0,0.0,0,1,neutral,productivity,0.0,0
@Nick-yv1rm,0.0001144600504689246,0.0,0.0,0,1,neutral,unknown,0.0,0
@NickArcade,0.0001144600504689246,0.0,0.0,0,1,positive,job_displacement,0.2732,0
@NickWestgate,0.0001144600504689246,0.0,0.0,0,1,positive,productivity,0.539,4
@Nik-rx9rj,0.0001144600504689246,0.0,0.0,0,1,negative,job_displacement,-0.29500000000000004,0
@NilsDom-j6v,0.0001144600504689246,0.0,0.0,0,1,neutral,unknown,0.0,2
@Nix-zv9jz,0.0001144600504689246,0.0,0.0,0,1,neutral,job_displacement,0.0,0
@NoOneYouKnow2025-m8c,0.0001144600504689246,0.0,0.0,0,1,negative,job_displacement,-0.6131,2
@Noe-v2n6q,0.0001144600504689246,0.0,0.0,0,1,positive,reliability,0.264,0
@Nor-y2c,0.0001144600504689246,0.0,0.0,0,1,negative,productivity,-0.8625,0
@NotImportant426,0.0001144600504689246,0.0,0.0,0,1,positive,productivity,0.4404,1
@NoureddineChammakhi,0.0001144600504689246,0.0,0.0,0,1,neutral,unknown,0.0,0
@Npnpnp468,0.0001144600504689246,0.0,0.0,0,1,negative,job_displacement,-0.15107500000000001,7
@NuScorpii,0.0001144600504689246,0.0,0.0,0,1,positive,productivity,0.4668,0
@Nunya45036,0.0001144600504689246,0.0,0.0,0,1,positive,job_displacement,0.5562,6
@NurikAbrams,0.0001144600504689246,0.0,0.0,0,1,positive,job_displacement,0.1591,9
@ONESTTEFTEO,0.0001144600504689246,0.0,0.0,0,1,neutral,job_displacement,0.0,0
@OS-Developer,0.0001144600504689246,0.0,0.0,0,1,negative,job_displacement,-0.1806,4
@NathanielKrefman,0.0001144600504689246,0.0,0.0,0,1,neutral,unknown,0.0,0
@Narcopia,0.0001144600504689246,0.0,0.0,0,1,positive,job_displacement,0.3919,3
@QuiChiYang2,0.0001144600504689246,0.0,0.0,0,1,neutral,job_displacement,0.0,0
@NarcatasCor,0.0001144600504689246,0.0,0.0,0,1,positive,job_displacement,0.2159333333333333,0
@MrPianica,0.0001144600504689246,0.0,0.0,0,1,negative,productivity,-0.6269,9
@MrSpiritmonger,0.0001144600504689246,0.0,0.0,0,1,neutral,job_displacement,0.0129,1
@Mr_Big_Head,0.0001144600504689246,0.0,0.0,0,2,positive,reliability,0.26743333333333336,0
@Mr_Refino,0.0001144600504689246,0.0,0.0,0,1,neutral,job_displacement,0.0,0
@Mreti_Zanave,0.0001144600504689246,0.0,0.0,0,1,negative,cost,-0.25,17
@MrinmoyRoy1990,0.0001144600504689246,0.0,0.0,0,1,neutral,productivity,0.0,0
@Mrityu108,0.0001144600504689246,0.0,0.0,0,1,positive,reliability,0.5106,0
@Ms-zr1dn,0.0001144600504689246,0.0,0.0,0,1,neutral,job_displacement,0.0,0
@MsRofex88,0.0001144600504689246,0.0,0.0,0,1,positive,reliability,0.8074,0
@MuhammadNehal-g7c,0.0001144600504689246,0.0,0.0,0,1,neutral,job_displacement,0.006799999999999973,2
@MultiloginPro-SocialMeida,0.0001144600504689246,0.0,0.0,0,1,neutral,productivity,0.0,0
@MunibDanish-cs9nd,0.0001144600504689246,0.0,0.0,0,3,positive,job_displacement,0.3444,0
@Music0n_World_0ff,0.0001144600504689246,0.0,0.0,0,1,positive,job_displacement,0.28169999999999995,13
@MusicByJC,0.0001144600504689246,0.0,0.0,0,1,positive,job_displacement,0.5378,1
@MustajabAli-t5m,0.0001144600504689246,0.0,0.0,0,1,positive,unknown,0.891,4
@Muttakim913,0.0001144600504689246,0.0,0.0,0,1,positive,job_displacement,0.5163,2
@MyNameIsYours-b9w,0.0001144600504689246,0.0,0.0,0,1,positive,reliability,0.5719,0
@Mystic998,0.0001144600504689246,0.0,0.0,0,1,neutral,reliability,0.0,3
@Mysticmingle22,0.0001144600504689246,0.0,0.0,0,1,negative,job_displacement,-0.3182,7
@N-Tity,0.0001144600504689246,0.0,0.0,0,1,positive,job_displacement,0.2023,0
@NG.gaming5,0.0001144600504689246,0.0,0.0,0,1,neutral,productivity,0.0,0
@NIKESHKHATIWADA5G3,0.0001144600504689246,0.0,0.0,0,1,positive,productivity,0.8095,0
@NXTLVLAI,0.0001144600504689246,0.0,0.0,0,1,positive,job_displacement,0.5792999999999999,0
@Naej7,0.0001144600504689246,0.0,0.0,0,4,negative,cost,-0.1333,2
@NaomiBrockwellTV,0.0001144600504689246,0.0,0.0,0,22,positive,job_displacement,0.31475000000000003,17
@Oarxis,0.0001144600504689246,0.0,0.0,0,1,positive,job_displacement,0.217,1
@Obie.,0.0001144600504689246,0.0,0.0,0,1,positive,productivity,0.7599,2
@Oggi19641,0.0001144600504689246,0.0,0.0,0,1,neutral,reliability,0.0,0
@Okir09,0.0001144600504689246,0.0,0.0,0,1,neutral,productivity,0.0,0
@Pfaeff,0.0001144600504689246,0.0,0.0,0,1,negative,job_displacement,-0.4019,1
@PhilippLackner,0.0001144600504689246,0.0,0.0,0,2,positive,job_displacement,0.20095,1
@PlaySecond,0.0001144600504689246,0.0,0.0,0,1,positive,job_displacement,0.19130000000000003,0
@PlugEdits-yg7ew,0.0001144600504689246,0.0,0.0,0,1,positive,cost,0.7745,12
@PolyStackChris,0.0001144600504689246,0.0,0.0,0,1,positive,reliability,0.2516,2
@Poorsheep,0.0001144600504689246,0.0,0.0,0,1,positive,productivity,0.2263,0
@Potencyfunction,0.0001144600504689246,0.0,0.0,0,1,neutral,productivity,0.0,0
@PrakharPathak-w2q,0.0001144600504689246,0.0,0.0,0,1,neutral,cost,0.0,0
@Premonition11,0.0001144600504689246,0.0,0.0,0,1,positive,job_displacement,0.8451,0
@PrettyFabulousDesigns,0.0001144600504689246,0.0,0.0,0,2,positive,cost,0.4687,2
@PrinceBrian-b8w,0.0001144600504689246,0.0,0.0,0,1,negative,job_displacement,-0.5719,0
@Programing-p7c,0.0001144600504689246,0.0,0.0,0,1,positive,reliability,0.6361,0
@ProjectMayhemOnline,0.0001144600504689246,0.0,0.0,0,1,positive,unknown,0.5859,0
@ProjectMonkfishStudios,0.0001144600504689246,0.0,0.0,0,1,neutral,productivity,0.0,1
@PromptAware,0.0001144600504689246,0.0,0.0,0,1,positive,productivity,0.8496,9
@Psi34ax,0.0001144600504689246,0.0,0.0,0,1,neutral,reliability,0.0,0
@PubgSpeed-wl8yo,0.0001144600504689246,0.0,0.0,0,1,neutral,job_displacement,0.0,2
@PulseHub_tv,0.0001144600504689246,0.0,0.0,0,1,positive,job_displacement,0.4588,1
@PutchaDickawayWaltuh,0.0001144600504689246,0.0,0.0,0,1,positive,job_displacement,0.6292,0
@Pyromaniac9901-m5i,0.0001144600504689246,0.0,0.0,0,1,neutral,job_displacement,0.0,0
@Qladstone,0.0001144600504689246,0.0,0.0,0,1,positive,unknown,0.4201,0
@Qthuluu,0.0001144600504689246,0.0,0.0,0,1,positive,job_displacement,0.2869,51
@QuantumVoid-ro3hi,0.0001144600504689246,0.0,0.0,0,1,neutral,productivity,0.0,3
@QuazarGMD,0.0001144600504689246,0.0,0.0,0,1,positive,productivity,0.40080000000000005,0
@Quester2023-xp7rb,0.0001144600504689246,0.0,0.0,0,1,neutral,unknown,0.0,0
@PerFTNilsson,0.0001144600504689246,0.0,0.0,0,1,positive,reliability,0.7424,1
@PavanpharmOCOLOGY,0.0001144600504689246,0.0,0.0,0,1,neutral,unknown,0.0,0
@PaulJLipsky,0.0001144600504689246,0.0,0.0,0,162,positive,job_displacement,0.4224789473684211,63
@OrjiEmmanuel-g5q,0.0001144600504689246,0.0,0.0,0,1,positive,job_displacement,0.6249,0
@Om-gx1ns,0.0001144600504689246,0.0,0.0,0,1,negative,reliability,-0.7845,5
@Omar-lx1er,0.0001144600504689246,0.0,0.0,0,1,positive,job_displacement,0.8331,0
@OmegaAlfa-p7h,0.0001144600504689246,0.0,0.0,0,1,positive,productivity,0.891,3
@Omega_Destroyer_xx,0.0001144600504689246,0.0,0.0,0,1,negative,job_displacement,-0.46255,0
@OmkarJadhav3D,0.0001144600504689246,0.0,0.0,0,1,positive,reliability,0.8149500000000001,1
@Omnihilo,0.0001144600504689246,0.0,0.0,0,1,positive,job_displacement,0.43375,2
@OneAtFaultMedia,0.0001144600504689246,0.0,0.0,0,1,neutral,unknown,0.0,1
@Onetworth,0.0001144600504689246,0.0,0.0,0,1,positive,job_displacement,0.4019,2
@OpenSourceSpotlight,0.0001144600504689246,0.0,0.0,0,3,positive,productivity,0.21070666666666668,2
@OrPhEeUs,0.0001144600504689246,0.0,0.0,0,1,negative,job_displacement,-0.1032,1
@OrientalGroveWhispers,0.0001144600504689246,0.0,0.0,0,1,negative,productivity,-0.5023,0
@PM11314,0.0001144600504689246,0.0,0.0,0,1,neutral,job_displacement,0.0,0
@Paul1368y,0.0001144600504689246,0.0,0.0,0,3,positive,reliability,0.05129999999999999,4
@PRANAV_BHASKAR-DEVELOPER,0.0001144600504689246,0.0,0.0,0,1,neutral,job_displacement,0.0,0
@PRE5S,0.0001144600504689246,0.0,0.0,0,1,neutral,productivity,0.0,1
@PTCan007,0.0001144600504689246,0.0,0.0,0,1,positive,job_displacement,0.5023,0
@PVACreator5,0.0001144600504689246,0.0,0.0,0,1,positive,productivity,0.6597,0
@Panzerboy006,0.0001144600504689246,0.0,0.0,0,1,positive,reliability,0.25,5
@ParallaxiMaxime,0.0001144600504689246,0.0,0.0,0,1,positive,job_displacement,0.7107,2
@Partiallyjacked,0.0001144600504689246,0.0,0.0,0,1,negative,productivity,-0.296,0
@PasooriDev,0.0001144600504689246,0.0,0.0,0,1,neutral,unknown,0.0,0
@Patolixo,0.0001144600504689246,0.0,0.0,0,1,negative,productivity,-0.3382,0
@PatrickRobinsonZA,0.0001144600504689246,0.0,0.0,0,1,positive,job_displacement,0.41745,0
@Paul-qu4kl,0.0001144600504689246,0.0,0.0,0,1,neutral,productivity,0.0,0
@Irenebelserionuwu,0.0001144600504689246,0.0,0.0,0,1,negative,job_displacement,-0.0572,0
@InstantGiblets,0.0001144600504689246,0.0,0.0,0,1,negative,job_displacement,-0.477,1
@ibellaciao,0.0001144600504689246,0.0,0.0,0,1,neutral,productivity,0.0,2
@BMANZZS,0.0001144600504689246,0.0,0.0,0,1,negative,cost,-0.7184,0
@BURl_BURl_ZAEM0N,0.0001144600504689246,0.0,0.0,0,1,neutral,job_displacement,0.0018,9
@BYOOx5,0.0001144600504689246,0.0,0.0,0,1,positive,job_displacement,0.7096,1
@Baloch-g2h,0.0001144600504689246,0.0,0.0,0,1,positive,job_displacement,0.17256666666666667,7
@Banana-1241,0.0001144600504689246,0.0,0.0,0,1,neutral,unknown,0.0,0
@BaoVuQuoc-c2h,0.0001144600504689246,0.0,0.0,0,1,neutral,job_displacement,0.0,0
@BardOfThothApollon,0.0001144600504689246,0.0,0.0,0,1,negative,productivity,-0.21075,0
@BareMetalArchitect,0.0001144600504689246,0.0,0.0,0,1,neutral,productivity,0.0,0
@BassByTheBay,0.0001144600504689246,0.0,0.0,0,1,positive,productivity,0.32744999999999996,2
@Basyed_11,0.0001144600504689246,0.0,0.0,0,1,neutral,productivity,0.0,1
@BeastModeDR614,0.0001144600504689246,0.0,0.0,0,1,neutral,job_displacement,0.0,1
@Beaumontious,0.0001144600504689246,0.0,0.0,0,1,positive,job_displacement,0.8192,1
@BeepBoop2221,0.0001144600504689246,0.0,0.0,0,1,negative,job_displacement,-0.4767,0
@BelfaraNet-r8j,0.0001144600504689246,0.0,0.0,0,1,negative,reliability,-0.7003,1
@Benjamin-vx2ot,0.0001144600504689246,0.0,0.0,0,1,positive,productivity,0.1591,1
@BennyOnRye,0.0001144600504689246,0.0,0.0,0,1,neutral,productivity,0.0,3
@BensonJonsonGPT,0.0001144600504689246,0.0,0.0,0,1,positive,job_displacement,0.1027,0
@Bhavishya_est,0.0001144600504689246,0.0,0.0,0,1,neutral,job_displacement,0.0,5
@BigRedShooter,0.0001144600504689246,0.0,0.0,0,1,positive,job_displacement,0.0772,0
@BillyLarryDojo,0.0001144600504689246,0.0,0.0,0,1,neutral,job_displacement,0.0,0
@BinaryRot,0.0001144600504689246,0.0,0.0,0,1,neutral,productivity,0.0,35
@BitFlip42,0.0001144600504689246,0.0,0.0,0,1,positive,productivity,0.1803,4
@BlakeHemsworth-k5j,0.0001144600504689246,0.0,0.0,0,1,positive,reliability,0.4404,0
@Bleepoh,0.0001144600504689246,0.0,0.0,0,1,neutral,productivity,0.04074999999999998,2
@Blood422,0.0001144600504689246,0.0,0.0,0,1,neutral,reliability,0.0,0
@BloodStripe1775,0.0001144600504689246,0.0,0.0,0,1,negative,reliability,-0.296,3
@BRBallin1,0.0001144600504689246,0.0,0.0,0,1,positive,productivity,0.6568,0
@BLAZEITDOWN,0.0001144600504689246,0.0,0.0,0,1,positive,cost,0.4215,0
@Anno_Nymous,0.0001144600504689246,0.0,0.0,0,1,neutral,job_displacement,0.0,5
@BLACKWELL-1,0.0001144600504689246,0.0,0.0,0,1,positive,productivity,0.4215,1
@AnonymousUser-i1x,0.0001144600504689246,0.0,0.0,0,1,neutral,unknown,0.0,1
@AnorocArcade,0.0001144600504689246,0.0,0.0,0,2,positive,cost,0.2231,2
@Aomicplane,0.0001144600504689246,0.0,0.0,0,1,positive,job_displacement,0.8338,2
@Ap_twsh,0.0001144600504689246,0.0,0.0,0,2,positive,job_displacement,0.08213333333333334,2
@ApexDevHQ,0.0001144600504689246,0.0,0.0,0,4,neutral,job_displacement,-0.008749999999999994,2
@Aq5CiQRkiq,0.0001144600504689246,0.0,0.0,0,1,positive,productivity,0.0972,0
@ArekadiuszArkovski,0.0001144600504689246,0.0,0.0,0,1,positive,job_displacement,0.5719,2
@ArshGoyal,0.0001144600504689246,0.0,0.0,0,5,positive,job_displacement,0.4471666666666667,6
@Art_fun5,0.0001144600504689246,0.0,0.0,0,1,positive,reliability,0.2202,0
@ArtherreroDoP,0.0001144600504689246,0.0,0.0,0,2,positive,job_displacement,0.1366,0
@ArthurChauvin,0.0001144600504689246,0.0,0.0,0,1,neutral,job_displacement,0.0,0
@ArtificialIntelligence-qn2jy,0.0001144600504689246,0.0,0.0,0,1,neutral,job_displacement,0.0,1
@ArvindhKalirajan,0.0001144600504689246,0.0,0.0,0,1,neutral,reliability,0.0,3
@AshynthaDyzar,0.0001144600504689246,0.0,0.0,0,1,neutral,cost,0.0,1
@Assim99,0.0001144600504689246,0.0,0.0,0,1,neutral,unknown,-0.0386,0
@AtaluYT,0.0001144600504689246,0.0,0.0,0,1,neutral,cost,0.0,4
@AthelstanEngland,0.0001144600504689246,0.0,0.0,0,1,positive,cost,0.8537,0
@AtrinMartin,0.0001144600504689246,0.0,0.0,0,1,negative,job_displacement,-0.2263,0
@Aurelyn,0.0001144600504689246,0.0,0.0,0,1,positive,job_displacement,0.2732,2
@AustinVornhagen,0.0001144600504689246,0.0,0.0,0,1,negative,productivity,-0.4184,2
@AwaisAli-bb7rk,0.0001144600504689246,0.0,0.0,0,1,positive,job_displacement,0.6705,5
@AwakenKeysYT,0.0001144600504689246,0.0,0.0,0,1,neutral,reliability,0.0,13
@Aymennn_Bennn,0.0001144600504689246,0.0,0.0,0,1,neutral,job_displacement,0.0,1
@BHARRAT_01,0.0001144600504689246,0.0,0.0,0,1,positive,productivity,0.8658,0
@BKles21,0.0001144600504689246,0.0,0.0,0,1,positive,productivity,0.8615,2
@Bokannord,0.0001144600504689246,0.0,0.0,0,1,positive,job_displacement,0.10387500000000001,3
@Bolo74894,0.0001144600504689246,0.0,0.0,0,1,negative,productivity,-0.5994,0
@Bongooer,0.0001144600504689246,0.0,0.0,0,1,neutral,productivity,0.0,0
@BoringNameU,0.0001144600504689246,0.0,0.0,0,1,neutral,job_displacement,0.0,0
@Captainspamo,0.0001144600504689246,0.0,0.0,0,1,neutral,productivity,0.0,2
@CarLover703,0.0001144600504689246,0.0,0.0,0,1,positive,productivity,0.8316,0
@Carl-tz7zj,0.0001144600504689246,0.0,0.0,0,1,negative,productivity,-0.1877,0
@CasperVanLaar,0.0001144600504689246,0.0,0.0,0,1,neutral,unknown,0.0,1
@CbdToilette,0.0001144600504689246,0.0,0.0,0,1,positive,productivity,0.6908,2
@Cboss_gc23,0.0001144600504689246,0.0,0.0,0,1,neutral,productivity,0.0,1
@Champignon1000,0.0001144600504689246,0.0,0.0,0,1,neutral,productivity,-0.0028,1
@Charli-l7c,0.0001144600504689246,0.0,0.0,0,1,neutral,reliability,0.0,0
@ChatComparison-ai,0.0001144600504689246,0.0,0.0,0,1,positive,productivity,0.1531,4
@CheeseStickzZ,0.0001144600504689246,0.0,0.0,0,2,positive,reliability,0.30493333333333333,8
@Chethan-j6q,0.0001144600504689246,0.0,0.0,0,1,neutral,productivity,0.0,2
@Chex_Mex,0.0001144600504689246,0.0,0.0,0,1,negative,job_displacement,-0.34,0
@ChibuikeMaduabuchi,0.0001144600504689246,0.0,0.0,0,1,neutral,job_displacement,0.0,1
@ChrisG0,0.0001144600504689246,0.0,0.0,0,1,positive,productivity,0.743,0
@ChristofferHilton,0.0001144600504689246,0.0,0.0,0,3,positive,reliability,0.16463333333333333,0
@ChristopherMoses-x1d9g,0.0001144600504689246,0.0,0.0,0,1,positive,job_displacement,0.6249,1
@ChristopherR1981,0.0001144600504689246,0.0,0.0,0,1,positive,productivity,0.4215,0
@ChristopherVanZetta,0.0001144600504689246,0.0,0.0,0,2,positive,productivity,0.1591,0
@ChubaiosBoomers,0.0001144600504689246,0.0,0.0,0,1,positive,productivity,0.4404,2
@CitAllHearItAll,0.0001144600504689246,0.0,0.0,0,1,negative,productivity,-0.21075,0
@Ck2024-z3w,0.0001144600504689246,0.0,0.0,0,1,positive,job_displacement,0.2926,0
@ClaimClam,0.0001144600504689246,0.0,0.0,0,2,negative,productivity,-0.23140000000000002,3
@ClainPlays,0.0001144600504689246,0.0,0.0,0,1,neutral,reliability,-0.0387,1
@ClaudeOpus4.7AdaptiveThinking,0.0001144600504689246,0.0,0.0,0,1,neutral,unknown,0.0,0
@Clinomania23,0.0001144600504689246,0.0,0.0,0,1,negative,job_displacement,-0.5142,0
@CaneSugarCane,0.0001144600504689246,0.0,0.0,0,1,positive,job_displacement,0.1806,0
@Cakascorpion,0.0001144600504689246,0.0,0.0,0,1,neutral,productivity,0.0,13
@Cainbred,0.0001144600504689246,0.0,0.0,0,1,negative,reliability,-0.6808,0
@BrunkenDrawler,0.0001144600504689246,0.0,0.0,0,1,neutral,job_displacement,0.0,0
@Boxing_Gamer,0.0001144600504689246,0.0,0.0,0,2,neutral,job_displacement,0.008800000000000007,1
@Bradgilliswhammyman,0.0001144600504689246,0.0,0.0,0,1,positive,reliability,0.8512,7
@Bradleybus,0.0001144600504689246,0.0,0.0,0,1,neutral,productivity,0.0,8
@Brain4Brain,0.0001144600504689246,0.0,0.0,0,1,neutral,unknown,0.0,0
@BrandonWu-z5i,0.0001144600504689246,0.0,0.0,0,6,positive,productivity,0.21808333333333332,0
@BrentPeluso,0.0001144600504689246,0.0,0.0,0,2,positive,job_displacement,0.5308999999999999,0
@BrianOSheaPlus,0.0001144600504689246,0.0,0.0,0,1,positive,productivity,0.1072,0
@Brodragon2225,0.0001144600504689246,0.0,0.0,0,1,positive,job_displacement,0.21075,1
@BrokenBlueClock,0.0001144600504689246,0.0,0.0,0,1,positive,productivity,0.7948,11
@BroseidonTheMerman,0.0001144600504689246,0.0,0.0,0,1,negative,productivity,-0.07327142857142857,0
@BruceWayne15325,0.0001144600504689246,0.0,0.0,0,2,positive,productivity,0.32136666666666663,4
@BruteForm_07,0.0001144600504689246,0.0,0.0,0,3,positive,job_displacement,0.24464999999999998,2
@CZProtton,0.0001144600504689246,0.0,0.0,0,2,positive,cost,0.6488,0
@Bryan-lu4du,0.0001144600504689246,0.0,0.0,0,2,neutral,productivity,0.0,0
@BryceDriesenga,0.0001144600504689246,0.0,0.0,0,1,positive,unknown,0.1468,2
@BunsDev,0.0001144600504689246,0.0,0.0,0,1,positive,reliability,0.3818,0
@BurkeHolland,0.0001144600504689246,0.0,0.0,0,3,positive,cost,0.5104249999999999,1
@Butters4Lyfe,0.0001144600504689246,0.0,0.0,0,1,positive,productivity,0.3982,0
@C00Cker,0.0001144600504689246,0.0,0.0,0,1,positive,reliability,0.3182,0
@CCTIVE2,0.0001144600504689246,0.0,0.0,0,1,neutral,productivity,0.0,0
@CHUCKYCHUCKYBOBUCY,0.0001144600504689246,0.0,0.0,0,1,negative,cost,-0.296,0
@CJKaufmanZA,0.0001144600504689246,0.0,0.0,0,1,positive,reliability,0.2732,0
@COLORPAPER,0.0001144600504689246,0.0,0.0,0,1,neutral,reliability,0.0,1
@CPTZK11,0.0001144600504689246,0.0,0.0,0,1,neutral,productivity,0.0,0
@Anony584,0.0001144600504689246,0.0,0.0,0,1,negative,productivity,-0.25,0
@AnkitJaiswal1201,0.0001144600504689246,0.0,0.0,0,1,neutral,productivity,0.0,1
@Clutch_McGowan,0.0001144600504689246,0.0,0.0,0,1,negative,reliability,-0.4767,0
@4Funzzies,0.0001144600504689246,0.0,0.0,0,1,positive,productivity,0.3506666666666667,1
@4acae86,0.0001144600504689246,0.0,0.0,0,1,neutral,productivity,0.0,0
@4esv,0.0001144600504689246,0.0,0.0,0,1,neutral,productivity,0.0,2
@4l3dx-c3c,0.0001144600504689246,0.0,0.0,0,1,positive,productivity,0.3089,0
@4ur3n,0.0001144600504689246,0.0,0.0,0,1,neutral,unknown,0.0,0
@50badjie,0.0001144600504689246,0.0,0.0,0,1,neutral,job_displacement,0.0,0
@5hadRak,0.0001144600504689246,0.0,0.0,0,1,positive,reliability,0.0772,0
@5xIdeas,0.0001144600504689246,0.0,0.0,0,1,negative,productivity,-0.3843,2
@6Pope9,0.0001144600504689246,0.0,0.0,0,1,positive,reliability,0.6166,2
@76y56ytyy,0.0001144600504689246,0.0,0.0,0,3,positive,unknown,0.316875,0
@77thoughts,0.0001144600504689246,0.0,0.0,0,1,negative,job_displacement,-0.0572,1
@7Hughtravels,0.0001144600504689246,0.0,0.0,0,1,positive,reliability,0.2076,0
@7hr1LL_,0.0001144600504689246,0.0,0.0,0,1,negative,productivity,-0.5994,0
@98f5,0.0001144600504689246,0.0,0.0,0,1,neutral,productivity,0.0,2
@9iht6ihgt43rzhijj,0.0001144600504689246,0.0,0.0,0,1,neutral,productivity,0.0,0
@A--_--M,0.0001144600504689246,0.0,0.0,0,1,neutral,job_displacement,0.0,3
@A.K_1998,0.0001144600504689246,0.0,0.0,0,1,neutral,cost,0.0,0
@A.S-m7t9m,0.0001144600504689246,0.0,0.0,0,1,neutral,reliability,0.0,0
@A1W0RLDSS,0.0001144600504689246,0.0,0.0,0,1,neutral,productivity,0.0,0
@ABB-y1b,0.0001144600504689246,0.0,0.0,0,1,neutral,job_displacement,0.0,0
@ACCESS_DENIIED,0.0001144600504689246,0.0,0.0,0,1,positive,reliability,0.7579,2
@ACSG-64,0.0001144600504689246,0.0,0.0,0,1,positive,job_displacement,0.33795,6
@ADITYAKUMAR-ci2cv,0.0001144600504689246,0.0,0.0,0,1,negative,productivity,-0.5849,3
@AFalconer,0.0001144600504689246,0.0,0.0,0,1,negative,job_displacement,-0.6814,7
@AI-Slop-Detective,0.0001144600504689246,0.0,0.0,0,1,neutral,productivity,0.0,0
@AIStackEngineer,0.0001144600504689246,0.0,0.0,0,1,positive,productivity,0.6794,1
@4_re_al,0.0001144600504689246,0.0,0.0,0,1,neutral,reliability,0.0,0
@44mn,0.0001144600504689246,0.0,0.0,0,1,positive,reliability,0.5859,0
@Animyoutube,0.0001144600504689246,0.0,0.0,0,1,positive,job_displacement,0.4278,2
@444mikeee,0.0001144600504689246,0.0,0.0,0,1,positive,productivity,0.36845,0
1123581321,0.0001144600504689246,0.0,0.0,0,1,positive,productivity,0.9022,0
@-Engineering01-,0.0001144600504689246,0.0,0.0,0,11,neutral,reliability,-0.02837692307692308,7
@-R-.,0.0001144600504689246,0.0,0.0,0,3,positive,cost,0.24583333333333335,8
@000aleph,0.0001144600504689246,0.0,0.0,0,1,neutral,job_displacement,0.0,0
@0w784g,0.0001144600504689246,0.0,0.0,0,1,negative,job_displacement,-0.509,0
@0x5am5,0.0001144600504689246,0.0,0.0,0,5,positive,productivity,0.4322333333333333,0
@0x8341,0.0001144600504689246,0.0,0.0,0,1,positive,unknown,0.7003,5
@0xWorthy,0.0001144600504689246,0.0,0.0,0,1,negative,job_displacement,-0.1326,1
@10ffkaka,0.0001144600504689246,0.0,0.0,0,1,neutral,reliability,0.0,0
@111rtik,0.0001144600504689246,0.0,0.0,0,1,positive,job_displacement,0.836,1
@120devida,0.0001144600504689246,0.0,0.0,0,1,positive,productivity,0.4574,0
@1337kaas,0.0001144600504689246,0.0,0.0,0,1,neutral,job_displacement,0.0,4
@1993r33gtst,0.0001144600504689246,0.0,0.0,0,1,positive,reliability,0.4588,15
@1998tb,0.0001144600504689246,0.0,0.0,0,1,neutral,productivity,0.0,0
@1skeletoner,0.0001144600504689246,0.0,0.0,0,2,negative,productivity,-0.1655,4
@2012perl,0.0001144600504689246,0.0,0.0,0,2,negative,productivity,-0.6973,0
@2025Ödevler,0.0001144600504689246,0.0,0.0,0,1,neutral,reliability,0.0,0
@20chocsaday,0.0001144600504689246,0.0,0.0,0,1,positive,job_displacement,0.6124,2
@2318291,0.0001144600504689246,0.0,0.0,0,1,positive,job_displacement,0.17,0
@2843skxkc3,0.0001144600504689246,0.0,0.0,0,1,negative,cost,-0.4767,1
@2hcy,0.0001144600504689246,0.0,0.0,0,1,positive,job_displacement,0.6059,1
@2pac2pac2pac,0.0001144600504689246,0.0,0.0,0,1,neutral,reliability,0.0,5
@3meiju,0.0001144600504689246,0.0,0.0,0,1,positive,productivity,0.6523,0
@3urobob,0.0001144600504689246,0.0,0.0,0,1,neutral,job_displacement,0.0,0
@42batboldch,0.0001144600504689246,0.0,0.0,0,1,negative,reliability,-0.6908,0
@AL-hk3oo,0.0001144600504689246,0.0,0.0,0,1,positive,cost,0.3182,3
@AM-uq7em,0.0001144600504689246,0.0,0.0,0,1,neutral,productivity,0.0,1
@ARGraphX,0.0001144600504689246,0.0,0.0,0,1,neutral,job_displacement,0.0,0
@AWmemeifornia,0.0001144600504689246,0.0,0.0,0,1,negative,job_displacement,-0.4939,2
@AlanJoy_random,0.0001144600504689246,0.0,0.0,0,1,positive,job_displacement,0.2885,2
@Alchemi5t,0.0001144600504689246,0.0,0.0,0,1,positive,reliability,0.2294,0
@AleksandarIvanov69,0.0001144600504689246,0.0,0.0,0,1,positive,productivity,0.20485,3
@AlexanderLoshkaryov,0.0001144600504689246,0.0,0.0,0,2,positive,cost,0.11870000000000003,1
@AlexandraKilby,0.0001144600504689246,0.0,0.0,0,1,positive,reliability,0.6597,0
@Alexcamillas,0.0001144600504689246,0.0,0.0,0,1,neutral,job_displacement,0.0,0
@AliSajidCS,0.0001144600504689246,0.0,0.0,0,1,positive,productivity,0.2263,20
@Alice_Fumo,0.0001144600504689246,0.0,0.0,0,1,negative,productivity,-0.6124,2
@AlirezaHoushmand-g7y,0.0001144600504689246,0.0,0.0,0,1,neutral,job_displacement,0.0,1
@AllThingsReddit_,0.0001144600504689246,0.0,0.0,0,1,neutral,productivity,-0.004449999999999982,0
@Allthingsworktogether1125,0.0001144600504689246,0.0,0.0,0,1,neutral,productivity,0.0,0
@AlperTheOrtac,0.0001144600504689246,0.0,0.0,0,1,neutral,job_displacement,0.0,1
@AlphaLukTutoriály,0.0001144600504689246,0.0,0.0,0,1,negative,productivity,-0.4019,8
@Alphunter4,0.0001144600504689246,0.0,0.0,0,1,negative,job_displacement,-0.3456,224
@AltaiiSinan,0.0001144600504689246,0.0,0.0,0,2,positive,productivity,0.7164666666666667,2
@Amanlovespython,0.0001144600504689246,0.0,0.0,0,1,positive,reliability,0.4546875,9
@Ammmiggoo,0.0001144600504689246,0.0,0.0,0,1,neutral,unknown,0.0,34
@Amondyn,0.0001144600504689246,0.0,0.0,0,1,positive,productivity,0.3532,0
@AndrewEddie,0.0001144600504689246,0.0,0.0,0,3,positive,productivity,0.48579999999999995,2
@Andris_Briedis,0.0001144600504689246,0.0,0.0,0,1,positive,productivity,0.2582,1
@Andrushe4kanka,0.0001144600504689246,0.0,0.0,0,1,neutral,job_displacement,0.0,0
@AndréNunes-k3y,0.0001144600504689246,0.0,0.0,0,1,neutral,productivity,0.0,0
@Andy_Van,0.0001144600504689246,0.0,0.0,0,1,negative,productivity,-0.1027,0
@AnimeRookie,0.0001144600504689246,0.0,0.0,0,1,neutral,productivity,0.0,0
@AnimeshDutta-d2y,0.0001144600504689246,0.0,0.0,0,1,positive,unknown,0.8271,0
@AlaDin9726,0.0001144600504689246,0.0,0.0,0,1,positive,job_displacement,0.3612,0
@Akuliso,0.0001144600504689246,0.0,0.0,0,1,neutral,productivity,0.0,0
@AkshayKumar-bk3mx,0.0001144600504689246,0.0,0.0,0,1,positive,job_displacement,0.4019,1
@Adoni.Official,0.0001144600504689246,0.0,0.0,0,1,positive,reliability,0.10405,0
@Aadi-d3s,0.0001144600504689246,0.0,0.0,0,1,positive,cost,0.4404,0
@Aayushh-77,0.0001144600504689246,0.0,0.0,0,1,positive,unknown,0.6908,0
@Abbas_girl,0.0001144600504689246,0.0,0.0,0,1,positive,productivity,0.4019,0
@Abdullah_N1987,0.0001144600504689246,0.0,0.0,0,1,positive,productivity,0.3736,0
@AbdullahiMomoh-o9j,0.0001144600504689246,0.0,0.0,0,1,positive,productivity,0.6115,0
@Abinanthan_CG,0.0001144600504689246,0.0,0.0,0,1,positive,productivity,0.6369,1
@Acetyl53,0.0001144600504689246,0.0,0.0,0,1,neutral,job_displacement,0.0,0
@AdamLMore,0.0001144600504689246,0.0,0.0,0,1,negative,cost,-0.11175,6
@AdesanyaPraise-o6b,0.0001144600504689246,0.0,0.0,0,1,positive,unknown,0.4404,0
@AdityaBorah16,0.0001144600504689246,0.0,0.0,0,1,positive,unknown,0.6124,0
@AdityaP-e9p,0.0001144600504689246,0.0,0.0,0,1,neutral,unknown,0.0,3
@AdrianPraljak,0.0001144600504689246,0.0,0.0,0,1,positive,job_displacement,0.9136,0
@Akos.1976,0.0001144600504689246,0.0,0.0,0,1,positive,productivity,0.148,0
@AggyLovesGames,0.0001144600504689246,0.0,0.0,0,1,negative,productivity,-0.3605,6
@Ahai9,0.0001144600504689246,0.0,0.0,0,1,positive,job_displacement,0.6124,0
@AhamadurIbrahim,0.0001144600504689246,0.0,0.0,0,1,neutral,job_displacement,0.0,0
@AhmedMoussa147,0.0001144600504689246,0.0,0.0,0,1,positive,reliability,0.2846,6
@Ahmet-x3m2g,0.0001144600504689246,0.0,0.0,0,1,negative,job_displacement,-0.34,2
@AjarnSpencer,0.0001144600504689246,0.0,0.0,0,1,positive,reliability,0.3355333333333333,0
@Ajmaleeee,0.0001144600504689246,0.0,0.0,0,1,positive,reliability,0.2732,0
@AkHunlarr,0.0001144600504689246,0.0,0.0,0,1,neutral,job_displacement,0.0,0
@AkashKumar-jw8tb,0.0001144600504689246,0.0,0.0,0,1,neutral,productivity,0.0,12
@AkashiSenju-1,0.0001144600504689246,0.0,0.0,0,2,negative,job_displacement,-0.060066666666666636,0
@AkiAkiV,0.0001144600504689246,0.0,0.0,0,1,negative,cost,-0.5719,0
@Cloude-Learn-h6c,0.0001144600504689246,0.0,0.0,0,1,neutral,reliability,0.0,0
@CodeAsm,0.0001144600504689246,0.0,0.0,0,1,positive,job_displacement,0.9826,12
@InsightfulUndercurrents,0.0001144600504689246,0.0,0.0,0,2,positive,job_displacement,0.4927,0
@Gabriel-rg7cy,0.0001144600504689246,0.0,0.0,0,1,positive,cost,0.0951,2
@GamerKingPro2,0.0001144600504689246,0.0,0.0,0,1,positive,productivity,0.7717,2
@GatoBombastic-o7o,0.0001144600504689246,0.0,0.0,0,1,neutral,reliability,0.0,1
@GeeGee_GPT,0.0001144600504689246,0.0,0.0,0,1,positive,job_displacement,0.4019,0
@GeekyHistorian,0.0001144600504689246,0.0,0.0,0,1,positive,productivity,0.2732,2
@GeminiAir,0.0001144600504689246,0.0,0.0,0,1,negative,job_displacement,-0.296,0
@General_Aladeen,0.0001144600504689246,0.0,0.0,0,1,positive,job_displacement,0.4019,0
@GharacDurac,0.0001144600504689246,0.0,0.0,0,1,negative,job_displacement,-0.4635,0
@Gift3d_Hands,0.0001144600504689246,0.0,0.0,0,1,neutral,job_displacement,0.0,4
@GigaMarou,0.0001144600504689246,0.0,0.0,0,1,positive,reliability,0.3243,0
@Giona_2,0.0001144600504689246,0.0,0.0,0,1,positive,productivity,0.9967,8
@GlenHHodges,0.0001144600504689246,0.0,0.0,0,6,positive,productivity,0.46271666666666667,3
@GlobalCareerQuest.7317,0.0001144600504689246,0.0,0.0,0,2,positive,job_displacement,0.05295,1
@Gmapsscraperpro,0.0001144600504689246,0.0,0.0,0,1,positive,job_displacement,0.296,0
@Goggleboxing,0.0001144600504689246,0.0,0.0,0,3,positive,job_displacement,0.4855333333333333,0
@GoldmediaSubscribeme,0.0001144600504689246,0.0,0.0,0,1,positive,job_displacement,0.5719,0
@GoodBaleadaMusic,0.0001144600504689246,0.0,0.0,0,2,positive,productivity,0.4166,5
@Goose1594,0.0001144600504689246,0.0,0.0,0,1,positive,job_displacement,0.9018,7
@GoriIIaTactics,0.0001144600504689246,0.0,0.0,0,1,positive,productivity,0.4215,1
@GouRP2022,0.0001144600504689246,0.0,0.0,0,1,positive,job_displacement,0.4588,0
@Goziefrankhub,0.0001144600504689246,0.0,0.0,0,1,positive,productivity,0.504,0
@GrandAdminralThrawn-Vari-gh4mu,0.0001144600504689246,0.0,0.0,0,1,neutral,reliability,0.0,10
@Gratitude_247,0.0001144600504689246,0.0,0.0,0,1,neutral,job_displacement,0.0,0
@GreenLiv-254,0.0001144600504689246,0.0,0.0,0,1,negative,reliability,-0.6369,0
@GregIsenberg,0.0001144600504689246,0.0,0.0,0,12,positive,productivity,0.3516333333333333,3
@GrizzlyBear42,0.0001144600504689246,0.0,0.0,0,1,neutral,cost,0.0,1
@GameBouncerBem,0.0001144600504689246,0.0,0.0,0,4,positive,productivity,0.136525,2
@GabenGiveaways,0.0001144600504689246,0.0,0.0,0,1,neutral,job_displacement,0.0,0
@Falcon_797,0.0001144600504689246,0.0,0.0,0,1,positive,productivity,0.4767,2
@GT9653,0.0001144600504689246,0.0,0.0,0,1,positive,job_displacement,0.2869,4
@FawziaRahman-s7h,0.0001144600504689246,0.0,0.0,0,1,neutral,unknown,0.0,0
@FelipeAndrade10,0.0001144600504689246,0.0,0.0,0,1,negative,cost,-0.2235,0
@Feroxiss,0.0001144600504689246,0.0,0.0,0,1,neutral,reliability,0.0,0
@Fightcensorshipnow,0.0001144600504689246,0.0,0.0,0,1,positive,job_displacement,0.981,0
@FilterChain,0.0001144600504689246,0.0,0.0,0,4,positive,productivity,0.26195,2
@FinalOmission,0.0001144600504689246,0.0,0.0,0,1,positive,job_displacement,0.8689,0
@FirstnameLastname-cl4op,0.0001144600504689246,0.0,0.0,0,1,positive,productivity,0.2283,0
@Fish10000,0.0001144600504689246,0.0,0.0,0,1,neutral,productivity,0.0,0
@FjdixucjdZhzhzjzj,0.0001144600504689246,0.0,0.0,0,1,positive,job_displacement,0.07455,2
@Fleckon,0.0001144600504689246,0.0,0.0,0,1,neutral,unknown,0.0,1
@Flubberio,0.0001144600504689246,0.0,0.0,0,1,neutral,job_displacement,0.0,10
@Fluent-Future-4-Success,0.0001144600504689246,0.0,0.0,0,1,neutral,productivity,0.0,0
@Fluxonian,0.0001144600504689246,0.0,0.0,0,1,neutral,job_displacement,0.0,0
@Fmanoid,0.0001144600504689246,0.0,0.0,0,1,neutral,reliability,0.0,0
@Freakazoid12345,0.0001144600504689246,0.0,0.0,0,1,negative,productivity,-0.3736,0
@Freddiechavira,0.0001144600504689246,0.0,0.0,0,1,neutral,unknown,0.0,0
@FreeTrial0315,0.0001144600504689246,0.0,0.0,0,1,positive,job_displacement,0.5859,1
@FruityHachi,0.0001144600504689246,0.0,0.0,0,1,positive,job_displacement,0.064,0
@Fulmoondog,0.0001144600504689246,0.0,0.0,0,1,positive,reliability,0.5984,0
@FunWithBits,0.0001144600504689246,0.0,0.0,0,1,positive,reliability,0.2023,0
@Furobe,0.0001144600504689246,0.0,0.0,0,1,positive,job_displacement,0.7003,0
@FutureStatesWithIkem,0.0001144600504689246,0.0,0.0,0,1,neutral,productivity,0.0,0
@GBOAC,0.0001144600504689246,0.0,0.0,0,1,neutral,job_displacement,0.0,0
@GGouthamReddy,0.0001144600504689246,0.0,0.0,0,1,positive,job_displacement,0.4019,1
@GSteeZyHD,0.0001144600504689246,0.0,0.0,0,1,neutral,cost,0.0,0
@GrowingThroughWithJodey,0.0001144600504689246,0.0,0.0,0,1,positive,reliability,0.93,0
@Gstakes,0.0001144600504689246,0.0,0.0,0,1,neutral,job_displacement,-0.0258,0
@GuilhermeHenrique-tz5mn,0.0001144600504689246,0.0,0.0,0,1,neutral,cost,0.0,0
@Guillerq,0.0001144600504689246,0.0,0.0,0,1,positive,job_displacement,0.3716,2
@HiveGod-k2d,0.0001144600504689246,0.0,0.0,0,1,positive,productivity,0.6144499999999999,1
@HoangOB,0.0001144600504689246,0.0,0.0,0,1,positive,reliability,0.6364,0
@Homecare888,0.0001144600504689246,0.0,0.0,0,1,positive,cost,0.3612,0
@HonestGuy-gh9yn,0.0001144600504689246,0.0,0.0,0,1,positive,productivity,0.5859,0
@Horeyezone,0.0001144600504689246,0.0,0.0,0,1,positive,productivity,0.5634,0
@Hou-no,0.0001144600504689246,0.0,0.0,0,1,positive,reliability,0.3404,5
@HuggyBuggy-v6u,0.0001144600504689246,0.0,0.0,0,1,positive,job_displacement,0.4019,0
@IG7799-c4u,0.0001144600504689246,0.0,0.0,0,1,neutral,unknown,0.0,0
@ILYASSXEBEC,0.0001144600504689246,0.0,0.0,0,1,positive,job_displacement,0.7602,0
@ITHASA-015,0.0001144600504689246,0.0,0.0,0,1,positive,job_displacement,0.6369,1
@ITPhilK,0.0001144600504689246,0.0,0.0,0,1,positive,job_displacement,0.2263,0
@IamOl1vebranch,0.0001144600504689246,0.0,0.0,0,1,negative,job_displacement,-0.1531,2
@IanJoseph-t3m,0.0001144600504689246,0.0,0.0,0,1,positive,cost,0.9342,0
@Ianstark0071,0.0001144600504689246,0.0,0.0,0,1,positive,job_displacement,0.504,1
@Ibrahim-fh6kv,0.0001144600504689246,0.0,0.0,0,1,neutral,productivity,0.0,0
@IfYouEscapedYTKidsIWillGetYou,0.0001144600504689246,0.0,0.0,0,1,positive,productivity,0.3384,0
@IloPilo,0.0001144600504689246,0.0,0.0,0,1,positive,productivity,0.6369,0
@Im_SD,0.0001144600504689246,0.0,0.0,0,1,neutral,cost,0.0,0
@ImmortalBlick,0.0001144600504689246,0.0,0.0,0,1,positive,job_displacement,0.4404,0
@Imran-M-,0.0001144600504689246,0.0,0.0,0,1,positive,job_displacement,0.8126,2
@ImranShaikh-gb6js,0.0001144600504689246,0.0,0.0,0,1,positive,productivity,0.3612,0
@IndefiniteMark,0.0001144600504689246,0.0,0.0,0,1,positive,cost,0.7156,0
@Infinityhoops1111,0.0001144600504689246,0.0,0.0,0,1,neutral,productivity,0.0,0
@Infopediacom,0.0001144600504689246,0.0,0.0,0,1,positive,job_displacement,0.5994,1
@Innofuge,0.0001144600504689246,0.0,0.0,0,1,negative,productivity,-0.5323,0
@HistoryFactsVault,0.0001144600504689246,0.0,0.0,0,1,neutral,productivity,0.0,1
@HimanshuYTA,0.0001144600504689246,0.0,0.0,0,1,positive,productivity,0.5027,0
@Himanshu-l6c3i,0.0001144600504689246,0.0,0.0,0,1,positive,productivity,0.296,2
@HaroonAhmed-66,0.0001144600504689246,0.0,0.0,0,1,neutral,unknown,0.0,0
@GunTech,0.0001144600504689246,0.0,0.0,0,1,neutral,productivity,0.0,0
@Gurpreet45251,0.0001144600504689246,0.0,0.0,0,1,neutral,reliability,0.0,0
@Gypelayo,0.0001144600504689246,0.0,0.0,0,1,positive,job_displacement,0.8387,11
@H0kage1160,0.0001144600504689246,0.0,0.0,0,1,positive,productivity,0.47,2
@HD_099,0.0001144600504689246,0.0,0.0,0,1,neutral,unknown,0.0,0
@HOGnetwork,0.0001144600504689246,0.0,0.0,0,1,negative,productivity,-0.2732,0
@Hacsukh,0.0001144600504689246,0.0,0.0,0,1,neutral,cost,0.0,0
@HadiMalik-y6w,0.0001144600504689246,0.0,0.0,0,1,neutral,unknown,0.0,0
@HaiiDesigns,0.0001144600504689246,0.0,0.0,0,1,neutral,unknown,0.0,1
@Hapkumdo,0.0001144600504689246,0.0,0.0,0,1,positive,cost,0.7568,10
@HappyCat-v2c,0.0001144600504689246,0.0,0.0,0,1,negative,job_displacement,-0.13775,0
@HarryPierpoint,0.0001144600504689246,0.0,0.0,0,1,positive,productivity,0.4404,0
@Hilman_Faiz,0.0001144600504689246,0.0,0.0,0,2,negative,cost,-0.11315,5
@Harsh-lf4bw,0.0001144600504689246,0.0,0.0,0,1,neutral,job_displacement,0.0,0
@Harshaivibes,0.0001144600504689246,0.0,0.0,0,1,positive,productivity,0.1806,0
@Haytch500,0.0001144600504689246,0.0,0.0,0,1,positive,reliability,0.25,0
@Hekkam_747,0.0001144600504689246,0.0,0.0,0,2,negative,productivity,-0.28545,3
@Hellboy_euii,0.0001144600504689246,0.0,0.0,0,1,positive,productivity,0.9873,0
@Heniilll,0.0001144600504689246,0.0,0.0,0,1,neutral,job_displacement,0.0,1
@HerrTiSo,0.0001144600504689246,0.0,0.0,0,1,neutral,cost,0.0,0
@HessLTD,0.0001144600504689246,0.0,0.0,0,1,neutral,reliability,0.0,0
@HexaCypher_x,0.0001144600504689246,0.0,0.0,0,1,positive,productivity,0.1901,0
@HeyMrHappy,0.0001144600504689246,0.0,0.0,0,1,positive,reliability,0.35325,0
@HiddenView1977,0.0001144600504689246,0.0,0.0,0,1,positive,productivity,0.05794999999999999,12
@Fantasmagorikus,0.0001144600504689246,0.0,0.0,0,1,positive,unknown,0.4404,0
@Fakepilot,0.0001144600504689246,0.0,0.0,0,1,positive,reliability,0.6617500000000001,1
@CodeSnippetByChetanGhate,0.0001144600504689246,0.0,0.0,0,8,positive,job_displacement,0.4199,1
@DZlAmir,0.0001144600504689246,0.0,0.0,0,1,neutral,cost,0.0,2
@DanRoach,0.0001144600504689246,0.0,0.0,0,1,positive,job_displacement,0.4767,7
@Daore05,0.0001144600504689246,0.0,0.0,0,1,positive,productivity,0.1806,2
@DaoudMclovin,0.0001144600504689246,0.0,0.0,0,1,positive,productivity,0.8422,0
@DarKnightKing88,0.0001144600504689246,0.0,0.0,0,1,positive,productivity,0.46619999999999995,1
@DarrenFuller,0.0001144600504689246,0.0,0.0,0,1,negative,productivity,-0.4215,1
@Das.Kleine.Krokodil,0.0001144600504689246,0.0,0.0,0,2,neutral,productivity,0.0,1
@Data-222,0.0001144600504689246,0.0,0.0,0,1,positive,job_displacement,0.5023,11
@DataLog,0.0001144600504689246,0.0,0.0,0,1,negative,job_displacement,-0.3601,1
@DavesGarage,0.0001144600504689246,0.0,0.0,0,1,positive,reliability,0.296,1
@Davesivak,0.0001144600504689246,0.0,0.0,0,1,negative,job_displacement,-0.3034,0
@Davestulsabuybacks,0.0001144600504689246,0.0,0.0,0,2,neutral,productivity,0.0,0
@DavidBrown30,0.0001144600504689246,0.0,0.0,0,1,positive,job_displacement,0.8803,0
@DavidKohout,0.0001144600504689246,0.0,0.0,0,1,neutral,productivity,0.0143,1
@DavidSegura99,0.0001144600504689246,0.0,0.0,0,3,positive,productivity,0.2198,2
@DavidWard14,0.0001144600504689246,0.0,0.0,0,1,positive,reliability,0.3089,0
@DavidtheSwarfer,0.0001144600504689246,0.0,0.0,0,2,positive,productivity,0.10396666666666665,5
@DavvagTechTalks,0.0001144600504689246,0.0,0.0,0,1,positive,job_displacement,0.7929666666666667,0
@DazieArt,0.0001144600504689246,0.0,0.0,0,1,negative,job_displacement,-0.8996,0
@Deathridaz714,0.0001144600504689246,0.0,0.0,0,1,neutral,job_displacement,0.0,0
@DeepEnginerd,0.0001144600504689246,0.0,0.0,0,1,positive,job_displacement,0.52565,0
@DeepInTheory99,0.0001144600504689246,0.0,0.0,0,1,neutral,reliability,0.0,0
@DeepakDutta-o8x,0.0001144600504689246,0.0,0.0,0,1,neutral,unknown,0.0,0
@Deewinter00,0.0001144600504689246,0.0,0.0,0,1,neutral,productivity,0.0,23
@Defnd3r,0.0001144600504689246,0.0,0.0,0,1,neutral,productivity,0.0,2
@DeltaForce1522,0.0001144600504689246,0.0,0.0,0,1,positive,job_displacement,0.2356,2
@Damons-Old-Soul,0.0001144600504689246,0.0,0.0,0,1,positive,job_displacement,0.4019,0
@DS-kr3lm,0.0001144600504689246,0.0,0.0,0,1,negative,job_displacement,-0.2238,1
@Fabuliosorus,0.0001144600504689246,0.0,0.0,0,1,positive,unknown,0.4404,6
@DLUGA-NAZWA,0.0001144600504689246,0.0,0.0,0,2,positive,reliability,0.3855,1
@CodeWithVibeCoder,0.0001144600504689246,0.0,0.0,0,1,neutral,productivity,0.0,0
@Codecraft-tube,0.0001144600504689246,0.0,0.0,0,1,positive,productivity,0.4404,0
@Codevolution,0.0001144600504689246,0.0,0.0,0,3,positive,reliability,0.3339666666666667,8
@CodyKampain-u4r9u,0.0001144600504689246,0.0,0.0,0,1,negative,unknown,-0.148,1
@CoffeeSlaps,0.0001144600504689246,0.0,0.0,0,1,negative,productivity,-0.6486,9
@Cognitoman,0.0001144600504689246,0.0,0.0,0,2,negative,job_displacement,-0.29295,0
@ColdLamineyamalEditz,0.0001144600504689246,0.0,0.0,0,1,positive,reliability,0.5457,0
@Comment_Boss,0.0001144600504689246,0.0,0.0,0,1,neutral,job_displacement,0.0,1
@Coodiasha,0.0001144600504689246,0.0,0.0,0,1,positive,job_displacement,0.3336,0
@CoolF-jd7rr,0.0001144600504689246,0.0,0.0,0,1,positive,job_displacement,0.4588,1
@Coolbreez3,0.0001144600504689246,0.0,0.0,0,1,neutral,productivity,0.0,0
@CourtneyKlein-m9b,0.0001144600504689246,0.0,0.0,0,1,positive,reliability,0.4404,0
@CowLevel-r5z,0.0001144600504689246,0.0,0.0,0,1,positive,job_displacement,0.128,0
@CraftOfProgramming,0.0001144600504689246,0.0,0.0,0,2,positive,job_displacement,0.16570000000000001,6
@Crazy1Clive,0.0001144600504689246,0.0,0.0,0,1,positive,job_displacement,0.508,1
@Create-The-Imaginable,0.0001144600504689246,0.0,0.0,0,1,negative,reliability,-0.4738,0
@CreateTravelTV,0.0001144600504689246,0.0,0.0,0,1,positive,job_displacement,0.128,2
@Culturelens,0.0001144600504689246,0.0,0.0,0,3,positive,job_displacement,0.21771666666666667,1
@Cutie_animals-m3h,0.0001144600504689246,0.0,0.0,0,1,positive,productivity,0.49925,0
@DEMediaDrive,0.0001144600504689246,0.0,0.0,0,1,neutral,job_displacement,0.0,1
@DIY_Foodie,0.0001144600504689246,0.0,0.0,0,1,neutral,unknown,0.0,0
@DJ-Music-on-arm,0.0001144600504689246,0.0,0.0,0,1,negative,unknown,-0.4767,1
@DJMeku,0.0001144600504689246,0.0,0.0,0,1,positive,job_displacement,0.7644,2
@DKBLive,0.0001144600504689246,0.0,0.0,0,1,positive,job_displacement,0.9301,0
@DLCS-2,0.0001144600504689246,0.0,0.0,0,1,positive,unknown,0.5859,0
@DereckBreuning,0.0001144600504689246,0.0,0.0,0,1,positive,productivity,0.6249,0
@Dev-op7kn,0.0001144600504689246,0.0,0.0,0,1,positive,job_displacement,0.2177,0
@DevDividend,0.0001144600504689246,0.0,0.0,0,1,negative,productivity,-0.29295,0
@DevelopersDigest,0.0001144600504689246,0.0,0.0,0,4,positive,job_displacement,0.265175,2
@Easyclick01,0.0001144600504689246,0.0,0.0,0,1,neutral,productivity,0.0,12
@EduardoFlores-kw4lz,0.0001144600504689246,0.0,0.0,0,1,positive,productivity,0.6486,1
@Egzvorg,0.0001144600504689246,0.0,0.0,0,1,neutral,job_displacement,0.0,0
@El-Aminoh,0.0001144600504689246,0.0,0.0,0,1,negative,cost,-0.5423,57
@Elektrataloon,0.0001144600504689246,0.0,0.0,0,1,positive,productivity,0.67135,0
@ElementaryWatson_fafo,0.0001144600504689246,0.0,0.0,0,1,neutral,productivity,-0.0018666666666666647,0
@ElenaS-de9hq,0.0001144600504689246,0.0,0.0,0,1,positive,unknown,0.8918,0
@EleryDavid,0.0001144600504689246,0.0,0.0,0,1,positive,cost,0.5994,1
@Elevate_Daily_1108,0.0001144600504689246,0.0,0.0,0,1,positive,productivity,0.965,0
@Emanon04,0.0001144600504689246,0.0,0.0,0,1,positive,productivity,0.4939,0
@EngineAware,0.0001144600504689246,0.0,0.0,0,2,positive,productivity,0.2617,0
@EpticityOG,0.0001144600504689246,0.0,0.0,0,1,negative,productivity,-0.3947,0
@Erariz,0.0001144600504689246,0.0,0.0,0,1,negative,productivity,-0.6829,0
@EsculachoPolítico-k1o,0.0001144600504689246,0.0,0.0,0,1,positive,job_displacement,0.18909999999999996,9
@Ete_Simplifies_PersonalFinance,0.0001144600504689246,0.0,0.0,0,2,positive,job_displacement,0.46543333333333337,0
@Eurokiwiboy,0.0001144600504689246,0.0,0.0,0,2,positive,unknown,0.3083,0
@EvaFrass0,0.0001144600504689246,0.0,0.0,0,1,neutral,cost,0.0,0
@EvolvingRichie,0.0001144600504689246,0.0,0.0,0,1,positive,reliability,0.2516,1
@ExoCharles,0.0001144600504689246,0.0,0.0,0,2,positive,productivity,0.16113333333333335,5
@ExperienceIsNow,0.0001144600504689246,0.0,0.0,0,1,neutral,reliability,0.0129,3
@ExplorerOfTheGalaxy,0.0001144600504689246,0.0,0.0,0,2,negative,reliability,-0.148,41
@F0rkGray,0.0001144600504689246,0.0,0.0,0,1,positive,productivity,0.2144,0
@FG-td4vs,0.0001144600504689246,0.0,0.0,0,1,positive,job_displacement,0.6908,14
@FNAIGUY,0.0001144600504689246,0.0,0.0,0,1,positive,reliability,0.3784,6
@FREEGEMS,0.0001144600504689246,0.0,0.0,0,1,neutral,job_displacement,0.0,0
@Earzone63,0.0001144600504689246,0.0,0.0,0,1,positive,productivity,0.4215,0
@EWMS,0.0001144600504689246,0.0,0.0,0,1,negative,reliability,-0.18910000000000002,0
@ELECTROMIST,0.0001144600504689246,0.0,0.0,0,1,neutral,job_displacement,0.0,2
@Dokuzu,0.0001144600504689246,0.0,0.0,0,1,neutral,productivity,0.0,1
@Deven777-u5q,0.0001144600504689246,0.0,0.0,0,1,positive,reliability,0.4753,0
@DiegoTorres-kv7js,0.0001144600504689246,0.0,0.0,0,1,neutral,productivity,-0.0417,1
@DievestorsNeverLearn,0.0001144600504689246,0.0,0.0,0,1,neutral,job_displacement,0.0,2
@DilakhNamraye,0.0001144600504689246,0.0,0.0,0,1,neutral,job_displacement,0.0,0
@DinoB-x1z,0.0001144600504689246,0.0,0.0,0,1,negative,productivity,-0.2202,0
@DivineLyrics-ru2ch,0.0001144600504689246,0.0,0.0,0,3,positive,unknown,0.5714,1
@Divine_wave23,0.0001144600504689246,0.0,0.0,0,1,positive,productivity,0.4404,2
@DjSapsan,0.0001144600504689246,0.0,0.0,0,1,neutral,cost,0.0,0
@Djellowman,0.0001144600504689246,0.0,0.0,0,1,positive,productivity,0.2202,5
@DoctorTweak,0.0001144600504689246,0.0,0.0,0,1,negative,unknown,-0.296,0
@Dojodyo,0.0001144600504689246,0.0,0.0,0,1,positive,productivity,0.52565,0
@Dom-zy1qy,0.0001144600504689246,0.0,0.0,0,1,positive,job_displacement,0.3892333333333333,1
@Dygit,0.0001144600504689246,0.0,0.0,0,1,positive,productivity,0.3945,4
@DomainManaging,0.0001144600504689246,0.0,0.0,0,1,positive,productivity,0.4031,2
@Donnirononon,0.0001144600504689246,0.0,0.0,0,2,positive,job_displacement,0.25805,3
@DrChapelStudio,0.0001144600504689246,0.0,0.0,0,1,positive,job_displacement,0.4019,0
@DrJones117,0.0001144600504689246,0.0,0.0,0,1,negative,productivity,-0.4767,0
@DraconicLee,0.0001144600504689246,0.0,0.0,0,1,neutral,unknown,0.0,0
@DreamingConcepts,0.0001144600504689246,0.0,0.0,0,1,positive,productivity,0.9051,1
@DrewPia81,0.0001144600504689246,0.0,0.0,0,1,neutral,productivity,0.0,0
@Drkekw,0.0001144600504689246,0.0,0.0,0,2,neutral,unknown,0.0,0
@DropAndHook7574,0.0001144600504689246,0.0,0.0,0,1,positive,productivity,0.6115,1
@Dt09-pn,0.0001144600504689246,0.0,0.0,0,1,neutral,cost,0.0,1
@Dusty2455433,0.0001144600504689246,0.0,0.0,0,2,positive,reliability,0.54335,0
@Soya8827,0.0001144600504689246,0.0,0.0,0,1,neutral,unknown,0.0,11
@SpeedexplorerYt,0.0001144600504689246,0.0,0.0,0,1,neutral,job_displacement,0.0,0
@SpinDriftTheory,0.0001144600504689246,0.0,0.0,0,1,positive,productivity,0.50785,1
@davetown,0.0001144600504689246,0.0,0.0,0,1,positive,job_displacement,0.8748,0
@davidfrance3536,0.0001144600504689246,0.0,0.0,0,1,neutral,reliability,0.0,6
@davidgorgan0408,0.0001144600504689246,0.0,0.0,0,1,negative,job_displacement,-0.509,1
@davidgual93,0.0001144600504689246,0.0,0.0,0,2,neutral,job_displacement,0.0,0
@davidhawley1132,0.0001144600504689246,0.0,0.0,0,2,positive,job_displacement,0.2232,2
@davidli4527,0.0001144600504689246,0.0,0.0,0,1,positive,productivity,0.907,1
@davidlloyd5656,0.0001144600504689246,0.0,0.0,0,1,neutral,productivity,0.0,0
@davidmercado2329,0.0001144600504689246,0.0,0.0,0,1,positive,job_displacement,0.4019,0
@davidmichaels307,0.0001144600504689246,0.0,0.0,0,1,positive,productivity,0.19129999999999997,5
@davidrichardson3573,0.0001144600504689246,0.0,0.0,0,1,positive,reliability,0.46563333333333334,1
@davidvalens3337,0.0001144600504689246,0.0,0.0,0,1,neutral,job_displacement,0.0,0
@davidwalz94,0.0001144600504689246,0.0,0.0,0,1,positive,productivity,0.38239999999999996,0
@davidzais,0.0001144600504689246,0.0,0.0,0,1,positive,job_displacement,0.6369,0
@dayknight29,0.0001144600504689246,0.0,0.0,0,2,negative,unknown,-0.2667,0
@dcoleyoung,0.0001144600504689246,0.0,0.0,0,1,negative,job_displacement,-0.0772,4
@deadbeefcodex,0.0001144600504689246,0.0,0.0,0,1,positive,job_displacement,0.195025,2
@deanschulze3129,0.0001144600504689246,0.0,0.0,0,1,negative,job_displacement,-0.1531,0
@deathineyes,0.0001144600504689246,0.0,0.0,0,1,positive,productivity,0.73955,3
@debiduttakanungo902,0.0001144600504689246,0.0,0.0,0,1,positive,job_displacement,0.1154,0
@deengel0,0.0001144600504689246,0.0,0.0,0,1,neutral,productivity,0.0,11
@deepakjaswal2609,0.0001144600504689246,0.0,0.0,0,1,neutral,job_displacement,0.0,1
@deepankarjoshi6057,0.0001144600504689246,0.0,0.0,0,1,neutral,job_displacement,0.0,0
@deleted_user_inactive,0.0001144600504689246,0.0,0.0,0,1,negative,productivity,-0.6808,0
@delux7500,0.0001144600504689246,0.0,0.0,0,1,positive,reliability,0.8271,1
@demezziah,0.0001144600504689246,0.0,0.0,0,1,neutral,unknown,0.0,0
@deniskoreyba188,0.0001144600504689246,0.0,0.0,0,1,neutral,job_displacement,0.0,0
@davidedelstein6600,0.0001144600504689246,0.0,0.0,0,1,neutral,job_displacement,0.0,0
@daveinpublic,0.0001144600504689246,0.0,0.0,0,1,positive,reliability,0.1531,1
@dailydosesofrandommoments,0.0001144600504689246,0.0,0.0,0,2,positive,productivity,0.17175,1
@dastagirwajahat,0.0001144600504689246,0.0,0.0,0,1,neutral,reliability,0.0,2
@daltondifferent8574,0.0001144600504689246,0.0,0.0,0,1,positive,reliability,0.6858,1
@dan-g8e2f,0.0001144600504689246,0.0,0.0,0,1,neutral,productivity,0.0,0
@dan23.2,0.0001144600504689246,0.0,0.0,0,1,positive,job_displacement,0.9337,0
@danbeth7713,0.0001144600504689246,0.0,0.0,0,1,positive,job_displacement,0.4939,1
@danbrown4205,0.0001144600504689246,0.0,0.0,0,1,negative,reliability,-0.168,0
@daniel6185,0.0001144600504689246,0.0,0.0,0,1,neutral,productivity,-0.0258,1
@danielhova7826,0.0001144600504689246,0.0,0.0,0,2,positive,productivity,0.8483499999999999,5
@danielleivy8180,0.0001144600504689246,0.0,0.0,0,1,positive,job_displacement,0.0516,8
@danielleza908,0.0001144600504689246,0.0,0.0,0,1,positive,productivity,0.4404,18
@danielpalmer4981,0.0001144600504689246,0.0,0.0,0,1,neutral,productivity,0.0,1
@daniels0987,0.0001144600504689246,0.0,0.0,0,3,positive,reliability,0.71645,1
@danielsoto9876,0.0001144600504689246,0.0,0.0,0,2,negative,unknown,-0.1354,0
@danielwicklow516,0.0001144600504689246,0.0,0.0,0,1,neutral,unknown,0.0,0
@daniilv-s8q,0.0001144600504689246,0.0,0.0,0,1,positive,job_displacement,0.31595,0
@danikimastia4346,0.0001144600504689246,0.0,0.0,0,1,neutral,job_displacement,0.0,0
@danillohenriquedeoliveiram9246,0.0001144600504689246,0.0,0.0,0,1,positive,unknown,0.4404,0
@dannyfcabrera,0.0001144600504689246,0.0,0.0,0,1,neutral,reliability,0.0,0
@dannytruong4425,0.0001144600504689246,0.0,0.0,0,3,positive,productivity,0.2526333333333333,0
@danquigley,0.0001144600504689246,0.0,0.0,0,1,neutral,reliability,0.0,1
@dansimmoai,0.0001144600504689246,0.0,0.0,0,1,negative,productivity,-0.3404,0
@darks4ys,0.0001144600504689246,0.0,0.0,0,1,negative,productivity,-0.1806,2
@darth_pronator,0.0001144600504689246,0.0,0.0,0,1,neutral,productivity,0.025475000000000005,0
@darthychannel,0.0001144600504689246,0.0,0.0,0,1,negative,productivity,-0.6704,0
@daryl9915,0.0001144600504689246,0.0,0.0,0,1,positive,productivity,0.38155,1
@dashuanull,0.0001144600504689246,0.0,0.0,0,1,negative,job_displacement,-0.4158,0
@dennisfarmer1322,0.0001144600504689246,0.0,0.0,0,1,positive,productivity,0.9175,0
@densiswo6857,0.0001144600504689246,0.0,0.0,0,1,negative,job_displacement,-0.3043,0
@deogratiusvalerin3750,0.0001144600504689246,0.0,0.0,0,1,positive,productivity,0.3612,0
@derichawes3765,0.0001144600504689246,0.0,0.0,0,1,positive,unknown,0.926,0
@doctorpenguinpenguin,0.0001144600504689246,0.0,0.0,0,1,positive,cost,0.5256,0
@documentprogress,0.0001144600504689246,0.0,0.0,0,1,neutral,reliability,0.0,0
@dogzer,0.0001144600504689246,0.0,0.0,0,2,positive,reliability,0.2202,6
@dojd3000,0.0001144600504689246,0.0,0.0,0,1,negative,productivity,-0.357,0
@dollarquantums,0.0001144600504689246,0.0,0.0,0,1,positive,productivity,0.3182,11
@dominionrealestatellc52,0.0001144600504689246,0.0,0.0,0,2,positive,productivity,0.2997,0
@don_care-i2z,0.0001144600504689246,0.0,0.0,0,2,positive,unknown,0.26703333333333334,13
@donaldpierce6877,0.0001144600504689246,0.0,0.0,0,1,neutral,cost,0.0,7
@dongyoblee2668,0.0001144600504689246,0.0,0.0,0,1,positive,cost,0.6486,25
@donsudduth,0.0001144600504689246,0.0,0.0,0,1,negative,productivity,-0.4574,0
@donutrangerr,0.0001144600504689246,0.0,0.0,0,1,neutral,productivity,0.0,0
@dragline7287,0.0001144600504689246,0.0,0.0,0,1,positive,job_displacement,0.47685,17
@dragonknight201,0.0001144600504689246,0.0,0.0,0,1,positive,job_displacement,0.8625,0
@dsantosfranco,0.0001144600504689246,0.0,0.0,0,1,neutral,job_displacement,0.0,0
@ducpham1920,0.0001144600504689246,0.0,0.0,0,1,negative,productivity,-0.125,0
@dudestravel8934,0.0001144600504689246,0.0,0.0,0,1,neutral,productivity,0.0,1
@dukeblaxton,0.0001144600504689246,0.0,0.0,0,1,positive,productivity,0.2857,2
@dynamicworlds1,0.0001144600504689246,0.0,0.0,0,1,positive,job_displacement,0.754,3
@e-e40,0.0001144600504689246,0.0,0.0,0,2,negative,job_displacement,-0.223,1
@eLokiEah,0.0001144600504689246,0.0,0.0,0,1,positive,productivity,0.9633,2
@e_one_m_one,0.0001144600504689246,0.0,0.0,0,2,positive,job_displacement,0.3198666666666667,3
@eaman11,0.0001144600504689246,0.0,0.0,0,1,positive,reliability,0.42375,1
@ebx,0.0001144600504689246,0.0,0.0,0,1,positive,productivity,0.7964,3
@eckee,0.0001144600504689246,0.0,0.0,0,1,positive,reliability,0.4019,0
@ecoBag-777,0.0001144600504689246,0.0,0.0,0,1,positive,job_displacement,0.7576,1
@dmitripogosian5084,0.0001144600504689246,0.0,0.0,0,4,positive,job_displacement,0.289825,0
@dkundel-openai,0.0001144600504689246,0.0,0.0,0,2,positive,productivity,0.1423,4
@dj1480,0.0001144600504689246,0.0,0.0,0,1,positive,unknown,0.60655,2
@dianaishappy88,0.0001144600504689246,0.0,0.0,0,1,positive,job_displacement,0.6124,0
@derivedx,0.0001144600504689246,0.0,0.0,0,1,positive,reliability,0.4404,2
@desertglowprints,0.0001144600504689246,0.0,0.0,0,1,neutral,reliability,0.0,0
@destinyegbuaba4963,0.0001144600504689246,0.0,0.0,0,1,neutral,cost,0.0,0
@dettek01,0.0001144600504689246,0.0,0.0,0,1,negative,cost,-0.4588,0
@deusex8576,0.0001144600504689246,0.0,0.0,0,2,negative,job_displacement,-0.19809999999999997,0
@devConstructor,0.0001144600504689246,0.0,0.0,0,1,positive,productivity,0.42685,0
@dev_insights783,0.0001144600504689246,0.0,0.0,0,1,negative,job_displacement,-0.7351,3
@devnull0x01,0.0001144600504689246,0.0,0.0,0,7,negative,productivity,-0.10174285714285715,8
@dexmaether,0.0001144600504689246,0.0,0.0,0,1,neutral,job_displacement,0.0,0
@dfasdsaf,0.0001144600504689246,0.0,0.0,0,1,positive,unknown,0.4404,0
@dhengghuring,0.0001144600504689246,0.0,0.0,0,1,neutral,reliability,0.0,0
@dicomdan,0.0001144600504689246,0.0,0.0,0,1,neutral,cost,0.0,0
@divyanshudn,0.0001144600504689246,0.0,0.0,0,1,neutral,job_displacement,0.0,0
@dieepipen2865,0.0001144600504689246,0.0,0.0,0,1,positive,reliability,0.6597,1
@diegoX6Turbo,0.0001144600504689246,0.0,0.0,0,2,neutral,reliability,0.0,4
@diegofranciscoherreragre1685,0.0001144600504689246,0.0,0.0,0,1,positive,productivity,0.4026,1
@diegoj4382,0.0001144600504689246,0.0,0.0,0,1,neutral,job_displacement,0.0258,1
@diegopalo4073,0.0001144600504689246,0.0,0.0,0,1,positive,job_displacement,0.5826,4
@digvijaygowda2107,0.0001144600504689246,0.0,0.0,0,1,neutral,job_displacement,0.0,1
@dikshasfood,0.0001144600504689246,0.0,0.0,0,1,positive,unknown,0.4404,0
@dinand28,0.0001144600504689246,0.0,0.0,0,1,neutral,job_displacement,0.0,2
@diotitus,0.0001144600504689246,0.0,0.0,0,1,negative,job_displacement,-0.264,0
@dipeshmallaT,0.0001144600504689246,0.0,0.0,0,1,positive,job_displacement,0.4019,1
@divyaalokverma,0.0001144600504689246,0.0,0.0,0,1,positive,unknown,0.4404,0
@daisuke_soraichi,0.0001144600504689246,0.0,0.0,0,1,neutral,unknown,0.0,2
@dadgamer27,0.0001144600504689246,0.0,0.0,0,1,neutral,productivity,0.0,0
@eduardonajarrojr,0.0001144600504689246,0.0,0.0,0,1,positive,job_displacement,0.8442,3
@catuhana,0.0001144600504689246,0.0,0.0,0,1,negative,job_displacement,-0.296,9
@ccash3290,0.0001144600504689246,0.0,0.0,0,1,neutral,productivity,0.0,1
@centipedekid9824,0.0001144600504689246,0.0,0.0,0,1,negative,productivity,-0.27115,0
@centralopsai,0.0001144600504689246,0.0,0.0,0,1,neutral,reliability,0.0,0
@cerankas,0.0001144600504689246,0.0,0.0,0,1,neutral,reliability,0.0,0
@cfuendev,0.0001144600504689246,0.0,0.0,0,1,neutral,job_displacement,-0.0343,36
@chad-lad,0.0001144600504689246,0.0,0.0,0,1,positive,job_displacement,0.1275,3
@chadMbro,0.0001144600504689246,0.0,0.0,0,1,neutral,job_displacement,0.0,0
@charleslyra5458,0.0001144600504689246,0.0,0.0,0,1,neutral,unknown,0.0,0
@cheese-power,0.0001144600504689246,0.0,0.0,0,1,positive,reliability,0.83365,3
@cheese22,0.0001144600504689246,0.0,0.0,0,1,negative,job_displacement,-0.3384,1
@chesterman18g,0.0001144600504689246,0.0,0.0,0,1,positive,reliability,0.09935000000000001,0
@cheyrasmussen264,0.0001144600504689246,0.0,0.0,0,1,positive,productivity,0.8957,1
@chicomo58,0.0001144600504689246,0.0,0.0,0,1,positive,reliability,0.875,0
@chidorirasenganz,0.0001144600504689246,0.0,0.0,0,2,positive,reliability,0.41355,5
@chillycaty,0.0001144600504689246,0.0,0.0,0,1,negative,productivity,-0.6597,7
@chocobrim9469,0.0001144600504689246,0.0,0.0,0,1,neutral,productivity,0.0,0
@choochye3956,0.0001144600504689246,0.0,0.0,0,1,neutral,productivity,0.0,0
@chrisdavis6264,0.0001144600504689246,0.0,0.0,0,1,positive,reliability,0.4061,2
@chrisgarty,0.0001144600504689246,0.0,0.0,0,1,positive,job_displacement,0.9715,9
@chrishutchinson3827,0.0001144600504689246,0.0,0.0,0,1,positive,productivity,0.4927,0
@chrisjones2730,0.0001144600504689246,0.0,0.0,0,1,positive,job_displacement,0.7304,0
@christianc9,0.0001144600504689246,0.0,0.0,0,1,negative,cost,-0.5574,0
@chrisvanart,0.0001144600504689246,0.0,0.0,0,1,positive,job_displacement,0.2382,0
@chromatic2006,0.0001144600504689246,0.0,0.0,0,1,positive,productivity,0.4696,0
@chronometer9931,0.0001144600504689246,0.0,0.0,0,2,neutral,reliability,-0.0258,0
@caydenrgarrett,0.0001144600504689246,0.0,0.0,0,1,positive,unknown,0.8271,0
@catofdeepblack,0.0001144600504689246,0.0,0.0,0,1,negative,productivity,-0.296,3
@da6640,0.0001144600504689246,0.0,0.0,0,1,neutral,job_displacement,0.0343,14
@catalinul1461,0.0001144600504689246,0.0,0.0,0,1,positive,productivity,0.2263,0
@buffaloccudda2994,0.0001144600504689246,0.0,0.0,0,1,neutral,unknown,0.0,0
@bufflehead_RBMK,0.0001144600504689246,0.0,0.0,0,1,neutral,job_displacement,0.0,2
@buildsNbytes,0.0001144600504689246,0.0,0.0,0,1,positive,job_displacement,0.4404,0
@byrnemeister2008,0.0001144600504689246,0.0,0.0,0,3,positive,productivity,0.45333333333333337,1
@bytebits-1,0.0001144600504689246,0.0,0.0,0,1,negative,productivity,-0.0772,0
@c0mm4nd3r4,0.0001144600504689246,0.0,0.0,0,1,neutral,cost,0.0,1
@c1ark3c,0.0001144600504689246,0.0,0.0,0,1,positive,productivity,0.6848,1
@c5n8,0.0001144600504689246,0.0,0.0,0,1,neutral,job_displacement,0.0,2
@c_u_l8er,0.0001144600504689246,0.0,0.0,0,1,neutral,job_displacement,0.0,0
@caco8292,0.0001144600504689246,0.0,0.0,0,1,positive,cost,0.5473,0
@caksocker,0.0001144600504689246,0.0,0.0,0,2,positive,job_displacement,0.056833333333333326,3
@califur,0.0001144600504689246,0.0,0.0,0,1,neutral,job_displacement,0.0,0
@calligraphypgn,0.0001144600504689246,0.0,0.0,0,1,positive,unknown,0.4404,0
@calloused8758,0.0001144600504689246,0.0,0.0,0,1,neutral,job_displacement,0.0,4
@calmanoya,0.0001144600504689246,0.0,0.0,0,1,positive,unknown,0.6369,0
@camlinhall1363,0.0001144600504689246,0.0,0.0,0,1,positive,job_displacement,0.7964,0
@canisiuskaaria716,0.0001144600504689246,0.0,0.0,0,1,positive,job_displacement,0.4939,0
@cap.grozelha,0.0001144600504689246,0.0,0.0,0,1,neutral,unknown,0.0,0
@carlos-o7z-s6e,0.0001144600504689246,0.0,0.0,0,1,positive,reliability,0.2197,1
@carltonlambert7608,0.0001144600504689246,0.0,0.0,0,2,positive,job_displacement,0.17020000000000002,1
@carsongutierrez7072,0.0001144600504689246,0.0,0.0,0,1,positive,job_displacement,0.6588,1
@carsonmcmahon8830,0.0001144600504689246,0.0,0.0,0,1,positive,job_displacement,0.1901,3
@casadogaspar,0.0001144600504689246,0.0,0.0,0,1,negative,reliability,-0.12704999999999997,102
@casanova5743,0.0001144600504689246,0.0,0.0,0,1,negative,productivity,-0.802,1
@cat86581,0.0001144600504689246,0.0,0.0,0,1,positive,productivity,0.6841,2
@chuckynorris616,0.0001144600504689246,0.0,0.0,0,1,positive,job_displacement,0.125,0
@chukwuedo,0.0001144600504689246,0.0,0.0,0,1,neutral,reliability,0.0,0
@cihannesvat4261,0.0001144600504689246,0.0,0.0,0,1,neutral,cost,0.0,2
@ciro9951,0.0001144600504689246,0.0,0.0,0,1,negative,job_displacement,-0.4023,0
@conradconrad4225,0.0001144600504689246,0.0,0.0,0,1,positive,job_displacement,0.8268,0
@constantinosbou,0.0001144600504689246,0.0,0.0,0,1,positive,productivity,0.1531,1
@contrast_zero,0.0001144600504689246,0.0,0.0,0,1,positive,productivity,0.7672,11
@copycatz6170,0.0001144600504689246,0.0,0.0,0,1,neutral,reliability,0.0,1
@coreyallen2631,0.0001144600504689246,0.0,0.0,0,1,negative,cost,-0.5859,1
@corpse_mutilator,0.0001144600504689246,0.0,0.0,0,1,negative,productivity,-0.9823,1
@cozycasasmr4510,0.0001144600504689246,0.0,0.0,0,1,positive,productivity,0.0644,2
@crackedd_dev,0.0001144600504689246,0.0,0.0,0,1,neutral,productivity,0.0,0
@crapshot321,0.0001144600504689246,0.0,0.0,0,1,neutral,unknown,0.0,1
@crashfellow82,0.0001144600504689246,0.0,0.0,0,1,positive,job_displacement,0.4215,1
@crazy_anuj_12,0.0001144600504689246,0.0,0.0,0,1,positive,reliability,0.65925,4
@creativesoundstudios-0111,0.0001144600504689246,0.0,0.0,0,1,positive,productivity,0.4215,0
@creggy,0.0001144600504689246,0.0,0.0,0,1,neutral,productivity,0.0,6
@crickguy2003,0.0001144600504689246,0.0,0.0,0,1,neutral,cost,0.0,25
@crispogee,0.0001144600504689246,0.0,0.0,0,1,neutral,unknown,0.0,0
@cristichitz99,0.0001144600504689246,0.0,0.0,0,1,neutral,productivity,0.0,0
@crono102,0.0001144600504689246,0.0,0.0,0,1,negative,productivity,-0.06449999999999999,0
@cronopios20,0.0001144600504689246,0.0,0.0,0,1,negative,productivity,-0.5423,0
@cryptowealthonyt,0.0001144600504689246,0.0,0.0,0,1,positive,job_displacement,0.25,0
@cs108828,0.0001144600504689246,0.0,0.0,0,1,positive,productivity,0.3612,0
@cursedboy4810,0.0001144600504689246,0.0,0.0,0,1,positive,job_displacement,0.4588,0
@cv542,0.0001144600504689246,0.0,0.0,0,1,neutral,productivity,0.0,0
@cyclone760,0.0001144600504689246,0.0,0.0,0,1,neutral,productivity,0.0,1
@cyla4828,0.0001144600504689246,0.0,0.0,0,1,negative,productivity,-0.4019,0
@cynthia.supports,0.0001144600504689246,0.0,0.0,0,1,neutral,job_displacement,0.0,0
@connorhayes2711,0.0001144600504689246,0.0,0.0,0,1,neutral,productivity,0.0,0
@coninewern,0.0001144600504689246,0.0,0.0,0,2,neutral,productivity,0.049250000000000016,8
@confidential303,0.0001144600504689246,0.0,0.0,0,1,positive,job_displacement,0.5757,0
@codehead01,0.0001144600504689246,0.0,0.0,0,1,positive,productivity,0.7506,1
@claudiusarnellius2465,0.0001144600504689246,0.0,0.0,0,1,neutral,unknown,0.0,3
@claytonhinkle5468,0.0001144600504689246,0.0,0.0,0,2,positive,job_displacement,0.19153333333333333,0
@clintonkeith5333,0.0001144600504689246,0.0,0.0,0,1,neutral,reliability,0.0,1
@clivejefferies,0.0001144600504689246,0.0,0.0,0,1,neutral,reliability,0.0,0
@cloudboysmusic5223,0.0001144600504689246,0.0,0.0,0,1,positive,productivity,0.4215,3
@cloverologie,0.0001144600504689246,0.0,0.0,0,1,positive,cost,0.3953,3
@clyde._,0.0001144600504689246,0.0,0.0,0,1,positive,reliability,0.7003,2
@cn7abc,0.0001144600504689246,0.0,0.0,0,1,positive,job_displacement,0.4767,0
@cnk8766,0.0001144600504689246,0.0,0.0,0,1,neutral,job_displacement,0.0,0
@code,0.0001144600504689246,0.0,0.0,0,26,positive,productivity,0.239304,70
@codecrushers21,0.0001144600504689246,0.0,0.0,0,1,positive,job_displacement,0.5500499999999999,1
@codem2022,0.0001144600504689246,0.0,0.0,0,1,neutral,productivity,0.0,0
@conferencecowboy,0.0001144600504689246,0.0,0.0,0,1,neutral,job_displacement,0.0,0
@coding-sisyphus,0.0001144600504689246,0.0,0.0,0,1,positive,reliability,0.5423,1
@codinginflow,0.0001144600504689246,0.0,0.0,0,1,positive,job_displacement,0.1547666666666667,2
@cojgky,0.0001144600504689246,0.0,0.0,0,1,negative,productivity,-0.5574,0
@coloRADoRADdad,0.0001144600504689246,0.0,0.0,0,1,positive,reliability,0.322175,3
@colorbassdoggo365,0.0001144600504689246,0.0,0.0,0,1,negative,productivity,-0.5423,0
@combatninjaturtle,0.0001144600504689246,0.0,0.0,0,1,positive,productivity,0.8885,0
@commieTerminator,0.0001144600504689246,0.0,0.0,0,3,neutral,reliability,0.0,0
@commonman5768,0.0001144600504689246,0.0,0.0,0,1,positive,job_displacement,0.67,3
@compcos,0.0001144600504689246,0.0,0.0,0,3,positive,job_displacement,0.648275,3
@computer_science10,0.0001144600504689246,0.0,0.0,0,1,negative,job_displacement,-0.4761,3
@conan_der_barbar,0.0001144600504689246,0.0,0.0,0,1,neutral,job_displacement,0.0,13
@eduardhosu5961,0.0001144600504689246,0.0,0.0,0,1,negative,job_displacement,-0.4767,3
@edupugantiaaditya3105,0.0001144600504689246,0.0,0.0,0,1,neutral,cost,0.0,1
@Spl1ntMan,0.0001144600504689246,0.0,0.0,0,1,negative,productivity,-0.8442,1
@goofballbiscuits3647,0.0001144600504689246,0.0,0.0,0,1,positive,job_displacement,0.9592,0
@gorzkowskipiotr9294,0.0001144600504689246,0.0,0.0,0,1,positive,job_displacement,0.3313,0
@gprband1376,0.0001144600504689246,0.0,0.0,0,1,neutral,unknown,0.0,6
@graemejones9707,0.0001144600504689246,0.0,0.0,0,3,negative,job_displacement,-0.07016666666666665,0
@grapy83,0.0001144600504689246,0.0,0.0,0,1,positive,job_displacement,0.8126,0
@grechmann6631,0.0001144600504689246,0.0,0.0,0,1,neutral,productivity,0.0,0
@green4636,0.0001144600504689246,0.0,0.0,0,1,positive,job_displacement,0.7351,0
@grega36912,0.0001144600504689246,0.0,0.0,0,1,positive,job_displacement,0.12430000000000002,1
@gregcode,0.0001144600504689246,0.0,0.0,0,8,positive,job_displacement,0.3666222222222222,5
@gregrice1354,0.0001144600504689246,0.0,0.0,0,1,positive,job_displacement,0.83465,2
@gregtuve1109,0.0001144600504689246,0.0,0.0,0,1,positive,reliability,0.8611,0
@grit_on,0.0001144600504689246,0.0,0.0,0,1,neutral,unknown,0.0,0
@grutoshi,0.0001144600504689246,0.0,0.0,0,1,neutral,unknown,0.0,0
@gruttewibe76,0.0001144600504689246,0.0,0.0,0,1,positive,reliability,0.9246,0
@grzegorzk5149,0.0001144600504689246,0.0,0.0,0,2,positive,job_displacement,0.7822333333333334,1
@gs4207,0.0001144600504689246,0.0,0.0,0,1,neutral,unknown,0.0,0
@gsapienza,0.0001144600504689246,0.0,0.0,0,1,neutral,cost,0.0,1
@guacamole_platform,0.0001144600504689246,0.0,0.0,0,1,positive,productivity,0.6239,0
@guillaume_dx,0.0001144600504689246,0.0,0.0,0,1,positive,job_displacement,0.5983,2
@guillermomazzari8320,0.0001144600504689246,0.0,0.0,0,1,positive,productivity,0.30893333333333334,2
@gulabpatel7477,0.0001144600504689246,0.0,0.0,0,1,positive,job_displacement,0.2382,0
@gusnje98,0.0001144600504689246,0.0,0.0,0,1,positive,reliability,0.31845,4
@guyambar,0.0001144600504689246,0.0,0.0,0,1,unknown,unknown,0.0,0
@guyincognito1983,0.0001144600504689246,0.0,0.0,0,1,positive,productivity,0.52308,1
@guywithclass,0.0001144600504689246,0.0,0.0,0,1,positive,productivity,0.4404,0
@h3rald837,0.0001144600504689246,0.0,0.0,0,1,neutral,reliability,0.0,0
@gordonsteen8415,0.0001144600504689246,0.0,0.0,0,1,positive,job_displacement,0.7533,1
@gonewild6596,0.0001144600504689246,0.0,0.0,0,1,neutral,reliability,0.0,0
@georgivelev77,0.0001144600504689246,0.0,0.0,0,1,positive,job_displacement,0.0964,0
@golodiassaid4879,0.0001144600504689246,0.0,0.0,0,1,positive,job_displacement,0.3182,1
@geraldsidd3922,0.0001144600504689246,0.0,0.0,0,1,positive,job_displacement,0.608,13
@gerardvazquezai,0.0001144600504689246,0.0,0.0,0,2,neutral,reliability,0.0,0
@gerdsfargen6687,0.0001144600504689246,0.0,0.0,0,2,negative,job_displacement,-0.148,0
@getoutfromheresuar,0.0001144600504689246,0.0,0.0,0,1,positive,cost,0.25,0
@geunyoungkim7245,0.0001144600504689246,0.0,0.0,0,1,neutral,reliability,0.0,0
@gh5q-k4s,0.0001144600504689246,0.0,0.0,0,1,neutral,productivity,0.0,1
@ghelmstetter-AI,0.0001144600504689246,0.0,0.0,0,1,neutral,job_displacement,0.0,0
@ghost_cold567,0.0001144600504689246,0.0,0.0,0,1,positive,productivity,0.6124,0
@ghoststriker2544,0.0001144600504689246,0.0,0.0,0,1,neutral,job_displacement,0.0,0
@gianlucatramontano3334,0.0001144600504689246,0.0,0.0,0,1,negative,productivity,-0.7845,0
@gibbs677bg,0.0001144600504689246,0.0,0.0,0,1,negative,productivity,-0.1531,0
@giftowercom,0.0001144600504689246,0.0,0.0,0,1,positive,productivity,0.5859,1
@gigaklibadze6579,0.0001144600504689246,0.0,0.0,0,1,neutral,job_displacement,0.0,3
@gildrb,0.0001144600504689246,0.0,0.0,0,1,negative,job_displacement,-0.395,0
@gilian2587,0.0001144600504689246,0.0,0.0,0,1,negative,productivity,-0.1935,0
@ginabeattie,0.0001144600504689246,0.0,0.0,0,1,neutral,productivity,0.0,0
@giovannilamantia6348,0.0001144600504689246,0.0,0.0,0,1,negative,productivity,-0.5316,0
@gledatelj1979,0.0001144600504689246,0.0,0.0,0,3,positive,productivity,0.51875,8
@glitchdigger,0.0001144600504689246,0.0,0.0,0,1,neutral,job_displacement,0.0,0
@global-masla,0.0001144600504689246,0.0,0.0,0,1,positive,job_displacement,0.4019,2
@gmhussein,0.0001144600504689246,0.0,0.0,0,1,neutral,productivity,0.0258,0
@gmvir4190,0.0001144600504689246,0.0,0.0,0,1,neutral,productivity,0.0,0
@goatinginmountains,0.0001144600504689246,0.0,0.0,0,1,negative,productivity,-0.7353666666666667,10
@gofrisuto,0.0001144600504689246,0.0,0.0,0,1,positive,cost,0.4019,0
@goldko,0.0001144600504689246,0.0,0.0,0,1,negative,job_displacement,-0.4019,0
@h3w3z1,0.0001144600504689246,0.0,0.0,0,1,negative,job_displacement,-0.1406,1
@hackmaster6109,0.0001144600504689246,0.0,0.0,0,1,positive,job_displacement,0.8122,0
@hacksawhackmann,0.0001144600504689246,0.0,0.0,0,1,negative,productivity,-0.4939,2
@hadjuse2.87,0.0001144600504689246,0.0,0.0,0,1,positive,productivity,0.5771,1
@honkhonk8009,0.0001144600504689246,0.0,0.0,0,1,neutral,productivity,0.033099999999999984,1
@hoosiersparty7408,0.0001144600504689246,0.0,0.0,0,1,positive,productivity,0.3134,3
@hornt3chgaming,0.0001144600504689246,0.0,0.0,0,1,neutral,job_displacement,0.0,1
@howitsdone1238,0.0001144600504689246,0.0,0.0,0,1,negative,reliability,-0.296,0
@ht1238,0.0001144600504689246,0.0,0.0,0,2,positive,productivity,0.25286666666666663,2
@hugh_know_who1926,0.0001144600504689246,0.0,0.0,0,2,positive,reliability,0.41355,0
@hulamanta3002,0.0001144600504689246,0.0,0.0,0,1,neutral,reliability,0.0,16
@human-animalchimeraprohibi2143,0.0001144600504689246,0.0,0.0,0,1,positive,productivity,0.4019,0
@hwapyongedouard,0.0001144600504689246,0.0,0.0,0,3,positive,job_displacement,0.2461,9
@hyperkun,0.0001144600504689246,0.0,0.0,0,1,positive,job_displacement,0.0772,0
@hypervanse,0.0001144600504689246,0.0,0.0,0,2,positive,cost,0.212,0
@i11usion,0.0001144600504689246,0.0,0.0,0,1,positive,productivity,0.4939,1
@iAmPrince-7,0.0001144600504689246,0.0,0.0,0,1,neutral,unknown,0.0,1
@iGexogen,0.0001144600504689246,0.0,0.0,0,1,positive,job_displacement,0.743,1
@iHawke,0.0001144600504689246,0.0,0.0,0,1,positive,productivity,0.128,0
@iPigus.,0.0001144600504689246,0.0,0.0,0,1,negative,productivity,-0.4314,6
@iSyx.,0.0001144600504689246,0.0,0.0,0,1,neutral,productivity,0.0,0
@iWhacko,0.0001144600504689246,0.0,0.0,0,1,neutral,job_displacement,0.0,0
@i_am_groot_25,0.0001144600504689246,0.0,0.0,0,1,positive,unknown,0.8271,0
@iaMpossibleAdisakinnoPomngam,0.0001144600504689246,0.0,0.0,0,1,positive,productivity,0.8658,0
@iabd6888,0.0001144600504689246,0.0,0.0,0,1,neutral,unknown,0.0,0
@iabubakr571,0.0001144600504689246,0.0,0.0,0,1,neutral,productivity,0.0,5
@iamkayceee,0.0001144600504689246,0.0,0.0,0,1,negative,cost,-0.5574,15
@iamsorrynishantbro,0.0001144600504689246,0.0,0.0,0,1,positive,productivity,0.6998,0
@ibealion1,0.0001144600504689246,0.0,0.0,0,1,positive,reliability,0.9309,0
@hofimastah,0.0001144600504689246,0.0,0.0,0,1,negative,cost,-0.6486,0
@hiteshpunjabi9413,0.0001144600504689246,0.0,0.0,0,1,positive,productivity,0.3382,0
@himanshuop84,0.0001144600504689246,0.0,0.0,0,1,neutral,job_displacement,0.0,0
@harshdeep7015,0.0001144600504689246,0.0,0.0,0,1,positive,reliability,0.3612,0
@haidersyed6554,0.0001144600504689246,0.0,0.0,0,1,positive,job_displacement,0.10404285714285713,10
@hambugerlelol7482,0.0001144600504689246,0.0,0.0,0,1,negative,cost,-0.1779,0
@hammondsoftware,0.0001144600504689246,0.0,0.0,0,1,positive,productivity,0.256175,0
@handlehaggler,0.0001144600504689246,0.0,0.0,0,1,positive,productivity,0.61085,0
@handybobandy,0.0001144600504689246,0.0,0.0,0,1,positive,productivity,0.2023,2
@happiness-outdoors,0.0001144600504689246,0.0,0.0,0,1,negative,job_displacement,-0.1513,0
@hardworkerarmy5090,0.0001144600504689246,0.0,0.0,0,1,neutral,productivity,0.0387,1
@harjeetsingh3120,0.0001144600504689246,0.0,0.0,0,1,positive,unknown,0.891,0
@harotsa,0.0001144600504689246,0.0,0.0,0,1,negative,job_displacement,-0.20255000000000004,12
@harrisonlawton9630,0.0001144600504689246,0.0,0.0,0,1,positive,productivity,0.3182,7
@harryjohnson615,0.0001144600504689246,0.0,0.0,0,1,negative,job_displacement,-0.4019,1
@harshrathore.21,0.0001144600504689246,0.0,0.0,0,1,neutral,unknown,0.0,0
@hifijohn,0.0001144600504689246,0.0,0.0,0,1,neutral,reliability,0.0,0
@harshvb2676,0.0001144600504689246,0.0,0.0,0,1,positive,productivity,0.2113,0
@hassansong7630,0.0001144600504689246,0.0,0.0,0,1,positive,job_displacement,0.8246,0
@hayden-james,0.0001144600504689246,0.0,0.0,0,1,positive,job_displacement,0.4404,0
@haysowl,0.0001144600504689246,0.0,0.0,0,1,neutral,unknown,0.0,0
@hazelxbasil,0.0001144600504689246,0.0,0.0,0,2,positive,productivity,0.29295,1
@heartrippersenpai,0.0001144600504689246,0.0,0.0,0,1,positive,productivity,0.7964,10
@helmshardover,0.0001144600504689246,0.0,0.0,0,1,positive,productivity,0.29295,1
@hendrikd2113,0.0001144600504689246,0.0,0.0,0,1,neutral,unknown,0.0,0
@herdenq,0.0001144600504689246,0.0,0.0,0,1,neutral,productivity,0.0,1
@hermes6910,0.0001144600504689246,0.0,0.0,0,1,negative,productivity,-0.1572,24
@hf7219,0.0001144600504689246,0.0,0.0,0,1,positive,reliability,0.8402,0
@geovanyhernandez8640,0.0001144600504689246,0.0,0.0,0,1,neutral,productivity,0.0,4
@gelrev,0.0001144600504689246,0.0,0.0,0,1,positive,job_displacement,0.2263,0
@edwinskwok,0.0001144600504689246,0.0,0.0,0,1,positive,job_displacement,0.3182,1
@erasablesky2,0.0001144600504689246,0.0,0.0,0,1,negative,productivity,-0.7269,0
@ericmckevitt,0.0001144600504689246,0.0,0.0,0,1,positive,cost,0.164,30
@erikjohnson9112,0.0001144600504689246,0.0,0.0,0,1,positive,job_displacement,0.15436666666666668,4
@ermi5388,0.0001144600504689246,0.0,0.0,0,1,positive,job_displacement,0.2263,0
@ernestofavio6735,0.0001144600504689246,0.0,0.0,0,1,positive,reliability,0.743,1
@erniek0n,0.0001144600504689246,0.0,0.0,0,1,positive,job_displacement,0.5694,0
@erobusblack4856,0.0001144600504689246,0.0,0.0,0,1,positive,productivity,0.35975,1
@errorpixelyt,0.0001144600504689246,0.0,0.0,0,3,neutral,job_displacement,0.006066666666666665,7
@esgn.design,0.0001144600504689246,0.0,0.0,0,1,positive,job_displacement,0.644,1
@eternallyviv,0.0001144600504689246,0.0,0.0,0,1,positive,reliability,0.4588,0
@ethanartworks1737,0.0001144600504689246,0.0,0.0,0,1,positive,productivity,0.3818,0
@ethannky,0.0001144600504689246,0.0,0.0,0,1,neutral,job_displacement,0.0258,4
@ettagideon7526,0.0001144600504689246,0.0,0.0,0,2,negative,productivity,-0.05135,5
@evaloureiro8641,0.0001144600504689246,0.0,0.0,0,1,positive,productivity,0.6124,1
@everydaygaming7962,0.0001144600504689246,0.0,0.0,0,1,positive,reliability,0.4215,0
@everyonesview,0.0001144600504689246,0.0,0.0,0,1,negative,unknown,-0.31195,0
@exaversial-being,0.0001144600504689246,0.0,0.0,0,1,positive,productivity,0.18795,0
@expat-pilled,0.0001144600504689246,0.0,0.0,0,1,negative,productivity,-0.4404,1
@eygs493,0.0001144600504689246,0.0,0.0,0,1,positive,job_displacement,0.25316666666666665,1
@fabricetheodore7180,0.0001144600504689246,0.0,0.0,0,1,neutral,reliability,0.0,1
@fahadnaveed8641,0.0001144600504689246,0.0,0.0,0,1,negative,job_displacement,-0.197,1
@faizelnoorgat7141,0.0001144600504689246,0.0,0.0,0,1,positive,productivity,0.4404,0
@fallinginthed33p,0.0001144600504689246,0.0,0.0,0,1,negative,job_displacement,-0.296,2
@fallingscalesmedia,0.0001144600504689246,0.0,0.0,0,1,positive,job_displacement,0.9097,9
@familiekontoen1955,0.0001144600504689246,0.0,0.0,0,1,neutral,productivity,0.0,0
@farmer_fromIndia,0.0001144600504689246,0.0,0.0,0,1,positive,reliability,0.2732,10
@ericanderson8795,0.0001144600504689246,0.0,0.0,0,1,neutral,job_displacement,0.0,0
@entryfileshorts2989,0.0001144600504689246,0.0,0.0,0,1,neutral,job_displacement,0.0,0
@geebashiri3315,0.0001144600504689246,0.0,0.0,0,1,positive,job_displacement,0.21075,1
@entropy696,0.0001144600504689246,0.0,0.0,0,1,negative,cost,-0.1027,6
@eeeeeeeeeeeeesdbdjd,0.0001144600504689246,0.0,0.0,0,2,positive,productivity,0.24783333333333332,0
@eegreyy,0.0001144600504689246,0.0,0.0,0,1,positive,cost,0.3182,0
@efosai,0.0001144600504689246,0.0,0.0,0,1,positive,unknown,0.4404,0
@egjundis,0.0001144600504689246,0.0,0.0,0,1,neutral,productivity,0.0,5
@eiyukabe,0.0001144600504689246,0.0,0.0,0,1,positive,reliability,0.2635,0
@ek-7,0.0001144600504689246,0.0,0.0,0,1,neutral,unknown,0.0,0
@ekatiqul,0.0001144600504689246,0.0,0.0,0,1,positive,unknown,0.4404,7
@ekot0419,0.0001144600504689246,0.0,0.0,0,1,positive,productivity,0.6767,0
@elbokick4ss100,0.0001144600504689246,0.0,0.0,0,1,neutral,job_displacement,0.0,0
@elektrovert,0.0001144600504689246,0.0,0.0,0,1,positive,productivity,0.7184,0
@elenar33,0.0001144600504689246,0.0,0.0,0,1,positive,productivity,0.6124,0
@eliasetl7945,0.0001144600504689246,0.0,0.0,0,1,positive,reliability,0.25,0
@ellicel,0.0001144600504689246,0.0,0.0,0,1,negative,job_displacement,-0.128,0
@eluddite889,0.0001144600504689246,0.0,0.0,0,1,positive,productivity,0.296,1
@em_miley,0.0001144600504689246,0.0,0.0,0,1,neutral,productivity,0.0,0
@emanuelcalderon2912,0.0001144600504689246,0.0,0.0,0,1,positive,productivity,0.08625,3
@embersandash,0.0001144600504689246,0.0,0.0,0,1,neutral,unknown,0.0,6
@emilianofernandezcervantes4042,0.0001144600504689246,0.0,0.0,0,1,negative,job_displacement,-0.3485,0
@emilichannel,0.0001144600504689246,0.0,0.0,0,1,positive,job_displacement,0.128,18
@eminberkay,0.0001144600504689246,0.0,0.0,0,1,negative,cost,-0.1786,0
@emlh1,0.0001144600504689246,0.0,0.0,0,1,positive,cost,0.3612,45
@emman-u6j,0.0001144600504689246,0.0,0.0,0,1,neutral,productivity,0.0,0
@emnz1003,0.0001144600504689246,0.0,0.0,0,1,neutral,reliability,0.0,0
@endgamefond,0.0001144600504689246,0.0,0.0,0,1,negative,productivity,-0.3935,1
@english_with_bee,0.0001144600504689246,0.0,0.0,0,1,neutral,unknown,0.0,0
@fathallahwael529,0.0001144600504689246,0.0,0.0,0,1,neutral,productivity,0.0,0
@fayenotfaye,0.0001144600504689246,0.0,0.0,0,1,negative,job_displacement,-0.1027,7
@fbdjwjflac,0.0001144600504689246,0.0,0.0,0,2,negative,job_displacement,-0.20975,14
@felipejavierhernandez5387,0.0001144600504689246,0.0,0.0,0,1,positive,reliability,0.3612,1
@friedfrenzy525,0.0001144600504689246,0.0,0.0,0,1,neutral,productivity,0.0,0
@fritzstudios8571,0.0001144600504689246,0.0,0.0,0,1,negative,job_displacement,-0.7717,0
@fruitpunchsan1471,0.0001144600504689246,0.0,0.0,0,1,negative,job_displacement,-0.4767,0
@ftwtf,0.0001144600504689246,0.0,0.0,0,1,positive,job_displacement,0.4404,0
@fufuzinha,0.0001144600504689246,0.0,0.0,0,1,neutral,job_displacement,0.0,29
@funnyanimalworld7579,0.0001144600504689246,0.0,0.0,0,1,positive,productivity,0.3699,2
@fuocy,0.0001144600504689246,0.0,0.0,0,1,negative,job_displacement,-0.2263,3
@furikakez,0.0001144600504689246,0.0,0.0,0,2,positive,productivity,0.5286666666666666,0
@futurenautco,0.0001144600504689246,0.0,0.0,0,1,positive,productivity,0.6249,0
@fuzz-fruzz,0.0001144600504689246,0.0,0.0,0,1,positive,unknown,0.6908,0
@g33kadi,0.0001144600504689246,0.0,0.0,0,1,positive,job_displacement,0.4926,1
@gabrielcastro7027,0.0001144600504689246,0.0,0.0,0,1,positive,job_displacement,0.296,0
@gaeldilamh2572,0.0001144600504689246,0.0,0.0,0,1,neutral,job_displacement,0.0,0
@gaggioaxel,0.0001144600504689246,0.0,0.0,0,1,positive,job_displacement,0.6652,0
@galahirudilhara553,0.0001144600504689246,0.0,0.0,0,2,positive,job_displacement,0.8050666666666667,2
@galanoth17,0.0001144600504689246,0.0,0.0,0,1,positive,job_displacement,0.6808,1
@gameexpeditionwithatharva4419,0.0001144600504689246,0.0,0.0,0,1,positive,unknown,0.9153,31
@gameranters,0.0001144600504689246,0.0,0.0,0,1,neutral,unknown,0.0,0
@garad123456,0.0001144600504689246,0.0,0.0,0,1,neutral,job_displacement,0.0,7
@garethjax,0.0001144600504689246,0.0,0.0,0,2,neutral,reliability,0.0,1
@garolstipock,0.0001144600504689246,0.0,0.0,0,1,positive,job_displacement,0.4245,1
@garrettsellars,0.0001144600504689246,0.0,0.0,0,1,neutral,reliability,0.0,0
@garrymullins,0.0001144600504689246,0.0,0.0,0,1,negative,job_displacement,-0.5261,4
@gb5634,0.0001144600504689246,0.0,0.0,0,1,negative,productivity,-0.6369,0
@ge4r1a5ldsayz,0.0001144600504689246,0.0,0.0,0,1,positive,job_displacement,0.4404,0
@fredrikjosefsson3373,0.0001144600504689246,0.0,0.0,0,1,positive,productivity,0.1259,2
@fredfinger7092,0.0001144600504689246,0.0,0.0,0,1,neutral,unknown,0.0,0
@fraser-mclean,0.0001144600504689246,0.0,0.0,0,1,neutral,job_displacement,0.0,1
@fkxfkx,0.0001144600504689246,0.0,0.0,0,1,neutral,job_displacement,0.0,0
@ffcsin,0.0001144600504689246,0.0,0.0,0,1,negative,job_displacement,-0.7351,0
@fighterflash7503,0.0001144600504689246,0.0,0.0,0,1,positive,job_displacement,0.2263,0
@fillz-333,0.0001144600504689246,0.0,0.0,0,1,neutral,productivity,0.0,2
@finndemoncat9379,0.0001144600504689246,0.0,0.0,0,1,positive,productivity,0.3804,2
@fiqhonomics,0.0001144600504689246,0.0,0.0,0,1,negative,productivity,-0.7041,1
@firat-p4b,0.0001144600504689246,0.0,0.0,0,1,positive,unknown,0.7184,1
@firesamuraibr9425,0.0001144600504689246,0.0,0.0,0,1,neutral,job_displacement,0.0,0
@first275,0.0001144600504689246,0.0,0.0,0,1,positive,reliability,0.5106,6
@fisherkingpoet,0.0001144600504689246,0.0,0.0,0,1,positive,productivity,0.4939,0
@fishyfinthing8854,0.0001144600504689246,0.0,0.0,0,1,negative,productivity,-0.5859,3
@fivepandas1,0.0001144600504689246,0.0,0.0,0,1,negative,productivity,-0.07655,3
@flaviotome8641,0.0001144600504689246,0.0,0.0,0,1,positive,reliability,0.4019,0
@frankkelly1916,0.0001144600504689246,0.0,0.0,0,1,negative,cost,-0.5096,5
@flickerblip9044,0.0001144600504689246,0.0,0.0,0,1,neutral,job_displacement,0.0,0
@floydmayweather2043,0.0001144600504689246,0.0,0.0,0,1,neutral,unknown,0.0,0
@flyingbutter.246,0.0001144600504689246,0.0,0.0,0,1,neutral,productivity,0.0,7
@fmitsinc9146,0.0001144600504689246,0.0,0.0,0,1,negative,reliability,-0.1027,0
@foabodo,0.0001144600504689246,0.0,0.0,0,1,negative,productivity,-0.2732,0
@foreignwarren7361,0.0001144600504689246,0.0,0.0,0,3,neutral,cost,0.008074999999999999,5
@forhao,0.0001144600504689246,0.0,0.0,0,1,positive,unknown,0.4215,2
@foxy_robin,0.0001144600504689246,0.0,0.0,0,1,neutral,reliability,0.0,0
@frabber321,0.0001144600504689246,0.0,0.0,0,1,positive,productivity,0.5319,32
@francisco.segura,0.0001144600504689246,0.0,0.0,0,1,positive,reliability,0.5483,0
@francisco444,0.0001144600504689246,0.0,0.0,0,1,positive,productivity,0.20095,0
@buddiesbaba6725,0.0001144600504689246,0.0,0.0,0,1,positive,job_displacement,0.6249,0
@btoskic9390,0.0001144600504689246,0.0,0.0,0,1,positive,unknown,0.4404,0
@bsommerfeld03,0.0001144600504689246,0.0,0.0,0,1,positive,reliability,0.7184,0
@William0271,0.0001144600504689246,0.0,0.0,0,1,positive,job_displacement,0.5423,1
@Willoww_4life,0.0001144600504689246,0.0,0.0,0,1,positive,job_displacement,0.7351,0
@WisdomMonarch,0.0001144600504689246,0.0,0.0,0,1,positive,productivity,0.4215,0
@WonBeenLee,0.0001144600504689246,0.0,0.0,0,1,positive,productivity,0.5717,4
@X862go,0.0001144600504689246,0.0,0.0,0,1,neutral,job_displacement,0.049600000000000005,1
@XBEAST666-X,0.0001144600504689246,0.0,0.0,0,2,positive,job_displacement,0.25955,4
@XCodeForge,0.0001144600504689246,0.0,0.0,0,1,positive,job_displacement,0.2263,0
@XfilerD,0.0001144600504689246,0.0,0.0,0,1,positive,productivity,0.1531,0
@Xialoh,0.0001144600504689246,0.0,0.0,0,1,positive,job_displacement,0.4959,10
@Xurkon,0.0001144600504689246,0.0,0.0,0,1,positive,productivity,0.9064,0
@Y2Kvids,0.0001144600504689246,0.0,0.0,0,1,negative,reliability,-0.2732,15
@YaserHussain-p3l8z,0.0001144600504689246,0.0,0.0,0,2,positive,job_displacement,0.6769000000000001,10
@YashThakur-m3r,0.0001144600504689246,0.0,0.0,0,1,negative,job_displacement,-0.1796,3
@Yin-Yang-Tech,0.0001144600504689246,0.0,0.0,0,1,neutral,cost,0.0,0
@YourAIproctologist,0.0001144600504689246,0.0,0.0,0,1,neutral,job_displacement,0.0,7
@YourAverageTechBro,0.0001144600504689246,0.0,0.0,0,16,positive,productivity,0.4687529411764706,28
@YourFriendlyGymRat,0.0001144600504689246,0.0,0.0,0,1,negative,reliability,-0.4696,1
@YusufEbr,0.0001144600504689246,0.0,0.0,0,4,neutral,productivity,0.040025,16
@YükselToprak-r9y,0.0001144600504689246,0.0,0.0,0,1,neutral,productivity,0.0019666666666666665,2
@ZANES-YT,0.0001144600504689246,0.0,0.0,0,1,positive,productivity,0.8555,0
@ZZH511-b4h,0.0001144600504689246,0.0,0.0,0,1,positive,productivity,0.6369,0
@Zaary,0.0001144600504689246,0.0,0.0,0,1,negative,productivity,-0.4767,0
@Zacban,0.0001144600504689246,0.0,0.0,0,1,positive,unknown,0.25,3
@ZeNashB,0.0001144600504689246,0.0,0.0,0,1,positive,job_displacement,0.6124,6
@Zehra_malek,0.0001144600504689246,0.0,0.0,0,1,positive,job_displacement,0.7003,4
@ZephyrFox-y3k,0.0001144600504689246,0.0,0.0,0,1,positive,productivity,0.7658,1
@WilliamMungas,0.0001144600504689246,0.0,0.0,0,1,positive,productivity,0.8957,0
@WhizPill,0.0001144600504689246,0.0,0.0,0,1,neutral,productivity,0.0,0
@VamsiKrishna-pp4fy,0.0001144600504689246,0.0,0.0,0,1,positive,reliability,0.4215,0
@White_King,0.0001144600504689246,0.0,0.0,0,1,positive,job_displacement,0.6482,0
@Vantrakter,0.0001144600504689246,0.0,0.0,0,1,positive,job_displacement,0.486,0
@Vasault,0.0001144600504689246,0.0,0.0,0,1,neutral,job_displacement,-0.0498,1
@VectorAlphaSec,0.0001144600504689246,0.0,0.0,0,1,positive,job_displacement,0.2083,4
@VectorTwelve,0.0001144600504689246,0.0,0.0,0,1,neutral,productivity,0.0,0
@Vefeg89,0.0001144600504689246,0.0,0.0,0,1,positive,unknown,0.3818,3
@VeganRashad,0.0001144600504689246,0.0,0.0,0,1,neutral,unknown,0.0,0
@Vekikev1,0.0001144600504689246,0.0,0.0,0,1,positive,unknown,0.4877,0
@VenkadeshV,0.0001144600504689246,0.0,0.0,0,1,positive,unknown,0.1806,0
@VideoFission,0.0001144600504689246,0.0,0.0,0,1,positive,job_displacement,0.4404,0
@VietVagabond,0.0001144600504689246,0.0,0.0,0,1,negative,job_displacement,-0.7005,5
@VikOtis-Deploys-zl1bz,0.0001144600504689246,0.0,0.0,0,1,neutral,job_displacement,0.0,0
@Viking_Fish,0.0001144600504689246,0.0,0.0,0,1,negative,job_displacement,-0.5574,5
@VioFax,0.0001144600504689246,0.0,0.0,0,1,neutral,job_displacement,0.0243,0
@Vitamin-Tonic,0.0001144600504689246,0.0,0.0,0,1,positive,reliability,0.4926,2
@VixtorValentin,0.0001144600504689246,0.0,0.0,0,1,neutral,job_displacement,0.0,1
@VoloBuilds,0.0001144600504689246,0.0,0.0,0,49,positive,job_displacement,0.689194,13
@WHAT._ISPAT,0.0001144600504689246,0.0,0.0,0,1,positive,productivity,0.22485,0
@WIImotionmasher,0.0001144600504689246,0.0,0.0,0,1,positive,productivity,0.5399,4
@Walter_,0.0001144600504689246,0.0,0.0,0,1,neutral,job_displacement,0.0,1
@WartimeWhispersHQ,0.0001144600504689246,0.0,0.0,0,1,positive,reliability,0.4939,1
@Wastl42,0.0001144600504689246,0.0,0.0,0,1,neutral,cost,0.0,1
@WayOfTheZombie,0.0001144600504689246,0.0,0.0,0,1,neutral,job_displacement,0.0,0
@WblutSundAehre,0.0001144600504689246,0.0,0.0,0,1,neutral,job_displacement,0.044599999999999994,19
@WebieTM,0.0001144600504689246,0.0,0.0,0,1,neutral,reliability,0.0,1
@WhiteNight9096,0.0001144600504689246,0.0,0.0,0,1,neutral,job_displacement,0.0258,2
@ZiZU4851,0.0001144600504689246,0.0,0.0,0,1,negative,productivity,-0.2235,0
@Zuentax,0.0001144600504689246,0.0,0.0,0,1,positive,cost,0.296,0
@ZvolskyMi,0.0001144600504689246,0.0,0.0,0,1,positive,reliability,0.5106,0
@Zzan369,0.0001144600504689246,0.0,0.0,0,1,negative,job_displacement,-0.2047,22
@acrux2061,0.0001144600504689246,0.0,0.0,0,1,positive,job_displacement,0.5106,0
@acs1018,0.0001144600504689246,0.0,0.0,0,1,positive,cost,0.6908,0
@adamevans1166,0.0001144600504689246,0.0,0.0,0,1,positive,productivity,0.2263,15
@adamholter1884,0.0001144600504689246,0.0,0.0,0,1,neutral,productivity,0.0,2
@adammorocz1975,0.0001144600504689246,0.0,0.0,0,1,positive,cost,0.8655,1
@adamrushford,0.0001144600504689246,0.0,0.0,0,1,positive,reliability,0.0997,1
@adams-home-lab,0.0001144600504689246,0.0,0.0,0,1,negative,productivity,-0.20685,0
@adarshnaik2395,0.0001144600504689246,0.0,0.0,0,1,neutral,job_displacement,0.0,1
@adfaklsdjf,0.0001144600504689246,0.0,0.0,0,5,positive,job_displacement,0.18165,0
@adhamelsamahy2954,0.0001144600504689246,0.0,0.0,0,1,positive,productivity,0.3816,0
@adilsinbekesh4454,0.0001144600504689246,0.0,0.0,0,1,positive,productivity,0.3314,0
@adityaabhiram1230,0.0001144600504689246,0.0,0.0,0,1,neutral,reliability,0.0,15
@adjbey,0.0001144600504689246,0.0,0.0,0,2,neutral,productivity,-0.01815,1
@adnan7698,0.0001144600504689246,0.0,0.0,0,1,neutral,cost,0.0,4
@adonisengineering5508,0.0001144600504689246,0.0,0.0,0,1,negative,productivity,-0.1363,3
@adreamroom,0.0001144600504689246,0.0,0.0,0,1,neutral,job_displacement,0.0,0
@adrenaline19,0.0001144600504689246,0.0,0.0,0,3,positive,productivity,0.6763333333333333,1
@adriana.7111,0.0001144600504689246,0.0,0.0,0,1,neutral,job_displacement,0.0,0
@aeonsleo2,0.0001144600504689246,0.0,0.0,0,1,negative,job_displacement,-0.7469,0
@afailable,0.0001144600504689246,0.0,0.0,0,1,neutral,productivity,0.0,0
@affisalman5982,0.0001144600504689246,0.0,0.0,0,1,neutral,cost,0.0,1
@afiq980,0.0001144600504689246,0.0,0.0,0,1,negative,productivity,-0.4939,1
@afrozmohammad5982,0.0001144600504689246,0.0,0.0,0,1,positive,job_displacement,0.4019,2
@agastyajindal,0.0001144600504689246,0.0,0.0,0,1,positive,productivity,0.4261,4
@agathambrose,0.0001144600504689246,0.0,0.0,0,1,neutral,unknown,0.0,0
@achzam89,0.0001144600504689246,0.0,0.0,0,1,neutral,reliability,0.0,1
@acch78i,0.0001144600504689246,0.0,0.0,0,1,positive,job_displacement,0.7003,1
@acceptablecasualty5319,0.0001144600504689246,0.0,0.0,0,1,positive,productivity,0.296,2
@a.yashwanth,0.0001144600504689246,0.0,0.0,0,1,neutral,reliability,0.0,0
@_-Naruto-_,0.0001144600504689246,0.0,0.0,0,1,negative,productivity,-0.4767,9
@_BobZ_,0.0001144600504689246,0.0,0.0,0,1,neutral,unknown,0.0,0
@_Dibbler_,0.0001144600504689246,0.0,0.0,0,1,negative,productivity,-0.06824999999999998,1
@_Holy_Lance_,0.0001144600504689246,0.0,0.0,0,1,negative,reliability,-0.3595,5
@__BD__________8,0.0001144600504689246,0.0,0.0,0,1,positive,unknown,0.4168,0
@__________________________4073,0.0001144600504689246,0.0,0.0,0,1,positive,job_displacement,0.5719,10
@__recon3047,0.0001144600504689246,0.0,0.0,0,1,positive,job_displacement,0.4215,1
@_aidid,0.0001144600504689246,0.0,0.0,0,1,neutral,job_displacement,0.0,0
@_ghafour_,0.0001144600504689246,0.0,0.0,0,1,neutral,unknown,0.0,2
@_narcissist,0.0001144600504689246,0.0,0.0,0,1,neutral,productivity,0.0,0
@a---------------,0.0001144600504689246,0.0,0.0,0,1,positive,productivity,0.3612,5
@a_mediocre_meerkat,0.0001144600504689246,0.0,0.0,0,1,negative,productivity,-0.4404,0
@abraao2213,0.0001144600504689246,0.0,0.0,0,1,negative,job_displacement,-0.06980000000000001,0
@aarrkellz,0.0001144600504689246,0.0,0.0,0,1,positive,job_displacement,0.22475,9
@aayushsingh3360,0.0001144600504689246,0.0,0.0,0,1,positive,productivity,0.7003,0
@abbody121,0.0001144600504689246,0.0,0.0,0,1,neutral,productivity,0.0,0
@abdalla2093,0.0001144600504689246,0.0,0.0,0,1,positive,unknown,0.6249,1
@abduljunaid861,0.0001144600504689246,0.0,0.0,0,1,neutral,unknown,0.0,0
@abdullahkhanabdullah7376,0.0001144600504689246,0.0,0.0,0,2,positive,job_displacement,0.5498666666666666,0
@abdulsuluman1417,0.0001144600504689246,0.0,0.0,0,1,positive,productivity,0.6369,1
@abdurrehman6597,0.0001144600504689246,0.0,0.0,0,1,negative,cost,-0.5859,0
@abhishek0116,0.0001144600504689246,0.0,0.0,0,1,positive,productivity,0.9601,0
@abhishekpaul6094,0.0001144600504689246,0.0,0.0,0,1,positive,productivity,0.2732,2
@abillin6398,0.0001144600504689246,0.0,0.0,0,2,positive,job_displacement,0.11029999999999998,2
@Vanaheimxx,0.0001144600504689246,0.0,0.0,0,1,neutral,job_displacement,0.0,0
@VamshiPandugula,0.0001144600504689246,0.0,0.0,0,1,positive,unknown,0.4404,0
@brujafe666,0.0001144600504689246,0.0,0.0,0,1,positive,job_displacement,0.5551,0
@THE-X-Force,0.0001144600504689246,0.0,0.0,0,1,neutral,job_displacement,0.0,0
@TQSenkungu,0.0001144600504689246,0.0,0.0,0,1,neutral,job_displacement,0.0,0
@Tab59,0.0001144600504689246,0.0,0.0,0,1,neutral,cost,0.0,1
@TailsPlaysBloxdYT,0.0001144600504689246,0.0,0.0,0,1,neutral,job_displacement,0.0,0
@TallyPaws,0.0001144600504689246,0.0,0.0,0,1,negative,productivity,-0.3412,16
@TboneSteak1992,0.0001144600504689246,0.0,0.0,0,1,neutral,cost,0.0,0
@Tech-With-Myles,0.0001144600504689246,0.0,0.0,0,1,neutral,productivity,0.0,2
@TechTalkAndSocialTrends,0.0001144600504689246,0.0,0.0,0,1,negative,job_displacement,-0.4023,0
@TechWhistleHub,0.0001144600504689246,0.0,0.0,0,3,positive,job_displacement,0.4913666666666667,0
@TechwithLucy,0.0001144600504689246,0.0,0.0,0,6,positive,unknown,0.3872333333333333,1
@TejasM-su4on,0.0001144600504689246,0.0,0.0,0,1,positive,productivity,0.06325,0
@Test-m2w,0.0001144600504689246,0.0,0.0,0,1,positive,cost,0.4404,0
@ThatOneSloth,0.0001144600504689246,0.0,0.0,0,1,positive,job_displacement,0.6381,0
@TheArtofEngineering,0.0001144600504689246,0.0,0.0,0,1,negative,cost,-0.8885,0
@TheBlackNathaniel,0.0001144600504689246,0.0,0.0,0,1,positive,cost,0.7506,0
@TheBoestafari,0.0001144600504689246,0.0,0.0,0,1,negative,reliability,-0.4019,1
@TheConsciousEntity,0.0001144600504689246,0.0,0.0,0,1,positive,productivity,0.5859,0
@TheFastestSaracen,0.0001144600504689246,0.0,0.0,0,1,neutral,unknown,0.0,0
@TheFiretiger20,0.0001144600504689246,0.0,0.0,0,1,positive,job_displacement,0.431,3
@TheFrewah,0.0001144600504689246,0.0,0.0,0,1,positive,productivity,0.15623333333333334,3
@TheHermitProcess,0.0001144600504689246,0.0,0.0,0,1,positive,productivity,0.7946,11
@TheHeroIsRisingUp,0.0001144600504689246,0.0,0.0,0,1,positive,productivity,0.8016,0
@TheHomieTre,0.0001144600504689246,0.0,0.0,0,1,negative,productivity,-0.296,0
@TheIndianOutcast,0.0001144600504689246,0.0,0.0,0,1,positive,productivity,0.8402,4
@TheJoyOfMining,0.0001144600504689246,0.0,0.0,0,1,negative,productivity,-0.05135,12
@TheLegendaryMPG,0.0001144600504689246,0.0,0.0,0,1,positive,job_displacement,0.6767,0
@TOMKATPEDALS,0.0001144600504689246,0.0,0.0,0,1,positive,reliability,0.3243,0
@TFYFTFI,0.0001144600504689246,0.0,0.0,0,1,neutral,productivity,0.0,0
@Vakabon112,0.0001144600504689246,0.0,0.0,0,1,negative,reliability,-0.4939,0
@TAP7a,0.0001144600504689246,0.0,0.0,0,1,negative,productivity,-0.4767,0
@SpongeBob-xh8ir,0.0001144600504689246,0.0,0.0,0,1,neutral,job_displacement,0.0,8
@SprakanaKerum,0.0001144600504689246,0.0,0.0,0,1,neutral,unknown,0.0,2
@SreejaNair-711,0.0001144600504689246,0.0,0.0,0,1,neutral,reliability,0.0,3
@StAbPdd5793,0.0001144600504689246,0.0,0.0,0,1,neutral,cost,0.0,248
@StatelessChad,0.0001144600504689246,0.0,0.0,0,2,positive,productivity,0.09809999999999999,4
@Stefffennnnn,0.0001144600504689246,0.0,0.0,0,1,positive,job_displacement,0.4215,3
@StephenBolaji-r7v,0.0001144600504689246,0.0,0.0,0,1,neutral,reliability,0.0,1
@Stern4EVERx,0.0001144600504689246,0.0,0.0,0,1,neutral,job_displacement,0.0,3
@StevenAkinyemi,0.0001144600504689246,0.0,0.0,0,1,negative,productivity,-0.23835,2
@StevenValentinoTaslim,0.0001144600504689246,0.0,0.0,0,1,neutral,job_displacement,0.0,7
@StigmaCat,0.0001144600504689246,0.0,0.0,0,1,positive,productivity,0.4927,0
@StillIWander-d8z,0.0001144600504689246,0.0,0.0,0,1,positive,productivity,0.5789,1
@Stranger-jx4qd,0.0001144600504689246,0.0,0.0,0,1,positive,productivity,0.4404,2
@Striker_Kunwar,0.0001144600504689246,0.0,0.0,0,1,neutral,cost,0.0,0
@Studybro-n8d,0.0001144600504689246,0.0,0.0,0,1,neutral,job_displacement,0.0,0
@Sub0x-x40,0.0001144600504689246,0.0,0.0,0,1,positive,productivity,0.4019,27
@SubZero-MK10,0.0001144600504689246,0.0,0.0,0,1,positive,cost,0.7506,5
@SuperChargeAI1234,0.0001144600504689246,0.0,0.0,0,1,positive,job_displacement,0.4019,0
@SuperPhexx,0.0001144600504689246,0.0,0.0,0,1,neutral,reliability,0.0,0
@SuperheroKaif,0.0001144600504689246,0.0,0.0,0,1,neutral,job_displacement,0.0,0
@SurMat-s6g,0.0001144600504689246,0.0,0.0,0,1,neutral,unknown,0.0,0
@SurajGaikwad-x3k,0.0001144600504689246,0.0,0.0,0,1,positive,job_displacement,0.5267,0
@Suzyswizy,0.0001144600504689246,0.0,0.0,0,1,positive,productivity,0.296,1
@SwarajSahu,0.0001144600504689246,0.0,0.0,0,1,positive,productivity,0.3883,4
@Syndicate_INVEST,0.0001144600504689246,0.0,0.0,0,1,positive,productivity,0.7184,0
@TheMattPearce,0.0001144600504689246,0.0,0.0,0,1,neutral,reliability,0.0,0
@TheMatthew34202,0.0001144600504689246,0.0,0.0,0,1,neutral,unknown,0.0,1
@TheMelo1993,0.0001144600504689246,0.0,0.0,0,1,negative,reliability,-0.5574,0
@TheMisterGuy,0.0001144600504689246,0.0,0.0,0,1,negative,job_displacement,-0.64435,2
@ToddDoes,0.0001144600504689246,0.0,0.0,0,1,positive,job_displacement,0.2056,3
@ToddMichaelTV,0.0001144600504689246,0.0,0.0,0,1,positive,productivity,0.34,4
@Tom-nm9wf,0.0001144600504689246,0.0,0.0,0,1,positive,job_displacement,0.6359,8
@TomShelby-x8j,0.0001144600504689246,0.0,0.0,0,1,positive,job_displacement,0.8945,1
@Tomxxadam,0.0001144600504689246,0.0,0.0,0,1,positive,reliability,0.7269,0
@TooMuchGas420,0.0001144600504689246,0.0,0.0,0,1,neutral,unknown,0.0,0
@TozzaYT,0.0001144600504689246,0.0,0.0,0,1,positive,productivity,0.7125,0
@Traditional_Force,0.0001144600504689246,0.0,0.0,0,1,positive,unknown,0.4404,0
@TrevorPhilps69,0.0001144600504689246,0.0,0.0,0,1,positive,reliability,0.4215,0
@TrollAndPlay,0.0001144600504689246,0.0,0.0,0,1,positive,job_displacement,0.7634,0
@Troy-v9v,0.0001144600504689246,0.0,0.0,0,1,neutral,unknown,0.0,0
@Tstickman,0.0001144600504689246,0.0,0.0,0,1,negative,productivity,-0.6868,0
@TuningLunaWjx,0.0001144600504689246,0.0,0.0,0,1,neutral,reliability,0.0,0
@TwilightTrekker1,0.0001144600504689246,0.0,0.0,0,1,positive,productivity,0.9571,0
@TwistedRS,0.0001144600504689246,0.0,0.0,0,1,positive,productivity,0.3612,5
@UberKingTJ01,0.0001144600504689246,0.0,0.0,0,1,neutral,productivity,0.0,0
@Ultimah,0.0001144600504689246,0.0,0.0,0,1,negative,productivity,-0.5267,27
@UnemployedLive,0.0001144600504689246,0.0,0.0,0,1,positive,cost,0.05939999999999998,2
@United-MuslimOne,0.0001144600504689246,0.0,0.0,0,1,neutral,productivity,0.0,0
@Unnamed0001,0.0001144600504689246,0.0,0.0,0,1,neutral,job_displacement,0.0,0
@Uranwarrior,0.0001144600504689246,0.0,0.0,0,1,positive,job_displacement,0.4703,0
@UseAll24Frets,0.0001144600504689246,0.0,0.0,0,1,positive,reliability,0.5789,0
@UserErrorGille,0.0001144600504689246,0.0,0.0,0,1,neutral,job_displacement,0.00897500000000001,0
@UsernameSvitlana,0.0001144600504689246,0.0,0.0,0,1,negative,unknown,-0.057600000000000005,0
@Uxdkkkhcddvbh,0.0001144600504689246,0.0,0.0,0,1,negative,productivity,-0.6597,1
@ToBi-xr2mg,0.0001144600504689246,0.0,0.0,0,1,negative,reliability,-0.1045,0
@Tito_1982,0.0001144600504689246,0.0,0.0,0,1,positive,productivity,0.6702,8
@TiredDadTech,0.0001144600504689246,0.0,0.0,0,1,positive,job_displacement,0.9079,0
@TheWinnieston,0.0001144600504689246,0.0,0.0,0,1,neutral,productivity,0.0,0
@TheMrdhyde,0.0001144600504689246,0.0,0.0,0,1,negative,job_displacement,-0.3182,0
@TheRatsintheWalls,0.0001144600504689246,0.0,0.0,0,1,positive,unknown,0.4939,46
@TheRealDanielsan,0.0001144600504689246,0.0,0.0,0,1,neutral,productivity,0.0,0
@TheRealNarutoUzumaki,0.0001144600504689246,0.0,0.0,0,1,neutral,unknown,0.0,0
@TheRealShadowBeacon,0.0001144600504689246,0.0,0.0,0,4,positive,reliability,0.9768,0
@TheRightHandedNeutrino,0.0001144600504689246,0.0,0.0,0,1,positive,unknown,0.296,0
@TheSalaho1,0.0001144600504689246,0.0,0.0,0,1,positive,reliability,0.8395,0
@TheTrainstation,0.0001144600504689246,0.0,0.0,0,1,positive,reliability,0.2202,0
@TheTravelEdits,0.0001144600504689246,0.0,0.0,0,1,positive,unknown,0.7003,0
@TheWebIsYourFriend,0.0001144600504689246,0.0,0.0,0,1,positive,productivity,0.9022,0
@TheWiderLedger,0.0001144600504689246,0.0,0.0,0,1,neutral,job_displacement,0.0,0
@TheZionPhil,0.0001144600504689246,0.0,0.0,0,1,positive,job_displacement,0.3612,1
@TimNobug,0.0001144600504689246,0.0,0.0,0,1,negative,productivity,-0.9136,0
@The_Harsh_Truth,0.0001144600504689246,0.0,0.0,0,1,neutral,productivity,0.0,0
@Thirty3Labs,0.0001144600504689246,0.0,0.0,0,1,neutral,reliability,0.0,5
@ThisIsntmyrealnameGoogle,0.0001144600504689246,0.0,0.0,0,1,positive,job_displacement,0.5023,0
@ThomasDoesBusiness,0.0001144600504689246,0.0,0.0,0,1,neutral,reliability,0.0,0
@ThomasSandbag,0.0001144600504689246,0.0,0.0,0,1,positive,job_displacement,0.4019,0
@ThreadsofTawhid,0.0001144600504689246,0.0,0.0,0,1,neutral,unknown,0.0,0
@ThriveTreasurer,0.0001144600504689246,0.0,0.0,0,1,neutral,productivity,0.0,1
@Thyme.Keeper,0.0001144600504689246,0.0,0.0,0,3,positive,job_displacement,0.22012500000000002,0
@Tiago-xx9uv,0.0001144600504689246,0.0,0.0,0,1,neutral,reliability,0.0386,0
@TickleMeTner,0.0001144600504689246,0.0,0.0,0,1,positive,reliability,0.15389999999999998,4
@TidsEpok,0.0001144600504689246,0.0,0.0,0,1,neutral,unknown,0.0,0
@agelee89,0.0001144600504689246,0.0,0.0,0,1,neutral,productivity,0.0,0
@agentstona,0.0001144600504689246,0.0,0.0,0,1,negative,productivity,-0.5584666666666666,9
@ags911,0.0001144600504689246,0.0,0.0,0,1,neutral,productivity,0.0,1
@balapillai,0.0001144600504689246,0.0,0.0,0,1,positive,unknown,0.3612,3
@bambinoesu,0.0001144600504689246,0.0,0.0,0,5,positive,productivity,0.390175,16
@baophan408,0.0001144600504689246,0.0,0.0,0,1,negative,productivity,-0.4767,0
@barry.anderberg,0.0001144600504689246,0.0,0.0,0,1,negative,productivity,-0.6908,4
@bartkl,0.0001144600504689246,0.0,0.0,0,1,positive,reliability,0.6186,1
@baruchfishman1874,0.0001144600504689246,0.0,0.0,0,1,positive,productivity,0.8221,4
@basilbrush7878,0.0001144600504689246,0.0,0.0,0,1,positive,job_displacement,0.3612,1
@basinxrandomstuff7264,0.0001144600504689246,0.0,0.0,0,1,negative,cost,-0.25,0
@bazookaman3,0.0001144600504689246,0.0,0.0,0,2,positive,job_displacement,0.38675,6
@bboombayah4662,0.0001144600504689246,0.0,0.0,0,1,positive,productivity,0.7906,1
@beerfarmer1828,0.0001144600504689246,0.0,0.0,0,1,neutral,job_displacement,0.0,1
@bekiraltindal9053,0.0001144600504689246,0.0,0.0,0,7,positive,productivity,0.34075,1
@beluga8230,0.0001144600504689246,0.0,0.0,0,1,positive,productivity,0.1901,0
@benarcher372,0.0001144600504689246,0.0,0.0,0,1,positive,reliability,0.7222500000000001,1
@beneditofredericocongolojr1567,0.0001144600504689246,0.0,0.0,0,2,negative,job_displacement,-0.11403333333333333,0
@benisrood,0.0001144600504689246,0.0,0.0,0,1,positive,job_displacement,0.3196,0
@benitofrio,0.0001144600504689246,0.0,0.0,0,1,neutral,reliability,0.0,0
@benjiunfiltered,0.0001144600504689246,0.0,0.0,0,1,positive,productivity,0.9274,0
@bensmotorbikes,0.0001144600504689246,0.0,0.0,0,1,positive,reliability,0.284,0
@bernardb2348,0.0001144600504689246,0.0,0.0,0,1,negative,job_displacement,-0.4215,0
@bertilorickardspelar,0.0001144600504689246,0.0,0.0,0,1,positive,productivity,0.9107,2
@bestevaer1977,0.0001144600504689246,0.0,0.0,0,1,neutral,reliability,0.0,2
@bestthegamer07,0.0001144600504689246,0.0,0.0,0,1,negative,job_displacement,-0.5423,0
@bgill7475,0.0001144600504689246,0.0,0.0,0,1,positive,job_displacement,0.7941,0
@bharatontech4438,0.0001144600504689246,0.0,0.0,0,2,positive,reliability,0.42275,1
@bhavinprajapati2547,0.0001144600504689246,0.0,0.0,0,1,positive,productivity,0.1655,0
@bambanx,0.0001144600504689246,0.0,0.0,0,1,neutral,productivity,0.0,0
@baionikku,0.0001144600504689246,0.0,0.0,0,1,neutral,job_displacement,0.0,2
@agustinlorenzo7966,0.0001144600504689246,0.0,0.0,0,1,positive,cost,0.6369,3
@bahriyeli9,0.0001144600504689246,0.0,0.0,0,1,positive,productivity,0.4572,12
@atrtsh,0.0001144600504689246,0.0,0.0,0,1,neutral,cost,0.0,0
@attackhelicopter588,0.0001144600504689246,0.0,0.0,0,1,negative,productivity,-0.8856,0
@augustogalindo8687,0.0001144600504689246,0.0,0.0,0,1,neutral,unknown,0.0,0
@auroramagicchess,0.0001144600504689246,0.0,0.0,0,1,negative,unknown,-0.19615000000000002,0
@automatalearninglab,0.0001144600504689246,0.0,0.0,0,2,positive,job_displacement,0.8977999999999999,6
@avelalcalde3085,0.0001144600504689246,0.0,0.0,0,1,positive,reliability,0.69155,1
@average_youtube_person100,0.0001144600504689246,0.0,0.0,0,1,neutral,job_displacement,0.0,1
@avgguy7129,0.0001144600504689246,0.0,0.0,0,1,neutral,unknown,0.0,1
@awesome-coding,0.0001144600504689246,0.0,0.0,0,13,positive,unknown,0.4436846153846154,4
@awinterarsenal,0.0001144600504689246,0.0,0.0,0,1,positive,reliability,0.4049,1
@awvre,0.0001144600504689246,0.0,0.0,0,2,positive,job_displacement,0.1764,0
@axelmolist,0.0001144600504689246,0.0,0.0,0,51,positive,productivity,0.3314156862745098,5
@aye_hallo,0.0001144600504689246,0.0,0.0,0,1,neutral,cost,0.0,0
@ayoubabedrabbo,0.0001144600504689246,0.0,0.0,0,3,positive,reliability,0.20584999999999998,0
@ayushh_io,0.0001144600504689246,0.0,0.0,0,14,positive,unknown,0.06760000000000001,4
@azouzi8968,0.0001144600504689246,0.0,0.0,0,1,positive,job_displacement,0.2559,3
@azuredominus5739,0.0001144600504689246,0.0,0.0,0,1,positive,cost,0.5423,6
@b25671,0.0001144600504689246,0.0,0.0,0,1,positive,unknown,0.2382,0
@b3arwithm3,0.0001144600504689246,0.0,0.0,0,1,negative,productivity,-0.064,0
@b_online_916,0.0001144600504689246,0.0,0.0,0,1,neutral,reliability,0.0,4
@ba8994,0.0001144600504689246,0.0,0.0,0,1,positive,productivity,0.8779,1
@babydragoon,0.0001144600504689246,0.0,0.0,0,1,positive,productivity,0.2467,0
@badabing3391,0.0001144600504689246,0.0,0.0,0,1,neutral,job_displacement,0.0,1
@badcali_kid,0.0001144600504689246,0.0,0.0,0,1,negative,productivity,-0.07470000000000002,2
@baderbadrouch2036,0.0001144600504689246,0.0,0.0,0,1,positive,productivity,0.31245,0
@bhawanishankarsahu8000,0.0001144600504689246,0.0,0.0,0,1,positive,reliability,0.836,3
@biddelyboo1,0.0001144600504689246,0.0,0.0,0,1,positive,reliability,0.3612,0
@bigbrain1222,0.0001144600504689246,0.0,0.0,0,1,positive,productivity,0.3182,3
@bigotes2005,0.0001144600504689246,0.0,0.0,0,1,positive,productivity,0.128,0
@bobpolo2964,0.0001144600504689246,0.0,0.0,0,1,positive,productivity,0.6705,0
@bodynn,0.0001144600504689246,0.0,0.0,0,1,positive,job_displacement,0.3612,0
@bogst5579,0.0001144600504689246,0.0,0.0,0,1,neutral,job_displacement,0.0,9
@boilingsausage8049,0.0001144600504689246,0.0,0.0,0,1,negative,productivity,-0.5206999999999999,0
@boofmaloof147,0.0001144600504689246,0.0,0.0,0,1,positive,job_displacement,0.3612,0
@boonedocksfl2012,0.0001144600504689246,0.0,0.0,0,1,neutral,reliability,0.0,0
@boothbuster,0.0001144600504689246,0.0,0.0,0,1,negative,job_displacement,-0.296,3
@born2bealive644,0.0001144600504689246,0.0,0.0,0,1,positive,job_displacement,0.3612,0
@boseongkim1014,0.0001144600504689246,0.0,0.0,0,1,positive,job_displacement,0.5719,0
@boudybahaa4133,0.0001144600504689246,0.0,0.0,0,1,neutral,job_displacement,0.0,0
@bounaniang,0.0001144600504689246,0.0,0.0,0,1,positive,job_displacement,0.2732,1
@boyracer3000,0.0001144600504689246,0.0,0.0,0,1,neutral,productivity,0.0,0
@bradenwhitcher1485,0.0001144600504689246,0.0,0.0,0,1,positive,cost,0.6249,0
@bradparks1788,0.0001144600504689246,0.0,0.0,0,1,neutral,productivity,0.0,0
@bragancx,0.0001144600504689246,0.0,0.0,0,1,neutral,job_displacement,0.0,0
@brambasiel,0.0001144600504689246,0.0,0.0,0,1,neutral,reliability,0.0,0
@bramburn,0.0001144600504689246,0.0,0.0,0,1,neutral,productivity,0.0,1
@brandonmack111,0.0001144600504689246,0.0,0.0,0,1,neutral,productivity,0.0,16
@breakinggood-r2v,0.0001144600504689246,0.0,0.0,0,1,neutral,job_displacement,0.0,0
@brendon205,0.0001144600504689246,0.0,0.0,0,1,negative,reliability,-0.3818,1
@brian_akhtar,0.0001144600504689246,0.0,0.0,0,1,neutral,unknown,0.0,1
@brianwakhutu2554,0.0001144600504689246,0.0,0.0,0,1,positive,job_displacement,0.3612,0
@brillybenny,0.0001144600504689246,0.0,0.0,0,1,neutral,unknown,0.0,0
@brittanywilliams4174,0.0001144600504689246,0.0,0.0,0,1,negative,job_displacement,-0.4404,23
@brodriguez11000,0.0001144600504689246,0.0,0.0,0,1,positive,productivity,0.7964,0
@bobo-n1o,0.0001144600504689246,0.0,0.0,0,2,positive,job_displacement,0.16343333333333332,1
@bobertrobert5585,0.0001144600504689246,0.0,0.0,0,1,negative,job_displacement,-0.2732,0
@bobdravs6902,0.0001144600504689246,0.0,0.0,0,1,negative,job_displacement,-0.2757,1
@blngmz1777,0.0001144600504689246,0.0,0.0,0,1,neutral,productivity,0.0,0
@billybbob18,0.0001144600504689246,0.0,0.0,0,1,positive,job_displacement,0.7351,0
@binaryum,0.0001144600504689246,0.0,0.0,0,1,neutral,reliability,0.0,0
@biohacker_ilya,0.0001144600504689246,0.0,0.0,0,1,neutral,job_displacement,0.0,0
@birbalmuslim,0.0001144600504689246,0.0,0.0,0,1,neutral,cost,0.0,2
@bitter__truthss,0.0001144600504689246,0.0,0.0,0,1,neutral,reliability,0.0,11
@bitterl5379,0.0001144600504689246,0.0,0.0,0,1,positive,job_displacement,0.6808,7
@blackmird,0.0001144600504689246,0.0,0.0,0,1,neutral,unknown,0.0,0
@blankslate6393,0.0001144600504689246,0.0,0.0,0,1,negative,productivity,-0.259,0
@blarvinius,0.0001144600504689246,0.0,0.0,0,1,negative,productivity,-0.5423,2
@bleedgoat,0.0001144600504689246,0.0,0.0,0,1,positive,productivity,0.9528,2
@bleepsmf,0.0001144600504689246,0.0,0.0,0,1,neutral,job_displacement,0.0,0
@bloonfarmer3657,0.0001144600504689246,0.0,0.0,0,1,negative,productivity,-0.0865,0
@bobdeni244,0.0001144600504689246,0.0,0.0,0,3,negative,job_displacement,-0.4064,1
@blubblurb,0.0001144600504689246,0.0,0.0,0,1,positive,productivity,0.4927,1
@blueberryyyyyyyyyys,0.0001144600504689246,0.0,0.0,0,1,positive,job_displacement,0.7906,0
@bluelotuscoding,0.0001144600504689246,0.0,0.0,0,1,positive,job_displacement,0.54905,4
@blueshoes7519,0.0001144600504689246,0.0,0.0,0,1,neutral,unknown,0.0,0
@bmp713,0.0001144600504689246,0.0,0.0,0,1,neutral,reliability,0.0,0
@bmqww223,0.0001144600504689246,0.0,0.0,0,1,negative,productivity,-0.5423,0
@bnewland1958,0.0001144600504689246,0.0,0.0,0,1,positive,productivity,0.5134,3
@bobbybero7452,0.0001144600504689246,0.0,0.0,0,1,neutral,job_displacement,0.0,1
@bobbychungus,0.0001144600504689246,0.0,0.0,0,1,positive,job_displacement,0.417,0
@bobbytablez,0.0001144600504689246,0.0,0.0,0,1,positive,productivity,0.34,3
@bobbyyyy,0.0001144600504689246,0.0,0.0,0,1,neutral,productivity,-0.024,2
@atm4574,0.0001144600504689246,0.0,0.0,0,3,negative,reliability,-0.4063333333333334,1
@ateesdalejr,0.0001144600504689246,0.0,0.0,0,1,positive,unknown,0.4215,0
@ataparag232,0.0001144600504689246,0.0,0.0,0,1,negative,productivity,-0.6808,0
@andreajr2021,0.0001144600504689246,0.0,0.0,0,1,neutral,productivity,0.0,0
@alexz5204,0.0001144600504689246,0.0,0.0,0,1,positive,productivity,0.44035,2
@aliceinasag,0.0001144600504689246,0.0,0.0,0,1,positive,productivity,0.296,1
@alichamas63,0.0001144600504689246,0.0,0.0,0,1,positive,job_displacement,0.4404,0
@alisayed9857,0.0001144600504689246,0.0,0.0,0,1,negative,job_displacement,-0.8271,15
@alksdng97834y,0.0001144600504689246,0.0,0.0,0,1,neutral,productivity,0.0,0
@allthecommonsense,0.0001144600504689246,0.0,0.0,0,3,positive,unknown,0.1468,1
@aloneguid,0.0001144600504689246,0.0,0.0,0,1,positive,job_displacement,0.2023,2
@alpheusmadsen8485,0.0001144600504689246,0.0,0.0,0,1,negative,job_displacement,-0.09284999999999999,5
@alphythereal,0.0001144600504689246,0.0,0.0,0,1,positive,productivity,0.5927,0
@alrightletstalkhockey,0.0001144600504689246,0.0,0.0,0,1,neutral,job_displacement,0.0,0
@alyu6351,0.0001144600504689246,0.0,0.0,0,1,neutral,job_displacement,0.0,0
@amaanahmed7376,0.0001144600504689246,0.0,0.0,0,1,positive,productivity,0.6808,2
@amadinprince8650,0.0001144600504689246,0.0,0.0,0,1,positive,job_displacement,0.5812,0
@amarxkumar,0.0001144600504689246,0.0,0.0,0,1,neutral,job_displacement,0.0,1
@ameerali.ouarda,0.0001144600504689246,0.0,0.0,0,1,negative,job_displacement,-0.1974,9
@amerikuntz,0.0001144600504689246,0.0,0.0,0,1,negative,job_displacement,-0.9243,0
@amexis67,0.0001144600504689246,0.0,0.0,0,1,negative,cost,-0.7351,0
@amills5555,0.0001144600504689246,0.0,0.0,0,1,positive,productivity,0.8718,1
@amir3515,0.0001144600504689246,0.0,0.0,0,1,positive,productivity,0.6369,1
@amoghskulkarni,0.0001144600504689246,0.0,0.0,0,1,negative,productivity,-0.8126,2
@amritgeorgian,0.0001144600504689246,0.0,0.0,0,1,positive,job_displacement,0.8402,1
@amruthamy8879,0.0001144600504689246,0.0,0.0,0,1,neutral,job_displacement,0.0,0
@amudalatulasi9379,0.0001144600504689246,0.0,0.0,0,1,neutral,unknown,0.0,0
@anacebotari8604,0.0001144600504689246,0.0,0.0,0,1,positive,job_displacement,0.9081,3
@ancearrbhachmaccaba,0.0001144600504689246,0.0,0.0,0,2,positive,job_displacement,0.3429,4
@alexsherzhukov6747,0.0001144600504689246,0.0,0.0,0,1,positive,productivity,0.3234,2
@alexs.5107,0.0001144600504689246,0.0,0.0,0,1,positive,job_displacement,0.37883333333333336,1
@alexisnangle5105,0.0001144600504689246,0.0,0.0,0,1,neutral,reliability,0.0,0
@aiwithbrandon,0.0001144600504689246,0.0,0.0,0,6,positive,productivity,0.5709000000000001,3
@aguy559,0.0001144600504689246,0.0,0.0,0,1,positive,job_displacement,0.28015,0
@ahmadowaiskhan,0.0001144600504689246,0.0,0.0,0,1,unknown,unknown,0.0,0
@ahmedabdellatif2152,0.0001144600504689246,0.0,0.0,0,1,neutral,reliability,0.0,1
@ahmedalnafy6332,0.0001144600504689246,0.0,0.0,0,1,neutral,productivity,0.0,3
@ahmedoumedyhdhih4840,0.0001144600504689246,0.0,0.0,0,1,negative,productivity,-0.6414500000000001,4
@ahmo4781,0.0001144600504689246,0.0,0.0,0,1,neutral,job_displacement,0.0,2
@ahoh3214,0.0001144600504689246,0.0,0.0,0,1,positive,reliability,0.504,0
@ahtshamhussain908,0.0001144600504689246,0.0,0.0,0,1,positive,reliability,0.6124,0
@aigriffin42704,0.0001144600504689246,0.0,0.0,0,1,positive,reliability,0.5206333333333334,0
@ailaG,0.0001144600504689246,0.0,0.0,0,1,positive,cost,0.7469,0
@air26man,0.0001144600504689246,0.0,0.0,0,1,neutral,job_displacement,0.0,0
@aj991,0.0001144600504689246,0.0,0.0,0,1,negative,job_displacement,-0.1791,14
@alexclifford2485,0.0001144600504689246,0.0,0.0,0,1,positive,job_displacement,0.4019,1
@ajmound790,0.0001144600504689246,0.0,0.0,0,1,positive,productivity,0.9022,0
@aka_bala.009,0.0001144600504689246,0.0,0.0,0,1,neutral,unknown,0.0,2
@akhilboby2442,0.0001144600504689246,0.0,0.0,0,1,positive,job_displacement,0.4019,1
@akshaybokde6548,0.0001144600504689246,0.0,0.0,0,1,neutral,reliability,0.0,4
@alanlrivera-muniz5196,0.0001144600504689246,0.0,0.0,0,1,neutral,productivity,0.0,0
@aldogutierrez8240,0.0001144600504689246,0.0,0.0,0,1,positive,job_displacement,0.0516,1
@alecfotsch3533,0.0001144600504689246,0.0,0.0,0,1,positive,reliability,0.4939,0
@aleksas9388,0.0001144600504689246,0.0,0.0,0,1,negative,job_displacement,-0.1027,0
@alenashmelkova777,0.0001144600504689246,0.0,0.0,0,1,positive,productivity,0.8898,0
@alewarte,0.0001144600504689246,0.0,0.0,0,1,positive,job_displacement,0.8516,6
@alexandermoev9395,0.0001144600504689246,0.0,0.0,0,1,positive,productivity,0.8201,1
@andc5457,0.0001144600504689246,0.0,0.0,0,1,positive,reliability,0.3612,2
@andrewbrakey6214,0.0001144600504689246,0.0,0.0,0,4,neutral,job_displacement,0.02124999999999999,7
@astyy,0.0001144600504689246,0.0,0.0,0,1,neutral,productivity,0.0,0
@andrewchen4280,0.0001144600504689246,0.0,0.0,0,1,neutral,reliability,0.0,0
@archlectoryarvi2873,0.0001144600504689246,0.0,0.0,0,1,positive,job_displacement,0.4939,2
@arielgoldfarb4118,0.0001144600504689246,0.0,0.0,0,2,positive,job_displacement,0.4304,8
@arijanrahimic3210,0.0001144600504689246,0.0,0.0,0,1,positive,unknown,0.4404,4
@arkadihughes4893,0.0001144600504689246,0.0,0.0,0,1,neutral,productivity,0.0,6
@armatheos,0.0001144600504689246,0.0,0.0,0,1,positive,productivity,0.7351,0
@armyofda12monkeys,0.0001144600504689246,0.0,0.0,0,1,positive,job_displacement,0.3612,0
@arnabparyali,0.0001144600504689246,0.0,0.0,0,1,neutral,reliability,0.0,1
@arseniharkunou,0.0001144600504689246,0.0,0.0,0,1,positive,job_displacement,0.4738,4
@arshkumar3004,0.0001144600504689246,0.0,0.0,0,1,positive,reliability,0.7184,1
@artificiyal,0.0001144600504689246,0.0,0.0,0,1,neutral,productivity,0.0,2
@artisan7574,0.0001144600504689246,0.0,0.0,0,1,positive,reliability,0.4648,0
@arun-ql8nc,0.0001144600504689246,0.0,0.0,0,1,negative,unknown,-0.296,0
@arunavamukherjee497,0.0001144600504689246,0.0,0.0,0,1,positive,cost,0.14610000000000004,3
@arzelzon1137,0.0001144600504689246,0.0,0.0,0,1,positive,productivity,0.9081,0
@asadbilal591,0.0001144600504689246,0.0,0.0,0,1,neutral,reliability,0.0,0
@asadshahUK,0.0001144600504689246,0.0,0.0,0,1,neutral,unknown,0.0,1
@asdrubalivan18,0.0001144600504689246,0.0,0.0,0,1,negative,job_displacement,-0.296,7
@ashh3051,0.0001144600504689246,0.0,0.0,0,1,negative,reliability,-0.125,1
@ashishdakey5797,0.0001144600504689246,0.0,0.0,0,1,positive,unknown,0.7506,1
@ashleigh3021,0.0001144600504689246,0.0,0.0,0,1,neutral,job_displacement,0.0,0
@ashrafkhan4097,0.0001144600504689246,0.0,0.0,0,1,neutral,job_displacement,0.0,9
@asoftraiden,0.0001144600504689246,0.0,0.0,0,1,positive,productivity,0.3182,1
@aspargo.brasil,0.0001144600504689246,0.0,0.0,0,1,negative,job_displacement,-0.4019,0
@astfr2,0.0001144600504689246,0.0,0.0,0,1,negative,job_displacement,-0.5106,0
@astral_95,0.0001144600504689246,0.0,0.0,0,1,positive,productivity,0.2105,0
@araibirshad8294,0.0001144600504689246,0.0,0.0,0,1,negative,productivity,-0.4767,1
@aquaprofile,0.0001144600504689246,0.0,0.0,0,1,positive,productivity,0.7506,0
@aoccza7,0.0001144600504689246,0.0,0.0,0,1,negative,job_displacement,-0.6705,0
@aniruddharao8735,0.0001144600504689246,0.0,0.0,0,1,negative,productivity,-0.296,0
@andrewcodesmith,0.0001144600504689246,0.0,0.0,0,1,negative,productivity,-0.2202,1
@andrewhopkinson8736,0.0001144600504689246,0.0,0.0,0,2,neutral,job_displacement,-0.019166666666666665,0
@andromeda_gnome,0.0001144600504689246,0.0,0.0,0,2,positive,job_displacement,0.16648000000000002,0
@andyhall7032,0.0001144600504689246,0.0,0.0,0,1,neutral,productivity,0.0,1
@andymiller0324,0.0001144600504689246,0.0,0.0,0,1,positive,job_displacement,0.4019,0
@angie99656,0.0001144600504689246,0.0,0.0,0,1,negative,productivity,-0.11094999999999997,3
@aniebietafia,0.0001144600504689246,0.0,0.0,0,2,positive,job_displacement,0.25764999999999993,1
@aniketapanjwani,0.0001144600504689246,0.0,0.0,0,35,positive,job_displacement,0.4831916666666667,9
@aniketpanchal9856,0.0001144600504689246,0.0,0.0,0,1,negative,unknown,-0.6597,0
@animalsofherewood,0.0001144600504689246,0.0,0.0,0,1,positive,job_displacement,0.4019,0
@animejefftv,0.0001144600504689246,0.0,0.0,0,1,positive,productivity,0.17004999999999998,3
@anish-opx,0.0001144600504689246,0.0,0.0,0,6,positive,cost,0.8303,2
@anuraj_royy,0.0001144600504689246,0.0,0.0,0,1,positive,reliability,0.7461,0
@ankuryadav8197,0.0001144600504689246,0.0,0.0,0,1,positive,job_displacement,0.7571,1
@ann__dreel,0.0001144600504689246,0.0,0.0,0,2,neutral,productivity,0.0,0
@anonyash,0.0001144600504689246,0.0,0.0,0,1,neutral,cost,0.0,0
@anonymeforliberty4387,0.0001144600504689246,0.0,0.0,0,1,negative,reliability,-0.2294,0
@anonymous-user-2024,0.0001144600504689246,0.0,0.0,0,1,positive,productivity,0.9098,0
@answerguru,0.0001144600504689246,0.0,0.0,0,1,neutral,unknown,0.0,0
@anteloio,0.0001144600504689246,0.0,0.0,0,1,positive,job_displacement,0.4404,1
@anthonykugel5613,0.0001144600504689246,0.0,0.0,0,1,neutral,job_displacement,0.0,4
@antongunasingam9426,0.0001144600504689246,0.0,0.0,0,1,positive,job_displacement,0.8975,0
@anubis-vibe,0.0001144600504689246,0.0,0.0,0,1,positive,cost,0.07475,0
@anurag985,0.0001144600504689246,0.0,0.0,0,1,negative,productivity,-0.7717,0
swatcoder,0.0001144600504689246,0.0,0.0,0,1,positive,job_displacement,0.97,0
